codFonteRecurso,txtDescricaoFonteRecurso,anoExercicio,modifiedMode,usuarioOperacao
00.1.500.0003,Campo de Marte,2025,5,
00.1.500.0004,Recursos do FUMCAD desvinculados,2025,5,
00.1.500.7001,Emendas Parlamentares - Eli Corrêa,2025,5,
00.1.500.7002,Emendas Parlamentares - João Ananias,2025,5,
00.1.500.7003,Emendas Parlamentares - Bombeiro Major Palumbo,2025,5,
00.1.500.7004,Emendas Parlamentares - Alessandro Guedes,2025,5,
00.1.500.7005,Emendas Parlamentares - Daniel Annenberg,2025,5,
00.1.500.7006,Emendas Parlamentares - Dr. Milton Ferreira,2025,5,
00.1.500.7007,Emendas Parlamentares - André Santos,2025,5,
00.1.500.7008,Emendas Parlamentares - Arselino Tatto,2025,5,
00.1.500.7009,Emendas Parlamentares - Isac Félix,2025,5,
00.1.500.7010,Emendas Parlamentares - Cris Monteiro,2025,5,
00.1.500.7011,Emendas Parlamentares - Danilo do Posto de Saúde,2025,5,
00.1.500.7012,Emendas Parlamentares - Elaine Mineiro,2025,5,
00.1.500.7013,Emendas Parlamentares - Manoel Del Rio,2025,5,
00.1.500.7014,Emendas Parlamentares - Atílio Francisco,2025,5,
00.1.500.7015,Emendas Parlamentares - Ely Teruel,2025,5,
00.1.500.7016,Emendas Parlamentares - George Hato,2025,5,
00.1.500.7017,Emendas Parlamentares - Jair Tatto,2025,5,
00.1.500.7018,Emendas Parlamentares - Fábio Riva,2025,5,
00.1.500.7019,Emendas Parlamentares - Jussara Basso,2025,5,
00.1.500.7020,Emendas Parlamentares - Fernando Holiday,2025,5,
00.1.500.7021,Emendas Parlamentares - Coronel Salles,2025,5,
00.1.500.7022,Emendas Parlamentares - Rodolfo Despachante,2025,5,
00.1.500.7023,Emendas Parlamentares - Janaína Lima,2025,5,
00.1.500.7024,Emendas Parlamentares - Sidney Cruz,2025,5,
00.1.500.7025,Emendas Parlamentares - Roberto Tripoli,2025,5,
00.1.500.7026,Emendas Parlamentares - Luana Alves,2025,5,
00.1.500.7027,Emendas Parlamentares - Luna,2025,5,
00.1.500.7028,Emendas Parlamentares - Marcelo Messias,2025,5,
00.1.500.7029,Emendas Parlamentares - Gilson Barreto,2025,5,
00.1.500.7030,Emendas Parlamentares - Rute Costa,2025,5,
00.1.500.7031,Emendas Parlamentares - João Jorge,2025,5,
00.1.500.7032,Emendas Parlamentares - Edir Sales,2025,5,
00.1.500.7033,Emendas Parlamentares - Milton Leite,2025,5,
00.1.500.7034,Emendas Parlamentares - Dr. Nunes Peixeiro,2025,5,
00.1.500.7035,Emendas Parlamentares - Rinaldi Digilio,2025,5,
00.1.500.7036,Emendas Parlamentares - Marlon Luz,2025,5,
00.1.500.7037,Emendas Parlamentares - Rubinho Nunes,2025,5,
00.1.500.7038,Emendas Parlamentares - Rodrigo Goulart,2025,5,
00.1.500.7039,Emendas Parlamentares - Sandra Santana,2025,5,
00.1.500.7040,Emendas Parlamentares - Camilo Cristofaro Martins,2025,5,
00.1.500.7041,Emendas Parlamentares - Sansão Pereira,2025,5,
00.1.500.7042,Emendas Parlamentares - Aurélio Nomura,2025,5,
00.1.500.7043,Emendas Parlamentares - Celso Giannazi,2025,5,
00.1.500.7044,Emendas Parlamentares - Dra Sandra Tadeu,2025,5,
00.1.500.7045,Emendas Parlamentares - Paulo Frange,2025,5,
00.1.500.7046,Emendas Parlamentares - Adilson Amadeu,2025,5,
00.1.500.7047,Emendas Parlamentares - Silvia Ferraro,2025,5,
00.1.500.7048,Emendas Parlamentares - Senival Moura,2025,5,
00.1.500.7049,Emendas Parlamentares - Toninho Vespoli,2025,5,
00.1.500.7050,Emendas Parlamentares - Hélio Rodrigues,2025,5,
00.1.500.7051,Emendas Parlamentares - Xexéu Tripoli,2025,5,
00.1.500.7052,Emendas Parlamentares - Jorge Wilson Filho,2025,5,
00.1.500.7053,Emendas Parlamentares - Eliseu Gabriel,2025,5,
00.1.500.7054,Emendas Parlamentares - Thammy Miranda,2025,5,
00.1.500.7055,Emendas Parlamentares - Missionário José Olimpio,2025,5,
00.1.500.7056,Emendas Parlamentares - Reis,2025,5,
00.1.500.7057,Emendas Parlamentares - Carlos Alberto Bezerra,2025,5,
00.1.500.7058,Emendas Parlamentares - Antonio Donato,2025,5,
00.1.500.7059,Emendas Parlamentares - Beto do Social,2025,5,
00.1.500.7060,Emendas Parlamentares - Eduardo Suplicy,2025,5,
00.1.500.7061,Emendas Parlamentares - Ricardo Teixeira,2025,5,
00.1.500.7062,Emendas Parlamentares - Armandinho Ferreiro,2025,5,
00.1.500.7063,Emendas Parlamentares - Adriano Santos,2025,5,
00.1.500.7064,Emendas Parlamentares - Waldir Junior,2025,5,
00.1.500.7065,7065 - Emendas Parlamentares - Sonaira Fernandes,2025,5,
00.1.500.7066,7066 - Emendas Parlamentares - Gilberto Nascimento ,2025,5,
00.1.500.7067,Emendas Parlamentares - Adrilles Jorge,2025,5,
00.1.500.7068,Emendas Parlamentares - Amanda Paschoal,2025,5,
00.1.500.7069,Emendas Parlamentares - Amanda Vettorazzo,2025,5,
00.1.500.7070,Emendas Parlamentares - Ana Carolina Oliveira,2025,5,
00.1.500.7071,Emendas Parlamentares - Dheison Silva,2025,5,
00.1.500.7072,Emendas Parlamentares - Dr. Murillo Lima,2025,5,
00.1.500.7073,Emendas Parlamentares - Gabriel Abreu,2025,5,
00.1.500.7074,Emendas Parlamentares - Janaina Paschoal,2025,5,
00.1.500.7075,Emendas Parlamentares - Keit Lima,2025,5,
00.1.500.7076,Emendas Parlamentares - Kenji Ito,2025,5,
00.1.500.7077,Emendas Parlamentares - Lucas Pavanato,2025,5,
00.1.500.7079,Emendas Parlamentares - Marina Bragante,2025,5,
00.1.500.7080,Emendas Parlamentares - Nabil Bonduki,2025,5,
00.1.500.7081,Emendas Parlamentares - Pastora Sandra Alves,2025,5,
00.1.500.7082,Emendas Parlamentares - Renata Falzoni,2025,5,
00.1.500.7083,Emendas Parlamentares - Sargento Nantes,2025,5,
00.1.500.7084,Emendas Parlamentares - Silvão Leite,2025,5,
00.1.500.7085,Emendas Parlamentares - Silvinho Leite,2025,5,
00.1.500.7086,Emendas Parlamentares - Simone Ganem,2025,5,
00.1.500.7087,Emendas Parlamentares - Zoe Martínez,2025,5,
00.1.500.7088,Emendas Parlamentares - André Souza,2025,5,
00.1.500.7999,Ações Governamentais,2025,5,
00.1.500.9001,Recursos não vinculados de Impostos,2025,5,
00.1.500.9003,Recursos de Imposto de Renda Retido na Fonte - IRRF,2025,5,
00.1.500.9004,Demandas do Conselho Participativo,2025,5,
00.1.500.9005,Recursos destinados ao Orçamento Cidadão,2025,5,
00.1.501.0003,Campo de Marte,2025,5,
00.1.501.0004,Recursos do FUMCAD desvinculados,2025,5,
00.1.501.0006,Recursos desvinculados conforme art. 76-B do ADCT,2025,5,
00.1.501.7001,Emendas Parlamentares - Eli Corrêa,2025,5,
00.1.501.7002,Emendas Parlamentares - João Ananias,2025,5,
00.1.501.7003,Emendas Parlamentares - Bombeiro Major Palumbo,2025,5,
00.1.501.7004,Emendas Parlamentares - Alessandro Guedes,2025,5,
00.1.501.7005,Emendas Parlamentares - Daniel Annenberg,2025,5,
00.1.501.7006,Emendas Parlamentares - Dr. Milton Ferreira,2025,5,
00.1.501.7007,Emendas Parlamentares - André Santos,2025,5,
00.1.501.7008,Emendas Parlamentares - Arselino Tatto,2025,5,
00.1.501.7009,Emendas Parlamentares - Isac Félix,2025,5,
00.1.501.7010,Emendas Parlamentares - Cris Monteiro,2025,5,
00.1.501.7011,Emendas Parlamentares - Danilo do Posto de Saúde,2025,5,
00.1.501.7012,Emendas Parlamentares - Elaine Mineiro,2025,5,
00.1.501.7013,Emendas Parlamentares - Manoel Del Rio,2025,5,
00.1.501.7014,Emendas Parlamentares - Atílio Francisco,2025,5,
00.1.501.7015,Emendas Parlamentares - Ely Teruel,2025,5,
00.1.501.7016,Emendas Parlamentares - George Hato,2025,5,
00.1.501.7017,Emendas Parlamentares - Jair Tatto,2025,5,
00.1.501.7018,Emendas Parlamentares - Fábio Riva,2025,5,
00.1.501.7019,Emendas Parlamentares - Jussara Basso,2025,5,
00.1.501.7020,Emendas Parlamentares - Fernando Holiday,2025,5,
00.1.501.7021,Emendas Parlamentares - Coronel Salles,2025,5,
00.1.501.7022,Emendas Parlamentares - Rodolfo Despachante,2025,5,
00.1.501.7023,Emendas Parlamentares - Janaína Lima,2025,5,
00.1.501.7024,Emendas Parlamentares - Sidney Cruz,2025,5,
00.1.501.7025,Emendas Parlamentares - Roberto Tripoli,2025,5,
00.1.501.7026,Emendas Parlamentares - Luana Alves,2025,5,
00.1.501.7027,Emendas Parlamentares - Luna,2025,5,
00.1.501.7028,Emendas Parlamentares - Marcelo Messias,2025,5,
00.1.501.7029,Emendas Parlamentares - Gilson Barreto,2025,5,
00.1.501.7030,Emendas Parlamentares - Rute Costa,2025,5,
00.1.501.7031,Emendas Parlamentares - João Jorge,2025,5,
00.1.501.7032,Emendas Parlamentares - Edir Sales,2025,5,
00.1.501.7033,Emendas Parlamentares - Milton Leite,2025,5,
00.1.501.7034,Emendas Parlamentares - Dr. Nunes Peixeiro,2025,5,
00.1.501.7035,Emendas Parlamentares - Rinaldi Digilio,2025,5,
00.1.501.7036,Emendas Parlamentares - Marlon Luz,2025,5,
00.1.501.7037,Emendas Parlamentares - Rubinho Nunes,2025,5,
00.1.501.7038,Emendas Parlamentares - Rodrigo Goulart,2025,5,
00.1.501.7039,Emendas Parlamentares - Sandra Santana,2025,5,
00.1.501.7040,Emendas Parlamentares - Camilo Cristofaro Martins,2025,5,
00.1.501.7041,Emendas Parlamentares - Sansão Pereira,2025,5,
00.1.501.7042,Emendas Parlamentares - Aurélio Nomura,2025,5,
00.1.501.7043,Emendas Parlamentares - Celso Giannazi,2025,5,
00.1.501.7044,Emendas Parlamentares - Dra Sandra Tadeu,2025,5,
00.1.501.7045,Emendas Parlamentares - Paulo Frange,2025,5,
00.1.501.7046,Emendas Parlamentares - Adilson Amadeu,2025,5,
00.1.501.7047,Emendas Parlamentares - Silvia Ferraro,2025,5,
00.1.501.7048,Emendas Parlamentares - Senival Moura,2025,5,
00.1.501.7049,Emendas Parlamentares - Toninho Vespoli,2025,5,
00.1.501.7050,Emendas Parlamentares - Hélio Rodrigues,2025,5,
00.1.501.7051,Emendas Parlamentares - Xexéu Tripoli,2025,5,
00.1.501.7052,Emendas Parlamentares - Jorge Wilson Filho,2025,5,
00.1.501.7053,Emendas Parlamentares - Eliseu Gabriel,2025,5,
00.1.501.7054,Emendas Parlamentares - Thammy Miranda,2025,5,
00.1.501.7055,Emendas Parlamentares - Missionário José Olimpio,2025,5,
00.1.501.7056,Emendas Parlamentares - Reis,2025,5,
00.1.501.7057,Tesouro Municipal,2025,5,
00.1.501.7058,Emendas Parlamentares - Antonio Donato,2025,5,
00.1.501.7059,Emendas Parlamentares - Beto do Social,2025,5,
00.1.501.7060,Emendas Parlamentares - Eduardo Suplicy,2025,5,
00.1.501.7061,Emendas Parlamentares - Ricardo Teixeira,2025,5,
00.1.501.7063,Emendas Parlamentares - Adriano Santos,2025,5,
00.1.501.7065,Tesouro Municipal,2025,5,
00.1.501.7066,Tesouro Municipal,2025,5,
00.1.501.7998,Emendas à LOA,2025,5,
00.1.501.7999,Ações Governamentais,2025,5,
00.1.501.9001,Outros Recursos não Vinculados,2025,5,
00.1.502.7035,Emendas Parlamentares - Rinaldi Digilio,2025,5,
00.1.502.7038,Emendas Parlamentares - Rodrigo Goulart,2025,5,
00.1.502.7062,Emendas Parlamentares - Armandinho Ferreiro,2025,5,
00.1.502.7999,Ações Governamentais,2025,5,
00.1.502.9001,Recursos não vinculados da compensação de impostos,2025,5,
00.1.573.9001,Royalties do Petróleo e Gás Natural Vinculados à Educação,2025,5,
00.1.635.9001,Royalties do Petróleo e Gás Natural vinculados à Saúde,2025,5,
00.1.669.1488,PMSP- AUXÍLIO REENCONTRO,2025,5,
00.1.704.9001,Transferência da União Referente a Royalties do Petróleo e Gás Natural,2025,5,
00.1.705.9001,Transferência Estados Referente a Royalties do Petróleo e Gás Natural,2025,5,
00.1.708.9001,Transferência União Ref. Compensação Financeira Recursos Minerais,2025,5,
00.1.709.9001,Transferência União ref. Compensação Financeira Recursos Hídricos,2025,5,
00.1.711.9001,9001 - Sem detalhamento,2025,5,
00.1.720.9001,Sem detalhamento,2025,5,
00.2.500.0003,Campo de Marte,2025,5,
00.2.500.0004,Recursos do FUMCAD desvinculados,2025,5,
00.2.500.7001,Emendas Parlamentares - Eli Corrêa,2025,5,
00.2.500.7002,Emendas Parlamentares - João Ananias,2025,5,
00.2.500.7003,Emendas Parlamentares - Bombeiro Major Palumbo,2025,5,
00.2.500.7004,Emendas Parlamentares - Alessandro Guedes,2025,5,
00.2.500.7005,Emendas Parlamentares - Daniel Annenberg,2025,5,
00.2.500.7006,Emendas Parlamentares - Dr. Milton Ferreira,2025,5,
00.2.500.7007,Emendas Parlamentares - André Santos,2025,5,
00.2.500.7008,Emendas Parlamentares - Arselino Tatto,2025,5,
00.2.500.7009,Emendas Parlamentares - Isac Félix,2025,5,
00.2.500.7010,Emendas Parlamentares - Cris Monteiro,2025,5,
00.2.500.7011,Emendas Parlamentares - Danilo do Posto de Saúde,2025,5,
00.2.500.7012,Emendas Parlamentares - Elaine Mineiro,2025,5,
00.2.500.7013,Emendas Parlamentares - Manoel Del Rio,2025,5,
00.2.500.7014,Emendas Parlamentares - Atílio Francisco,2025,5,
00.2.500.7015,Emendas Parlamentares - Ely Teruel,2025,5,
00.2.500.7016,Emendas Parlamentares - George Hato,2025,5,
00.2.500.7017,Emendas Parlamentares - Jair Tatto,2025,5,
00.2.500.7018,Emendas Parlamentares - Fábio Riva,2025,5,
00.2.500.7019,Emendas Parlamentares - Jussara Basso,2025,5,
00.2.500.7020,Emendas Parlamentares - Fernando Holiday,2025,5,
00.2.500.7021,Emendas Parlamentares - Coronel Salles,2025,5,
00.2.500.7022,Emendas Parlamentares - Rodolfo Despachante,2025,5,
00.2.500.7023,Emendas Parlamentares - Janaína Lima,2025,5,
00.2.500.7024,Emendas Parlamentares - Sidney Cruz,2025,5,
00.2.500.7025,Emendas Parlamentares - Roberto Tripoli,2025,5,
00.2.500.7026,Emendas Parlamentares - Luana Alves,2025,5,
00.2.500.7027,Emendas Parlamentares - Luna,2025,5,
00.2.500.7028,Emendas Parlamentares - Marcelo Messias,2025,5,
00.2.500.7029,Emendas Parlamentares - Gilson Barreto,2025,5,
00.2.500.7030,Emendas Parlamentares - Rute Costa,2025,5,
00.2.500.7031,Emendas Parlamentares - João Jorge,2025,5,
00.2.500.7032,Emendas Parlamentares - Edir Sales,2025,5,
00.2.500.7033,Emendas Parlamentares - Milton Leite,2025,5,
00.2.500.7034,Emendas Parlamentares - Dr. Nunes Peixeiro,2025,5,
00.2.500.7035,Emendas Parlamentares - Rinaldi Digilio,2025,5,
00.2.500.7036,Emendas Parlamentares - Marlon Luz,2025,5,
00.2.500.7037,Emendas Parlamentares - Rubinho Nunes,2025,5,
00.2.500.7038,Emendas Parlamentares - Rodrigo Goulart,2025,5,
00.2.500.7039,Emendas Parlamentares - Sandra Santana,2025,5,
00.2.500.7040,Emendas Parlamentares - Camilo Cristofaro Martins,2025,5,
00.2.500.7041,Emendas Parlamentares - Sansão Pereira,2025,5,
00.2.500.7042,Emendas Parlamentares - Aurélio Nomura,2025,5,
00.2.500.7043,Emendas Parlamentares - Celso Giannazi,2025,5,
00.2.500.7044,Emendas Parlamentares - Dra Sandra Tadeu,2025,5,
00.2.500.7045,Emendas Parlamentares - Paulo Frange,2025,5,
00.2.500.7046,Emendas Parlamentares - Adilson Amadeu,2025,5,
00.2.500.7047,Emendas Parlamentares - Silvia Ferraro,2025,5,
00.2.500.7048,Emendas Parlamentares - Senival Moura,2025,5,
00.2.500.7049,Emendas Parlamentares - Toninho Vespoli,2025,5,
00.2.500.7050,Emendas Parlamentares - Hélio Rodrigues,2025,5,
00.2.500.7051,Emendas Parlamentares - Xexéu Tripoli,2025,5,
00.2.500.7052,Emendas Parlamentares - Jorge Wilson Filho,2025,5,
00.2.500.7053,Emendas Parlamentares - Eliseu Gabriel,2025,5,
00.2.500.7054,Emendas Parlamentares - Thammy Miranda,2025,5,
00.2.500.7055,Emendas Parlamentares - Missionário José Olimpio,2025,5,
00.2.500.7058,Emendas Parlamentares - Antonio Donato,2025,5,
00.2.500.7059,Emendas Parlamentares - Beto do Social,2025,5,
00.2.500.7060,Emendas Parlamentares - Eduardo Suplicy,2025,5,
00.2.500.7061,Emendas Parlamentares - Ricardo Teixeira,2025,5,
00.2.500.7062,Emendas Parlamentares - Armandinho Ferreiro,2025,5,
00.2.500.7063,Emendas Parlamentares - Adriano Santos,2025,5,
00.2.500.7999,Ações Governamentais,2025,5,
00.2.500.9001,Recursos não vinculados de Impostos,2025,5,
00.2.500.9003,Recursos de Imposto de Renda Retido na Fonte - IRRF,2025,5,
00.2.501.7001,Emendas Parlamentares - Eli Corrêa,2025,5,
00.2.501.7002,Emendas Parlamentares - João Ananias,2025,5,
00.2.501.7003,Emendas Parlamentares - Bombeiro Major Palumbo,2025,5,
00.2.501.7004,Emendas Parlamentares - Alessandro Guedes,2025,5,
00.2.501.7006,Emendas Parlamentares - Dr. Milton Ferreira,2025,5,
00.2.501.7007,Emendas Parlamentares - André Santos,2025,5,
00.2.501.7008,Emendas Parlamentares - Arselino Tatto,2025,5,
00.2.501.7011,Emendas Parlamentares - Danilo do Posto de Saúde,2025,5,
00.2.501.7012,Emendas Parlamentares - Elaine Mineiro,2025,5,
00.2.501.7013,Emendas Parlamentares - Manoel Del Rio,2025,5,
00.2.501.7014,Emendas Parlamentares - Atílio Francisco,2025,5,
00.2.501.7015,Emendas Parlamentares - Ely Teruel,2025,5,
00.2.501.7016,Emendas Parlamentares - George Hato,2025,5,
00.2.501.7018,Emendas Parlamentares - Fábio Riva,2025,5,
00.2.501.7019,Emendas Parlamentares - Jussara Basso,2025,5,
00.2.501.7020,Emendas Parlamentares - Fernando Holiday,2025,5,
00.2.501.7021,Emendas Parlamentares - Coronel Salles,2025,5,
00.2.501.7025,Emendas Parlamentares - Roberto Tripoli,2025,5,
00.2.501.7026,Emendas Parlamentares - Luana Alves,2025,5,
00.2.501.7027,Emendas Parlamentares - Luna,2025,5,
00.2.501.7029,Emendas Parlamentares - Gilson Barreto,2025,5,
00.2.501.7030,Emendas Parlamentares - Rute Costa,2025,5,
00.2.501.7031,Emendas Parlamentares - João Jorge,2025,5,
00.2.501.7036,Emendas Parlamentares - Marlon Luz,2025,5,
00.2.501.7038,Emendas Parlamentares - Rodrigo Goulart,2025,5,
00.2.501.7039,Emendas Parlamentares - Sandra Santana,2025,5,
00.2.501.7041,Emendas Parlamentares - Sansão Pereira,2025,5,
00.2.501.7042,Emendas Parlamentares - Aurélio Nomura,2025,5,
00.2.501.7045,Emendas Parlamentares - Paulo Frange,2025,5,
00.2.501.7046,Emendas Parlamentares - Adilson Amadeu,2025,5,
00.2.501.7047,Emendas Parlamentares - Silvia Ferraro,2025,5,
00.2.501.7048,Emendas Parlamentares - Senival Moura,2025,5,
00.2.501.7049,Emendas Parlamentares - Toninho Vespoli,2025,5,
00.2.501.7050,Emendas Parlamentares - Hélio Rodrigues,2025,5,
00.2.501.7051,Emendas Parlamentares - Xexéu Tripoli,2025,5,
00.2.501.7052,Emendas Parlamentares - Jorge Wilson Filho,2025,5,
00.2.501.7053,Emendas Parlamentares - Eliseu Gabriel,2025,5,
00.2.501.7054,Emendas Parlamentares - Thammy Miranda,2025,5,
00.2.501.7057,Emendas Parlamentares - Carlos Alberto Bezerra,2025,5,
00.2.501.7063,Emendas Parlamentares - Adriano Santos,2025,5,
00.2.501.7065,Emendas Parlamentares - Sonaira Fernandes,2025,5,
00.2.501.7066,Emendas Parlamentares - Gilberto Nascimento,2025,5,
00.2.501.7999,Ações Governamentais,2025,5,
00.2.501.9001,Outros Recursos não Vinculados,2025,5,
00.2.502.9001,Recursos não vinculados da compensação de impostos,2025,5,
00.2.704.9001,Transferências da União Referentes a Compensações Financeiras pela Exp,2025,5,
00.2.705.9001,Transferências dos Estados Referentes a Compensações Financeiras pela ,2025,5,
00.2.708.9001,Transferência da União Referente à Compensação Financeira de Recursos ,2025,5,
00.2.709.9001,Transferência da União referente à Compensação Financeira de Recursos ,2025,5,
00.2.711.9001,Demais Transferências Obrigatórias não Decorrentes de Repartições de R,2025,5,
00.9.500.9001,Recursos não vinculados de Impostos,2025,5,
01.1.574.0000,Código Genérico,2025,5,
01.1.574.1537,Educação Paulistana Pode Mais – BID,2025,5,
01.1.634.0000,Sem detalhamento,2025,5,
01.1.634.1225,PMSP-SF/Avança Saúde SP - Contrato nº 4641/OC-BR - BID,2025,5,
01.1.634.1969,Operação de Crédito - PMSP-SMS/Avança Saúde II-BID,2025,5,
01.1.754.0000,Código Genérico,2025,5,
01.1.754.1000,PMSP-SF/Programa de Modernização da Administração Tributária-PMAT 2015,2025,5,
01.1.754.1061,PMSP-SF/PNAFM II ,2025,5,
01.1.754.1200,PMSP/SMPR-Asfalto Novo,2025,5,
01.1.754.1202,PMSP/SEHAB-Programa Habitacional Casa da Família,2025,5,
01.1.754.1211,PMSP-SF - PNAFM III,2025,5,
01.1.754.1229,PMSP-SIURB/Saneamento-Avançar Perus/Mooca-Contrato nº 0505.972-67/18,2025,5,
01.1.754.1244,PMSP/SMSUB - Asfalto Novo II,2025,5,
01.1.754.1376,PMSP-SF/PROJETO CORREDOR ARICANDUVA-BANCO MUNDIAL,2025,5,
01.1.754.1414,PMSP- SF/PROJETO CORREDOR ARICANDUVA - BANCO MUNDIAL,2025,5,
01.1.754.1482,PMSP- SF/PMSP/Ônibus Elétrico-BB-Opcred SF 02/23,2025,5,
01.1.754.1483,PMSP- SF/PMSP/Ônibus Elétrico-BB-Opcred SF 03/23,2025,5,
01.1.754.1493,PMSP- Ônibus Elétrico- CEF,2025,5,
01.1.754.1499,PMSP- SF/PMSP/ Ônibus Elétrico-BNDES-Opcred SF 04/23,2025,5,
01.1.754.1507,PMSP- SF/Ônibus Elétrico-FINAME/BNDES-Opcred SF 04/23,2025,5,
01.1.754.1530,PMSP- SF/Onibus Elétrico-BB-Opcred SF 01/24 - 21.180-X,2025,5,
01.1.754.1580,PMSP-SF/Pode Entrar-CEF-Opcred SF 02/24 ,2025,5,
01.1.754.1631, PMSP-SMSUB/Recape 2024,2025,5,
01.1.754.1643,PMSP- SF/PodeEntrar-Opcred SF 04/24,2025,5,
01.1.754.1644,PMSP- SF/PodeEntrarItau-Opcred SF 04/24,2025,5,
01.1.754.1654,PMSP- SF/PodeEntrar-Santander Opcred SF 04/24 - 45.000.615-2,2025,5,
01.1.754.1908,Operação de Crédito - PMSP-SIURB/Córrego Freitas–SANEAMENTO PARA TODOS,2025,5,
01.1.754.1909,Operação de Crédito - PMSP-SIURB/BRT Radial Leste–PRÓ-TRANSPORTE - CEF,2025,5,
01.1.754.1911,PMSP-SF/PNAFM III Reembolsos - 22.947-4,2025,5,
01.1.754.1970,PMSP-SMT/Ônibus Elétrico – BID - 23.331-5,2025,5,
01.1.754.1971,PMSP-SMT/Ônibus Elétrico – BIRD - 23.332-3,2025,5,
01.1.754.9999,Fontes Restos/Migração-Saldo 2022,2025,5,
01.2.634.1225,PMSP-SF/Avança Saúde SP - Contrato nº 4641/OC-BR - BID,2025,5,
01.2.754.0076,PMSP - VLP / Prog Prior Inv de Transporte do Mun S.P,2025,5,
01.2.754.0290,PMSP-2ª Etapa do Programa Prioritário de Investimento de Transporte do,2025,5,
01.2.754.1000,PMSP-SF/Programa de Modernização da Administração Tributária-PMAT 2015,2025,5,
01.2.754.1061,PMSP-SF/PNAFM II ,2025,5,
01.2.754.1200,PMSP/SMPR-Asfalto Novo,2025,5,
01.2.754.1202,PMSP/SEHAB-Programa Habitacional Casa da Família,2025,5,
01.2.754.1211,PMSP-SF - PNAFM III,2025,5,
01.2.754.1229,PMSP-SIURB/Saneamento-Avançar Perus/Mooca-Contrato nº 0505.972-67/18,2025,5,
01.2.754.1244,PMSP/SMSUB - Asfalto Novo II,2025,5,
01.2.754.1376,PMSP-SF/PROJETO CORREDOR ARICANDUVA-BANCO MUNDIAL,2025,5,
01.2.754.1482,PMSP- SF/PMSP/Ônibus Elétrico-BB-Opcred SF 02/23,2025,5,
01.2.754.1483,PMSP- SF/PMSP/Ônibus Elétrico-BB-Opcred SF 03/23,2025,5,
01.2.754.1530,PMSP- SF/Onibus Elétrico-BB-Opcred SF 01/24 - 21.180-X,2025,5,
01.2.754.1580,PMSP-SF/Pode Entrar-CEF-Opcred SF 02/24,2025,5,
01.2.754.1631,PMSP-SMSUB/Recape 2024,2025,5,
01.2.754.9999,Fontes Restos/Migração-Saldo 2022,2025,5,
02.1.550.0299,PMSP-SME-FNDE/SALÁRIO EDUCAÇÃO,2025,5,
02.1.552.0640,PMSP-SME/FNDE-PNAE,2025,5,
02.1.553.9001,Transferências de Recursos do FNDE referente ao PNATE,2025,5,
02.1.569.0000,Código Genérico,2025,5,
02.1.569.0943,PMSP-SME/FNDE-Plano de Ações Articuladas,2025,5,
02.1.569.0966,PMSP-SME/FNDE-PAC 2/PRO INFÂNCIA-CONSTRUÇÃO DE CRECHES,2025,5,
02.1.569.0976,PMSP-SME/FNDE-PROJOVEM URBANO,2025,5,
02.1.569.0978,PMSP-SME/FNDE-BRASIL CARINHOSO,2025,5,
02.1.569.0988,PMSP-SME/FNDE-Manutenção Ed. Infantil-Novas Turmas,2025,5,
02.1.569.1062,PMSP-SME/FNDE-manutenção Ed. Infantil-Novas Turmas,2025,5,
02.1.569.1093,PMSP-SME/FNDE-PROINFÂNCIA-PAR TC nº 201500555,2025,5,
02.1.569.1094,PMSP-SME/FNDE-PROINFÂNCIA - PAR TC nº 201500554,2025,5,
02.1.569.1140,PMSP-SME/FNDE/MEC/PAR/PRÓ INFÂNCIA,2025,5,
02.1.569.1141,PMSP-SME/FNDE-PAR,2025,5,
02.1.569.1173,PMSP-SME/FNDE-PAR - C/C 187798,2025,5,
02.1.569.1174,PMSP-SME/FNDE-PAR,2025,5,
02.1.569.1175,PMSP-SME/FNDE-PAR,2025,5,
02.1.569.1176,PMSP-SME/FNDE-PAR,2025,5,
02.1.569.1177,PMSP-SME/FNDE-PAR - C/C 190187,2025,5,
02.1.569.1180,PMSP-SME/FNDE-PAR,2025,5,
02.1.569.1181,PMSP-SME/FNDE-PAR,2025,5,
02.1.569.1194,PMSP-SME/FNDE-PAR - C/C 190497,2025,5,
02.1.569.1195,PMSP-SME/FNDE-PAR - C/C 187801,2025,5,
02.1.569.1196,PMSP-SME/FNDE-MP 81 - C/C 191442,2025,5,
02.1.569.1267,PMSP-SME/FNDE-PAR,2025,5,
02.1.569.1303,PMSP-SME/FNDE PAR-TC nº 201900065,2025,5,
02.1.569.1304,PMSP-SME/FNDE PAR-TC nº 201900068,2025,5,
02.1.569.1512,PMSP-SME/FNDE Programa Escola em Tempo Integral - ETI,2025,5,
02.1.569.1632,PMSP-SME/Escolas em Tempo Integral-NOVO PAC,2025,5,
02.1.569.1633,PMSP-SME/Creche e Escola de Educação Infantil-NOVO PAC,2025,5,
02.1.569.1924,PMSP-SME/FNDE Programa Brasil Alfabetizado-PBA - 22.880-X,2025,5,
02.1.570.0000,Código Genérico,2025,5,
02.1.600.0000,Código Genérico,2025,5,
02.1.600.0651,PMSP-SMS/FMS/FNS BLATB - PAB/PSF,2025,5,
02.1.600.0652,PMSP-SMS/FMS/FNS BLGES,2025,5,
02.1.600.0653,PMSP-SMS/FMS/FNS  BLMAC,2025,5,
02.1.600.0654,PMSP-SMS/FMS/FNS BLVGS-COVISA,2025,5,
02.1.600.1168,FMS CUSTEIO SUS,2025,5,
02.1.600.1696,SMS/FMS/SMS/ITMAC/GAB - 21.885-5,2025,5,
02.1.600.1703,SMS/FMS/ITMAC/GAB - 21.886-3,2025,5,
02.1.600.1704,PMSP/SMS/FMS/ITMAC/GAB - 21.887-1,2025,5,
02.1.600.1707,PMSP/SMS/FMS/ITMAC/GAB - 21.890-1,2025,5,
02.1.600.1708,PMSP/SMS/ENTID/15680003 - 21.891-X,2025,5,
02.1.600.1709,PMSP/SMS/ENTID/19970003 - 21.892-8,2025,5,
02.1.600.1716,PMSP-SMS/FMS-ITMAC/GAB - 21.916-9,2025,5,
02.1.600.1724,PMSP/SMS/ITPAP/GAB - 21.932-0,2025,5,
02.1.600.1725,PMSP/SMS/ITPAP/GAB - 21.933-9,2025,5,
02.1.600.1738,PMSP-SMS/FMS-SP-EP - 21.741-7,2025,5,
02.1.600.1739,PMSP-SMS/FMS-SP-EP - 21.742-5,2025,5,
02.1.600.1740,PMSP-SMS/FMS-SP-EP - 21.743-3,2025,5,
02.1.600.1741,PMSP-SMS/FMS-SP-EP - 21.745-X,2025,5,
02.1.600.1742,PMSP-SMS/FMS-SP-EP - 21.749-2,2025,5,
02.1.600.1743,6018.20250003903-1,2025,5,
02.1.600.1744,PMSP-SMS/FMS-SP-EP - 21.756-5,2025,5,
02.1.600.1745,PMSP-SMS/FMS-SP-EP - 21.757-3,2025,5,
02.1.600.1746,PMSP-SMS/FMS-SP-EP - 21.764-6,2025,5,
02.1.600.1747,PMSP-SMS/FMS-SP-EP - 21.778-6,2025,5,
02.1.600.1748,PMSP-SMS/FMS-SP-EP - 21.779-4,2025,5,
02.1.600.1749,PMSP-SMS/FMS-SP-EP - 21.780-8,2025,5,
02.1.600.1750,PMSP-SMS/FMS-SP-EP - 21.781-6,2025,5,
02.1.600.1751,PMSP-SMS/FMS-SP-EP - 21.782-4,2025,5,
02.1.600.1768,PMSP/ FMS/SP - EP - 21.734-4,2025,5,
02.1.600.1769,PMSP/ FMS/SP - EP - 21.735-2,2025,5,
02.1.600.1770,PMSP/ FMS/SP - EP - 21.736-0,2025,5,
02.1.600.1771,PMSP/ FMS/SP - EP - 21.737-9,2025,5,
02.1.600.1772,PMSP/ FMS/SP - EP - 21.740-9,2025,5,
02.1.600.1794,PMSP-SMS/FMS-ITMAC/GAB - 22.227-5,2025,5,
02.1.600.1798,PMSP-SMS/FMS/ITPAP/GAB - 22.261-5,2025,5,
02.1.600.1799,PMSP-SMS/FMS/ENTID/664730 - 22.320-4,2025,5,
02.1.600.1800,PMSP-SMS/FMS/ENTID/664645 - 22.322-0,2025,5,
02.1.600.1801,PMSP-SMS/FMS/ENTID/663408 - 22.325-5,2025,5,
02.1.600.1802,PMSP-SMS/FMS/ENTID/664482 - 22.328-X,2025,5,
02.1.600.1803,PMSP-SMS/FMS/ENTID/664630 - 22.333-6,2025,5,
02.1.600.1804,PMSP-SMS/FMS/ENTID/657997 - 22.334-4,2025,5,
02.1.600.1805,PMSP-SMS/FMS/ENTID/666662 - 22.340-9,2025,5,
02.1.600.1806,PMSP-SMS/FMS/ENTID/664592 – 22.345-X,2025,5,
02.1.600.1807,PMSP-SMS/FMS/ENTID/666655 - 22.348-4,2025,5,
02.1.600.1808,PMSP-SMS/FMS/ENTID/663283 - 22.350-6,2025,5,
02.1.600.1809,PMSP-SMS/FMS/ENTID/660970 - 22.351-4,2025,5,
02.1.600.1810,PMSP-SMS/FMS/ENTID/664621 - 22.357-3,2025,5,
02.1.600.1811,22.359-X - PMSP-SMS/FMS/ENTID/664430,2025,5,
02.1.600.1812,PMSP-SMS/FMS/ENTID/664665 - 22.361-1,2025,5,
02.1.600.1813,PMSP-SMS/FMS/ENTID/664474 - 22.363-8,2025,5,
02.1.600.1815,SMS/FMS/ENTID/664608 - 22.323-9,2025,5,
02.1.600.1816,SMS/FMS/ENTID/666952 - 22.324-7,2025,5,
02.1.600.1817,SMS/FMS/ENTID/664642 - 22.326-3,2025,5,
02.1.600.1818,SMS/FMS/ENTID/664685 - 22.329-8,2025,5,
02.1.600.1819,PMSP/ FMS/SP - EP – 22.330-1,2025,5,
02.1.600.1820,SMS/FMS/ENTID/664713 - 22.331-X,2025,5,
02.1.600.1821,SMS/FMS/ENTID/664754 - 2.332-8,2025,5,
02.1.600.1822,SMS/FMS/ENTID/664735 - 22.335-2,2025,5,
02.1.600.1823,PMSP-SMS/FMS/ENTID/664312 - 22.339-5,2025,5,
02.1.600.1824,PMSP-SMS/FMS/ENTID/664594 - 22.341-7,2025,5,
02.1.600.1825,6018.20250080693-8,2025,5,
02.1.600.1826,PMSP-SMS/FMS/ENTID/663822 - 22.344-1,2025,5,
02.1.600.1827,PMSP- SMS/FMS/ENTID/664719 - 22.346-8,2025,5,
02.1.600.1828,PMSP-SMS/FMS/ENTID/664697 - 22.349-2,2025,5,
02.1.600.1829,PMSP-SMS/FMS/ENTID/664582 - 22.353-0,2025,5,
02.1.600.1830,PMSP-SMS/FMS/ENTID/663384 - 22.356-5,2025,5,
02.1.600.1831,PMSP-SMS/FMS/ENTID/666671 - 22.358-1,2025,5,
02.1.600.1832,PMSP-SMS/FMS/ENTID/664606 - 22.360-3,2025,5,
02.1.600.1833,PMSP-SMS/FMS/GAB/638054 - 22.264-X,2025,5,
02.1.600.1834,PMSP-SMT/Inspeção de Segurança Veicular - Outros Serviços de Terceiros,2025,5,
02.1.600.1836,PMSP-SMS/FMS/ENTID/678175 - 22.627-0,2025,5,
02.1.600.1837,PMSP-SMS/FMS/ENTID/678530 - 22.672-6,2025,5,
02.1.600.1838,PMSP-SMS/FMS/ENTID/664515 - 22.673-4,2025,5,
02.1.600.1839,PMSP-SMS/FMS/ENTID/664581 - 22.327-1,2025,5,
02.1.600.1840,PMSP-SMS/FMS/ENTID/664244 - 22.347-6,2025,5,
02.1.600.1841,PMSP-SMS/FMS/ENTID/664637 - 22.518-5,2025,5,
02.1.600.1842,PMSP/SMS/FMS/ENTID/662961 - 22.589-4,2025,5,
02.1.600.1843,PMSP-SMS/FMS/ENTID/671981 - 22.590-8,2025,5,
02.1.600.1844,PMSP-SMS/FMS/ENTID/668446 - 22.591-6,2025,5,
02.1.600.1845,PMSP-SMS/FMS/ENTID/664748 - 22.629-7,2025,5,
02.1.600.1846,PMSP-SMS/FMS/ENTID/664724 - 22.630-0,2025,5,
02.1.600.1847,PMSP-SMS/FMS/ENTID/666685 - 22.631-9,2025,5,
02.1.600.1848,PMSP-SMS/FMS/ENTID/664534 - 22.632-7,2025,5,
02.1.600.1849,PMSP-SMS/FMS/ENTID/668403 - 22.633-5,2025,5,
02.1.600.1850,PMSP-SMS/FMS/ENTID/664739 - 22.634-3,2025,5,
02.1.600.1852,PMSP-SMS/FMS/ITPAP/GAB - 22.265-8,2025,5,
02.1.600.1853,PMSP-SMS/FMS/ITPAP/GAB - 22.266-6,2025,5,
02.1.600.1854,PMSP-SMS/FMS/ITPAP/GAB - 22.267-4,2025,5,
02.1.600.1855,PMSP-SMS/FMS/ENTID/664446 - 22.336-0,2025,5,
02.1.600.1856,PMSP-SMS/FMS/ENTID/664406 - 22.337-9,2025,5,
02.1.600.1857,PMSP-SMS/FMS/ENTID/664449 - 22.338-7,2025,5,
02.1.600.1858,PMSP-SMS/FMS/ENTID/664432 - 22.342-5,2025,5,
02.1.600.1859,PMSP-SMS/FMS/ENTID/664558 - 22.352-2,2025,5,
02.1.600.1860,PMSP-SMS/FMS/ENTID/664703 - 22.354-9,2025,5,
02.1.600.1861,PMSP-SMS/FMS/ENTID/664403 - 22.355-7,2025,5,
02.1.600.1862,PMSP-SMS/FMS/ENTID/664357 - 22.362-X,2025,5,
02.1.600.1864,SMS/FMS/ENTID/663067 - 22.473-1,2025,5,
02.1.600.1865,SMS/FMS/ENTID/664281 - 22.478-2,2025,5,
02.1.600.1866,SMS/FMS/ENTID/663095 - 22.484-7,2025,5,
02.1.600.1867,SMS/FMS/ENTID/663203 - 22.503-7,2025,5,
02.1.600.1869,PMSP-SMS/FMS/ENTID/656548 - 22.321-2,2025,5,
02.1.600.1871,SMS/FMS/ENTID/671926 - 22.475-8,2025,5,
02.1.600.1872,SMS/FMS/ENTID/668413 - 22.477-4,2025,5,
02.1.600.1873,SMS/FMS/ENTID/672044 - 22.480-4,2025,5,
02.1.600.1874,SMS/FMS/ITPAP/GAB - 22.481-2,2025,5,
02.1.600.1875,SMS/FMS/ENTID/646685 - 22.483-9,2025,5,
02.1.600.1876,SMS/FMS/ITPAP/GAB - 22.712-9,2025,5,
02.1.600.1877,PMSP-SMS/FMS/ENTID/668408 - 22.471-5,2025,5,
02.1.600.1878,PMSP-SMS/FMS/ENTID/669093 - 22.472-3,2025,5,
02.1.600.1879,PMSP-SMS/FMS/ENTID/663323 - 22.474-X,2025,5,
02.1.600.1880,PMSP-SMS/FMS/ENTID/663131 - 22.476-6,2025,5,
02.1.600.1881,PMSP-SMS/FMS/ENTID/664523 - 22.479-0,2025,5,
02.1.600.1882,PMSP-SMS/FMS/ENTID/663792 - 22.482-0,2025,5,
02.1.600.1887,SMS/FMS/ENTID/680909 - 22.783-8,2025,5,
02.1.600.1891,PMSP/SMS/INVEST/25003- 22.816-8,2025,5,
02.1.600.1912,SMS/FMS/ENTID/678985 - 22.709-9,2025,5,
02.1.600.1913,SMS/FMS/ENTID/677996 - 22.710-2,2025,5,
02.1.600.1915,SMS/FMS/ENTID/704356 - 22.890-7,2025,5,
02.1.600.1916,SMS/FMS/ENTID/708811 - 22.897-4,2025,5,
02.1.600.1927,PMSP-SMS/FMS/ENTID/711886 - 22.938-5,2025,5,
02.1.600.1928,PMSP-SMS/FMS/GAB 709740 - 22.944-X,2025,5,
02.1.600.1929,PMSP-SMS/FMS/ITPAP/GAB - 22.945-8,2025,5,
02.1.600.1931,PMSP-SMS/FMS/ENTID/715156 - 22.955-5,2025,5,
02.1.600.1934,SMS/FMS/ENTID/715172 - 22.958-X,2025,5,
02.1.600.1935,SMS/FMS/ENTID/715176 - 22.959-8,2025,5,
02.1.600.1936,SMS/FMS/ENTID/714942 - 22.960-1,2025,5,
02.1.600.1937,SMS/FMS/ENTID/715866 - 22.970-9,2025,5,
02.1.600.1938,SMS/FMS/ENTID/715476 - 22.971-7,2025,5,
02.1.600.1939,SMS/FMS/ENTID/715704 - 22.972-5,2025,5,
02.1.600.1940,SMS/FMS/ENTID/715463 - 22.973-3,2025,5,
02.1.600.1941,SMS/FMS/ENTID/714917 - 22.974-1,2025,5,
02.1.600.1942,SMS/FMS/ENTID/715411 - 23.065-0,2025,5,
02.1.600.1943,SMS/FMS/ENTID/717133 - 23.066-9,2025,5,
02.1.600.1944,SMS/FMS/ENTID/715421 - 23.067-7,2025,5,
02.1.600.1945,SMS/FMS/ENTID/715990 - 23.068-5,2025,5,
02.1.600.1946,SMS/FMS/GESTÃO/710153 - 22.954-7,2025,5,
02.1.600.1947,SMS/FMS/ENTID/715480 - 22.961-X,2025,5,
02.1.600.1948,SMS/FMS/ENTID/714873 - 22.962-8,2025,5,
02.1.600.1949,SMS/FMS/ITPAP/GAB - 23.073-1,2025,5,
02.1.600.1951,SMS/FMS/ENTID/719597 - 23.161-4,2025,5,
02.1.600.1954,SMS/FMS/ITPAP/GAB - 23.072-3,2025,5,
02.1.600.1956,SMS/FMS/ENTID/719604 - 23.193-2,2025,5,
02.1.600.1957,SMS/FMS/ENTID/714979 - 23.195-9,2025,5,
02.1.600.1958,SMS/FMS/ENTID/717188 - 23.202-5,2025,5,
02.1.600.1959,SMS/FMS/GAB/719223 - 23.203-3,2025,5,
02.1.600.1963,SMS/FMS/GAB/719717 - 23.177-0,2025,5,
02.1.600.1964,SMS/FMS/ENTID/719601 - 23.204-1,2025,5,
02.1.600.1967,SMS/FMS/ENTID/720098 - 23.178-9,2025,5,
02.1.600.1968,SMS/FMS/ENTID/713403 - 23.194-0,2025,5,
02.1.600.1972,SMS/FMS/ENTID/707992 - 23.240-8,2025,5,
02.1.600.1976,SMS/FMS/ENTID/710218 - 23.239-4,2025,5,
02.1.600.1978,SMS/FMS/ENT-GAB/722506 - 23.318-8,2025,5,
02.1.600.1979,SMS/FMS/GAB/722410 - 23.319-6,2025,5,
02.1.600.1995,SMS/FMS/ENTID/720081 - 23.169-X,2025,5,
02.1.601.0000,Código Genérico,2025,5,
02.1.601.1185,FMS INVEST SUS,2025,5,
02.1.601.1705,PMSP/SMS/INVEST/24087 - 21.888-X,2025,5,
02.1.601.1706,PMSP/SMS/INVEST/24086 - 21.889-8,2025,5,
02.1.601.1710,PMSP/SMS/INVEST/24082 - 21.893-6,2025,5,
02.1.601.1711,PMSP/SMS/INVEST/24079 - 21.894-4,2025,5,
02.1.601.1712,PMSP/SMS/INVEST/24085 - 21.895-2,2025,5,
02.1.601.1713,PMSP/SMS/INVEST/24084 - 21.896-0,2025,5,
02.1.601.1714,PMSP/SMS/INVEST/24071 - 21.897-9,2025,5,
02.1.601.1715,PMSP/SMS/INVEST/24069 - 21.898-7,2025,5,
02.1.601.1717,PMSP/SMS/INVEST/24075 - 21.925-8,2025,5,
02.1.601.1718,PMSP/SMS/INVEST/24070 - 21.926-6,2025,5,
02.1.601.1719,PMSP/SMS/INVEST/24076 - 21.927-4,2025,5,
02.1.601.1720,PMSP/SMS/INVEST/24080 - 21.928-2,2025,5,
02.1.601.1721,PMSP/SMS/INVEST/24074 - 21.929-0,2025,5,
02.1.601.1722,PMSP/SMS/INVEST/24081 - 21.930-4,2025,5,
02.1.601.1723,PMSP/SMS/INVEST/24076 - 21.931-2,2025,5,
02.1.601.1726,PMSP/SMS/INVEST/24072 - 21.934-7,2025,5,
02.1.601.1727,PMSP/SMS/INVEST/24073 - 21.935-5,2025,5,
02.1.601.1732,PMSP/ FMS/SP-EP – 21.712-3,2025,5,
02.1.601.1733,PMSP/ FMS/SP-EP – 21.713-1,2025,5,
02.1.601.1734,PMSP/ FMS/SP-EP – 21.714-X,2025,5,
02.1.601.1735,PMSP/ FMS/SP-EP – 21.715-,2025,5,
02.1.601.1736,PMSP-SMS/FMS-SP-EP - 21.716-6,2025,5,
02.1.601.1737,PMSP/ FMS/SP-EP – 21.717-4,2025,5,
02.1.601.1753,PMSP/ FMS/SP - EP – 21.718-2,2025,5,
02.1.601.1754,PMSP/ FMS/SP - EP – 21.719-0,2025,5,
02.1.601.1755,PMSP/ FMS/SP - EP - 21.720-4,2025,5,
02.1.601.1756,PMSP/ FMS/SP - EP - 21.721-2,2025,5,
02.1.601.1757,PMSP/FMS/SP - EP - 21.722,2025,5,
02.1.601.1758,21.723-9 – PMSP/ FMS/SP - EP,2025,5,
02.1.601.1759,PMSP/ FMS/SP - EP - 21.724-7,2025,5,
02.1.601.1760,PMSP/ FMS/SP - EP - 21.725-5,2025,5,
02.1.601.1761,PMSP/ FMS/SP - EP - 21.726-3,2025,5,
02.1.601.1762,PMSP/ FMS/SP - EP - 21.727-1,2025,5,
02.1.601.1763,PMSP/ FMS/SP - EP - 21.728-X,2025,5,
02.1.601.1764,PMSP/ FMS/SP - EP - 21.729-8,2025,5,
02.1.601.1765,PMSP/ FMS/SP - EP - 21.731-X,2025,5,
02.1.601.1766,PMSP/ FMS/SP - EP- 21.732-8,2025,5,
02.1.601.1767,PMSP/ FMS/SP - EP - 21.733-6,2025,5,
02.1.601.1776,PMSP-SMS/FMS-EMENDA PARLAMENTAR - 21.730-1,2025,5,
02.1.601.1870,PMSP/SMS/INVEST/25005 - 22.470-7,2025,5,
02.1.601.1891,PMSP/SMS/INVEST/25003- 22.816-8,2025,5,
02.1.601.1914,PMSP/SMS/INVEST/25007 - 22.864-8,2025,5,
02.1.601.1917,PMSP/SMS/INVEST/25002 - 22.815-X,2025,5,
02.1.601.1918,PMSP/SMS/INVEST/25006 - 22.865-6,2025,5,
02.1.601.1930,PMSP-PMSP/SMS/INVEST/25011 - 22.946-6,2025,5,
02.1.601.1950,PMSP/SMS/INVEST/25016 - 23.079-0,2025,5,
02.1.601.1973,PMSP/SMS/INVEST/25019 - 23.281-5,2025,5,
02.1.601.1974,PMSP/SMS/INVEST/25020 - 23.282-3,2025,5,
02.1.601.1977,PMSP/SMS/INVEST/25015 - 23.317-X,2025,5,
02.1.604.1168,FMS CUSTEIO SUS,2025,5,
02.1.605.1168,FMS CUSTEIO SUS,2025,5,
02.1.605.1481,1481 - PMSP-SMS/FMS-Piso Nacional dos Profissionais de Enfermagem,2025,5,
02.1.631.0000,Código Genérico,2025,5,
02.1.631.0779,PMSP-SMS/CONVÊNIO 779947/2012-SICONV,2025,5,
02.1.631.0852,PMSP-SMS/FMS-FNS PA Munic Gloria R.S.Bonfim 131.37,2025,5,
02.1.631.0855,PMS-SMS/FMS-FNS AMA A Saboya/UPA Jabaq  131.40,2025,5,
02.1.631.0858,PMSP-SMS/FMS-FNS AMA Hosp C Limpo/UPA C.L 131.43,2025,5,
02.1.631.0859,PMSP-SMS/FMS-FNS AMA I Proença/UPA Moóca  - 131.44,2025,5,
02.1.631.0863,PMSP-SMS/FMS-FNS AMA Parelheiros  131.48,2025,5,
02.1.631.0864,PMSP-SMS/FMS-FNS AMA Capão Redondo 131.49,2025,5,
02.1.631.1321,H. M' Boi Mirim - CONVÊNIO 905912/2020,2025,5,
02.1.631.1346,CONV 795396/2013 - HM. J.S.HUNGRIA,2025,5,
02.1.631.1347,CONV 800002/2013 - HM. ALÍPIO C. NETO,2025,5,
02.1.631.1348,CONV 800003/2013 - HM. VALDOMIRO PAULA,2025,5,
02.1.631.1366,HM Tide Setubal - CONVÊNIO 918489/2021,2025,5,
02.1.631.1379,CONV 799999/2013 - HM. ARTHUR SABOYA,2025,5,
02.1.631.1384,PMSP-SEME/CONVÊNIO SICONV 840338/2016,2025,5,
02.1.631.1405,PMSP-SMS/CONVÊNIO SICONV/Convênio nº 929522/2022,2025,5,
02.1.631.1617,PMSP-SMS/Construção da Policlínica Itaquera,2025,5,
02.1.631.1618,PMSP-SMS/Construção da Policlínica Guaianazes,2025,5,
02.1.631.1700,SMS/FMS/CRPICS São Mateus 973586,2025,5,
02.1.631.1778,CER CARRÃO - CONVÊNIO 825056/2015,2025,5,
02.1.631.1779,CER PENHA - CONVÊNIO 825053/2015,2025,5,
02.1.659.0000,Código Genérico,2025,5,
02.1.660.0000,Código Genérico,2025,5,
02.1.660.1075,PMSP-SMADS/BLOCO PSEAC - FNAS,2025,5,
02.1.660.1079,PMSP-SMADS/SÃO PAULO-PETI,2025,5,
02.1.660.1080,PMSP-SMADS/BLOCO GESTÃO IGDBF - FNAS,2025,5,
02.1.660.1081,PMSP-SMADS/BLOCO GESTÃO IGDSUAS - FNAS,2025,5,
02.1.660.1082,PMSP-SMADS/BLOCO PSEMC - FNAS,2025,5,
02.1.660.1083,PMSP-SMADS/BLOCO PSB - FNAS,2025,5,
02.1.660.1184,PMSP-SMADS/FMAS-MAC,2025,5,
02.1.660.1327,PMSP-SMADS/SAO PAULO SIGTV - ESTR3 - FNAS,2025,5,
02.1.660.1380,PMSP-SMADS/PROGRAMA AUXILIO BRASIL/IGD-PAB-FNAS,2025,5,
02.1.660.1411,PMSP-SMADS/SÃO PAULO SIGTV-ESTR3 - FNAS,2025,5,
02.1.660.1423,20.515-X - PMSP-SMADS/SAO PAULO SIGTV - ESTR3 2022,2025,5,
02.1.660.1424,20.548-6 - PMSP-SMADS/SAO PAULO SIGTV - ESTR3 2022,2025,5,
02.1.660.1437,PMSP-SMADS/SAO PAULO SIGTV - ESTR3 2022,2025,5,
02.1.660.1438,PMSP-SMADS/SAO PAULO SIGTV - ESTR3 2022,2025,5,
02.1.660.1439,PMSP-SMADS/SAO PAULO SIGTV - ESTR3 2022,2025,5,
02.1.660.1440,PMSP-SMADS/SAO PAULO SIGTV - ESTR3 2022,2025,5,
02.1.660.1449,PMSP-SMADS/SAO PAULO SIGTV - ESTR3 2022,2025,5,
02.1.660.1450,PMSP-SMADS/SAO PAULO SIGTV - ESTR3 2022,2025,5,
02.1.660.1451,PMSP-SMADS/SAO PAULO SIGTV - ESTR3 2022,2025,5,
02.1.660.1452,PMSP-SMADS/FMAS - CCA Jardim Dom José ,2025,5,
02.1.660.1472,PMSP-SMADS/PROCAD-SUAS,2025,5,
02.1.660.1487,PMSP-SMADS/FMAS – Emenda Parlamentar - 20.907-4,2025,5,
02.1.660.1500,PMSP-SMADS/FMAS-Emenda Parlamentar Individual - 20.872-8,2025,5,
02.1.660.1503,PMSP-SMADS/PROTEÇÃO SOCIAL BÁSICA- FMAS-2024,2025,5,
02.1.660.1504,PMSP-SMADS/PROTEÇÃO SOCIAL ESPECIAL Média Complexidade-FMAS-2024,2025,5,
02.1.660.1505,PMSP-SMADS/PROTEÇÃO SOCIAL ESPECIAL Alta Complexidade-FMAS/2024,2025,5,
02.1.660.1513,PMSP-SMADS/FMAS-SAO PAULO SIGTV-ESTR3 2022,2025,5,
02.1.660.1525,PMSP-SMADS/FMAS-SAO PAULO SIGTV - INVEST 2023 - 20.726-8,2025,5,
02.1.660.1528,PMSP-SMADS/FMAS-SAO PAULO SIGTV-INVEST 2023 - 20.725-X,2025,5,
02.1.660.1531,PMSP-SMADS/FMAS-SAO PAULO SIGTV-CUSTEIO-Rui Falcão 2024,2025,5,
02.1.660.1557,PMSP-SMADS/FMAS-SP SIGTV-CUSTEIO - Maria Rosas 2024,2025,5,
02.1.660.1558,PMSP-SMADS/FMAS-SP SIGTV-CUSTEIO-Davidi Soares 2024,2025,5,
02.1.660.1559,PMSP-SMADS/FMAS-SP SIGTV-CUSTEIO-Juliana Cardoso 2024,2025,5,
02.1.660.1560,PMSP-SMADS/FMAS-SP SIGTV-CUSTEIO-David Soares 2024,2025,5,
02.1.660.1561,PMSP-SMADS/FMAS-SP SIGTV-CUSTEIO-Vincentinho 2024,2025,5,
02.1.660.1562,PMSP-SMADS/FMAS-SP SIGTV-CUSTEIO-Luiza Erundina 2024,2025,5,
02.1.660.1563,PMSP-SMADS/FMAS-SP SIGTV-CUSTEIO-Maria Rosas 2024,2025,5,
02.1.660.1564,PMSP-SMADS/FMAS-SP SIGTV-CUSTEIO-Adriana Ventura 2024,2025,5,
02.1.660.1565,PMSP-SMADS/FMAS-SP SIGTV-CUSTEIO-Tiririca 2024,2025,5,
02.1.660.1566,PMSP-SMADS/FMAS-SP SIGTV-CUSTEIO-Mara Gabrilli 2024,2025,5,
02.1.660.1567,PMSP-SMADS/FMAS-SP SIGTV-CUSTEIO- Baleia Rossi 2024,2025,5,
02.1.660.1568,PMSP-SMADS/FMAS-SP SIGTV-CUSTEIO-Rosangela Moro 2024,2025,5,
02.1.660.1595,PMSP-SMADS/FMAS-SP SIGTV-CUSTEIO/Juliana Cardosos 2024 - 21.353-5,2025,5,
02.1.660.1596,PMSP-SMADS/FMAS-SP SIGTV-CUSTEIO/Mara Gabrili 2024 - 21.354-3,2025,5,
02.1.660.1597,PMSP-SMADS/FMAS-SP SIGTV-CUSTEIO/Juliana Cardoso 2024 - 21.355-1,2025,5,
02.1.660.1598,PMSP-SMADS/FMAS-SP SIGTV-CUSTEIO/Juliana Cardoso 2024 - 21.356-X,2025,5,
02.1.660.1599,SAO PAULO SIGTV - CUSTEIO - Maria Rosas 2024 - 21.357-8,2025,5,
02.1.660.1600,PMSP-SMADS/FMAS-SP SIGTV-CUSTEIO/Kim Kataguire 2024 - 21.358-6,2025,5,
02.1.660.1601,SAO PAULO SIGTV - CUSTEIO - Maria Rosas 2024 - 21.359-4,2025,5,
02.1.660.1602,PMSP-SMADS/FMAS-SP SIGTV-CUSTEIO/Kim Kataguire 2024 - 21.360-8  ,2025,5,
02.1.660.1603,PMSP-SMADS/FMAS-SP SIGTV-CUSTEIO/Juliana Cardoso 2024 - 21.361-6,2025,5,
02.1.660.1604,PMSP-SMADS/ FMAS-SP SIGTV-CUSTEIO/Kim Kataguire 2024 - 21.362-4,2025,5,
02.1.660.1605,PMSP-SMADS/FMAS-SP SIGTV-CUSTEIO/Rui Falcão 2024 - 21.363-2,2025,5,
02.1.660.1606,PMSP-SMADS/FMAS-SP SIGTV-CUSTEIO/Kim Kataguire 2024 - 21.364-0,2025,5,
02.1.660.1607,PMSP-SMADS/FMAS-SP SIGTV-CUSTEIO/Adriana Ventura 2024 - 21.365-9,2025,5,
02.1.660.1608,PMSP-SMADS/FMAS-SP SIGTV-CUSTEIO/Kim Kataguire 2024 - 21.366-7,2025,5,
02.1.660.1609,PMSP-SMADS/FMAS-SP SIGTV-CUSTEIO/Juliana Cardoso 2024 - 21.367-5,2025,5,
02.1.660.1610,PMSP-SMADS/FMAS-SP SIGTV-CUSTEIO/Maria Rosas 2024 - 21.368-3,2025,5,
02.1.660.1611,PMSP-SMADS/FMAS-SP SIGTV-CUSTEIO/Baleia Rossi 2024 - 21.369-1,2025,5,
02.1.660.1612,PMSP-SMADS/FMAS-SP SIGTV-CUSTEIO/Tiririca 2024 - 21.370-5,2025,5,
02.1.660.1613,PMSP-SMADS/FMAS-SP SIGTV-CUSTEIO/Mara Gabrili 2024 - 21.371-3,2025,5,
02.1.660.1614,SAO PAULO SIGTV - CUSTEIO - Juliana Cardoso 2024 - 21.372-1,2025,5,
02.1.660.1622,PMSP-SMADS/FMAS-SP SIGTV-INVEST - Ricardo Sales 2024 - 21.385-3 ,2025,5,
02.1.660.1645,SAO PAULO SIGTV - CUSTEIO - Simone Marqueto 2024 - 21.391-8,2025,5,
02.1.660.1646,SAO PAULO SIGTV - CUSTEIO - Juliana Cardoso 2024 - 21.392-6,2025,5,
02.1.660.1647,SAO PAULO SIGTV - CUSTEIO - Luiza Erundina 2024 - 21.393-4,2025,5,
02.1.660.1648,SAO PAULO SIGTV - CUSTEIO - Paulo Alexandre Barbosa 2024 - 21.394-2,2025,5,
02.1.660.1675,TRANSFERÊNCIA SAO PAULO SIGTV - CUSTEIO - Simone Marquetto 2024,2025,5,
02.1.660.1676,TRANSFERÊNCIA SAO PAULO SIGTV - CUSTEIO - Paulo Teixeira 2024,2025,5,
02.1.660.1677,PMSP-SMADS/FMAS-SP SIGTV - CUSTEIO - Juliana Cardoso 2024,2025,5,
02.1.660.1678,TRANSFERÊNCIA SAO PAULO SIGTV - INVEST - Paulo Alexandre Barbosa 2024,2025,5,
02.1.660.1679,PMSP-SMADS/FMAS-SP SIGTV - CUSTEIO - Renata Abreu 2024,2025,5,
02.1.660.1690,PMSP-SMADS/FMAS-SP SIGTV-INVEST - Simone Marquetto 2025 - 21.670-4,2025,5,
02.1.660.1731,PMSP-SMADS/FMAS-SP SIGTV - INVEST - Ricardo Salles 2025 - 21.671-2,2025,5,
02.1.660.1892,SMADS- SAO PAULO SIGTV - CUSTEIO - Ricardo Salles 2025 - 22.784-6,2025,5,
02.1.660.1893,SAO PAULO SIGTV - CUSTEIO - Carlos Zarattini 2025 - 22.785-4,2025,5,
02.1.660.1894,SAO PAULO SIGTV - CUSTEIO - Rosangela Moro 2025 - 22.786-2,2025,5,
02.1.660.1895,PMSP/SAO PAULO SIGTV - CUSTEIO - Paulo Alexandre Barbosa 2025 - 22.787,2025,5,
02.1.660.1896,PMSP-SAO PAULO SIGTV - CUSTEIO - Delegado Palumbo 2025 - 22.788-9,2025,5,
02.1.660.1897,PMSP-SAO PAULO SIGTV - CUSTEIO - Gilberto Nascimento 2025 - 22.789-7,2025,5,
02.1.660.1898,PMSP-SAO PAULO SIGTV - CUSTEIO - Kim Kataguire 2025. - 22.790-0,2025,5,
02.1.660.1899,PMSP-SAO PAULO SIGTV - CUSTEIO - Juliana Cardoso 2025 - 22.791-9,2025,5,
02.1.660.1900,PMSP-SAO PAULO SIGTV - CUSTEIO - Mara Gabrilli 2025 -  22.792-7,2025,5,
02.1.660.1901,PMSP-SAO PAULO SIGTV - CUSTEIO - Maria das Rosas 2025 - 22.793-5,2025,5,
02.1.660.1902,PMSP-SAO PAULO SIGTV - INVEST - Laércio Oliveira 2025,2025,5,
02.1.660.1903,PMSP-SAO PAULO SIGTV - CUSTEIO - Delegado Paulo Bilysnskyj 2025,2025,5,
02.1.660.1904,PMSP-SAO PAULO SIGTV - CUSTEIO - Luiza Erundina de Souza 2025,2025,5,
02.1.661.1932,PMSP-SMADS/FMAS-Passagens Conferência/FEAS 2025,2025,5,
02.1.665.0000,Código Genérico,2025,5,
02.1.665.0082,PMSP - SAS - Auxílios Subvenções e Contribuições,2025,5,
02.1.665.0446,PMSP-SMADS/FMAS-CPBF,2025,5,
02.1.665.1076,PMSP-SMADS/SÃO PAULO ACESSUAS TRABALHO,2025,5,
02.1.665.1077,PMSP-SMADS/SÃO PAULO APRIMORA REDE,2025,5,
02.1.665.1078,PMSP-SMADS/SÃO PAULO BPC ESCOLA,2025,5,
02.1.665.1079,PMSP-SMADS/SÃO PAULO-PETI,2025,5,
02.1.665.1145,PMSP-SMADS/CONVÊNIO SICONV 827876/2016,2025,5,
02.1.665.1166,PMSP-SMADS/FMAS-São Paulo Criança Feliz,2025,5,
02.1.665.1171,PMSP-SMADS/FMAS-PVAC,2025,5,
02.1.665.1184,PMSP-SMADS/FMAS-MAC,2025,5,
02.1.665.1199,PMSP-SMADS/SÃO PAULO/GTV BLMAC3,2025,5,
02.1.665.1381,PMSP-SMADS/SAO PAULO SIGTV - ESTR4 - FNAS,2025,5,
02.1.669.0000,Código Genérico,2025,5,
02.1.669.0154,PMSP - C / Movimento - F.A.S,2025,5,
02.1.669.0289,PMSP-SAS/PROGRAMA FOME ZERO.,2025,5,
02.1.669.0463,PMSP-SMADS-FMAS,2025,5,
02.1.669.1122,PMSP-SMADS/CONVÊNIO SICONV nº 837428/2016,2025,5,
02.1.669.1275,PMSP-SMADS/FMAS/SAO PAULOCOVIDACO,2025,5,
02.1.669.1276,PMSP-SMADS/SAO PAULOCOVIDALI,2025,5,
02.1.669.1277,PMSP-SMADS/FMAS/SAO PAULOCOVIDEPI,2025,5,
02.1.669.1327,PMSP-SMADS/SAO PAULO SIGTV - ESTR3 - FNAS,2025,5,
02.1.700.0000,Código Genérico,2025,5,
02.1.700.0382,PMSP-SGM/PROJETO URB-AL/CENTROS DE CIDADANIA DAS MULHERES.,2025,5,
02.1.700.0392,PMSP-SEHAB/PEHP-CENTRO,2025,5,
02.1.700.0408,PMSP-SEHAB/EMENDA MANANCIAIS,2025,5,
02.1.700.0561,PMSP-SGM/Capacitação e Qualificação.,2025,5,
02.1.700.0590,PMSP-SEHAB/Lote B-Tiro ao Pombo-Rep.nº 0218609-59/07-Min.Cid.,2025,5,
02.1.700.0591,PMSP-SEHAB/Lote D-Jd. Nazareth- Rep. Nº 0218610-87/07-Min.Cid.,2025,5,
02.1.700.0592,PMSP-SEHAB/Lote C-Cidade Azul - Rep.nº 0218611-91/07-Min.Cid.,2025,5,
02.1.700.0593,"PMSP-SEHAB/Lote B-Jd. Irene, Rosas e Pq Fernanda-Rep.nº 0218612-04/07-",2025,5,
02.1.700.0594,PMSP-SEHAB/Lote A-Boa Esperança e Guarani-Rep.nº 0218613-18/07-Min.Cid,2025,5,
02.1.700.0595,"PMSP-SEHAB/Urb Integ Fav/Heliópolis-Glebas A,N e K-Rep.nº 0218844-05/0",2025,5,
02.1.700.0603,"PMSP-SEHAB/Prog Recup Amb  Mananciais, Urb Fav-Guarapiranga e Billings",2025,5,
02.1.700.0606,PMSP - SEHAB/FNHIS-JARDIM CELESTE-Rep. nº 0250.556-95/2008-Min.Cid.,2025,5,
02.1.700.0695,PMSP-SEHAB/Urbanização de Assentamentos Precários/TC nº 0302574-29/200,2025,5,
02.1.700.0747,"PMSP-SEHAB-Urbanização, Reg e Integ de Assentos Precários-PAC 2-TC0351",2025,5,
02.1.700.0748,PMSP-SIURB/Canalização do Córrego Ponte Baixa - TC 0351.052-46/2011-Mi,2025,5,
02.1.700.0769,PMSP-SEHAB-Urb. de Assentº Precários/Complexo Paraisópolis-2ª Fase PA,2025,5,
02.1.700.0770,PMSP-SEHAB-Urb. de Assentº Precários/Jardim São Francisco-2ª Fase PAC,2025,5,
02.1.700.0788,PMSP-SDTE/Convênio SICONV nº 782635/2013,2025,5,
02.1.700.0789,PMSP-SPCS/Reforma e Modernização Esportiva do Campo de Futebol-Parque,2025,5,
02.1.700.0791,PMSP-SIURB/Controle de Cheias Bacia do Aricanduva,2025,5,
02.1.700.0792,PMSP-SIURB/Controle de Cheias Bacia dos Pinheiros Córrego Zavuvus,2025,5,
02.1.700.0793,PMSP-SIURB/Infraestrutura do Autódromo José Carlos Pace,2025,5,
02.1.700.0794,PMSP-SIURB/Construção Fábrica do Samba,2025,5,
02.1.700.0810,PMSP-SIURB/ Programa de Redução de Alagamentos,2025,5,
02.1.700.0812,PMSP-SIURB/Canalização do Córrego Tremembé,2025,5,
02.1.700.0813,PMSP-SIURB/Canalização do Córrego Ipiranga,2025,5,
02.1.700.0815,PMSP-SIURB/Canalização do Córrego Paciência,2025,5,
02.1.700.0879,PMSP-SMC/Convênio SICONV nº 789167/2013,2025,5,
02.1.700.0881,PMSP-SIURB/ CORREDOR LESTE ITAQUERA TRECHO 2,2025,5,
02.1.700.0884,PMSP-SIURB/CORREDOR CAPÃO REDONDO/CAMPO LIMPO/VILA SONIA,2025,5,
02.1.700.0885,PMSP-SIURB/ CORREDOR LESTE ITAQUERA TRECHO 1,2025,5,
02.1.700.0887,PMSP-SIURB/ CORREDOR ARICANDUVA,2025,5,
02.1.700.0893,PMSP-SIURB/ EXEC. TERMINAL ITAQUERA,2025,5,
02.1.700.0896,PMSP-SMSU/Convênio SICONV nº 798530/2013,2025,5,
02.1.700.0897,PMSP-SMC/ Convênio SICONV nº 795177/2013,2025,5,
02.1.700.0898,PMSP-SMC/Convênio SICONV nº 795224/2013,2025,5,
02.1.700.0926,PMSP-SMDHC/Convênio SICONV nº 800023/2013,2025,5,
02.1.700.0942,PMSP-SMDHC/Convênio SICONVnº 796224/2013,2025,5,
02.1.700.0944,PMSP-SMC/Convênio SICONV nº 795181/2013,2025,5,
02.1.700.0950,CONVÊNIO SICONV N° 806586/2014,2025,5,
02.1.700.0951,PMSP-SMPED/Convênio SICONV nº 786525/2013,2025,5,
02.1.700.0956,PMSP-SMDHC/Convênio SICONV Nº 792210/2013,2025,5,
02.1.700.0959,PMSP-SMDHC/Convênio SICONV nº 806422/2014,2025,5,
02.1.700.0962,PMSP-SPCS/Colocação de Gramado Sintético na Quadra Poliesportiva- Conv,2025,5,
02.1.700.0965,PMSP-SMC/Convênio SICONV nº 798436/2013,2025,5,
02.1.700.0969,PMSP-SMDHC/Convênio SICONV nº 787155/2013,2025,5,
02.1.700.0970,PMSP - SMPM/CONVENIO 806576/2014 - SICONV,2025,5,
02.1.700.0972,PMSP-SP-MP/REPASSE Nº 772533 MINISTÉRIO DO ESPORTE,2025,5,
02.1.700.0979,PMSP-SMC/Convênio SICONV nº 812001/2014,2025,5,
02.1.700.0980,PMSP-SMC/Convênio SICONV nº 806258/2014,2025,5,
02.1.700.0981,PMSP- SMC/CONVÊNIO SICONV 800365-2013,2025,5,
02.1.700.0993,PMSP-SEME/Convênio SICONV nº 787210/2013-Reforma do Ginásio de Esporte,2025,5,
02.1.700.1001,PMSP-SMC CONVÊNIO SICONV 815918-2014,2025,5,
02.1.700.1002,PMSP-SEME/Convênio SICONV nº 813846/2014-Reforma Pista de Atletismo e,2025,5,
02.1.700.1007,PMSP-SEME/Convênio SICONV nº 807040/2014-Reforma do Mini Balneário Pri,2025,5,
02.1.700.1008,PMSP-SMC/Convênio SICONV nº 795207/2013,2025,5,
02.1.700.1012,PMSP-SIURB/Canalização dos Córr Freitas e Capão Redondo-Implant de Res,2025,5,
02.1.700.1013,PMSP-SIURB/Corredor de ônibus São Paulo/SP Av. Carlos Caldeira Filho,2025,5,
02.1.700.1018,PMSP-SEME/Convênio SICONV nº 805130/2014-Reforma e Adaptações no CDC B,2025,5,
02.1.700.1019,PMSP-SEME/Convênio SICONV nº806830/2014-Reforma/Adaptações CDC SAVIMAR,2025,5,
02.1.700.1021,PMSP-SMC/Convênio SICONV nº 815229/2014,2025,5,
02.1.700.1022,PMSP-SMC/Convênio SICONV nº 791093/2013,2025,5,
02.1.700.1023,PMSP-SMC/Convênio SICONV nº 786126/2013,2025,5,
02.1.700.1055,PMSP-SMDHC/Convênio SICONV nº 814710/2014,2025,5,
02.1.700.1056,PMSP-SMDHC/Convênio SICONV nº 813774/2014,2025,5,
02.1.700.1057,PMSP-SMDHC/Convênio SICONV nº 806089/2014,2025,5,
02.1.700.1064,PMSP-SMC/ Convênio SICONV nº 794293/2013,2025,5,
02.1.700.1067,PMSP-SMC/Convênio SICONV nº 784807/2013,2025,5,
02.1.700.1073,PMSP-SMC/CONVÊNIO SICONV Nº 820872/2015,2025,5,
02.1.700.1074,PMSP-SMSP/Conv.SICONV nº 783283/2013-Rotas Tur. Aces. no Mun.São Paulo,2025,5,
02.1.700.1084,PMSP-SMDHC/CONVÊNIO SICONV Nº 818904/2015,2025,5,
02.1.700.1087,PMSP-SMC/CONVÊNIO SICONV Nº 825817/2015,2025,5,
02.1.700.1088,PMSP-SMC/CONVÊNIO SICONV nº 824300/2015,2025,5,
02.1.700.1089,PMSP-SMDHC/CONVÊNIO SICONV Nº 818194/2015,2025,5,
02.1.700.1090,PMSP-SMDHC/CONVÊNIO SICONV Nº 822271/2015,2025,5,
02.1.700.1098,PMSP-SMDHC-CONVÊNIO SICONV Nº 827292/2016,2025,5,
02.1.700.1100,PMSP-SEHAB/PMCMV-FAR/Residencial Botucatu,2025,5,
02.1.700.1101,"PMSP-SEME/Convênio SICONV nº 806651/2014-Prog. de Esporte Educacional,",2025,5,
02.1.700.1102,PMSP-SMPM/Convênio SICONV nº 813100/2014,2025,5,
02.1.700.1104,PMSP-SDTE/Convênio SICONV nº 822624/2015,2025,5,
02.1.700.1117,PMSP-SMTE/Convênio SICONV nº 833781/2016,2025,5,
02.1.700.1123,PMSP-SMPM/Convênio SICONV nº 813548/2014,2025,5,
02.1.700.1127,PMSP-SMPM/Convênio SICONV nº 813529/2014,2025,5,
02.1.700.1128,PMSP-SMDHC/CONVÊNIO SICONV N 838125/2016,2025,5,
02.1.700.1129,PMSP-SMC/Convênio SICONV nº 841048/2016,2025,5,
02.1.700.1131,PMSP-SEME/Convênio SICONV nº 821755/2015,2025,5,
02.1.700.1132,PMSP-SMC/Convênio SICONV nº 831904/2016,2025,5,
02.1.700.1133,PMSP-SMC/Convênio SICONV nº 839835/2016,2025,5,
02.1.700.1134,PMSP-SMC/Convênio SICONV nº 839952/2016,2025,5,
02.1.700.1135,PMSP-SMC/Convênio SICONV nº 840781/2016,2025,5,
02.1.700.1136,PMSP-SMC/Convênio SICONV nº 841399/2016,2025,5,
02.1.700.1137,PMSP-SMC/Convênio SICONV nº 833767/2016,2025,5,
02.1.700.1138,PMSP-SMC/Convênio SICONV nº 839119/2016,2025,5,
02.1.700.1139,PMSP-SMC/Convênio SICONV nº 836103/2016,2025,5,
02.1.700.1143,PMSP-SEME/Convênio SICONV nº 824240/2015,2025,5,
02.1.700.1144,PMSP-SEME/Convênio SICONV nº 023672/2015,2025,5,
02.1.700.1146,PMSP-SEME/Convênio SICONV Nº 838140/2016-iImplantação e Modernização,2025,5,
02.1.700.1147,PMSP-SMDHC/CONVÊNIO SICONV nº 835820/2016,2025,5,
02.1.700.1148,PMSP-SMDHC/Convênio SICONV nº 813548/2014,2025,5,
02.1.700.1149,PMSP-SMDHC/Convênio SICONV nº 799603/2013,2025,5,
02.1.700.1150,PMSP-SMDHC/CONVÊNIO SICONV nº 806576/2014,2025,5,
02.1.700.1151,PMSP-SMDHC/CONVÊNIO SICONV nº 799550/2013,2025,5,
02.1.700.1165,PMSP-SMC/Patrocínio ao Teatro João Caetano,2025,5,
02.1.700.1172,PMSP-SEME/Convênio SICONV nº 818348/2015-Implantação e Modernização pa,2025,5,
02.1.700.1179,PMSP-SMC/CONVÊNIO SICONV Nº 849979/2017,2025,5,
02.1.700.1190,PMSP-SMC/CONVÊNIO SICONV Nº 859612/2017,2025,5,
02.1.700.1191,PMSP-SEME/CONVÊNIO SICONV nº 838163/2016,2025,5,
02.1.700.1192,PMSP-SEME/CONVÊNIO SICONV nº 831746/2016,2025,5,
02.1.700.1198,PMSP-SEME/Convênio SICONV nº 831748/2016,2025,5,
02.1.700.1201,PMSP-SEME/Convênio SICONV nº 838162/2016,2025,5,
02.1.700.1203,PMSP-SMDHC/CONVÊNIO SICONV 864066/2018,2025,5,
02.1.700.1204,PMSP-SDTE/CONVÊNIO SICONV nº 831234/2016,2025,5,
02.1.700.1205,PMSP-SEME/CONVÊNIO SICONV nº 840777/2016,2025,5,
02.1.700.1212,PMSP-PR-JA/CONVÊNIO SICONV 841090/2016,2025,5,
02.1.700.1221,PMSP-SEHAB/Convênio SICONV Nº 844734/2017,2025,5,
02.1.700.1226,PMSP-SEHAB/PMCMV-ATIBAIA II,2025,5,
02.1.700.1227,PMSP-SEME/CONVÊNIO SICONV nº 843700/2017,2025,5,
02.1.700.1231,PMSP-SEHAB/PMCMV-ATIBAIA I,2025,5,
02.1.700.1232,PMSP-SEHAB/PMCMV/Faixa 1 -Trabalho Técnico Social,2025,5,
02.1.700.1233,PMSP-SEHAB/PMCMV-ACADEMIA,2025,5,
02.1.700.1236,PMSP-SMSUB/CONVÊNIO SICONV nº 869125/2018,2025,5,
02.1.700.1237,PMSP-SEHAB/PMCMV-Residencial Botucatu,2025,5,
02.1.700.1247,PMSP-SEHAB/PMCMV-ATIBAIA III,2025,5,
02.1.700.1248,PMSP-SEHAB/PMCMV-OSÓRIO C,2025,5,
02.1.700.1249,PMSP-SMDET/CONVÊNIO SICONV Nº 853141/2017,2025,5,
02.1.700.1254,PMSP-SEHAB/PMCMV/FAR- OSÓRIO D,2025,5,
02.1.700.1257,PMSP-SEHAB/PMCMV-São Carlos A e B,2025,5,
02.1.700.1266,PMSP-SEHAB/PMCMV- CAMPO DAS PITANGUEIRAS,2025,5,
02.1.700.1271,PMSP-SMSUB/CONVÊNIO SICONV nº 869915/2018,2025,5,
02.1.700.1273,PMSP-SMSUB/CONVÊNIO SICONV nº 869190/2018,2025,5,
02.1.700.1274,PMSP-SMSUB/CONVÊNIO SICONV Nº 831234/2016,2025,5,
02.1.700.1278,PMSP-SMSUB/CONVÊNIO SICONV Nº 868879/2018,2025,5,
02.1.700.1283,PMSP-SMSUB/CONVÊNIO SICONV Nº 900527/2020,2025,5,
02.1.700.1285,PMSP-SEHAB/PMCMV-ANCHIETA A e B,2025,5,
02.1.700.1287,PMSP-SMSUB/CONVÊNIO SICONV Nº 1480/2020,2025,5,
02.1.700.1288,PMSP-SMC Lei 14017/2020 (Aldir Blanc),2025,5,
02.1.700.1289,PMSP-SMSUB/CONVÊNIO SICONV Nº 1475/2020,2025,5,
02.1.700.1292,PMSP-SIURB/Construção Fábrica do Samba-Segunda Etapa,2025,5,
02.1.700.1309,PMSP-SMPR/Convênio SICONV nº 844735/2017,2025,5,
02.1.700.1311,PMSP-SMC/Convênio SICONV nº 903277/2020,2025,5,
02.1.700.1319,PMSP-SEHAB/Projeto PTS Manuel Bueno I e II,2025,5,
02.1.700.1322,PMSP-SEHAB/Obras de Contenção de Encostas - Vila Nova Galvão,2025,5,
02.1.700.1323,PMSP-PGM/Convênio SICONV nº 904426/2020,2025,5,
02.1.700.1324,PMSP-SIURB/CONVÊNIO SICONV Nº  881763/2018,2025,5,
02.1.700.1328,PMSP-SMSUB/CONVÊNIO SICONV Nº 885512/2019,2025,5,
02.1.700.1330,PMSP-SMSUB/CONVÊNIO SICONV Nº 885136/2019,2025,5,
02.1.700.1338,PMSP-SEHAB/PMCMV- Osório B,2025,5,
02.1.700.1345,PMSP-SEME/CONVÊNIO SICONV Nº 878587/2018,2025,5,
02.1.700.1351,PMSP-SEME/CONVÊNIO SICONV Nº nº 914142/2021,2025,5,
02.1.700.1352,PMSP-SEME/CONVÊNIO SICONV Nº nº 915504/2021,2025,5,
02.1.700.1354,PMSP-SEME/COTP - EQUIPE DE GINÁSTICA OLÍMPICA,2025,5,
02.1.700.1358,PMSP-SIURB/CONVÊNIO SICONV Nº  031107/2021,2025,5,
02.1.700.1361,PMSP-SMSUB/CONVÊNIO SICONV Nº 919345/2021,2025,5,
02.1.700.1367,PMSP-SEME/CONVÊNIO SICONV Nº 917642/2021,2025,5,
02.1.700.1368,PMSP-SIURB/CONVÊNIO SICONV Nº  031115/2021,2025,5,
02.1.700.1371,PMSP-SIURB/CONVÊNIO SICONV Nº  031117/2021,2025,5,
02.1.700.1384,1384 - PMSP-SEME/CONVÊNIO SICONV 840338/2016,2025,5,
02.1.700.1404,PMSP-SMSU/Convênio SICONV nº 894660/2019,2025,5,
02.1.700.1409,PMSP- SEME/CONVÊNIO SICONV nº 931150/2022,2025,5,
02.1.700.1410,PMSP-SEHAB/PMCMV- Osório A,2025,5,
02.1.700.1446,PMSP-SEHAB/PMCMV-Augusto Amaral,2025,5,
02.1.700.1447,PMSP-SMSU/Cartão de Pagamento de Defesa Civil - CPDC,2025,5,
02.1.700.1485,Convênio Reforma da Biblioteca Municipal Padre José de Anchieta,2025,5,
02.1.700.1498,PMSP- SMC/ Fundação Cultural Palmares - Convênio 948869/2023,2025,5,
02.1.700.1517,PMSP-SEME/CONVÊNIO SICONV nº 953798/2023,2025,5,
02.1.700.1526,PMSP-SMTUR/Requalificação Centrais de atendimento ao Turista,2025,5,
02.1.700.1548,PMSP-SEME/Convênio SEME x União/CDC Guarani,2025,5,
02.1.700.1578,PMSP-SEME/Convênio União-Revitalização CDC's Clubes da Comunidade do M,2025,5,
02.1.700.1579,PMSP-SEME/Convênio SEME x União/Construção do Espaço Esportivo Comunit,2025,5,
02.1.700.1581,PMSP-SUB-PA/Implantação de Sinalização Turística no Município de SP,2025,5,
02.1.700.1585,PMSP-SEME/Convênio SEME x União/CDC Moóca,2025,5,
02.1.700.1616,PMSP-SEME/Convênio SEME X União/Reforma do Parque das Bicicletas,2025,5,
02.1.700.1659,PMSP-SIURB/CONVÊNIO SICONV Nº 025101/2024,2025,5,
02.1.700.1660,PMSP-SIURB/CONVÊNIO SICONV Nº 025107/2024,2025,5,
02.1.700.1888,PMSP-SMC/ CONVÊNIO nº 978428/2025,2025,5,
02.1.700.1905,PMSP/SMDHC/EXPO INTERNACIONAL 2025,2025,5,
02.1.700.1921,SMC/INOVAÇÃO BIBLIOTECAS/ CIRCUITO CULTURAL ITINERANTE MÓVEL,2025,5,
02.1.700.1965,PMSP/SEME/REFORMA DOS CDCs COPA 70 E ALVORADA,2025,5,
02.1.700.8007,Convênio FUNDATEC X União,2025,5,
02.1.700.8009,Convênio COHAB X União,2025,5,
02.1.704.9001,Transferência da União Referente a Royalties do Petróleo e Gás Natural,2025,5,
02.1.706.0000,Código Genérico,2025,5,
02.1.706.1168,FMS CUSTEIO SUS,2025,5,
02.1.706.1185,FMS INVEST SUS,2025,5,
02.1.706.1258,CONVENIO 888911/2019 - CAPS Perdizes,2025,5,
02.1.706.1326,PMSP-SMSU - Ação OEC2,2025,5,
02.1.706.1362,PMSP-SMSUB/Implantação de grama sintética - Parque Sete Campos - SUB-A,2025,5,
02.1.706.1382,PMSP- SEME/Emenda Parlamentar 25200003 - CDC Jardim Planalto,2025,5,
02.1.706.1384,PMSP-SEME/CONVÊNIO SICONV 840338/2016,2025,5,
02.1.706.1389,PMSP- SEME/CDC Parque Fongaro,2025,5,
02.1.706.1391,PMSP- SEME/CDC Parque Fernanda,2025,5,
02.1.706.1392,PMSP- SEME/CDC Pequeninos do Jóquei,2025,5,
02.1.706.1399,PMSP- SEME/Programas Continuados na Secretaria,2025,5,
02.1.706.1400,PMSP-SEME/Emenda Parlamentar 252000006-2021-CDC Antonio Evaristo da Co,2025,5,
02.1.706.1406,PMSP- SEME/CDC Areião de Vila Císper,2025,5,
02.1.706.1407,PMSP- SEME/CDC Jardim Maria Estela,2025,5,
02.1.706.1412,PMSP-SEME/CDC Savimar (Vila Mara),2025,5,
02.1.706.1417,PMSP- SEME/CDC Areião de Vila Carmosina,2025,5,
02.1.706.1418,PMSP- SEME/CDC Jardim Mangalot,2025,5,
02.1.706.1419,PMSP- SEME/CDC Alvorada,2025,5,
02.1.706.1435,PMSP-SMSUB/Revitalização e Instalação de Playground-Rua Saguaritá com ,2025,5,
02.1.706.1436,PMSP-SMSUB/Pavimentação e Drenagem-Travessa Betel Angel,2025,5,
02.1.706.1442,PMSP-SMSUB/Reforma na Praça João Pais Malio,2025,5,
02.1.706.1457,PMSP-SF-TRANSF ESPECIAIS 3550308 EC 105,2025,5,
02.1.706.1473,PMSP-SMSUB/Reforma e Ampliação do Vestiário do Campo Santa Luzia,2025,5,
02.1.706.1474,PMSP-SMSUB/ Revitalização de Área Pública - Praça Marielle Franco,2025,5,
02.1.706.1475,PMSP-SMSU/Ação OEC2-Modernização da Frota dos Órgãos de Segurança Públ,2025,5,
02.1.706.1478,PMSP-SEME/Serviços de Adaptações e Ampliações de Equipamentos Esportiv,2025,5,
02.1.706.1484,PMSP-SEME/CDC Baquirivu,2025,5,
02.1.706.1492,PMSP-SEME/Equipamento Esportivo Vila dos Andrades,2025,5,
02.1.706.1494,SMS/FMS/EP TRANSFER ESPECIAL 28180010,2025,5,
02.1.706.1495,SMS/FMS/EP TRANSFER ESPECIAL 90320007,2025,5,
02.1.706.1496,SEME/CDC Clóvis Alves Rodrigues,2025,5,
02.1.706.1501,PMSP-SEME/CDC Areião de Vila Carmosina/Ano 2023,2025,5,
02.1.706.1506,Transferência Especial PMSP-SUB-LA 21.128-1,2025,5,
02.1.706.1509,PMSP-SME - CEI Anglicana,2025,5,
02.1.706.1511,PMSP-SUB-MB/ Obras de Readequação na Rua João de Almada,2025,5,
02.1.706.1514,PMSP-SEME/CDC Vila Albertina,2025,5,
02.1.706.1515,Readequação área pública – Pista de Skate - Pç do Trabalhador,2025,5,
02.1.706.1516,PMSP-SUB-CS/Readequação de área pública-Pista de Skate,2025,5,
02.1.706.1518,PMSP-SEME/CDC Jardim Maria Estela,2025,5,
02.1.706.1519,PMSP-SEME/CDC União da Fé,2025,5,
02.1.706.1534,"PMSP-SEME/Custeio, Programas e Projetos",2025,5,
02.1.706.1542,PMSP-SUB-MP/Revitalização da Rua Santa Davina - Pq Paulistano,2025,5,
02.1.706.1547,SUB-IQ/Revitalização de Espaço Público na Rua Morubixaba - Itaquera,2025,5,
02.1.706.1549,SUB-IQ/Revitalização Pç José Patrocínio Freire-Jd Nossa Sra. do Carmo,2025,5,
02.1.706.1552,PMSP-SMSU/Ação OEC2,2025,5,
02.1.706.1554,PMSP-SUB-IQ/Revitalização Pç Inácio Tolosa - Jd Nossa Senhora do Carmo,2025,5,
02.1.706.1555,PMSP-SMC/Ações Culturais,2025,5,
02.1.706.1569,PMSP-SMS/FMS/EP TRANSFER ESPECIAL 39050004,2025,5,
02.1.706.1570,PMSP-SEME/CDC Canarinho,2025,5,
02.1.706.1571,PMSP-SEME/CDC Nelson Garcia Cabeça (Urca),2025,5,
02.1.706.1572,PMSP-SEME/CDC Veneza ,2025,5,
02.1.706.1573, PMSP-SEME/CDC Três Alianças,2025,5,
02.1.706.1574,PMSP-SEME/Campo Unidos do Rio Claro ,2025,5,
02.1.706.1575,PMSP-SEME/CDC Cleuza Bueno   ,2025,5,
02.1.706.1576,PMSP-SEME/CDC Mangalot,2025,5,
02.1.706.1577,PMSP-SEME/CDC Uleromã ,2025,5,
02.1.706.1582,PMSP-SGM/Ação 0EC2-Transf Especiais/Emenda 202425200001,2025,5,
02.1.706.1583,PMSP-SMS/FMS/EP TRANSFER ESPECIAL 39080002,2025,5,
02.1.706.1590,PMSP-SGM/Ação 0EC2-Transf Especiais/Emenda 202437350007,2025,5,
02.1.706.1591,PMSP-SEME/CDC Parque Ipê,2025,5,
02.1.706.1592,PMSP-SEME/CDC Mocidade Ativa Cristã,2025,5,
02.1.706.1593,PMSP-SGM/Ação 0EC2-Transf Especiais/Emenda 202443460003,2025,5,
02.1.706.1594,PMSP-SMSU/Equipamentos para Instruções de Armamento e Tiro e Técnicas ,2025,5,
02.1.706.1615,PMSP-SGM/Ação 0EC2-Transf Especiais/Emenda 202425280003,2025,5,
02.1.706.1623,PMSP-SGM/Ação 0EC2-Transf Especiais/Emenda 202490320005,2025,5,
02.1.706.1624,PMSP-SEME/CDC José Amancio,2025,5,
02.1.706.1638,PMSP-SEME/Revitalização do espaço público Praça Marielle Franco SUB-FB,2025,5,
02.1.706.1641,PMSP-SUB-CL/Melhorias Campo Beira Rio,2025,5,
02.1.706.1642,PMSP-SUB-CL/Melhoria/Cobertura quadra futsal R.Fernando Marinho Falcão,2025,5,
02.1.706.1649,Casa da Criança e do Adolescente de Santo Amaro Grossarl - SAICA,2025,5,
02.1.706.1650,Obras Sociais Nossa Senhora Aquiropita,2025,5,
02.1.706.1651,SMS/FMS/EP TRANSF. ESPECIAL Dep Fed Alexandre Padilha - 21.510-4,2025,5,
02.1.706.1652,SMS/FMS/EP TRANSF. ESPECIAL Deputado Federal Rui Falcão - 21.507-4,2025,5,
02.1.706.1653,Registro de Rendimentos - Transf. Especial FMAS,2025,5,
02.1.706.1661,PMSP-SEME/CEE Mané Garrincha,2025,5,
02.1.706.1663,SUB-MG Projeto Executivo Drenagem de vias - Praça Sto Eduardo,2025,5,
02.1.706.1664,SUB-MG Proj Exec Drenagem de vias - R Condoreiros Pq Vila Maria,2025,5,
02.1.706.1665,SUB- MG Projeto Executivo de Drenagem de vias - Av. Guilherme,2025,5,
02.1.706.1666,PMSP-SUB- MG Projeto Executivo de Drenagem de vias - Rua Piatá,2025,5,
02.1.706.1680,PMSP- SMT/Educação de Trânsito para Escolares,2025,5,
02.1.706.1681,PMSP-SUB-MB/Emenda Federal n.° 90320001 - Transferências Especiais,2025,5,
02.1.706.1686,PMSP-SUB- FB/Pavimentação da Passagem Salvador,2025,5,
02.1.706.1687,"PMSP-SUB-JA/Revitalização de Área Pública, Rua Capitão Valdir Alves",2025,5,
02.1.706.1688,"PMSP-SUB-JA/Revitalização de Área Pública, Rua Eng. Armando de Arruda ",2025,5,
02.1.706.1689,PMSP-SUB-VP/Revitalização da área e modern. quadra da Vila Industrial,2025,5,
02.1.706.1697,"SUB-AD Requalificação da Praça Brás Toscano de Melo, 18",2025,5,
02.1.706.1698,SUB-AD Recapeamento via/troca guias e sarjetas R Ângelo Remazzotti,2025,5,
02.1.706.1701,Transferência Especial da União,2025,5,
02.1.706.1702,SUB-CT/Reforma praça e inst. playground e ATI na praça local. setor G,2025,5,
02.1.706.1728,PMSP-SMADS/FMAS-ABADS-Associação Bras. de Assist. e Desenv. Social,2025,5,
02.1.706.1729,PMSP-SMADS/FMAS-AMA- Associação de Amigos do Autista,2025,5,
02.1.706.1730,PMSP-SMADS/FMAS-Associação Aliança de Misericórdia,2025,5,
02.1.706.1752, SUB- MP - Reforma Praça Rua Facheiro Preto,2025,5,
02.1.706.1773,PMSP-SME/Aquisição de Equip/Mobiliário p/ Unidades Educação Infantil,2025,5,
02.1.706.1777,PMSP-SMS/FMS/EP TRANSF. ESPECIAL-Deputado Federal Tiririca,2025,5,
02.1.706.1778,CER CARRÃO - CONVÊNIO 825056/2015,2025,5,
02.1.706.1779,CER PENHA - CONVÊNIO 825053/2015,2025,5,
02.1.706.1782,MSP-SUB-CT - EMENDA 2024.90320005,2025,5,
02.1.706.1783,PMSP-SUB-IQ - EMENDA 2024.90320005,2025,5,
02.1.706.1784,PMSP-SUB-IQ/Reforma Campo Futebol Cidade Lider,2025,5,
02.1.706.1785,PMSP-SUB-IQ/Reforma de Alambrado e Melhorias no Campo Morgante,2025,5,
02.1.706.1787,PMSP-SMT/Inspeção de Segurança Veicular - Material de consumo,2025,5,
02.1.706.1788,PMSP-SUB-IQ/Requalificação e melhorias Avenida Três e a Rua Aratu,2025,5,
02.1.706.1789,PMSP-SUB-MB Melhorias Associação Vila Prel,2025,5,
02.1.706.1790,PMSP-SUB-PJ/Playground/Brinquedão e ATI na Rua Estrela Dourada,2025,5,
02.1.706.1791,SUB-PJ: Pavimentação Asfáltica com Guia e Sarjetas na Rua Antônio Par,2025,5,
02.1.706.1792,SUB-PJ: Adequação do Espaço público - Rua Eduardo Coimbra,2025,5,
02.1.706.1795,PMSP-SUB-PE/REFORMA DO ESPAÇO PÚBLICO - ASSOCIAÇÃO ABC BOCA DO POVO,2025,5,
02.1.706.1834,PMSP-SMT/Inspeção de Segurança Veicular - Outros Serviços de Terceiros,2025,5,
02.1.706.1868,PMSP-SUB-PI/Revitalização de Área Pública-Praça Mycle AC Melo,2025,5,
02.1.706.1889,SMS/FMS/EP Especial 4265003 - custeio,2025,5,
02.1.706.1890,SMS/FMS/EP Especial 4265003 - investimento,2025,5,
02.1.706.1906,PMSP-SUB-IQ/Requalificação e Melhorias na Praça Nossa Senhora Divino P,2025,5,
02.1.706.1910,PMSP-SUB-VM/Revitalização e reforma para Pq Comunitário Vila Mariana,2025,5,
02.1.706.1919,PMSP-SUB-G/Revitalização área esportiva - vestiário - 22.867-2,2025,5,
02.1.706.1920,PMSP-SMS/FMS/Emenda Parlamentar/Rede Alyne,2025,5,
02.1.706.1923,PMSP-SUB-G/Implantação de Grama Sintética no Campo do Gaviões,2025,5,
02.1.706.1925,SUB-MB/Obras de melhorias no telhado da Associação Vila Prel,2025,5,
02.1.706.1926,PMSP-SUB-SÉ/Obras de melhorias na Arena Bela Vista,2025,5,
02.1.706.1933,23.048-0 - PMSP-SVMA/Transferências Especiais-E. Federal,2025,5,
02.1.706.1953,SVMA/Aquisição gerador energia Pavilhão Japonês - Pq Ibirapuera,2025,5,
02.1.706.1960,PMSP-SUB-IQ/Pavimentação Rua Sho Yoshioka,2025,5,
02.1.706.1962,PMSP-SUB-SÉ/Reforma da quadra Arena Bela Vista - 23.038-3,2025,5,
02.1.706.1966,PMSP-Transferências Especiais - E. Federal - 22.985-7,2025,5,
02.1.706.7997,Transferências Especiais da União,2025,5,
02.1.706.9001,Transferência Especial da União ,2025,5,
02.1.710.1814,PMSP-SMS/Emenda Parlamentar Estadual nº 2023.3550308.50003,2025,5,
02.1.714.0000,Código Genérico,2025,5,
02.1.714.1403,PMSP-SMDET/FUNTER-Qualificação Social e Profissional,2025,5,
02.1.715.1479,PMSP-SMC/Lei Paulo Gustavo Outras Audiovisual,2025,5,
02.1.716.1480,PMSP-SMC/Lei Paulo Gustavo Outras Linguagens,2025,5,
02.1.717.1420,SMT/compensação tarifária,2025,5,
02.1.719.1532,PMSP-SMC/MINC-PNAB-2023,2025,5,
02.1.721.9001,Sem detalhamento,2025,5,
02.1.749.1288,PMSP-SMC Lei 14017/2020 (Aldir Blanc),2025,5,
02.1.749.9999,Fontes Restos/Migração-Saldo 2022,2025,5,
02.2.550.0299,PMSP-SME-FNDE/SALÁRIO EDUCAÇÃO,2025,5,
02.2.552.0640,PMSP-SME/FNDE-PNAE,2025,5,
02.2.553.9001,Transferências de Recursos do FNDE Referentes ao (PNATE),2025,5,
02.2.569.0966,PMSP-SME/FNDE-PAC 2/PRO INFÂNCIA-CONSTRUÇÃO DE CRECHES,2025,5,
02.2.569.0978,PMSP-SME/FNDE-BRASIL CARINHOSO,2025,5,
02.2.569.0988,PMSP-SME/FNDE-Manutenção Ed. Infantil-Novas Turmas,2025,5,
02.2.569.1062,PMSP-SME/FNDE-manutenção Ed. Infantil-Novas Turmas,2025,5,
02.2.569.1094,PMSP-SME/FNDE-PROINFÂNCIA - PAR TC nº 201500554,2025,5,
02.2.569.1140,PMSP-SME/FNDE/MEC/PAR/PRÓ INFÂNCIA,2025,5,
02.2.569.1173,PMSP-SME/FNDE-PAR - C/C 187798,2025,5,
02.2.569.1174,PMSP-SME/FNDE-PAR,2025,5,
02.2.569.1175,PMSP-SME/FNDE-PAR,2025,5,
02.2.569.1176,PMSP-SME/FNDE-PAR,2025,5,
02.2.569.1177,PMSP-SME/FNDE-PAR - C/C 190187,2025,5,
02.2.569.1180,PMSP-SME/FNDE-PAR,2025,5,
02.2.569.1181,PMSP-SME/FNDE-PAR,2025,5,
02.2.569.1303,PMSP-SME/FNDE PAR-TC nº 201900065,2025,5,
02.2.569.1304,PMSP-SME/FNDE PAR-TC nº 201900068,2025,5,
02.2.569.1512,PMSP-SME/FNDE Programa Escola em Tempo Integral - ETI,2025,5,
02.2.600.0651,PMSP-SMS/FMS/FNS BLATB - PAB/PSF,2025,5,
02.2.600.0652,PMSP-SMS/FMS/FNS BLGES,2025,5,
02.2.600.0653,PMSP-SMS/FMS/FNS  BLMAC,2025,5,
02.2.600.0654,PMSP-SMS/FMS/FNS BLVGS-COVISA,2025,5,
02.2.600.1168,FMS CUSTEIO SUS,2025,5,
02.2.600.1738,PMSP-SMS/FMS-SP-EP - 21.741-7,2025,5,
02.2.600.1739,PMSP-SMS/FMS-SP-EP - 21.742-5,2025,5,
02.2.600.1740,PMSP-SMS/FMS-SP-EP - 21.743-3,2025,5,
02.2.600.1741,PMSP-SMS/FMS-SP-EP - 21.745-X,2025,5,
02.2.600.1742,PMSP-SMS/FMS-SP-EP - 21.749-2,2025,5,
02.2.600.1745,PMSP-SMS/FMS-SP-EP - 21.757-3,2025,5,
02.2.600.1746,PMSP-SMS/FMS-SP-EP - 21.764-6,2025,5,
02.2.600.1747,PMSP-SMS/FMS-SP-EP - 21.778-6,2025,5,
02.2.600.1748,PMSP-SMS/FMS-SP-EP - 21.779-4,2025,5,
02.2.600.1749,PMSP-SMS/FMS-SP-EP - 21.780-8,2025,5,
02.2.600.1750,PMSP-SMS/FMS-SP-EP - 21.781-6,2025,5,
02.2.600.1751,PMSP-SMS/FMS-SP-EP - 21.782-4,2025,5,
02.2.600.1768,PMSP/ FMS/SP - EP - 21.734-4,2025,5,
02.2.600.1769,PMSP/ FMS/SP - EP - 21.735-2,2025,5,
02.2.600.1770,PMSP/ FMS/SP - EP - 21.736-0,2025,5,
02.2.600.1771,PMSP/ FMS/SP - EP - 21.737-9,2025,5,
02.2.600.1772,PMSP/ FMS/SP - EP - 21.740-9,2025,5,
02.2.601.1185,FMS INVEST SUS,2025,5,
02.2.601.1732,PMSP/ FMS/SP-EP - 21.712-3,2025,5,
02.2.601.1733,PMSP/ FMS/SP-EP - 21.713-1,2025,5,
02.2.601.1734,PMSP/ FMS/SP-EP - 21.714-X,2025,5,
02.2.601.1735,PMSP/ FMS/SP-EP - 21.715-8,2025,5,
02.2.601.1736,PMSP-SMS/FMS-SP-EP - 21.716-6,2025,5,
02.2.601.1737,PMSP/ FMS/SP-EP - 21.717-4,2025,5,
02.2.601.1753,PMSP/ FMS/SP - EP - 21.718-2,2025,5,
02.2.601.1754,PMSP/ FMS/SP - EP - 21.719-0,2025,5,
02.2.601.1755,PMSP/ FMS/SP - EP - 21.720-4,2025,5,
02.2.601.1756,PMSP/ FMS/SP - EP - 21.721-2,2025,5,
02.2.601.1757,PMSP/FMS/SP - EP - 21.722,2025,5,
02.2.601.1758,PMSP/ FMS/SP - EP - 21.723-9,2025,5,
02.2.601.1759,PMSP/ FMS/SP - EP - 21.724-7,2025,5,
02.2.601.1760,PMSP/ FMS/SP - EP - 21.725-5,2025,5,
02.2.601.1761,PMSP/ FMS/SP - EP - 21.726-3,2025,5,
02.2.601.1762,PMSP/ FMS/SP - EP - 21.727-1,2025,5,
02.2.601.1763,PMSP/ FMS/SP - EP - 21.728-X,2025,5,
02.2.601.1764,PMSP/ FMS/SP - EP - 21.729-8,2025,5,
02.2.601.1765,PMSP/ FMS/SP - EP - 21.731-X,2025,5,
02.2.601.1766,PMSP/ FMS/SP - EP- 21.732-8,2025,5,
02.2.601.1767,PMSP/ FMS/SP - EP - 21.733-6,2025,5,
02.2.601.1776,PMSP-SMS/FMS-EMENDA PARLAMENTAR - 21.730-1,2025,5,
02.2.604.1168,FMS CUSTEIO SUS,2025,5,
02.2.605.1481,1481 - PMSP-SMS/FMS-Piso Nacional dos Profissionais de Enfermagem,2025,5,
02.2.631.0779,PMSP-SMS/CONVÊNIO 779947/2012-SICONV,2025,5,
02.2.631.0852,PMSP-SMS/FMS-FNS PA Munic Gloria R.S.Bonfim 131.37,2025,5,
02.2.631.0855,PMS-SMS/FMS-FNS AMA A Saboya/UPA Jabaq  131.40,2025,5,
02.2.631.0858,PMSP-SMS/FMS-FNS AMA Hosp C Limpo/UPA C.L 131.43,2025,5,
02.2.631.0859,PMSP-SMS/FMS-FNS AMA I Proença/UPA Moóca  - 131.44,2025,5,
02.2.631.0863,PMSP-SMS/FMS-FNS AMA Parelheiros  131.48,2025,5,
02.2.631.0864,PMSP-SMS/FMS-FNS AMA Capão Redondo 131.49,2025,5,
02.2.631.1778,CER CARRÃO - CONVÊNIO 825056/2015,2025,5,
02.2.631.1779,CER PENHA - CONVÊNIO 825053/2015,2025,5,
02.2.660.1079,PMSP-SMADS/SÃO PAULO-PETI,2025,5,
02.2.660.1080,PMSP-SMADS/BLOCO GESTÃO IGDBF - FNAS,2025,5,
02.2.660.1081,PMSP-SMADS/BLOCO GESTÃO IGDSUAS - FNAS,2025,5,
02.2.660.1083,PMSP-SMADS/BLOCO PSB - FNAS,2025,5,
02.2.660.1184,PMSP-SMADS/FMAS-MAC,2025,5,
02.2.660.1327,PMSP-SMADS/SAO PAULO SIGTV - ESTR3 - FNAS,2025,5,
02.2.660.1380,PMSP-SMADS/PROGRAMA AUXILIO BRASIL/IGD-PAB-FNAS,2025,5,
02.2.660.1411,PMSP-SMADS/SÃO PAULO SIGTV-ESTR3 - FNAS,2025,5,
02.2.660.1423,20.515-X - PMSP-SMADS/SAO PAULO SIGTV - ESTR3 2022,2025,5,
02.2.660.1424,20.548-6 - PMSP-SMADS/SAO PAULO SIGTV - ESTR3 2022,2025,5,
02.2.660.1437,PMSP-SMADS/SAO PAULO SIGTV - ESTR3 2022,2025,5,
02.2.660.1438,PMSP-SMADS/SAO PAULO SIGTV - ESTR3 2022,2025,5,
02.2.660.1439,PMSP-SMADS/SAO PAULO SIGTV - ESTR3 2022,2025,5,
02.2.660.1440,PMSP-SMADS/SAO PAULO SIGTV - ESTR3 2022,2025,5,
02.2.660.1449,PMSP-SMADS/SAO PAULO SIGTV - ESTR3 2022,2025,5,
02.2.660.1450,PMSP-SMADS/SAO PAULO SIGTV - ESTR3 2022,2025,5,
02.2.660.1451,PMSP-SMADS/SAO PAULO SIGTV - ESTR3 2022,2025,5,
02.2.660.1452,PMSP-SMADS/FMAS - CCA Jardim Dom José ,2025,5,
02.2.660.1472,PMSP-SMADS/PROCAD-SUAS,2025,5,
02.2.660.1487,PMSP-SMADS/FMAS – Emenda Parlamentar - 20.907-4,2025,5,
02.2.660.1500,PMSP-SMADS/FMAS-Emenda Parlamentar Individual - 20.872-8,2025,5,
02.2.660.1513,PMSP-SMADS/FMAS-SAO PAULO SIGTV-ESTR3 2022,2025,5,
02.2.660.1525,PMSP-SMADS/FMAS-SAO PAULO SIGTV - INVEST 2023 - 20.726-8,2025,5,
02.2.660.1528,PMSP-SMADS/FMAS-SAO PAULO SIGTV-INVEST 2023 - 20.725-X,2025,5,
02.2.660.1531,PMSP-SMADS/FMAS-SAO PAULO SIGTV-CUSTEIO-Rui Falcão 2024,2025,5,
02.2.660.1557,PMSP-SMADS/FMAS-SP SIGTV-CUSTEIO - Maria Rosas 2024,2025,5,
02.2.660.1558,PMSP-SMADS/FMAS-SP SIGTV-CUSTEIO-Davidi Soares 2024,2025,5,
02.2.660.1559,PMSP-SMADS/FMAS-SP SIGTV-CUSTEIO-Juliana Cardoso 2024,2025,5,
02.2.660.1560,PMSP-SMADS/FMAS-SP SIGTV-CUSTEIO-David Soares 2024,2025,5,
02.2.660.1561,PMSP-SMADS/FMAS-SP SIGTV-CUSTEIO-Vincentinho 2024,2025,5,
02.2.660.1562,PMSP-SMADS/FMAS-SP SIGTV-CUSTEIO-Luiza Erundina 2024,2025,5,
02.2.660.1563,PMSP-SMADS/FMAS-SP SIGTV-CUSTEIO-Maria Rosas 2024,2025,5,
02.2.660.1564,PMSP-SMADS/FMAS-SP SIGTV-CUSTEIO-Adriana Ventura 2024,2025,5,
02.2.660.1565,PMSP-SMADS/FMAS-SP SIGTV-CUSTEIO-Tiririca 2024,2025,5,
02.2.660.1566,PMSP-SMADS/FMAS-SP SIGTV-CUSTEIO-Mara Gabrilli 2024,2025,5,
02.2.660.1567,PMSP-SMADS/FMAS-SP SIGTV-CUSTEIO- Baleia Rossi 2024,2025,5,
02.2.660.1568,PMSP-SMADS/FMAS-SP SIGTV-CUSTEIO-Rosangela Moro 2024,2025,5,
02.2.660.1595,PMSP-SMADS/FMAS-SP SIGTV-CUSTEIO/Juliana Cardosos 2024 - 21.353-5,2025,5,
02.2.660.1596,PMSP-SMADS/FMAS-SP SIGTV-CUSTEIO/Mara Gabrili 2024 - 21.354-3,2025,5,
02.2.660.1597,PMSP-SMADS/FMAS-SP SIGTV-CUSTEIO/Juliana Cardoso 2024 - 21.355-1,2025,5,
02.2.660.1598,PMSP-SMADS/FMAS-SP SIGTV-CUSTEIO/Juliana Cardoso 2024 - 21.356-X,2025,5,
02.2.660.1599,SAO PAULO SIGTV - CUSTEIO - Maria Rosas 2024 - 21.357-8,2025,5,
02.2.660.1600,PMSP-SMADS/FMAS-SP SIGTV-CUSTEIO/Kim Kataguire 2024 - 21.358-6,2025,5,
02.2.660.1601,SAO PAULO SIGTV - CUSTEIO - Maria Rosas 2024 - 21.359-4,2025,5,
02.2.660.1602,PMSP-SMADS/FMAS-SP SIGTV-CUSTEIO/Kim Kataguire 2024 - 21.360-8,2025,5,
02.2.660.1603,PMSP-SMADS/FMAS-SP SIGTV-CUSTEIO/Juliana Cardoso 2024 - 21.361-6,2025,5,
02.2.660.1604,PMSP-SMADS/ FMAS-SP SIGTV-CUSTEIO/Kim Kataguire 2024 - 21.362-4,2025,5,
02.2.660.1605,PMSP-SMADS/FMAS-SP SIGTV-CUSTEIO/Rui Falcão 2024 - 21.363-2,2025,5,
02.2.660.1606,PMSP-SMADS/FMAS-SP SIGTV-CUSTEIO/Kim Kataguire 2024 - 21.364-0,2025,5,
02.2.660.1607,PMSP-SMADS/FMAS-SP SIGTV-CUSTEIO/Adriana Ventura 2024 - 21.365-9,2025,5,
02.2.660.1608,PMSP-SMADS/FMAS-SP SIGTV-CUSTEIO/Kim Kataguire 2024 - 21.366-7,2025,5,
02.2.660.1609,PMSP-SMADS/FMAS-SP SIGTV-CUSTEIO/Juliana Cardoso 2024 - 21.367-5,2025,5,
02.2.660.1610,PMSP-SMADS/FMAS-SP SIGTV-CUSTEIO/Maria Rosas 2024 - 21.368-3,2025,5,
02.2.660.1611,PMSP-SMADS/FMAS-SP SIGTV-CUSTEIO/Baleia Rossi 2024 - 21.369-1,2025,5,
02.2.660.1612,PMSP-SMADS/FMAS-SP SIGTV-CUSTEIO/Tiririca 2024 - 21.370-5,2025,5,
02.2.660.1613,PMSP-SMADS/FMAS-SP SIGTV-CUSTEIO/Mara Gabrili 2024 - 21.371-3,2025,5,
02.2.660.1614,SAO PAULO SIGTV - CUSTEIO - Juliana Cardoso 2024 - 21.372-1,2025,5,
02.2.660.1622,PMSP-SMADS/FMAS-SP SIGTV-INVEST - Ricardo Sales 2024 - 21.385-3,2025,5,
02.2.660.1645,SAO PAULO SIGTV - CUSTEIO - Simone Marqueto 2024 - 21.391-8,2025,5,
02.2.660.1646,SAO PAULO SIGTV - CUSTEIO - Juliana Cardoso 2024 - 21.392-6,2025,5,
02.2.660.1647,SAO PAULO SIGTV - CUSTEIO - Luiza Erundina 2024 - 21.393-4,2025,5,
02.2.660.1648,SAO PAULO SIGTV - CUSTEIO - Paulo Alexandre Barbosa 2024 - 21.394-2,2025,5,
02.2.660.1675,TRANSFERÊNCIA SAO PAULO SIGTV - CUSTEIO - Simone Marquetto 2024,2025,5,
02.2.660.1676,TRANSFERÊNCIA SAO PAULO SIGTV - CUSTEIO - Paulo Teixeira 2024,2025,5,
02.2.660.1677,- PMSP-SMADS/FMAS-SP SIGTV - CUSTEIO - Juliana Cardoso 2024,2025,5,
02.2.660.1679,PMSP-SMADS/FMAS-SP SIGTV - CUSTEIO - Renata Abreu 2024,2025,5,
02.2.665.0082,PMSP - SAS - Auxílios Subvenções e Contribuições,2025,5,
02.2.665.0446,PMSP-SMADS/FMAS-CPBF,2025,5,
02.2.665.1076,PMSP-SMADS/SÃO PAULO ACESSUAS TRABALHO,2025,5,
02.2.665.1078,PMSP-SMADS/SÃO PAULO BPC ESCOLA,2025,5,
02.2.665.1122,PMSP-SMADS/CONVÊNIO SICONV nº 837428/2016,2025,5,
02.2.665.1145,PMSP-SMADS/CONVÊNIO SICONV 827876/2016,2025,5,
02.2.665.1166,PMSP-SMADS/FMAS-São Paulo Criança Feliz,2025,5,
02.2.665.1171,PMSP-SMADS/FMAS-PVAC,2025,5,
02.2.665.1199,PMSP-SMADS/SÃO PAULO/GTV BLMAC3,2025,5,
02.2.665.1381,PMSP-SMADS/SAO PAULO SIGTV - ESTR4 - FNAS,2025,5,
02.2.669.0289,PMSP-SAS/PROGRAMA FOME ZERO.,2025,5,
02.2.669.0463,PMSP-SMADS-FMAS,2025,5,
02.2.669.1122,PMSP-SMADS/CONVÊNIO SICONV nº 837428/2016,2025,5,
02.2.669.1275,PMSP-SMADS/FMAS/SAO PAULOCOVIDACO,2025,5,
02.2.669.1276,PMSP-SMADS/SAO PAULOCOVIDALI,2025,5,
02.2.669.1277,PMSP-SMADS/FMAS/SAO PAULOCOVIDEPI,2025,5,
02.2.669.1327,PMSP-SMADS/SAO PAULO SIGTV - ESTR3 - FNAS,2025,5,
02.2.700.0000,Convênio Federal,2025,5,
02.2.700.0014,PMSP - QESE,2025,5,
02.2.700.0042,PMSP - SMMA / Sist. de Cont. e Licenc. Ambiental,2025,5,
02.2.700.0054,PMSP - Programa Casa Abrigo - CEM,2025,5,
02.2.700.0116,PMSP - FNDE - MEC,2025,5,
02.2.700.0382,PMSP-SGM/PROJETO URB-AL/CENTROS DE CIDADANIA DAS MULHERES.,2025,5,
02.2.700.0408,PMSP-SEHAB/EMENDA MANANCIAIS,2025,5,
02.2.700.0561,PMSP-SGM/Capacitação e Qualificação.,2025,5,
02.2.700.0590,PMSP-SEHAB/Lote B-Tiro ao Pombo-Rep.nº 0218609-59/07-Min.Cid.,2025,5,
02.2.700.0591,PMSP-SEHAB/Lote D-Jd. Nazareth- Rep. Nº 0218610-87/07-Min.Cid.,2025,5,
02.2.700.0592,PMSP-SEHAB/Lote C-Cidade Azul - Rep.nº 0218611-91/07-Min.Cid.,2025,5,
02.2.700.0593,"PMSP-SEHAB/Lote B-Jd. Irene, Rosas e Pq Fernanda-Rep.nº 0218612-04/07-",2025,5,
02.2.700.0594,PMSP-SEHAB/Lote A-Boa Esperança e Guarani-Rep.nº 0218613-18/07-Min.Cid,2025,5,
02.2.700.0595,"PMSP-SEHAB/Urb Integ Fav/Heliópolis-Glebas A,N e K-Rep.nº 0218844-05/0",2025,5,
02.2.700.0606,PMSP - SEHAB/FNHIS-JARDIM CELESTE-Rep. nº 0250.556-95/2008-Min.Cid.,2025,5,
02.2.700.0695,PMSP-SEHAB/Urbanização de Assentamentos Precários/TC nº 0302574-29/200,2025,5,
02.2.700.0747,"PMSP-SEHAB-Urbanização, Reg e Integ de Assentos Precários-PAC 2-TC0351",2025,5,
02.2.700.0769,PMSP-SEHAB-Urb. de Assentº Precários/Complexo Paraisópolis-2ª Fase PA,2025,5,
02.2.700.0770,PMSP-SEHAB-Urb. de Assentº Precários/Jardim São Francisco-2ª Fase PAC,2025,5,
02.2.700.0791,PMSP-SIURB/Controle de Cheias Bacia do Aricanduva,2025,5,
02.2.700.0792,PMSP-SIURB/Controle de Cheias Bacia dos Pinheiros Córrego Zavuvus,2025,5,
02.2.700.0810,PMSP-SIURB/ Programa de Redução de Alagamentos,2025,5,
02.2.700.0812,PMSP-SIURB/Canalização do Córrego Tremembé,2025,5,
02.2.700.0813,PMSP-SIURB/Canalização do Córrego Ipiranga,2025,5,
02.2.700.0815,PMSP-SIURB/Canalização do Córrego Paciência,2025,5,
02.2.700.0879,PMSP-SMC/Convênio SICONV nº 789167/2013,2025,5,
02.2.700.0881,PMSP-SIURB/ CORREDOR LESTE ITAQUERA TRECHO 2,2025,5,
02.2.700.0885,PMSP-SIURB/ CORREDOR LESTE ITAQUERA TRECHO 1,2025,5,
02.2.700.0887,PMSP-SIURB/ CORREDOR ARICANDUVA,2025,5,
02.2.700.0893,PMSP-SIURB/ EXEC. TERMINAL ITAQUERA,2025,5,
02.2.700.0896,PMSP-SMSU/Convênio SICONV nº 798530/2013,2025,5,
02.2.700.1007,PMSP-SEME/Convênio SICONV nº 807040/2014-Reforma do Mini Balneário Pri,2025,5,
02.2.700.1018,PMSP-SEME/Convênio SICONV nº 805130/2014-Reforma e Adaptações no CDC B,2025,5,
02.2.700.1098,PMSP-SMDHC-CONVÊNIO SICONV Nº 827292/2016,2025,5,
02.2.700.1102,PMSP-SMPM/Convênio SICONV nº 813100/2014,2025,5,
02.2.700.1131,PMSP-SEME/Convênio SICONV nº 821755/2015,2025,5,
02.2.700.1135,PMSP-SMC/Convênio SICONV nº 840781/2016,2025,5,
02.2.700.1136,PMSP-SMC/Convênio SICONV nº 841399/2016,2025,5,
02.2.700.1143,PMSP-SEME/Convênio SICONV nº 824240/2015,2025,5,
02.2.700.1144,PMSP-SEME/Convênio SICONV nº 023672/2015,2025,5,
02.2.700.1147,PMSP-SMDHC/CONVÊNIO SICONV nº 835820/2016,2025,5,
02.2.700.1165,PMSP-SMC/Patrocínio ao Teatro João Caetano,2025,5,
02.2.700.1172,PMSP-SEME/Convênio SICONV nº 818348/2015-Implantação e Modernização pa,2025,5,
02.2.700.1191,PMSP-SEME/CONVÊNIO SICONV nº 838163/2016,2025,5,
02.2.700.1192,PMSP-SEME/CONVÊNIO SICONV nº 831746/2016,2025,5,
02.2.700.1198,PMSP-SEME/Convênio SICONV nº 831748/2016,2025,5,
02.2.700.1221,PMSP-SEHAB/Convênio SICONV Nº 844734/2017,2025,5,
02.2.700.1227,PMSP-SEME/CONVÊNIO SICONV nº 843700/2017,2025,5,
02.2.700.1233,PMSP-SEHAB/PMCMV-ACADEMIA,2025,5,
02.2.700.1237,PMSP-SEHAB/PMCMV-Residencial Botucatu,2025,5,
02.2.700.1248,PMSP-SEHAB/PMCMV-OSÓRIO C,2025,5,
02.2.700.1249,PMSP-SMDET/CONVÊNIO SICONV Nº 853141/2017,2025,5,
02.2.700.1254,PMSP-SEHAB/PMCMV/FAR- OSÓRIO D,2025,5,
02.2.700.1257,PMSP-SEHAB/PMCMV-São Carlos A e B,2025,5,
02.2.700.1266,PMSP-SEHAB/PMCMV- CAMPO DAS PITANGUEIRAS,2025,5,
02.2.700.1271,PMSP-SMSUB/CONVÊNIO SICONV nº 869915/2018,2025,5,
02.2.700.1273,PMSP-SMSUB/CONVÊNIO SICONV nº 869190/2018,2025,5,
02.2.700.1285,PMSP-SEHAB/PMCMV-ANCHIETA A e B,2025,5,
02.2.700.1309,PMSP-SMPR/Convênio SICONV nº 844735/2017,2025,5,
02.2.700.1319,PMSP-SEHAB/Projeto PTS Manuel Bueno I e II,2025,5,
02.2.700.1322,PMSP-SEHAB/Obras de Contenção de Encostas - Vila Nova Galvão,2025,5,
02.2.700.1323,PMSP-PGM/Convênio SICONV nº 904426/2020,2025,5,
02.2.700.1324,PMSP-SIURB/CONVÊNIO SICONV Nº  881763/2018,2025,5,
02.2.700.1338,PMSP-SEHAB/PMCMV- Osório B,2025,5,
02.2.700.1345,PMSP-SEME/CONVÊNIO SICONV Nº 878587/2018,2025,5,
02.2.700.1351,PMSP-SEME/CONVÊNIO SICONV Nº nº 914142/2021,2025,5,
02.2.700.1352,PMSP-SEME/CONVÊNIO SICONV Nº nº 915504/2021,2025,5,
02.2.700.1354,PMSP-SEME/COTP - EQUIPE DE GINÁSTICA OLÍMPICA,2025,5,
02.2.700.1367,PMSP-SEME/CONVÊNIO SICONV Nº 917642/2021,2025,5,
02.2.700.1410,PMSP-SEHAB/PMCMV- Osório A,2025,5,
02.2.700.1446,PMSP-SEHAB/PMCMV-Augusto Amaral,2025,5,
02.2.700.1579,PMSP-SEME/Convênio SEME x União/Construção do Espaço Esportivo Comunit,2025,5,
02.2.700.8007,Convênio FUNDATEC X União,2025,5,
02.2.700.8017,Termo de Compromisso SP Turismo x União (PAC),2025,5,
02.2.704.9001,Transferências da União Referentes a Compensações Financeiras pela Exp,2025,5,
02.2.706.1168,FMS CUSTEIO SUS,2025,5,
02.2.706.1185,FMS INVEST SUS,2025,5,
02.2.706.1326,PMSP-SMSU - Ação OEC2,2025,5,
02.2.706.1362,PMSP-SMSUB/Implantação de grama sintética - Parque Sete Campos - SUB-A,2025,5,
02.2.706.1382,PMSP- SEME/Emenda Parlamentar 25200003 - CDC Jardim Planalto,2025,5,
02.2.706.1384,PMSP-SEME/CONVÊNIO SICONV 840338/2016,2025,5,
02.2.706.1389,PMSP- SEME/CDC Parque Fongaro,2025,5,
02.2.706.1391,PMSP- SEME/CDC Parque Fernanda,2025,5,
02.2.706.1392,PMSP- SEME/CDC Pequeninos do Jóquei,2025,5,
02.2.706.1399,PMSP- SEME/Programas Continuados na Secretaria,2025,5,
02.2.706.1400,PMSP-SEME/Emenda Parlamentar 252000006-2021-CDC Antonio Evaristo da Co,2025,5,
02.2.706.1406,PMSP- SEME/CDC Areião de Vila Císper,2025,5,
02.2.706.1407,PMSP- SEME/CDC Jardim Maria Estela,2025,5,
02.2.706.1412,PMSP-SEME/CDC Savimar (Vila Mara),2025,5,
02.2.706.1417,PMSP- SEME/CDC Areião de Vila Carmosina,2025,5,
02.2.706.1418,PMSP- SEME/CDC Jardim Mangalot,2025,5,
02.2.706.1419,PMSP- SEME/CDC Alvorada,2025,5,
02.2.706.1435,PMSP-SMSUB/Revitalização e Instalação de Playground-Rua Saguaritá com ,2025,5,
02.2.706.1436,PMSP-SMSUB/Pavimentação e Drenagem-Travessa Betel Angel,2025,5,
02.2.706.1442,PMSP-SMSUB/Reforma na Praça João Pais Malio,2025,5,
02.2.706.1457,PMSP-SF-TRANSF ESPECIAIS 3550308 EC 105,2025,5,
02.2.706.1475,PMSP-SMSU/Ação OEC2-Modernização da Frota dos Órgãos de Segurança Públ,2025,5,
02.2.706.1478,PMSP-SEME/Serviços de Adaptações e Ampliações de Equipamentos Esportiv,2025,5,
02.2.706.1484,PMSP-SEME/CDC Baquirivu,2025,5,
02.2.706.1494,SMS/FMS/EP TRANSFER ESPECIAL 28180010,2025,5,
02.2.706.1495,SMS/FMS/EP TRANSFER ESPECIAL 90320007,2025,5,
02.2.706.1496,SEME/CDC Clóvis Alves Rodrigues,2025,5,
02.2.706.1501,PMSP-SEME/CDC Areião de Vila Carmosina/Ano 2023,2025,5,
02.2.706.1509,Código Genérico,2025,5,
02.2.706.1511,PMSP-SUB-MB/ Obras de Readequação na Rua João de Almada,2025,5,
02.2.706.1514,PMSP-SEME/CDC Vila Albertina,2025,5,
02.2.706.1515,Readequação área pública - Pista de Skate - Pç do Trabalhador,2025,5,
02.2.706.1516,PMSP-SUB-CS/Readequação de área pública-Pista de Skate,2025,5,
02.2.706.1518,PMSP-SEME/CDC Jardim Maria Estela,2025,5,
02.2.706.1519,PMSP-SEME/CDC União da Fé,2025,5,
02.2.706.1534,"PMSP-SEME/Custeio, Programas e Projetos",2025,5,
02.2.706.1554,PMSP-SUB-IQ/Revitalização Pç Inácio Tolosa - Jd Nossa Senhora do Carmo,2025,5,
02.2.706.1555,PMSP-SMC/Ações Culturais,2025,5,
02.2.706.1569,PMSP-SMS/FMS/EP TRANSFER ESPECIAL 39050004,2025,5,
02.2.706.1570,PMSP-SEME/CDC Canarinho,2025,5,
02.2.706.1571,PMSP-SEME/CDC Nelson Garcia Cabeça (Urca),2025,5,
02.2.706.1572,PMSP-SEME/CDC Veneza,2025,5,
02.2.706.1573,PMSP-SEME/CDC Três Alianças,2025,5,
02.2.706.1574,PMSP-SEME/Campo Unidos do Rio Claro,2025,5,
02.2.706.1575,PMSP-SEME/CDC Cleuza Bueno,2025,5,
02.2.706.1576,PMSP-SEME/CDC Mangalot,2025,5,
02.2.706.1577,PMSP-SEME/CDC Uleromã,2025,5,
02.2.706.1582,PMSP-SGM/Ação 0EC2-Transf Especiais/Emenda 202425200001,2025,5,
02.2.706.1590,PMSP-SGM/Ação 0EC2-Transf Especiais/Emenda 202437350007,2025,5,
02.2.706.1591,PMSP-SEME/CDC Parque Ipê,2025,5,
02.2.706.1592,PMSP-SEME/CDC Mocidade Ativa Cristã,2025,5,
02.2.706.1593,PMSP-SGM/Ação 0EC2-Transf Especiais/Emenda 202443460003,2025,5,
02.2.706.1594,PMSP-SMSU/Equipamentos para Instruções de Armamento e Tiro e Técnicas ,2025,5,
02.2.706.1615,PMSP-SGM/Ação 0EC2-Transf Especiais/Emenda 202425280003,2025,5,
02.2.706.1623,PMSP-SGM/Ação 0EC2-Transf Especiais/Emenda 202490320005,2025,5,
02.2.706.1624,PMSP-SEME/CDC José Amancio,2025,5,
02.2.706.1638,PMSP-SEME/Revitalização do espaço público Praça Marielle Franco SUB-FB,2025,5,
02.2.706.1641,PMSP-SUB-CL/Melhorias Campo Beira Rio,2025,5,
02.2.706.1642,PMSP-SUB-CL/Melhoria/Cobertura quadra futsal R.Fernando Marinho Falcão,2025,5,
02.2.706.1649,Casa da Criança e do Adolescente de Santo Amaro Grossarl - SAICA,2025,5,
02.2.706.1650,Obras Sociais Nossa Senhora Aquiropita,2025,5,
02.2.706.1651,SMS/FMS/EP TRANSF. ESPECIAL Dep Fed Alexandre Padilha - 21.510-4,2025,5,
02.2.706.1652,SMS/FMS/EP TRANSF. ESPECIAL Deputado Federal Rui Falcão - 21.507-4,2025,5,
02.2.706.1653,Registro de Rendimentos - Transf. Especial FMAS,2025,5,
02.2.706.1661,PMSP-SEME/CEE Mané Garrincha,2025,5,
02.2.706.1680,PMSP- SMT/Educação de Trânsito para Escolares,2025,5,
02.2.706.1728,PMSP-SMADS/FMAS-ABADS-Associação Bras. de Assist. e Desenv. Social,2025,5,
02.2.706.1729,PMSP-SMADS/FMAS-AMA- Associação de Amigos do Autista,2025,5,
02.2.706.1730,PMSP-SMADS/FMAS-Associação Aliança de Misericórdia,2025,5,
02.2.706.1777,PMSP-SMS/FMS/EP TRANSF. ESPECIAL- Deputado Federal Tiririca,2025,5,
02.2.706.1779,CER PENHA - CONVÊNIO 825053/2015,2025,5,
02.2.706.1788,PMSP-SUB-IQ/Requalificação e melhorias Avenida Três e a Rua Aratu,2025,5,
02.2.706.9001,Transferência Especial da União ,2025,5,
02.2.714.1403,PMSP-SMDET/FUNTER-Qualificação Social e Profissional,2025,5,
02.2.715.1479,PMSP-SMC/Lei Paulo Gustavo Outras Audiovisual,2025,5,
02.2.716.1480,PMSP-SMC/Lei Paulo Gustavo Outras Linguagens,2025,5,
02.2.717.1420,SMT/compensação tarifária,2025,5,
02.2.719.1532,PMSP-SMC/MINC-PNAB-2023,2025,5,
02.2.749.1288,PMSP-SMC Lei 14017/2020 (Aldir Blanc),2025,5,
02.2.749.9999,Fontes Restos/Migração-Saldo 2022,2025,5,
02.9.601.1720,PMSP/SMS/INVEST/24080 - 21.928-2,2025,5,
02.9.601.1762,PMSP/ FMS/SP - EP - 21.727-1,2025,5,
02.9.706.1575,PMSP-SEME/CDC Cleuza Bueno,2025,5,
03.1.571.0000,Código Genérico,2025,5,
03.1.571.0751,PMSP-SME/Convênio Estado-Constr. Creches - C/C 000008915X,2025,5,
03.1.571.0768,PMSP-SME/Convênio Estado - Const Creches 2012 - C/C 91014,2025,5,
03.1.571.1197,PMSP-SME/Convênio Estado - Constr. Creches - C/C 191779,2025,5,
03.1.571.1520,PMSP-SME/Convênio SEDUC,2025,5,
03.1.571.1667,PMSP-SME/Convênio SEDUC PNAE,2025,5,
03.1.571.1668,PMSP-SME/Convênio SEDUC QESE,2025,5,
03.1.571.1670,PMSP-SME/Equipamentos e mobiliário-EMEI Nelson Mandela,2025,5,
03.1.571.1685,PMSP-SME/Aquisição de itens para o CEU-Caminho/Jabaquara,2025,5,
03.1.571.1835,PMSP-SME/Prêmio Excelência Educacional - Alfabetiza Juntos SP,2025,5,
03.1.576.0000,Código Genérico,2025,5,
03.1.621.0649,FMS-SAO PAU- COVID,2025,5,
03.1.621.0730,PMSPSMS-FUNDO A FUNDO SES,2025,5,
03.1.621.1465,PMSP-SMS/REFORMA E MANUTENÇÃO DA UBS JARDIM SOUZA,2025,5,
03.1.621.1466,PMSP-SMS/Ampliação/Construção de uma sala e da cobertura-UBS Aldeia Ja,2025,5,
03.1.621.1467,PMSP-SMS/ Reforma da rede elétrica-UBS Jardim Jaraguá Kwaray Djekupé,2025,5,
03.1.621.1468,PMSP-SMS/Reforma e manutenção da UBS Jardim Santa Fé,2025,5,
03.1.621.1469,PMSP-SMS/ Ampliação da UBS Fazenda da Juta 11,2025,5,
03.1.621.1470,PMSP-SMS/Construção de cobertura-UBS Vila Esperança-Or. Cassio Bittenc,2025,5,
03.1.621.1471,PMSP-SMS/Reforma da UBS Vila Renato-Maria das Graças da Silva,2025,5,
03.1.632.0000,Código Genérico,2025,5,
03.1.632.0730,PMSPSMS-FUNDO A FUNDO SES,2025,5,
03.1.632.1235,CONV 6973/2019 SES/SP,2025,5,
03.1.632.1242,PMSP/SMS - CONV 8162/2019,2025,5,
03.1.632.1246,PMSP-SMS/CONVÊNIO 7952/2019 EMENDA EQUIPOS SES/SP,2025,5,
03.1.632.1372,PMSP - SMS - CONV. UBS JD ROSINHA,2025,5,
03.1.632.1373,PMSP - SMS - CONV. CITY JARAGUA,2025,5,
03.1.632.1388,PMSP-SMS/CONVÊNIO SES/SP 039472-UBS Jardim Guarani-Brasilândia ,2025,5,
03.1.632.1398,PMSP-SMS/Convênio Meu Pet,2025,5,
03.1.632.1467,PMSP-SMS/ Reforma da rede elétrica-UBS Jardim Jaraguá Kwaray Djekupé,2025,5,
03.1.632.1469,PMSP-SMS/ Ampliação da UBS Fazenda da Juta 11,2025,5,
03.1.632.1470,PMSP-SMS/Construção de cobertura-UBS Vila Esperança-Or. Cassio Bittenc,2025,5,
03.1.632.1471,PMSP-SMS/Reforma da UBS Vila Renato-Maria das Graças da Silva,2025,5,
03.1.632.1476,PMSP-SMS/CONVÊNIO SES/SP 057435-Reforma da UBS São Mateus Nair Alves d,2025,5,
03.1.632.1522,PMSP-SMS/CONVÊNIO SES/SP 070070,2025,5,
03.1.632.1523,PMSP-SMS/ CONVÊNIO SES/SP 069318,2025,5,
03.1.632.1524,PMSP-SMS/CONVÊNIO SES/SP 070069,2025,5,
03.1.632.1780,PMSP-SMS/FMS/ CONVÊNIO SES/SP 092099,2025,5,
03.1.661.0000,Código Genérico,2025,5,
03.1.661.1068,PMSP-SMADS/PROTEÇÃO SOCIAL BÁSICA-FMAS/2016,2025,5,
03.1.661.1069,PMSP-SMADS/PROT. SOCIAL ESP. Média Complexidade-FMAS/2016,2025,5,
03.1.661.1070,PMSP-SMADS/PROT. SOCIAL ESP. Alta Complexidade-FMAS/2016,2025,5,
03.1.661.1105,PMSP-SMADS/PROTEÇÃO SOCIAL BÁSICA-FMAS/2017,2025,5,
03.1.661.1107,PMSP-SMADS/PROTEÇÃO SOCIAL ESPECIAL Alta Complexidade-FMAS/2017,2025,5,
03.1.661.1218,PMSP/SMADS - PROTEÇÃO SOCIAL BÁSICA - FMAS/2019,2025,5,
03.1.661.1313,PMSP-SMADS-PROTEÇÃO SOCIAL BÁSICA - FMAS/2021,2025,5,
03.1.661.1455,PMSP-SMADS-PROTEÇÃO SOCIAL ESPECIAL Média Complexidade-FMAS/2023,2025,5,
03.1.661.1477,PMSP-SMADS/FMAS- Emenda Parlamentar Estadual - 20.923-6,2025,5,
03.1.661.1503,PMSP-SMADS/PROTEÇÃO SOCIAL BÁSICA- FMAS-2024,2025,5,
03.1.661.1504,PMSP-SMADS/PROTEÇÃO SOCIAL ESPECIAL Média Complexidade-FMAS-2024,2025,5,
03.1.661.1505,PMSP-SMADS/PROTEÇÃO SOCIAL ESPECIAL Alta Complexidade-FMAS/2024,2025,5,
03.1.661.1682,PMSP-SMADS/FMAS-Proteção Social Básica/FEAS 2025 - 21.822-7,2025,5,
03.1.661.1683,PMSP-SMADS/FMAS-Proteção Social Especial/FEAS 2025 - 21.823-5,2025,5,
03.1.661.1684,PMSP-SMADS/FMAS-Benefícios Eventuais/FEAS 2025 - 21.824-3,2025,5,
03.1.661.1932,PMSP-SMADS/FMAS-Passagens Conferência/FEAS 2025,2025,5,
03.1.665.0000,Código Genérico,2025,5,
03.1.665.0227,PMSP-SAS-ESTAÇÃO CIDADANIA,2025,5,
03.1.665.0671,PMSP-SMADS/PROTEÇÃO SOCIAL ESPECIAL-2010,2025,5,
03.1.665.1068,PMSP-SMADS/PROTEÇÃO SOCIAL BÁSICA-FMAS/2016,2025,5,
03.1.665.1069,PMSP-SMADS/PROT. SOCIAL ESP. Média Complexidade-FMAS/2016,2025,5,
03.1.665.1070,PMSP-SMADS/PROT. SOCIAL ESP. Alta Complexidade-FMAS/2016,2025,5,
03.1.665.1105,PMSP-SMADS/PROTEÇÃO SOCIAL BÁSICA-FMAS/2017,2025,5,
03.1.665.1106,PMSP-SMADS/PROTEÇÃO SOCIAL ESPECIAL Média Complexidade-FMAS/2017,2025,5,
03.1.665.1107,PMSP-SMADS/PROTEÇÃO SOCIAL ESPECIAL Alta Complexidade-FMAS/2017,2025,5,
03.1.665.1218,PMSP/SMADS - PROTEÇÃO SOCIAL BÁSICA - FMAS/2019,2025,5,
03.1.665.1219,PMSP/SMADS - PROTEÇÃO SOCIAL ESPECIAL Média Complexidade - FMAS/2019,2025,5,
03.1.665.1220,PMSP/SMADS - PROTEÇÃO SOCIAL ESPECIAL Alta Complexidade - FMAS/2019,2025,5,
03.1.665.1313,PMSP-SMADS-PROTEÇÃO SOCIAL BÁSICA - FMAS/2021,2025,5,
03.1.700.1502,PMSP-SMSU/Aquisição de Coletes Balísticos para Guarda Civil Municipal,2025,5,
03.1.701.0000,Código Genérico,2025,5,
03.1.701.0467,PMSP-SEHAB/CONVÊNIO CITY JARAGUÁ,2025,5,
03.1.701.0505,PMSP-SEHAB/Obra de Urb Favela Dois de Maio,2025,5,
03.1.701.0506,PMSP-SEHAB/Obra de Urb Favela Jd Olinda,2025,5,
03.1.701.0507,PMSP-SEHAB/Obra de Urb Favela Verg/São Francisco Núcleo A,2025,5,
03.1.701.0508,PMSP-SEHAB/Obra de Urb Favela Nossa Senhora Aparecida,2025,5,
03.1.701.0509,PMSP-SEHAB/Obra de Urb Favela Verg/São Francisco Núcleo A,2025,5,
03.1.701.0510,PMSP-SEHAB/Obra de Urb Favela Vila Nilo,2025,5,
03.1.701.0511,PMSP-SEHAB/Obra de Urb Favela Heliópolis Gleba A e N.,2025,5,
03.1.701.0523,PMSP-SIURB-DAEE-PIRAJUSSARA-RPI-6-SHARP.,2025,5,
03.1.701.0540,PMSP-SUB-M BOI MIRIM-FEHIDRO.,2025,5,
03.1.701.0565,PMSP-SEHAB-Favelas Sampaio Correa/Aldeinha-Conv CDHU,2025,5,
03.1.701.0566,PMSP-SEHAB-Favela Ilha Verde-Conv. CDHU,2025,5,
03.1.701.0589,PMSP-SEHAB/Regularização Urb Brasilândia B-Conv CDHU,2025,5,
03.1.701.0603,"PMSP-SEHAB/Prog Recup Amb  Mananciais, Urb Fav-Guarapiranga e Billings",2025,5,
03.1.701.0618,PMSP-SEHAB/Esgotamento Sanitário/Fav. Paraisópolis-Conv. SABESP.,2025,5,
03.1.701.0619,PMSP-SEHAB/Abastecimento de Água/Fav. Paraisópolis-Conv. SABESP,2025,5,
03.1.701.0620,PMSP-SEHAB/Saneamento Integrado/Fav. Div Bairros São Paulo-Conv SABESP,2025,5,
03.1.701.0633,PMSP-SEHAB/Erradicação da Fav Jdim Edite-Conv CDHU,2025,5,
03.1.701.0694,PMSP-SEHAB/AUXILIO MORADIA PROVISÓRIO/Conv. CDHU,2025,5,
03.1.701.0714,PMSP-SEHAB/Convênio CDHU-LIDIANE,2025,5,
03.1.701.0715,PMSP-SEHAB/CONVENIO CDHU-HELIÓPOLIS H e SABESP 2,2025,5,
03.1.701.0716,PMSP-SEHAB/CONVÊNIO CDHU-PABREU-PRAINHA,2025,5,
03.1.701.0786,PMSP-SEHAB/Convênio SEHAB/COHAB/CDHU-MINAS GAS/LIMÃO B,2025,5,
03.1.701.1058,PMSP-SEHAB/SABESP-MANACIAIS FASE 3,2025,5,
03.1.701.1097,PMSP-SIURB/Convênio GESP/STM-Linha 06 do Metrô,2025,5,
03.1.701.1217,PMSP-SUB-PI/Convênio CEDPES-ESTADO,2025,5,
03.1.701.1241,PMSP/SVMA/FEMA-CONVÊNIO 22-19 CJ-Parque Zilda Arns,2025,5,
03.1.701.1259,PMSP-SVMA/DFS - EP nº 8239/2019,2025,5,
03.1.701.1339,PMSP-SGM/FÓRMULA 1 GRANDE PRÊMIO DE SÃO PAULO,2025,5,
03.1.701.1363,PMSP-SMSU - Emenda Parlamentar Voluntária 2021.170.21785,2025,5,
03.1.701.1364,PMSP- SIURB/ Convênio CPTM / Recuperação de Obras  de Arte,2025,5,
03.1.701.1369,PMSP-SEHAB/MANANCIAIS X SABESP,2025,5,
03.1.701.1378,PMSP-SEHAB MANANCIAIS/Chácara do Conde-CDHU,2025,5,
03.1.701.1393,PMSP- SEME/Projeto Esportivo São Paulo  Ativo,2025,5,
03.1.701.1394,PMSP- SEME/Projeto Esportivo e Copa São Paulo,2025,5,
03.1.701.1395,PMSP- SEME/Projeto Esportivo Circuito Popular de Corrida de Rua,2025,5,
03.1.701.1396,PMSP- SEME/Projeto Virada Esportiva 2022,2025,5,
03.1.701.1397,PMSP- SEME/Projeto Esportivo Sampa em Movimento,2025,5,
03.1.701.1422,PMSP- SEME/Agita + Férias,2025,5,
03.1.701.1434,PMSP- SEME/FESTIVAL DE VERÃO - PRAIA SÃO PAULO,2025,5,
03.1.701.1444,"PMSP- SEHAB/Empreendimento SP/Grajaú ""E"" - Major Lúcio/CDHU",2025,5,
03.1.701.1456,PMSP-SIURB/CONVÊNIO-PRESIDENTE WILSON - 103925/2022,2025,5,
03.1.701.1464,PMSP- SMC/Reforma Biblioteca Nuto Sant’Anna,2025,5,
03.1.701.1489,PMSP-SUB-ST/Revitalização do Canteiro Central da Av. Bráz Leme,2025,5,
03.1.701.1490,PMSP-SUB-ST/Fomento Culturais e Sociais,2025,5,
03.1.701.1502,PMSP-SMSU/Aquisição de Coletes Balísticos para a Guarda Civil Municipa,2025,5,
03.1.701.1533,PMSP-SMSU/EMENDA PARLAMENTAR CEL. TELHADA,2025,5,
03.1.701.1538,PMSP-SMS/ CONVÊNIO SES/SP 073549PMSP-SMS,2025,5,
03.1.701.1539,PMSP-SIURB/Mitigação dos impactos da implantação Expo SP,2025,5,
03.1.701.1546,PMSP-SMS/ CONVÊNIO SES/SP 073549PMSP-SMS,2025,5,
03.1.701.1551,PMSP-SIURB-FEHIDRO/Projetos do Parque Linear Tapera),2025,5,
03.1.701.1553,PMSP-SMDHC/Custeio da 23ª Feira Cultural da Diversidade LGBT+,2025,5,
03.1.701.1556,PMSP-SMT/ALARG ESTR M BOI MIRIM,2025,5,
03.1.701.1584,PMSP-SMSU/Convênio DETRAN-SP,2025,5,
03.1.701.1586,PMSP-SEME/Estado/Evento Esportivo na Modalidade Jiu-Jitsu - 21.412-4,2025,5,
03.1.701.1669,PMSP-SMC/Evento Circuito Municipal de Cultura,2025,5,
03.1.701.1775,PMSP-SME/CEI Antonio João Abdalla - 22.150-3,2025,5,
03.1.701.1863,PMSP-SIURB/Estrada M Boi Mirim - Convênio nº 5.796/2020,2025,5,
03.1.701.8010,Convênio COHAB X Estado,2025,5,
03.1.701.8018,SPCINE X Estados,2025,5,
03.1.701.9001,Sem detalhamento,2025,5,
03.1.710.0000,Código Genérico,2025,5,
03.1.710.0730,PMSPSMS-FUNDO A FUNDO SES,2025,5,
03.1.710.1372,PMSP - SMS - CONV. UBS JD ROSINHA,2025,5,
03.1.710.1373,PMSP - SMS - CONV. CITY JARAGUA,2025,5,
03.1.710.1374,PMSP - SMS - CONV. UBS JD GUARANY,2025,5,
03.1.710.1375,PMSP- SVMA/UMAPAZ - EP nº 2022.066.34804,2025,5,
03.1.710.1377,PMSP - SMS - CONV. ESPAÇOS COMUNS UBS,2025,5,
03.1.710.1385,PMSP-SMADS/FMAS-Emendas Parlamentares Estaduais,2025,5,
03.1.710.1388,PMSP-SMS/CONVÊNIO SES/SP 039472-UBS Jardim Guarani-Brasilândia ,2025,5,
03.1.710.1441,PMSP-SMS/ SMS//FMS/EP ESTADUAL,2025,5,
03.1.710.1458,PMSP- SGM/Emendas Parlamentares Estadual,2025,5,
03.1.710.1506,Transferência Especial PMSP-SUB-LA 21.128-1,2025,5,
03.1.710.1521,PMSP-SUB-IT/Aquisição aparelhos ginástica academia ao ar livre,2025,5,
03.1.710.1535,PMSP- SUB-CT/Obra Rua Barão Teixeira de Camargo,2025,5,
03.1.710.1536,PMSP-SUB-CT/Atividades Culturais e festividades de fim de ano,2025,5,
03.1.710.1541,PMSP-SUB-G/Revitalização e instalação de passagem de pedestre,2025,5,
03.1.710.1544,PMSP-SUB-MP/Melhorias Infraestrutura Urbana-R Dona Aurora Ackel,2025,5,
03.1.710.1587,PMSP-SUB-IT/Construção pinguela metálica-R Beira Rio e R Cambara Orlil,2025,5,
03.1.710.1589,PMSP-SEME X Estado - CDC Lá Vai Bola,2025,5,
03.1.710.1619,SUB-MP OBRAS de Rebaixamento passeio das travessias e Rev de Praças,2025,5,
03.1.710.1620,PMSP-SUB-JT/Contr Artistica-Evento Fest Inverno - Jd Flor de Maio,2025,5,
03.1.710.1621,"SUB-JT/Manut corretiva, rep, adeq e modif Al Roseiras-Rua U Kamiya",2025,5,
03.1.710.1657,FMS-Custeio para o Hospital Municipal Tide Setubal/Emenda 2024.035.563,2025,5,
03.1.710.1658,FMS-Custeio Hospital Municipal Tide Setubal/Emenda 2024.035.56371,2025,5,
03.1.710.1671,PMSP-SMADS/SOBEI CUSTEIO,2025,5,
03.1.710.1672,PMSP-SMADS/SOBEI INVEST,2025,5,
03.1.710.1673,PMSP-SMADS/PROMOVE CUSTEIO,2025,5,
03.1.710.1674,PMSP-SMADS/PROMOVE INVEST,2025,5,
03.1.710.1781,PMSP-SUB-JT - EMENDA ESTADUAL Nº. 2022.035.37539,2025,5,
03.1.710.1793,PMSP-SMSU/Ação HOC,2025,5,
03.1.710.1814,PMSP-SMS/Emenda Parlamentar Estadual nº 2023.3550308.50003,2025,5,
03.1.710.1883,PMSP-SUB-SM/Custeio de projetos culturais do circuito municipal de cul,2025,5,
03.1.710.1884,"PMSP-SUB-SM/Serviços de manutenção e requalificação de próprios, pavim",2025,5,
03.1.710.1885,PMSP-SUB-SM/Serviços de manutenção e requalificação da praça dos amigo,2025,5,
03.1.710.1886,"PMSP-SUB-SM/Serviços de manutenção e requalificação de próprios, pavim",2025,5,
03.1.710.1922,PMSP-SMC/Custeio de Atividades Culturais,2025,5,
03.1.710.1961,PMSP-SEME-Estado/CDC Parque Bristol,2025,5,
03.1.710.7996,Transferências Especiais do Estado,2025,5,
03.1.749.0000,Código Genérico,2025,5,
03.1.749.9999,Fontes Restos/Migração-Saldo 2022,2025,5,
03.1.750.0370,PMSP-Contribuição Intervenção dos Municípios-CIDE,2025,5,
03.1.751.1835,PMSP-SME/Prêmio Excelência Educacional - Alfabetiza Juntos SP,2025,5,
03.1.759.0709,PMSP-SEHAB/Fundo Municipal de Saneamento Ambiental e Infraestrutura,2025,5,
03.1.759.1639,PMSP-SEHAB/FMSAI - Lei Nº 18.107,2025,5,
03.2.571.1197,PMSP-SME/Convênio Estado - Constr. Creches - C/C 191779,2025,5,
03.2.571.1520,PMSP-SME/Convênio SEDUC,2025,5,
03.2.599.1286,PMSP-SME/Projeto Nossa Creche II,2025,5,
03.2.621.0649,FMS-SAO PAU- COVID,2025,5,
03.2.621.0730,PMSPSMS-FUNDO A FUNDO SES,2025,5,
03.2.632.1388,PMSP-SMS/CONVÊNIO SES/SP 039472-UBS Jardim Guarani-Brasilândia ,2025,5,
03.2.632.1470,PMSP-SMS/Construção de cobertura-UBS Vila Esperança-Or. Cassio Bittenc,2025,5,
03.2.632.1471,PMSP-SMS/Reforma da UBS Vila Renato-Maria das Graças da Silva,2025,5,
03.2.632.1523,PMSP-SMS/ CONVÊNIO SES/SP 069318,2025,5,
03.2.661.1105,PMSP-SMADS/PROTEÇÃO SOCIAL BÁSICA-FMAS/2017,2025,5,
03.2.661.1107,PMSP-SMADS/PROTEÇÃO SOCIAL ESPECIAL Alta Complexidade-FMAS/2017,2025,5,
03.2.661.1218,PMSP/SMADS - PROTEÇÃO SOCIAL BÁSICA - FMAS/2019,2025,5,
03.2.661.1455,PMSP-SMADS-PROTEÇÃO SOCIAL ESPECIAL Média Complexidade-FMAS/2023,2025,5,
03.2.661.1477,PMSP-SMADS/FMAS- Emenda Parlamentar Estadual - 20.923-6,2025,5,
03.2.661.1503,PMSP-SMADS/PROTEÇÃO SOCIAL BÁSICA- FMAS-2024,2025,5,
03.2.661.1504,PMSP-SMADS/PROTEÇÃO SOCIAL ESPECIAL Média Complexidade-FMAS-2024,2025,5,
03.2.661.1505,PMSP-SMADS/PROTEÇÃO SOCIAL ESPECIAL Alta Complexidade-FMAS/2024,2025,5,
03.2.665.0227,PMSP-SAS-ESTAÇÃO CIDADANIA,2025,5,
03.2.665.0671,PMSP-SMADS/PROTEÇÃO SOCIAL ESPECIAL-2010,2025,5,
03.2.665.1068,PMSP-SMADS/PROTEÇÃO SOCIAL BÁSICA-FMAS/2016,2025,5,
03.2.665.1069,PMSP-SMADS/PROT. SOCIAL ESP. Média Complexidade-FMAS/2016,2025,5,
03.2.665.1070,PMSP-SMADS/PROT. SOCIAL ESP. Alta Complexidade-FMAS/2016,2025,5,
03.2.665.1106,PMSP-SMADS/PROTEÇÃO SOCIAL ESPECIAL Média Complexidade-FMAS/2017,2025,5,
03.2.665.1220,PMSP/SMADS - PROTEÇÃO SOCIAL ESPECIAL Alta Complexidade - FMAS/2019,2025,5,
03.2.665.1313,PMSP-SMADS-PROTEÇÃO SOCIAL BÁSICA - FMAS/2021,2025,5,
03.2.701.0215,PMSP-SAN. AMB. BACIA GUARAPIRANGA,2025,5,
03.2.701.0467,PMSP-SEHAB/CONVÊNIO CITY JARAGUÁ,2025,5,
03.2.701.0505,PMSP-SEHAB/Obra de Urb Favela Dois de Maio,2025,5,
03.2.701.0506,PMSP-SEHAB/Obra de Urb Favela Jd Olinda,2025,5,
03.2.701.0507,PMSP-SEHAB/Obra de Urb Favela Verg/São Francisco Núcleo A,2025,5,
03.2.701.0508,PMSP-SEHAB/Obra de Urb Favela Nossa Senhora Aparecida,2025,5,
03.2.701.0509,PMSP-SEHAB/Obra de Urb Favela Verg/São Francisco Núcleo A,2025,5,
03.2.701.0510,PMSP-SEHAB/Obra de Urb Favela Vila Nilo,2025,5,
03.2.701.0511,PMSP-SEHAB/Obra de Urb Favela Heliópolis Gleba A e N.,2025,5,
03.2.701.0523,PMSP-SIURB-DAEE-PIRAJUSSARA-RPI-6-SHARP.,2025,5,
03.2.701.0565,PMSP-SEHAB-Favelas Sampaio Correa/Aldeinha-Conv CDHU,2025,5,
03.2.701.0566,PMSP-SEHAB-Favela Ilha Verde-Conv. CDHU,2025,5,
03.2.701.0589,PMSP-SEHAB/Regularização Urb Brasilândia B-Conv CDHU,2025,5,
03.2.701.0603,"PMSP-SEHAB/Prog Recup Amb  Mananciais, Urb Fav-Guarapiranga e Billings",2025,5,
03.2.701.0618,PMSP-SEHAB/Esgotamento Sanitário/Fav. Paraisópolis-Conv. SABESP.,2025,5,
03.2.701.0619,PMSP-SEHAB/Abastecimento de Água/Fav. Paraisópolis-Conv. SABESP,2025,5,
03.2.701.0620,PMSP-SEHAB/Saneamento Integrado/Fav. Div Bairros São Paulo-Conv SABESP,2025,5,
03.2.701.0633,PMSP-SEHAB/Erradicação da Fav Jdim Edite-Conv CDHU,2025,5,
03.2.701.0694,PMSP-SEHAB/AUXILIO MORADIA PROVISÓRIO/Conv. CDHU,2025,5,
03.2.701.0714,PMSP-SEHAB/Convênio CDHU-LIDIANE,2025,5,
03.2.701.0715,PMSP-SEHAB/CONVENIO CDHU-HELIÓPOLIS H e SABESP 2,2025,5,
03.2.701.0716,PMSP-SEHAB/CONVÊNIO CDHU-PABREU-PRAINHA,2025,5,
03.2.701.0786,PMSP-SEHAB/Convênio SEHAB/COHAB/CDHU-MINAS GAS/LIMÃO B,2025,5,
03.2.701.1058,PMSP-SEHAB/SABESP-MANACIAIS FASE 3,2025,5,
03.2.701.1097,PMSP-SIURB/Convênio GESP/STM-Linha 06 do Metrô,2025,5,
03.2.701.1217,PMSP-SUB-PI/Convênio CEDPES-ESTADO,2025,5,
03.2.701.1241,PMSP/SVMA/FEMA-CONVÊNIO 22-19 CJ-Parque Zilda Arns,2025,5,
03.2.701.1259,PMSP-SVMA/DFS - EP nº 8239/2019,2025,5,
03.2.701.1339,PMSP-SGM/FÓRMULA 1 GRANDE PRÊMIO DE SÃO PAULO,2025,5,
03.2.701.1363,PMSP-SMSU - Emenda Parlamentar Voluntária 2021.170.21785,2025,5,
03.2.701.1369,PMSP-SEHAB/MANANCIAIS X SABESP,2025,5,
03.2.701.1378,PMSP-SEHAB MANANCIAIS/Chácara do Conde-CDHU,2025,5,
03.2.701.1393,PMSP- SEME/Projeto Esportivo São Paulo  Ativo,2025,5,
03.2.701.1394,PMSP- SEME/Projeto Esportivo e Copa São Paulo,2025,5,
03.2.701.1395,PMSP- SEME/Projeto Esportivo Circuito Popular de Corrida de Rua,2025,5,
03.2.701.1396,PMSP- SEME/Projeto Virada Esportiva 2022,2025,5,
03.2.701.1397,PMSP- SEME/Projeto Esportivo Sampa em Movimento,2025,5,
03.2.701.1422,PMSP- SEME/Agita + Férias,2025,5,
03.2.701.1434,PMSP- SEME/FESTIVAL DE VERÃO - PRAIA SÃO PAULO,2025,5,
03.2.701.1444,"PMSP- SEHAB/Empreendimento SP/Grajaú ""E"" - Major Lúcio/CDHU",2025,5,
03.2.701.1502,PMSP-SMSU/Aquisição de Coletes Balísticos para a Guarda Civil Municipa,2025,5,
03.2.701.1556,PMSP-SMT/ALARG ESTR M BOI MIRIM,2025,5,
03.2.701.8010,Convênio COHAB X Estado,2025,5,
03.2.701.8018,SPCINE X Estados,2025,5,
03.2.702.8019,SPCINE X Municípios,2025,5,
03.2.710.0730,PMSPSMS-FUNDO A FUNDO SES,2025,5,
03.2.710.1385,PMSP-SMADS/FMAS-Emendas Parlamentares Estaduais,2025,5,
03.2.710.1441,PMSP-SMS/ SMS//FMS/EP ESTADUAL,2025,5,
03.2.710.1458,PMSP- SGM/Emendas Parlamentares Estadual,2025,5,
03.2.710.1521,PMSP-SUB-IT/Aquisição aparelhos ginástica academia ao ar livre,2025,5,
03.2.710.1535,PMSP- SUB-CT/Obra Rua Barão Teixeira de Camargo,2025,5,
03.2.710.1536,PMSP-SUB-CT/Atividades Culturais e festividades de fim de ano,2025,5,
03.2.710.1541,PMSP-SUB-G/Revitalização e instalação de passagem de pedestre,2025,5,
03.2.710.1587,PMSP-SUB-IT/Construção pinguela metálica-R Beira Rio e R Cambara Orlil,2025,5,
03.2.710.1589,Transferência Especial dos Estados,2025,5,
03.2.710.1619,SUB-MP OBRAS de Rebaixamento passeio das travessias e Rev de Praças,2025,5,
03.2.710.1620,PMSP-SUB-JT/Contr Artistica-Evento Fest Inverno - Jd Flor de Maio,2025,5,
03.2.710.1621,"SUB-JT/Manut corretiva, rep, adeq e modif Al Roseiras-Rua U Kamiya",2025,5,
03.2.749.9999,Fontes Restos/Migração-Saldo 2022,2025,5,
03.2.750.0370,PMSP-Contribuição Intervenção dos Municípios-CIDE,2025,5,
03.2.759.0709,PMSP-SEHAB/Fundo Municipal de Saneamento Ambiental e Infraestrutura,2025,5,
04.1.540.9001,Transferências do FUNDEB - Impostos e Transferências de Impostos,2025,5,
04.1.543.9001,Transferências do FUNDEB - Complementação da União - VAAR,2025,5,
04.1.546.9001,Detalhamento Genérico,2025,5,
04.2.540.9001,Transferências do FUNDEB - Impostos e Transferências de Impostos,2025,5,
04.2.543.9001,Sem detalhamento,2025,5,
05.1.572.0000,Código Genérico,2025,5,
05.1.575.0000,Código Genérico,2025,5,
05.1.599.0000,Código Genérico,2025,5,
05.1.599.1017,PMSP-SME/Projeto Mais Educação I,2025,5,
05.1.599.1286,PMSP-SME/Projeto Nossa Creche II,2025,5,
05.1.633.0000,Código Genérico,2025,5,
05.1.636.0000,Código Genérico,2025,5,
05.1.636.0666,PMSP-SMS FMS DOA SHELL V,2025,5,
05.1.659.0000,Código Genérico,2025,5,
05.1.659.0575,P S F P A IDOSO CODEPPS,2025,5,
05.1.659.1206,PMSPSMS ACAOJUD/SAMERICA,2025,5,
05.1.659.1234,PMSP-SMS-MP - UPA PEDIATR,2025,5,
05.1.659.1263,PMSP-FMS-COMBATE COVID19,2025,5,
05.1.659.1264,PMSP-FMS-MPU-MPT - COVID,2025,5,
05.1.669.0517,PMSP-SMADS/FMAS-ACORDO DE COOP. RESTAURANTE-ESCOLA,2025,5,
05.1.702.0000,Código Genérico,2025,5,
05.1.702.8008,Convênio FUNDATEC x SME,2025,5,
05.1.702.8013,Convênio FPETC x SMDET,2025,5,
05.1.702.8019,SPCINE X Municípios,2025,5,
05.1.702.9001,Sem detalhamento,2025,5,
05.1.703.0000,Código Genérico,2025,5,
05.1.703.0320,PMSP-SMCIS-Programa @LIS/Aliança para a Sociedade da Informação.,2025,5,
05.1.703.0411,PMSP-SEPP/Observatório Local de Democracia Participativa.,2025,5,
05.1.703.0477,PMSP-SEPP-URB-AL-R10-A12-04,2025,5,
05.1.703.0489,Rede URB-AL-10-R10-B1-05-Cidade e Cidadãos Pela Inclusão Social,2025,5,
05.1.703.0549,PMSP-SMC/Centro Cultural -Ille de France,2025,5,
05.1.703.0550,PMSP-SMTRAB/SÃO PAULO CONFIA-ILLE DE FRANCE,2025,5,
05.1.703.0552,PMSP-SGM/Mapeamento das Atividades-ille de France,2025,5,
05.1.703.0588,PMSP-SMC/CONSTRUÇÃO DE BIBLIOTECA DE ITAQUERA/SAVOY,2025,5,
05.1.703.0607,PMSP-SMC-PROJETO DA RELÍQUIA AO VIRTUAL,2025,5,
05.1.703.0674,PMSP-SVMA/Convênio União Européia-Recup.Ambiental.,2025,5,
05.1.703.0744,PMSP-SEHAB/1º Congresso Internacional de Habitação e Desenvolvimento U,2025,5,
05.1.703.1302,PMSP - SF/Parque Augusta -Ação Civil Pública nº 1017163-55.2016.8.26.0,2025,5,
05.1.703.1310,PMSP-SMDET-Projeto Food WaveParceria Milão,2025,5,
05.1.703.1421,PMSP-SMRI/Rede URB-AL-10-R10-B1-05-Cidade e Cidadãos Pela Inclusão Soc,2025,5,
05.1.703.1448,PMSP-SEHAB- 1º Congresso Internacional de Habitação e Desenvolvimento ,2025,5,
05.1.703.1905,PMSP/SMDHC/EXPO INTERNACIONAL 2025,2025,5,
05.1.703.8020,SPCINE X Outras Entidades,2025,5,
05.1.703.9001,Sem detalhamento,2025,5,
05.1.749.0390,PMSP-SEHAB-Projeto Comum do Programa URB-AL,2025,5,
05.1.749.1588,PMSP-SVMA-Desapropriação do Parque do Bixiga,2025,5,
05.1.754.1630,PMSP-SEHAB/Obras de Construção de Un. Habitacionais de Int. Social,2025,5,
05.1.799.0000,Código Genérico,2025,5,
05.1.799.1126,SMC-PRÊMIO IBERBIBLIOTECAS,2025,5,
05.1.799.1164,C/C 18.885-9 - PMSP-SEHAB/COHAB-OBRAS,2025,5,
05.1.799.1182,PMSP/SF-Parque Augusta/Creches - TAC UBS e CITIBANK,2025,5,
05.1.799.1268,PMSP-SMDU/CIDADE SOLIDÁRIA,2025,5,
05.1.799.1284,PMSP-SEHAB/Regularização do Jardim Keralux,2025,5,
05.1.799.1312,Rendimentos sobre os Pagamentos de Precatórios do Regime Especial,2025,5,
05.1.799.1353,PMSP-SMSUB/CARNAVAL DE RUA DE SÃO PAULO,2025,5,
05.1.799.1453,CARNAVAL DE RUA DE SÃO PAULO 2023,2025,5,
05.1.799.1691,PMSP-SVMA-Restituição de Tributos Federais,2025,5,
05.1.799.8014,SP Urbanismo -  Recursos do Mobiliário Urbano,2025,5,
05.1.899.1630,PMSP-SEHAB/Obras de Construção de Un. Habitacionais de Int. Social,2025,5,
05.1.899.9999,Fontes Restos/Migração-Saldo 2022,2025,5,
05.2.599.1017,PMSP-SME/Projeto Mais Educação I,2025,5,
05.2.599.1286,PMSP-SME/Projeto Nossa Creche II,2025,5,
05.2.636.0666,PMSP-SMS FMS DOA SHELL V,2025,5,
05.2.659.0575,P S F P A IDOSO CODEPPS,2025,5,
05.2.659.1206,PMSPSMS ACAOJUD/SAMERICA,2025,5,
05.2.659.1234,PMSP-SMS-MP - UPA PEDIATR,2025,5,
05.2.659.1263,PMSP-FMS-COMBATE COVID19,2025,5,
05.2.659.1264,PMSP-FMS-MPU-MPT - COVID,2025,5,
05.2.669.0517,PMSP-SMADS/FMAS-ACORDO DE COOP. RESTAURANTE-ESCOLA,2025,5,
05.2.702.8008,Convênio FUNDATEC x SME,2025,5,
05.2.702.8013,Convênio FPETC x SMDET,2025,5,
05.2.702.8019,SPCINE X Municípios,2025,5,
05.2.703.0320,PMSP-SMCIS-Programa @LIS/Aliança para a Sociedade da Informação.,2025,5,
05.2.703.0411,PMSP-SEPP/Observatório Local de Democracia Participativa.,2025,5,
05.2.703.0477,PMSP-SEPP-URB-AL-R10-A12-04,2025,5,
05.2.703.0549,PMSP-SMC/Centro Cultural -Ille de France,2025,5,
05.2.703.0550,PMSP-SMTRAB/SÃO PAULO CONFIA-ILLE DE FRANCE,2025,5,
05.2.703.0552,PMSP-SGM/Mapeamento das Atividades-ille de France,2025,5,
05.2.703.0588,PMSP-SMC/CONSTRUÇÃO DE BIBLIOTECA DE ITAQUERA/SAVOY,2025,5,
05.2.703.0607,PMSP-SMC-PROJETO DA RELÍQUIA AO VIRTUAL,2025,5,
05.2.703.0674,PMSP-SVMA/Convênio União Européia-Recup.Ambiental.,2025,5,
05.2.703.0744,PMSP-SEHAB/1º Congresso Internacional de Habitação e Desenvolvimento U,2025,5,
05.2.703.1302,PMSP - SF/Parque Augusta -Ação Civil Pública nº 1017163-55.2016.8.26.0,2025,5,
05.2.703.1310,PMSP-SMDET-Projeto Food WaveParceria Milão,2025,5,
05.2.703.1421,PMSP-SMRI/Rede URB-AL-10-R10-B1-05-Cidade e Cidadãos Pela Inclusão Soc,2025,5,
05.2.703.1448,PMSP-SEHAB- 1º Congresso Internacional de Habitação e Desenvolvimento ,2025,5,
05.2.703.8020,SPCINE X Outras Entidades,2025,5,
05.2.749.0390,PMSP-SEHAB-Projeto Comum do Programa URB-AL.,2025,5,
05.2.749.1588,PMSP-SVMA-Desapropriação do Parque do Bixiga,2025,5,
05.2.754.1630,PMSP-SEHAB/Obras de Construção de Un. Habitacionais de Interrese Socia,2025,5,
05.2.799.0390,PMSP-SEHAB-Projeto Comum do Programa URB-AL.,2025,5,
05.2.799.1164,C/C 18.885-9 - PMSP-SEHAB/COHAB-OBRAS,2025,5,
05.2.799.1182,PMSP/SF-Parque Augusta/Creches - TAC UBS e CITIBANK,2025,5,
05.2.799.1268,PMSP-SMDU/CIDADE SOLIDÁRIA,2025,5,
05.2.799.1284,PMSP-SEHAB/Regularização do Jardim Keralux,2025,5,
05.2.799.1312,Rendimentos sobre os Pagamentos de Precatórios do Regime Especial,2025,5,
05.2.799.1353,PMSP-SMSUB/CARNAVAL DE RUA DE SÃO PAULO,2025,5,
05.2.899.1630,PMSP-SEHAB/Obras de Construção de Un. Habitacionais de Int. Social,2025,5,
05.2.899.9999,Fontes Restos/Migração-Saldo 2022,2025,5,
06.1.501.9001,Outros Recursos não Vinculados,2025,5,
06.2.500.9001,Outros Recursos não Vinculados,2025,5,
06.2.501.9001,Outros Recursos não Vinculados,2025,5,
07.1.500.9001,Recursos não vinculados de Impostos,2025,5,
07.1.899.9999,Fontes Restos/Migração-Saldo 2022,2025,5,
07.2.899.9999,Fontes Restos/Migração-Saldo 2022,2025,5,
07.9.500.9001,Recursos não vinculados de Impostos,2025,5,
07.9.501.0000,Outros Recursos não Vinculados,2025,5,
07.9.754.0000,Recursos de Operações de Crédito,2025,5,
07.9.799.0000,Outras vinculações legais,2025,5,
08.1.659.0000,Código Genérico,2025,5,
08.1.659.1092,PMSP-SMS-FMS-MULTAS LEG SANITÁRIA,2025,5,
08.1.659.1265,PMSP-FMS-COVID-19-DOACOES,2025,5,
08.1.659.1445,PMSP-SMS/FUNDO MUNICIPAL DE SAÚDE - 8.730-0,2025,5,
08.1.659.1540,MSP-SMS/FMS/EQUIPOS/MPESP,2025,5,
08.1.659.1543,PMSP/SMS/AUTO DE INFRAÇÃO/VIG COVISA-C/C 21.273-3,2025,5,
08.1.665.1699,PMSP-SMADS/PROJETO SMADS-UNESCO 914BRZ3019/2025,2025,5,
08.1.669.0000,Código Genérico,2025,5,
08.1.751.0253,PMSP-SIURB/Fundo Municipal de Iluminação Pública-FUNDIP,2025,5,
08.1.752.0626,PMSP-SMT/FUNDO MUNICIPAL DE DESENVOLVIMENTO DE TRANSITO,2025,5,
08.1.759.0021,PMSP - FEPAC,2025,5,
08.1.759.0081,PMSP - SMMA / Fundo Esp Meio Amb. Desenv. Sust - FEMA,2025,5,
08.1.759.0221,PMSP - FUNCOR - Fundo Municipal de Corredores Segregados Exclusivos pa,2025,5,
08.1.759.0402,PMSP-SMDU/ Fundo de Desenvolvimento Urbano-FUNDURB,2025,5,
08.1.759.0527,PMSP-SMC/FUNCAP-Fundo de Proteção do Patr Cultural e Amb Paulistano,2025,5,
08.1.759.0627,PMSP-SEME/FUNDO MUNICIPAL DE ESPORTES,2025,5,
08.1.759.0709,PMSP-SEHAB/Fundo Municipal de Saneamento Ambiental e Infraestru,2025,5,
08.1.759.0750,PMSP-SMC-FUNPATRI/Fundo Municipal de Preserv do Patr Histórico e Cult,2025,5,
08.1.759.0958,PMSP-SMDHC/FUMCAD,2025,5,
08.1.759.1167,PMSP-SMDHC/Fundo Municipal de Defesa do Consumidor-FMDC,2025,5,
08.1.759.1183,PMSP-SMDHC/FUNDO MUNICIPAL DO IDOSO-FMID,2025,5,
08.1.759.1224,PMSP-SF/COADM-Fundo Municipal de Desenvolvimento Social-FMD,2025,5,
08.1.759.1282,PMSP-SMTUR/Fundo Municipal de Turismo-FUTUR,2025,5,
08.1.759.1297,FEMA - PMSP-SVMA/SNUC LEI 9985 - PNM Fazenda do Carmo,2025,5,
08.1.759.1301,FEMA - PMSP/SVMA/SNUC LEI 9985 - RVS Anhanguera,2025,5,
08.1.759.1383,PMSP-SF/Fundo Especial para a Modernização da Adm. Tributária e da Adm,2025,5,
08.1.759.1386,Circuito das Compras - Pátio do Pari,2025,5,
08.1.759.1387,Fundo Municipal de Parques - FMP,2025,5,
08.1.759.1390,PMSP-SMDET/Fundo Municipal do Trabalho Emprego e Renda - FUNTER,2025,5,
08.1.759.1415,PMSP-SMDHC-Fundo Municipal de Combate a Fome-FUMCAF,2025,5,
08.1.759.1416,PMSP-SMDHC-Fundo Munic.de Abastecimento Alimentar de São Paulo-FAASP,2025,5,
08.1.759.1425,PMSP- SVMA/SNUC LEI 9985 - UC a definir,2025,5,
08.1.759.1491,PMSP-SMUL - AIU SETOR CENTRAL,2025,5,
08.1.759.1527,PMSP-SVMA/Parque Juliana de Carvalho Torres,2025,5,
08.1.759.1529,PMSP-SVMA - SNUC LEI 9985 - PNM Cabeceiras do Aricanduva,2025,5,
08.1.759.1625,PMSP-SMUL/AIU - Vila Andrade/FUNDURB,2025,5,
08.1.759.1626,PMSP-SMUL/AIU - Jurubatuba/FUNDURB,2025,5,
08.1.759.1627,PMSP-SMUL/AIU - Interlagos/FUNDURB,2025,5,
08.1.759.1629,PMSP-SMUL/AIU Vila Leopoldina-Villa Lobos/FUNDURB,2025,5,
08.1.759.1639,PMSP-SEHAB/FMSAI - Lei Nº 18.107,2025,5,
08.1.759.1655,PMSP-PGM/FEPGMSP/Lei 18.038-2023,2025,5,
08.1.759.1656,PGM/Escola Superior de Direito Público Municipal-Lei 18.038/2023,2025,5,
08.1.759.1692,PMSP-SMUL/AIU Arco Pinheiros/FUNDURB - 21.922-3,2025,5,
08.1.759.1693,PMSP- SVMA/SNUC LEI 9985 - PNM Cratera de Colônia,2025,5,
08.1.759.1694,PMSP- SVMA/SNUC LEI 9985 - PNM Itaim,2025,5,
08.1.759.1695,PMSP- SVMA/SNUC LEI 9985 - PNM Jaceguava,2025,5,
08.1.759.1786,PMSP-SMS/FMS/TRT- CEREST,2025,5,
08.1.759.1796,Repasse nº 970993/2025-Banco de Alimentos,2025,5,
08.1.759.1851,PMSP-SVMA/FEMA-Aquisições de Áreas Verdes,2025,5,
08.1.759.8004,CMSP - FECAM,2025,5,
08.1.759.8005,TCMSP - FEDTCMSP,2025,5,
08.1.759.8006,Fundo Municipal Limpeza Urbana,2025,5,
08.1.759.8011,Fundo Municipal de Habitação,2025,5,
08.1.799.0000,Código Genérico,2025,5,
08.1.799.0005,AMLURB - Arrecadações - Multa de Postura,2025,5,
08.1.799.0135,Operações Interligadas,2025,5,
08.1.799.0624,PMSP-SEHAB/OPERAÇÃO URBANA ÁGUA ESPRAIADA,2025,5,
08.1.799.0625,PMSP-SEHAB/OPERAÇÃO URBANA FARIA LIMA,2025,5,
08.1.799.0699,PMSP-SEHAB OUC AGUA BRANCA,2025,5,
08.1.799.0700,PMSP-SEHAB-OUC FARIA LIMA,2025,5,
08.1.799.0707,PMSP-SMDU/OUC AGUA ESPRAIADA CEPAC GERAL,2025,5,
08.1.799.0708,PMSP-SMDU/OUC FARIA LIMA - CEPAC -,2025,5,
08.1.799.0710,PMSP-SMDU/OU AGUA BRANCA - OUTORGA,2025,5,
08.1.799.0717,PMSP-SMDU/OUC FARIA LIMA - OUTORGA GERAL,2025,5,
08.1.799.0719,PMSP-SMDU/OUC CENTRO - CEPAC - GERAL,2025,5,
08.1.799.0948,PMSP-SMDU/OUC AGUA BRANCA/CEPAC,2025,5,
08.1.799.0963,PMSP-SMDU/OUC Água Branca-CEPAC,2025,5,
08.1.799.0964,PMSP-SMDU/OUC Água Branca-HIS/CEPAC,2025,5,
08.1.799.0983,PMSP-SNJ/Aprimoramento Intelectual-Decreto nº 52.726/11,2025,5,
08.1.799.1025,PMSP-SMDU/Remuneração SP-Urbanismo OUCAB,2025,5,
08.1.799.1350,PMSP- CEPAC OUC FARIA LIMA,2025,5,
08.1.799.1386,Circuito das Compras - Pátio do Pari,2025,5,
08.1.799.1426,PMSP-SMUL/OUC FARIA LIMA - CEPAC - GERAL,2025,5,
08.1.799.1427,PMSP-SMUL/OUC AGUA ESPRAIADA - CEPAC - GERAL,2025,5,
08.1.799.1428,PMSP-SMUL/OUC Água Branca-CEPAC,2025,5,
08.1.799.1429,PMSP-SMUL/OUC Água Branca-HIS/CEPAC,2025,5,
08.1.799.1430,PMSP-SMUL/Remuneração SP-Urbanismo OUCAB,2025,5,
08.1.799.1431,PMSP-SMUL/OUC AGUA BRANCA - OUTORGA GERAL,2025,5,
08.1.799.1432,PMSP-SMUL/OUC CENTRO - CEPAC-GERAL,2025,5,
08.1.799.1433,PMSP-SMUL/OUC FARIA LIMA - OUTORGA GERAL  ,2025,5,
08.1.799.1628,PMSP-SMUL/OUCBT Bairros do Tamanduateí - 21.468-X-CEPAC,2025,5,
08.1.799.1634,PMSP-SMUL/OUCBT-CEPAC/PATRIMÔNIO HISTÓRICO-LEILAO,2025,5,
08.1.799.1635,PMSP-SMUL/OUCBT-CEPAC/EQUIPAMENTOS PÚBLICOS-LEILÃO,2025,5,
08.1.799.1636,PMSP-SMUL/OUCBT-CEPAC/HIS-LEILÃO,2025,5,
08.1.799.1637,PMSP-SMUL/OUCBT- CEPAC- LEILÃO,2025,5,
08.1.799.8015,AMLURB - Arrecadações - Multa de Postura,2025,5,
08.1.799.9002,PMSP - Honorários Advocatícios - Procuradoria Geral do Município - Dec,2025,5,
08.1.899.9999,Fontes Restos/Migração-Saldo 2022,2025,5,
08.2.659.1092,PMSP-SMS-FMS-MULTAS LEG SANITÁRIA,2025,5,
08.2.659.1265,PMSP-FMS-COVID-19-DOACOES,2025,5,
08.2.659.1445,PMSP-SMS/FUNDO MUNICIPAL DE SAÚDE - 8.730-0,2025,5,
08.2.659.1543,PMSP/SMS/AUTO DE INFRAÇÃO/VIG COVISA-C/C 21.273-3,2025,5,
08.2.751.0253,PMSP-SIURB/Fundo Municipal de Iluminação Pública-FUNDIP,2025,5,
08.2.752.0626,PMSP-SMT/FUNDO MUNICIPAL DE DESENVOLVIMENTO DE TRANSITO,2025,5,
08.2.759.0021,PMSP - FEPAC,2025,5,
08.2.759.0081,PMSP - SMMA / Fundo Esp Meio Amb. Desenv. Sust - FEMA,2025,5,
08.2.759.0221,PMSP - FUNCOR - Fundo Municipal de Corredores Segregados Exclusivos pa,2025,5,
08.2.759.0402,PMSP-SMDU/ Fundo de Desenvolvimento Urbano-FUNDURB,2025,5,
08.2.759.0527,PMSP-SMC/FUNCAP-Fundo de Proteção do Patr Cultural e Amb Paulistano,2025,5,
08.2.759.0627,PMSP-SEME/FUNDO MUNICIPAL DE ESPORTES,2025,5,
08.2.759.0709,PMSP-SEHAB/Fundo Municipal de Saneamento Ambiental e Infraestrutura,2025,5,
08.2.759.0750,PMSP-SMC-FUNPATRI/Fundo Municipal de Preserv do Patr Histórico e Cult,2025,5,
08.2.759.0958,PMSP-SMDHC/FUMCAD,2025,5,
08.2.759.1183,PMSP-SMDHC/FUNDO MUNICIPAL DO IDOSO-FMI,2025,5,
08.2.759.1224,PMSP-SF/COADM-Fundo Municipal de Desenvolvimento Social-FMD,2025,5,
08.2.759.1282,PMSP-SMTUR/Fundo Municipal de Turismo-FUTUR,2025,5,
08.2.759.1297,PMSP-SVMA/SNUC LEI 9985 - PNM Fazenda do Carmo,2025,5,
08.2.759.1301,FEMA - PMSP/SVMA/SNUC LEI 9985 - RVS Anhanguera,2025,5,
08.2.759.1383,PMSP-SF/Fundo Especial para a Modernização da Adm. Tributária e da Adm,2025,5,
08.2.759.1416,PMSP-SMDHC-Fundo Munic. de Abastecimento Alimentar de São Paulo-FAASP,2025,5,
08.2.759.1527,PMSP-SVMA/Parque Juliana de Carvalho Torres,2025,5,
08.2.759.1693,PMSP- SVMA/SNUC LEI 9985 - PNM Cratera de Colônia,2025,5,
08.2.759.1694,PMSP- SVMA/SNUC LEI 9985 - PNM Itaim,2025,5,
08.2.759.1695,PMSP- SVMA/SNUC LEI 9985 - PNM Jaceguava,2025,5,
08.2.759.8004,CMSP - FECAM,2025,5,
08.2.759.8005,TCMSP - FEDTCMSP,2025,5,
08.2.759.8006,Fundo Municipal Limpeza Urbana,2025,5,
08.2.759.8011,Fundo Municipal de Habitação,2025,5,
08.2.759.8015,AMLURB - Arrecadações - Multa de Postura,2025,5,
08.2.799.0000,Código Genérico - RAEA (LOA),2025,5,
08.2.799.0135,Operações Interligadas,2025,5,
08.2.799.0624,PMSP-SEHAB/OPERAÇÃO URBANA ÁGUA ESPRAIADA,2025,5,
08.2.799.0625,PMSP-SEHAB/OPERAÇÃO URBANA FARIA LIMA,2025,5,
08.2.799.0699,PMSP-SEHAB OUC AGUA BRANCA,2025,5,
08.2.799.0700,PMSP-SEHAB-OUC FARIA LIMA,2025,5,
08.2.799.0707,PMSP-SMDU/OUC AGUA ESPRAIADA CEPAC GERAL,2025,5,
08.2.799.0708,PMSP-SMDU/OUC FARIA LIMA - CEPAC -,2025,5,
08.2.799.0710,PMSP-SMDU/OU AGUA BRANCA - OUTORGA,2025,5,
08.2.799.0717,PMSP-SMDU/OUC FARIA LIMA - OUTORGA GERAL,2025,5,
08.2.799.0719,PMSP-SMDU/OUC CENTRO - CEPAC - GERAL,2025,5,
08.2.799.0948,PMSP-SMDU/OUC AGUA BRANCA/CEPAC,2025,5,
08.2.799.0963,PMSP-SMDU/OUC Água Branca-CEPAC,2025,5,
08.2.799.0964,PMSP-SMDU/OUC Água Branca-HIS/CEPAC,2025,5,
08.2.799.0983,PMSP-SNJ/Aprimoramento Intelectual-Decreto nº 52.726/11,2025,5,
08.2.799.1430,PMSP-SMUL/Remuneração SP-Urbanismo OUCAB,2025,5,
08.2.799.8015,AMLURB - Arrecadações - Multa de Postura,2025,5,
08.2.799.9002,PMSP - Honorários Advocatícios - Procuradoria Geral do Município - Dec,2025,5,
08.2.899.9999,Fontes Restos/Migração-Saldo 2022,2025,5,
08.9.759.1656,PGM/Escola Superior de Direito Público Municipal-Lei 18.038/2023,2025,5,
09.1.501.9001,Outros Recursos não Vinculados,2025,5,
09.2.501.9001,Outros Recursos não Vinculados,2025,5,
10.1.755.0000,Código Genérico,2025,5,
10.1.755.1224,PMSP-SF/COADM-Fundo Municipal de Desenvolvimento Social-FMD,2025,5,
10.1.755.9001,Recursos de Alienação de Bens/Ativos - Administração Direta,2025,5,
10.1.756.0000,Código Genérico,2025,5,
10.1.756.8003,Recursos de Alienação de Bens/Ativos - Administração Indireta,2025,5,
10.1.799.9999,Fontes Restos/Migração-Saldo 2022,2025,5,
10.2.755.1224,PMSP-SF/COADM-Fundo Municipal de Desenvolvimento Social-FMD,2025,5,
10.2.755.9001,Recursos de Alienação de Bens/Ativos - Administração Direta,2025,5,
10.2.756.8003,Recursos de Alienação de Bens/Ativos - Administração Indireta,2025,5,
10.2.799.9999,Fontes Restos/Migração-Saldo 2022,2025,5,
11.1.757.1510,Depósitos Judiciais - Lcp 151,2025,5,
11.2.757.1510,Depósitos Judiciais - Lcp 151,2025,5,
12.1.862.9993,Recursos Extraorçamentários de Recursos Administrativos,2025,5,
12.1.862.9997,Recursos Extraorçamentários de Cauções e Garantias,2025,5,
12.1.869.9001,Outros recursos extraorçamentários,2025,5,
12.1.869.9994,Recursos Extraorçamentários de Créditos a Regularizar,2025,5,
12.1.869.9995,Recursos Extraorçamentários de Controle Depósitos Precatórios em Regim,2025,5,
12.1.869.9996,Recursos Extraorçamentários de Controle Depósitos Judiciais Lei 151/20,2025,5,
12.1.869.9998,Recursos Extraorçamentários de Cartões de Controle de Despesa,2025,5,
20.1.800.8012,Recursos de aportes periódicos - RPPS (LOM Art. 37 § 15),2025,5,
20.1.800.9001,Recursos vinculados ao RPPS - Fundo Capitalização Plano Previdenciário,2025,5,
20.1.801.9001,Recursos vinculados ao RPPS - Fundo em Repartição (Plano Financeiro),2025,5,
20.1.802.9001,Recursos vinculados ao RPPS - Taxa de Administração,2025,5,
20.2.800.8012,Recursos de aportes periódicos - RPPS (LOM Art. 37 § 15),2025,5,
20.2.800.9001,Recursos vinculados ao RPPS - Fundo em Capitalização (Plano Previdenci,2025,5,
20.2.801.9001,Recursos vinculados ao RPPS - Fundo em Repartição (Plano Financeiro),2025,5,
21.1.602.1168,FMS CUSTEIO SUS,2025,5,
21.1.706.1168,FMS CUSTEIO SUS,2025,5,
21.2.602.1168,FMS CUSTEIO SUS,2025,5,
21.2.706.1168,FMS CUSTEIO SUS,2025,5,
22.1.603.1185,FMS INVEST SUS,2025,5,
22.1.706.1185,FMS INVEST SUS,2025,5,
22.2.603.1185,FMS INVEST SUS,2025,5,
22.2.706.1185,FMS INVEST SUS,2025,5,
23.1.631.9999,Fontes Restos/Migração-Saldo 2022,2025,5,
23.2.631.9999,Fontes Restos/Migração-Saldo 2022,2025,5,
24.1.707.1281,"PMSP/SMS - AUXÍLIO FINANCEIRO - Lcp. 173, Ar. 5º, i, b",2025,5,
24.2.707.1281,"PMSP/SMS - AUXÍLIO FINANCEIRO - Lcp. 173, Ar. 5º, i, b",2025,5,
