codEmpresa,nomEmpresa,numReserva,codEmpenho,anoEmpenho,mesEmpenho,datEmpenho,codProcesso,numCpfCnpj,txtRazaoSocial,numContrato,anoContrato,codOrgao,txDescricaoOrgao,codUnidade,txDescricaoUnidade,codFuncao,txDescricaoFuncao,codSubFuncao,txDescricaoSubFuncao,codPrograma,txDescricaoPrograma,codProjetoAtividade,txDescricaoProjetoAtividade,codCategoria,txDescricaoCategoriaEconomica,codGrupo,txDescricaoGrupoDespesa,codModalidade,txDescricaoModalidade,codElemento,txDescricaoElemento,codFonteRecurso,txDescricaoFonteRecurso,codItemDespesa,txDescricaoItemDespesa,codSubElemento,txDescricaoSubElementoDespesa,valTotalEmpenhado,valAnuladoEmpenho,valEmpenhadoLiquido,valLiquidado,valPagoExercicio,valPagoRestos,anexos,codReferencia,codDestinacaoRecurso,codVinculacaoRecurso,codExeFonte,numeroOriginalContrato,_mesConsulta
01,PREFEITURA DO MUNICÍPIO DE SÃO PAULO,36933,57281,2020,7,08/07/2020 00:00:00,6012202000098257,57085201000156,J L ENGENHARIA E CONSTRUCAO LTDA,11086,2020,07,Fundo Municipal de Desenvolvimento Social,10,Fundo Municipal de Desenvolvimento Social,15,Urbanismo,452,Serviços Urbanos,3006,Direitos da pessoa com deficiência,1169,Reforma e Acessibilidade em Passeios Públicos - Programa de Metas 2.c,4,Despesas de Capital,4,Investimentos,90,Aplicações Diretas,39,Manutenção e Conservação de Bens Imóveis,08,Tesouro Municipal - Recursos Vinculados,1,Manutenção e Reformas de Bens Imóveis,1,Outros Serviços de Terceiros - Pessoa Jurídica,4338411.88,0.0,2389361.48,0.0,0.0,21459.83,"[{'siglaUnidadeMedida': 'UN', 'descricaoAnexo': 'Ata de Registros de Preços  nº 47/SMSUB/COGEL/2019 – LOTE X, objetivando a prestação de serviços para a readequação e manutenção dos passeios públicos – “calçadas”', 'qtdeAnexo': 1, 'valorUnitarioAnexo': 4338411.88}]",,,,,,7
01,PREFEITURA DO MUNICÍPIO DE SÃO PAULO,36933,57294,2020,7,08/07/2020 00:00:00,6012202000054934,07879965000145,CONSTRUTORA LETTIERI CORDARO LTDA,11088,2020,07,Fundo Municipal de Desenvolvimento Social,10,Fundo Municipal de Desenvolvimento Social,15,Urbanismo,452,Serviços Urbanos,3006,Direitos da pessoa com deficiência,1169,Reforma e Acessibilidade em Passeios Públicos - Programa de Metas 2.c,4,Despesas de Capital,4,Investimentos,90,Aplicações Diretas,39,Manutenção e Conservação de Bens Imóveis,08,Tesouro Municipal - Recursos Vinculados,1,Manutenção e Reformas de Bens Imóveis,1,Outros Serviços de Terceiros - Pessoa Jurídica,5164430.11,0.0,1643986.69,0.0,0.0,154141.98,"[{'siglaUnidadeMedida': 'UN', 'descricaoAnexo': 'Prestação de serviços para a readequação e manutenção dos passeios públicos - calçadas, ', 'qtdeAnexo': 1, 'valorUnitarioAnexo': 5164430.11}]",,,,,,7
01,PREFEITURA DO MUNICÍPIO DE SÃO PAULO,36933,57300,2020,7,08/07/2020 00:00:00,6012202000054926,07879965000145,CONSTRUTORA LETTIERI CORDARO LTDA,11091,2020,07,Fundo Municipal de Desenvolvimento Social,10,Fundo Municipal de Desenvolvimento Social,15,Urbanismo,452,Serviços Urbanos,3006,Direitos da pessoa com deficiência,1169,Reforma e Acessibilidade em Passeios Públicos - Programa de Metas 2.c,4,Despesas de Capital,4,Investimentos,90,Aplicações Diretas,39,Manutenção e Conservação de Bens Imóveis,08,Tesouro Municipal - Recursos Vinculados,1,Manutenção e Reformas de Bens Imóveis,1,Outros Serviços de Terceiros - Pessoa Jurídica,843197.9,0.0,451959.2,0.0,0.0,2312.09,"[{'siglaUnidadeMedida': 'UN', 'descricaoAnexo': 'Ata de Registros de Preços  nº 53/SMSUB/COGEL/2019 – LOTE XVI, objetivando a prestação de serviços para a readequação e manutenção dos passeios públicos – “calçadas”', 'qtdeAnexo': 1, 'valorUnitarioAnexo': 843197.9}]",,,,,,7
01,PREFEITURA DO MUNICÍPIO DE SÃO PAULO,36933,57485,2020,7,09/07/2020 00:00:00,6012202000000494,03101876000112,DB CONSTRUCOES LTDA,11195,2020,07,Fundo Municipal de Desenvolvimento Social,10,Fundo Municipal de Desenvolvimento Social,15,Urbanismo,452,Serviços Urbanos,3006,Direitos da pessoa com deficiência,1169,Reforma e Acessibilidade em Passeios Públicos - Programa de Metas 2.c,4,Despesas de Capital,4,Investimentos,90,Aplicações Diretas,39,Manutenção e Conservação de Bens Imóveis,08,Tesouro Municipal - Recursos Vinculados,1,Manutenção e Reformas de Bens Imóveis,1,Outros Serviços de Terceiros - Pessoa Jurídica,5845546.29,0.0,2413961.11,0.0,0.0,261423.57,"[{'siglaUnidadeMedida': 'UN ', 'descricaoAnexo': ' Ata de Registros de Preços  nº 41/SMSUB/COGEL/2019 – LOTE IV, objetivando a prestação de serviços para a readequação e manutenção dos passeios públicos – “calçadas”.', 'qtdeAnexo': 1, 'valorUnitarioAnexo': 5845546.29}]",,,,,,7
01,PREFEITURA DO MUNICÍPIO DE SÃO PAULO,36933,57546,2020,7,09/07/2020 00:00:00,6012202000182096,03101876000112,DB CONSTRUCOES LTDA,11199,2020,07,Fundo Municipal de Desenvolvimento Social,10,Fundo Municipal de Desenvolvimento Social,15,Urbanismo,452,Serviços Urbanos,3006,Direitos da pessoa com deficiência,1169,Reforma e Acessibilidade em Passeios Públicos - Programa de Metas 2.c,4,Despesas de Capital,4,Investimentos,90,Aplicações Diretas,39,Manutenção e Conservação de Bens Imóveis,08,Tesouro Municipal - Recursos Vinculados,1,Manutenção e Reformas de Bens Imóveis,1,Outros Serviços de Terceiros - Pessoa Jurídica,1910772.1,0.0,1363731.42,0.0,0.0,165347.78,"[{'siglaUnidadeMedida': 'UN', 'descricaoAnexo': 'Ata de Registros de Preços  nº 55/SMSUB/COGEL/2019 – LOTE XIX, objetivando a prestação de serviços para a readequação e manutenção dos passeios públicos – “calçadas”', 'qtdeAnexo': 1, 'valorUnitarioAnexo': 1910772.1}]",,,,,,7
01,PREFEITURA DO MUNICÍPIO DE SÃO PAULO,36933,57548,2020,7,09/07/2020 00:00:00,6012202000153061,03643992000163,BB ENGENHARIA E CONSTRUCOES S A,11200,2020,07,Fundo Municipal de Desenvolvimento Social,10,Fundo Municipal de Desenvolvimento Social,15,Urbanismo,452,Serviços Urbanos,3006,Direitos da pessoa com deficiência,1169,Reforma e Acessibilidade em Passeios Públicos - Programa de Metas 2.c,4,Despesas de Capital,4,Investimentos,90,Aplicações Diretas,39,Manutenção e Conservação de Bens Imóveis,08,Tesouro Municipal - Recursos Vinculados,1,Manutenção e Reformas de Bens Imóveis,1,Outros Serviços de Terceiros - Pessoa Jurídica,1284773.04,0.0,0.0,0.0,0.0,0.0,"[{'siglaUnidadeMedida': 'UN', 'descricaoAnexo': 'Ata de Registros de Preços  nº 48/SMSUB/COGEL/2019 – LOTE XI, objetivando a prestação de serviços para a readequação e manutenção dos passeios públicos – “calçadas”', 'qtdeAnexo': 1, 'valorUnitarioAnexo': 1284773.04}]",,,,,,7
01,PREFEITURA DO MUNICÍPIO DE SÃO PAULO,36933,57552,2020,7,09/07/2020 00:00:00,6012202000153029,03101876000112,DB CONSTRUCOES LTDA,11202,2020,07,Fundo Municipal de Desenvolvimento Social,10,Fundo Municipal de Desenvolvimento Social,15,Urbanismo,452,Serviços Urbanos,3006,Direitos da pessoa com deficiência,1169,Reforma e Acessibilidade em Passeios Públicos - Programa de Metas 2.c,4,Despesas de Capital,4,Investimentos,90,Aplicações Diretas,39,Manutenção e Conservação de Bens Imóveis,08,Tesouro Municipal - Recursos Vinculados,1,Manutenção e Reformas de Bens Imóveis,1,Outros Serviços de Terceiros - Pessoa Jurídica,4478774.08,0.0,0.0,0.0,0.0,0.0,"[{'siglaUnidadeMedida': 'UN', 'descricaoAnexo': 'Ata de Registros de Preços  nº 52/SMSUB/COGEL/2019 – LOTE XV, objetivando a prestação de serviços para a readequação e manutenção dos passeios públicos – “calçadas”', 'qtdeAnexo': 1, 'valorUnitarioAnexo': 4478774.08}]",,,,,,7
01,PREFEITURA DO MUNICÍPIO DE SÃO PAULO,36933,57554,2020,7,09/07/2020 00:00:00,6012202000152987,03101876000112,DB CONSTRUCOES LTDA,11204,2020,07,Fundo Municipal de Desenvolvimento Social,10,Fundo Municipal de Desenvolvimento Social,15,Urbanismo,452,Serviços Urbanos,3006,Direitos da pessoa com deficiência,1169,Reforma e Acessibilidade em Passeios Públicos - Programa de Metas 2.c,4,Despesas de Capital,4,Investimentos,90,Aplicações Diretas,39,Manutenção e Conservação de Bens Imóveis,08,Tesouro Municipal - Recursos Vinculados,1,Manutenção e Reformas de Bens Imóveis,1,Outros Serviços de Terceiros - Pessoa Jurídica,2115362.31,0.0,1646023.47,0.0,0.0,235173.27,"[{'siglaUnidadeMedida': 'UN', 'descricaoAnexo': 'Ata de Registros de Preços  nº 55/SMSUB/COGEL/2019 – LOTE XIX, objetivando a prestação de serviços para a readequação e manutenção dos passeios públicos – “calçadas”', 'qtdeAnexo': 1, 'valorUnitarioAnexo': 2115362.31}]",,,,,,7
01,PREFEITURA DO MUNICÍPIO DE SÃO PAULO,36933,59529,2020,7,13/07/2020 00:00:00,6012202000182070,03101876000112,DB CONSTRUCOES LTDA,11503,2020,07,Fundo Municipal de Desenvolvimento Social,10,Fundo Municipal de Desenvolvimento Social,15,Urbanismo,452,Serviços Urbanos,3006,Direitos da pessoa com deficiência,1169,Reforma e Acessibilidade em Passeios Públicos - Programa de Metas 2.c,4,Despesas de Capital,4,Investimentos,90,Aplicações Diretas,39,Manutenção e Conservação de Bens Imóveis,08,Tesouro Municipal - Recursos Vinculados,1,Manutenção e Reformas de Bens Imóveis,1,Outros Serviços de Terceiros - Pessoa Jurídica,2054992.45,0.0,911331.77,0.0,0.0,41455.29,"[{'siglaUnidadeMedida': 'UN', 'descricaoAnexo': ' Ata de Registros de Preços  nº 41/SMSUB/COGEL/2019 – LOTE IV, objetivando a prestação de serviços para a readequação e manutenção dos passeios públicos – “calçadas”,', 'qtdeAnexo': 1, 'valorUnitarioAnexo': 2054992.45}]",,,,,,7
01,PREFEITURA DO MUNICÍPIO DE SÃO PAULO,36933,61416,2020,7,22/07/2020 00:00:00,6012202000193551,03643992000163,BB ENGENHARIA E CONSTRUCOES S A,12832,2020,07,Fundo Municipal de Desenvolvimento Social,10,Fundo Municipal de Desenvolvimento Social,15,Urbanismo,452,Serviços Urbanos,3006,Direitos da pessoa com deficiência,1169,Reforma e Acessibilidade em Passeios Públicos - Programa de Metas 2.c,4,Despesas de Capital,4,Investimentos,90,Aplicações Diretas,39,Manutenção e Conservação de Bens Imóveis,08,Tesouro Municipal - Recursos Vinculados,1,Manutenção e Reformas de Bens Imóveis,1,Outros Serviços de Terceiros - Pessoa Jurídica,621488.97,0.0,542509.85,0.0,0.0,247000.73,"[{'siglaUnidadeMedida': 'UN', 'descricaoAnexo': ' Ata de Registros de Preços  nº 48/SMSUB/COGEL/2019 – LOTE XI, objetivando a prestação de serviços para a readequação e manutenção dos passeios públicos.', 'qtdeAnexo': 1, 'valorUnitarioAnexo': 621488.97}]",,,,,,7
01,PREFEITURA DO MUNICÍPIO DE SÃO PAULO,36933,61425,2020,7,22/07/2020 00:00:00,6012202000193527,01454603000126,JRA  EMPREENDIMENTOS E ENGENHARIA LTDA,12839,2020,07,Fundo Municipal de Desenvolvimento Social,10,Fundo Municipal de Desenvolvimento Social,15,Urbanismo,452,Serviços Urbanos,3006,Direitos da pessoa com deficiência,1169,Reforma e Acessibilidade em Passeios Públicos - Programa de Metas 2.c,4,Despesas de Capital,4,Investimentos,90,Aplicações Diretas,39,Manutenção e Conservação de Bens Imóveis,08,Tesouro Municipal - Recursos Vinculados,1,Manutenção e Reformas de Bens Imóveis,1,Outros Serviços de Terceiros - Pessoa Jurídica,4797604.37,0.0,2921114.96,0.0,0.0,86113.63,"[{'siglaUnidadeMedida': 'UN', 'descricaoAnexo': ' Ata de Registros de Preços  nº 48/SMSUB/COGEL/2019 – LOTE XI, objetivando a prestação de serviços para a readequação e manutenção dos passeios públicos.', 'qtdeAnexo': 1, 'valorUnitarioAnexo': 4797604.37}]",,,,,,7
01,PREFEITURA DO MUNICÍPIO DE SÃO PAULO,36933,63644,2020,7,29/07/2020 00:00:00,6012202000193543,56838949000110,CONSTRUTORA PROGREDIOR LTDA,14069,2020,07,Fundo Municipal de Desenvolvimento Social,10,Fundo Municipal de Desenvolvimento Social,15,Urbanismo,452,Serviços Urbanos,3006,Direitos da pessoa com deficiência,1169,Reforma e Acessibilidade em Passeios Públicos - Programa de Metas 2.c,4,Despesas de Capital,4,Investimentos,90,Aplicações Diretas,39,Manutenção e Conservação de Bens Imóveis,08,Tesouro Municipal - Recursos Vinculados,1,Manutenção e Reformas de Bens Imóveis,1,Outros Serviços de Terceiros - Pessoa Jurídica,1499666.63,0.0,1282477.72,0.0,0.0,0.0,"[{'siglaUnidadeMedida': 'UN', 'descricaoAnexo': 'PRESTAÇÃO DE SERVIÇOS PARA A READEQUAÇÃO E MANUTENÇÃO DOS PASSEIOS PÚBLICOS – “CALÇADAS”.\n \n', 'qtdeAnexo': 1, 'valorUnitarioAnexo': 1499666.63}]",,,,,,7
01,PREFEITURA DO MUNICÍPIO DE SÃO PAULO,36933,64227,2020,7,30/07/2020 00:00:00,6012202000193535,53640280000169,ENGENHARIA E COMERCIO RIGEL LTDA,14192,2020,07,Fundo Municipal de Desenvolvimento Social,10,Fundo Municipal de Desenvolvimento Social,15,Urbanismo,452,Serviços Urbanos,3006,Direitos da pessoa com deficiência,1169,Reforma e Acessibilidade em Passeios Públicos - Programa de Metas 2.c,4,Despesas de Capital,4,Investimentos,90,Aplicações Diretas,39,Manutenção e Conservação de Bens Imóveis,08,Tesouro Municipal - Recursos Vinculados,1,Manutenção e Reformas de Bens Imóveis,1,Outros Serviços de Terceiros - Pessoa Jurídica,2522717.85,0.0,759927.79,0.0,0.0,759927.79,"[{'siglaUnidadeMedida': 'UN', 'descricaoAnexo': ' Prestação de serviços para a readequação e manutenção dos passeios públicos – “calçadas', 'qtdeAnexo': 1, 'valorUnitarioAnexo': 2522717.85}]",,,,,,7
01,PREFEITURA DO MUNICÍPIO DE SÃO PAULO,36933,57281,2020,7,08/07/2020 00:00:00,6012202000098257,57085201000156,J L ENGENHARIA E CONSTRUCAO LTDA,11086,2020,07,Fundo Municipal de Desenvolvimento Social,10,Fundo Municipal de Desenvolvimento Social,15,Urbanismo,452,Serviços Urbanos,3006,Direitos da pessoa com deficiência,1169,Reforma e Acessibilidade em Passeios Públicos - Programa de Metas 2.c,4,Despesas de Capital,4,Investimentos,90,Aplicações Diretas,39,Manutenção e Conservação de Bens Imóveis,08,Tesouro Municipal - Recursos Vinculados,1,Manutenção e Reformas de Bens Imóveis,1,Outros Serviços de Terceiros - Pessoa Jurídica,4338411.88,0.0,2389361.48,0.0,0.0,21459.83,"[{'siglaUnidadeMedida': 'UN', 'descricaoAnexo': 'Ata de Registros de Preços  nº 47/SMSUB/COGEL/2019 – LOTE X, objetivando a prestação de serviços para a readequação e manutenção dos passeios públicos – “calçadas”', 'qtdeAnexo': 1, 'valorUnitarioAnexo': 4338411.88}]",,,,,,8
01,PREFEITURA DO MUNICÍPIO DE SÃO PAULO,36933,57294,2020,7,08/07/2020 00:00:00,6012202000054934,07879965000145,CONSTRUTORA LETTIERI CORDARO LTDA,11088,2020,07,Fundo Municipal de Desenvolvimento Social,10,Fundo Municipal de Desenvolvimento Social,15,Urbanismo,452,Serviços Urbanos,3006,Direitos da pessoa com deficiência,1169,Reforma e Acessibilidade em Passeios Públicos - Programa de Metas 2.c,4,Despesas de Capital,4,Investimentos,90,Aplicações Diretas,39,Manutenção e Conservação de Bens Imóveis,08,Tesouro Municipal - Recursos Vinculados,1,Manutenção e Reformas de Bens Imóveis,1,Outros Serviços de Terceiros - Pessoa Jurídica,5164430.11,0.0,1643986.69,0.0,0.0,154141.98,"[{'siglaUnidadeMedida': 'UN', 'descricaoAnexo': 'Prestação de serviços para a readequação e manutenção dos passeios públicos - calçadas, ', 'qtdeAnexo': 1, 'valorUnitarioAnexo': 5164430.11}]",,,,,,8
01,PREFEITURA DO MUNICÍPIO DE SÃO PAULO,36933,57300,2020,7,08/07/2020 00:00:00,6012202000054926,07879965000145,CONSTRUTORA LETTIERI CORDARO LTDA,11091,2020,07,Fundo Municipal de Desenvolvimento Social,10,Fundo Municipal de Desenvolvimento Social,15,Urbanismo,452,Serviços Urbanos,3006,Direitos da pessoa com deficiência,1169,Reforma e Acessibilidade em Passeios Públicos - Programa de Metas 2.c,4,Despesas de Capital,4,Investimentos,90,Aplicações Diretas,39,Manutenção e Conservação de Bens Imóveis,08,Tesouro Municipal - Recursos Vinculados,1,Manutenção e Reformas de Bens Imóveis,1,Outros Serviços de Terceiros - Pessoa Jurídica,843197.9,0.0,451959.2,0.0,0.0,2312.09,"[{'siglaUnidadeMedida': 'UN', 'descricaoAnexo': 'Ata de Registros de Preços  nº 53/SMSUB/COGEL/2019 – LOTE XVI, objetivando a prestação de serviços para a readequação e manutenção dos passeios públicos – “calçadas”', 'qtdeAnexo': 1, 'valorUnitarioAnexo': 843197.9}]",,,,,,8
01,PREFEITURA DO MUNICÍPIO DE SÃO PAULO,36933,57485,2020,7,09/07/2020 00:00:00,6012202000000494,03101876000112,DB CONSTRUCOES LTDA,11195,2020,07,Fundo Municipal de Desenvolvimento Social,10,Fundo Municipal de Desenvolvimento Social,15,Urbanismo,452,Serviços Urbanos,3006,Direitos da pessoa com deficiência,1169,Reforma e Acessibilidade em Passeios Públicos - Programa de Metas 2.c,4,Despesas de Capital,4,Investimentos,90,Aplicações Diretas,39,Manutenção e Conservação de Bens Imóveis,08,Tesouro Municipal - Recursos Vinculados,1,Manutenção e Reformas de Bens Imóveis,1,Outros Serviços de Terceiros - Pessoa Jurídica,5845546.29,0.0,2413961.11,1140264.97,1140264.97,261423.57,"[{'siglaUnidadeMedida': 'UN ', 'descricaoAnexo': ' Ata de Registros de Preços  nº 41/SMSUB/COGEL/2019 – LOTE IV, objetivando a prestação de serviços para a readequação e manutenção dos passeios públicos – “calçadas”.', 'qtdeAnexo': 1, 'valorUnitarioAnexo': 5845546.29}]",,,,,,8
01,PREFEITURA DO MUNICÍPIO DE SÃO PAULO,36933,57546,2020,7,09/07/2020 00:00:00,6012202000182096,03101876000112,DB CONSTRUCOES LTDA,11199,2020,07,Fundo Municipal de Desenvolvimento Social,10,Fundo Municipal de Desenvolvimento Social,15,Urbanismo,452,Serviços Urbanos,3006,Direitos da pessoa com deficiência,1169,Reforma e Acessibilidade em Passeios Públicos - Programa de Metas 2.c,4,Despesas de Capital,4,Investimentos,90,Aplicações Diretas,39,Manutenção e Conservação de Bens Imóveis,08,Tesouro Municipal - Recursos Vinculados,1,Manutenção e Reformas de Bens Imóveis,1,Outros Serviços de Terceiros - Pessoa Jurídica,1910772.1,0.0,1363731.42,531221.24,531221.24,165347.78,"[{'siglaUnidadeMedida': 'UN', 'descricaoAnexo': 'Ata de Registros de Preços  nº 55/SMSUB/COGEL/2019 – LOTE XIX, objetivando a prestação de serviços para a readequação e manutenção dos passeios públicos – “calçadas”', 'qtdeAnexo': 1, 'valorUnitarioAnexo': 1910772.1}]",,,,,,8
01,PREFEITURA DO MUNICÍPIO DE SÃO PAULO,36933,57548,2020,7,09/07/2020 00:00:00,6012202000153061,03643992000163,BB ENGENHARIA E CONSTRUCOES S A,11200,2020,07,Fundo Municipal de Desenvolvimento Social,10,Fundo Municipal de Desenvolvimento Social,15,Urbanismo,452,Serviços Urbanos,3006,Direitos da pessoa com deficiência,1169,Reforma e Acessibilidade em Passeios Públicos - Programa de Metas 2.c,4,Despesas de Capital,4,Investimentos,90,Aplicações Diretas,39,Manutenção e Conservação de Bens Imóveis,08,Tesouro Municipal - Recursos Vinculados,1,Manutenção e Reformas de Bens Imóveis,1,Outros Serviços de Terceiros - Pessoa Jurídica,1284773.04,1284773.04,0.0,0.0,0.0,0.0,"[{'siglaUnidadeMedida': 'UN', 'descricaoAnexo': 'Ata de Registros de Preços  nº 48/SMSUB/COGEL/2019 – LOTE XI, objetivando a prestação de serviços para a readequação e manutenção dos passeios públicos – “calçadas”', 'qtdeAnexo': 1, 'valorUnitarioAnexo': 1284773.04}]",,,,,,8
01,PREFEITURA DO MUNICÍPIO DE SÃO PAULO,36933,57552,2020,7,09/07/2020 00:00:00,6012202000153029,03101876000112,DB CONSTRUCOES LTDA,11202,2020,07,Fundo Municipal de Desenvolvimento Social,10,Fundo Municipal de Desenvolvimento Social,15,Urbanismo,452,Serviços Urbanos,3006,Direitos da pessoa com deficiência,1169,Reforma e Acessibilidade em Passeios Públicos - Programa de Metas 2.c,4,Despesas de Capital,4,Investimentos,90,Aplicações Diretas,39,Manutenção e Conservação de Bens Imóveis,08,Tesouro Municipal - Recursos Vinculados,1,Manutenção e Reformas de Bens Imóveis,1,Outros Serviços de Terceiros - Pessoa Jurídica,4478774.08,4478774.08,0.0,0.0,0.0,0.0,"[{'siglaUnidadeMedida': 'UN', 'descricaoAnexo': 'Ata de Registros de Preços  nº 52/SMSUB/COGEL/2019 – LOTE XV, objetivando a prestação de serviços para a readequação e manutenção dos passeios públicos – “calçadas”', 'qtdeAnexo': 1, 'valorUnitarioAnexo': 4478774.08}]",,,,,,8
01,PREFEITURA DO MUNICÍPIO DE SÃO PAULO,36933,57554,2020,7,09/07/2020 00:00:00,6012202000152987,03101876000112,DB CONSTRUCOES LTDA,11204,2020,07,Fundo Municipal de Desenvolvimento Social,10,Fundo Municipal de Desenvolvimento Social,15,Urbanismo,452,Serviços Urbanos,3006,Direitos da pessoa com deficiência,1169,Reforma e Acessibilidade em Passeios Públicos - Programa de Metas 2.c,4,Despesas de Capital,4,Investimentos,90,Aplicações Diretas,39,Manutenção e Conservação de Bens Imóveis,08,Tesouro Municipal - Recursos Vinculados,1,Manutenção e Reformas de Bens Imóveis,1,Outros Serviços de Terceiros - Pessoa Jurídica,2115362.31,0.0,1646023.47,528753.45,0.0,235173.27,"[{'siglaUnidadeMedida': 'UN', 'descricaoAnexo': 'Ata de Registros de Preços  nº 55/SMSUB/COGEL/2019 – LOTE XIX, objetivando a prestação de serviços para a readequação e manutenção dos passeios públicos – “calçadas”', 'qtdeAnexo': 1, 'valorUnitarioAnexo': 2115362.31}]",,,,,,8
01,PREFEITURA DO MUNICÍPIO DE SÃO PAULO,36933,59529,2020,7,13/07/2020 00:00:00,6012202000182070,03101876000112,DB CONSTRUCOES LTDA,11503,2020,07,Fundo Municipal de Desenvolvimento Social,10,Fundo Municipal de Desenvolvimento Social,15,Urbanismo,452,Serviços Urbanos,3006,Direitos da pessoa com deficiência,1169,Reforma e Acessibilidade em Passeios Públicos - Programa de Metas 2.c,4,Despesas de Capital,4,Investimentos,90,Aplicações Diretas,39,Manutenção e Conservação de Bens Imóveis,08,Tesouro Municipal - Recursos Vinculados,1,Manutenção e Reformas de Bens Imóveis,1,Outros Serviços de Terceiros - Pessoa Jurídica,2054992.45,0.0,911331.77,635152.35,0.0,41455.29,"[{'siglaUnidadeMedida': 'UN', 'descricaoAnexo': ' Ata de Registros de Preços  nº 41/SMSUB/COGEL/2019 – LOTE IV, objetivando a prestação de serviços para a readequação e manutenção dos passeios públicos – “calçadas”,', 'qtdeAnexo': 1, 'valorUnitarioAnexo': 2054992.45}]",,,,,,8
01,PREFEITURA DO MUNICÍPIO DE SÃO PAULO,36933,61416,2020,7,22/07/2020 00:00:00,6012202000193551,03643992000163,BB ENGENHARIA E CONSTRUCOES S A,12832,2020,07,Fundo Municipal de Desenvolvimento Social,10,Fundo Municipal de Desenvolvimento Social,15,Urbanismo,452,Serviços Urbanos,3006,Direitos da pessoa com deficiência,1169,Reforma e Acessibilidade em Passeios Públicos - Programa de Metas 2.c,4,Despesas de Capital,4,Investimentos,90,Aplicações Diretas,39,Manutenção e Conservação de Bens Imóveis,08,Tesouro Municipal - Recursos Vinculados,1,Manutenção e Reformas de Bens Imóveis,1,Outros Serviços de Terceiros - Pessoa Jurídica,621488.97,0.0,542509.85,196709.31,196709.31,247000.73,"[{'siglaUnidadeMedida': 'UN', 'descricaoAnexo': ' Ata de Registros de Preços  nº 48/SMSUB/COGEL/2019 – LOTE XI, objetivando a prestação de serviços para a readequação e manutenção dos passeios públicos.', 'qtdeAnexo': 1, 'valorUnitarioAnexo': 621488.97}]",,,,,,8
01,PREFEITURA DO MUNICÍPIO DE SÃO PAULO,36933,61425,2020,7,22/07/2020 00:00:00,6012202000193527,01454603000126,JRA  EMPREENDIMENTOS E ENGENHARIA LTDA,12839,2020,07,Fundo Municipal de Desenvolvimento Social,10,Fundo Municipal de Desenvolvimento Social,15,Urbanismo,452,Serviços Urbanos,3006,Direitos da pessoa com deficiência,1169,Reforma e Acessibilidade em Passeios Públicos - Programa de Metas 2.c,4,Despesas de Capital,4,Investimentos,90,Aplicações Diretas,39,Manutenção e Conservação de Bens Imóveis,08,Tesouro Municipal - Recursos Vinculados,1,Manutenção e Reformas de Bens Imóveis,1,Outros Serviços de Terceiros - Pessoa Jurídica,4797604.37,0.0,2921114.96,1093160.89,1093160.89,86113.63,"[{'siglaUnidadeMedida': 'UN', 'descricaoAnexo': ' Ata de Registros de Preços  nº 48/SMSUB/COGEL/2019 – LOTE XI, objetivando a prestação de serviços para a readequação e manutenção dos passeios públicos.', 'qtdeAnexo': 1, 'valorUnitarioAnexo': 4797604.37}]",,,,,,8
01,PREFEITURA DO MUNICÍPIO DE SÃO PAULO,36933,63644,2020,7,29/07/2020 00:00:00,6012202000193543,56838949000110,CONSTRUTORA PROGREDIOR LTDA,14069,2020,07,Fundo Municipal de Desenvolvimento Social,10,Fundo Municipal de Desenvolvimento Social,15,Urbanismo,452,Serviços Urbanos,3006,Direitos da pessoa com deficiência,1169,Reforma e Acessibilidade em Passeios Públicos - Programa de Metas 2.c,4,Despesas de Capital,4,Investimentos,90,Aplicações Diretas,39,Manutenção e Conservação de Bens Imóveis,08,Tesouro Municipal - Recursos Vinculados,1,Manutenção e Reformas de Bens Imóveis,1,Outros Serviços de Terceiros - Pessoa Jurídica,1499666.63,0.0,1282477.72,0.0,0.0,0.0,"[{'siglaUnidadeMedida': 'UN', 'descricaoAnexo': 'PRESTAÇÃO DE SERVIÇOS PARA A READEQUAÇÃO E MANUTENÇÃO DOS PASSEIOS PÚBLICOS – “CALÇADAS”.\n \n', 'qtdeAnexo': 1, 'valorUnitarioAnexo': 1499666.63}]",,,,,,8
01,PREFEITURA DO MUNICÍPIO DE SÃO PAULO,36933,64227,2020,7,30/07/2020 00:00:00,6012202000193535,53640280000169,ENGENHARIA E COMERCIO RIGEL LTDA,14192,2020,07,Fundo Municipal de Desenvolvimento Social,10,Fundo Municipal de Desenvolvimento Social,15,Urbanismo,452,Serviços Urbanos,3006,Direitos da pessoa com deficiência,1169,Reforma e Acessibilidade em Passeios Públicos - Programa de Metas 2.c,4,Despesas de Capital,4,Investimentos,90,Aplicações Diretas,39,Manutenção e Conservação de Bens Imóveis,08,Tesouro Municipal - Recursos Vinculados,1,Manutenção e Reformas de Bens Imóveis,1,Outros Serviços de Terceiros - Pessoa Jurídica,2522717.85,0.0,759927.79,0.0,0.0,759927.79,"[{'siglaUnidadeMedida': 'UN', 'descricaoAnexo': ' Prestação de serviços para a readequação e manutenção dos passeios públicos – “calçadas', 'qtdeAnexo': 1, 'valorUnitarioAnexo': 2522717.85}]",,,,,,8
01,PREFEITURA DO MUNICÍPIO DE SÃO PAULO,36933,57281,2020,7,08/07/2020 00:00:00,6012202000098257,57085201000156,J L ENGENHARIA E CONSTRUCAO LTDA,11086,2020,07,Fundo Municipal de Desenvolvimento Social,10,Fundo Municipal de Desenvolvimento Social,15,Urbanismo,452,Serviços Urbanos,3006,Direitos da pessoa com deficiência,1169,Reforma e Acessibilidade em Passeios Públicos - Programa de Metas 2.c,4,Despesas de Capital,4,Investimentos,90,Aplicações Diretas,39,Manutenção e Conservação de Bens Imóveis,08,Tesouro Municipal - Recursos Vinculados,1,Manutenção e Reformas de Bens Imóveis,1,Outros Serviços de Terceiros - Pessoa Jurídica,4338411.88,0.0,2389361.48,923210.59,923210.59,21459.83,"[{'siglaUnidadeMedida': 'UN', 'descricaoAnexo': 'Ata de Registros de Preços  nº 47/SMSUB/COGEL/2019 – LOTE X, objetivando a prestação de serviços para a readequação e manutenção dos passeios públicos – “calçadas”', 'qtdeAnexo': 1, 'valorUnitarioAnexo': 4338411.88}]",,,,,,9
01,PREFEITURA DO MUNICÍPIO DE SÃO PAULO,36933,57294,2020,7,08/07/2020 00:00:00,6012202000054934,07879965000145,CONSTRUTORA LETTIERI CORDARO LTDA,11088,2020,07,Fundo Municipal de Desenvolvimento Social,10,Fundo Municipal de Desenvolvimento Social,15,Urbanismo,452,Serviços Urbanos,3006,Direitos da pessoa com deficiência,1169,Reforma e Acessibilidade em Passeios Públicos - Programa de Metas 2.c,4,Despesas de Capital,4,Investimentos,90,Aplicações Diretas,39,Manutenção e Conservação de Bens Imóveis,08,Tesouro Municipal - Recursos Vinculados,1,Manutenção e Reformas de Bens Imóveis,1,Outros Serviços de Terceiros - Pessoa Jurídica,5164430.11,0.0,1643986.69,431645.31,431645.31,154141.98,"[{'siglaUnidadeMedida': 'UN', 'descricaoAnexo': 'Prestação de serviços para a readequação e manutenção dos passeios públicos - calçadas, ', 'qtdeAnexo': 1, 'valorUnitarioAnexo': 5164430.11}]",,,,,,9
01,PREFEITURA DO MUNICÍPIO DE SÃO PAULO,36933,57300,2020,7,08/07/2020 00:00:00,6012202000054926,07879965000145,CONSTRUTORA LETTIERI CORDARO LTDA,11091,2020,07,Fundo Municipal de Desenvolvimento Social,10,Fundo Municipal de Desenvolvimento Social,15,Urbanismo,452,Serviços Urbanos,3006,Direitos da pessoa com deficiência,1169,Reforma e Acessibilidade em Passeios Públicos - Programa de Metas 2.c,4,Despesas de Capital,4,Investimentos,90,Aplicações Diretas,39,Manutenção e Conservação de Bens Imóveis,08,Tesouro Municipal - Recursos Vinculados,1,Manutenção e Reformas de Bens Imóveis,1,Outros Serviços de Terceiros - Pessoa Jurídica,843197.9,0.0,451959.2,173258.05,43496.46,2312.09,"[{'siglaUnidadeMedida': 'UN', 'descricaoAnexo': 'Ata de Registros de Preços  nº 53/SMSUB/COGEL/2019 – LOTE XVI, objetivando a prestação de serviços para a readequação e manutenção dos passeios públicos – “calçadas”', 'qtdeAnexo': 1, 'valorUnitarioAnexo': 843197.9}]",,,,,,9
01,PREFEITURA DO MUNICÍPIO DE SÃO PAULO,36933,57485,2020,7,09/07/2020 00:00:00,6012202000000494,03101876000112,DB CONSTRUCOES LTDA,11195,2020,07,Fundo Municipal de Desenvolvimento Social,10,Fundo Municipal de Desenvolvimento Social,15,Urbanismo,452,Serviços Urbanos,3006,Direitos da pessoa com deficiência,1169,Reforma e Acessibilidade em Passeios Públicos - Programa de Metas 2.c,4,Despesas de Capital,4,Investimentos,90,Aplicações Diretas,39,Manutenção e Conservação de Bens Imóveis,08,Tesouro Municipal - Recursos Vinculados,1,Manutenção e Reformas de Bens Imóveis,1,Outros Serviços de Terceiros - Pessoa Jurídica,5845546.29,0.0,2413961.11,1140264.97,1140264.97,261423.57,"[{'siglaUnidadeMedida': 'UN ', 'descricaoAnexo': ' Ata de Registros de Preços  nº 41/SMSUB/COGEL/2019 – LOTE IV, objetivando a prestação de serviços para a readequação e manutenção dos passeios públicos – “calçadas”.', 'qtdeAnexo': 1, 'valorUnitarioAnexo': 5845546.29}]",,,,,,9
01,PREFEITURA DO MUNICÍPIO DE SÃO PAULO,36933,57546,2020,7,09/07/2020 00:00:00,6012202000182096,03101876000112,DB CONSTRUCOES LTDA,11199,2020,07,Fundo Municipal de Desenvolvimento Social,10,Fundo Municipal de Desenvolvimento Social,15,Urbanismo,452,Serviços Urbanos,3006,Direitos da pessoa com deficiência,1169,Reforma e Acessibilidade em Passeios Públicos - Programa de Metas 2.c,4,Despesas de Capital,4,Investimentos,90,Aplicações Diretas,39,Manutenção e Conservação de Bens Imóveis,08,Tesouro Municipal - Recursos Vinculados,1,Manutenção e Reformas de Bens Imóveis,1,Outros Serviços de Terceiros - Pessoa Jurídica,1910772.1,0.0,1363731.42,531221.24,531221.24,165347.78,"[{'siglaUnidadeMedida': 'UN', 'descricaoAnexo': 'Ata de Registros de Preços  nº 55/SMSUB/COGEL/2019 – LOTE XIX, objetivando a prestação de serviços para a readequação e manutenção dos passeios públicos – “calçadas”', 'qtdeAnexo': 1, 'valorUnitarioAnexo': 1910772.1}]",,,,,,9
01,PREFEITURA DO MUNICÍPIO DE SÃO PAULO,36933,57548,2020,7,09/07/2020 00:00:00,6012202000153061,03643992000163,BB ENGENHARIA E CONSTRUCOES S A,11200,2020,07,Fundo Municipal de Desenvolvimento Social,10,Fundo Municipal de Desenvolvimento Social,15,Urbanismo,452,Serviços Urbanos,3006,Direitos da pessoa com deficiência,1169,Reforma e Acessibilidade em Passeios Públicos - Programa de Metas 2.c,4,Despesas de Capital,4,Investimentos,90,Aplicações Diretas,39,Manutenção e Conservação de Bens Imóveis,08,Tesouro Municipal - Recursos Vinculados,1,Manutenção e Reformas de Bens Imóveis,1,Outros Serviços de Terceiros - Pessoa Jurídica,1284773.04,1284773.04,0.0,0.0,0.0,0.0,"[{'siglaUnidadeMedida': 'UN', 'descricaoAnexo': 'Ata de Registros de Preços  nº 48/SMSUB/COGEL/2019 – LOTE XI, objetivando a prestação de serviços para a readequação e manutenção dos passeios públicos – “calçadas”', 'qtdeAnexo': 1, 'valorUnitarioAnexo': 1284773.04}]",,,,,,9
01,PREFEITURA DO MUNICÍPIO DE SÃO PAULO,36933,57552,2020,7,09/07/2020 00:00:00,6012202000153029,03101876000112,DB CONSTRUCOES LTDA,11202,2020,07,Fundo Municipal de Desenvolvimento Social,10,Fundo Municipal de Desenvolvimento Social,15,Urbanismo,452,Serviços Urbanos,3006,Direitos da pessoa com deficiência,1169,Reforma e Acessibilidade em Passeios Públicos - Programa de Metas 2.c,4,Despesas de Capital,4,Investimentos,90,Aplicações Diretas,39,Manutenção e Conservação de Bens Imóveis,08,Tesouro Municipal - Recursos Vinculados,1,Manutenção e Reformas de Bens Imóveis,1,Outros Serviços de Terceiros - Pessoa Jurídica,4478774.08,4478774.08,0.0,0.0,0.0,0.0,"[{'siglaUnidadeMedida': 'UN', 'descricaoAnexo': 'Ata de Registros de Preços  nº 52/SMSUB/COGEL/2019 – LOTE XV, objetivando a prestação de serviços para a readequação e manutenção dos passeios públicos – “calçadas”', 'qtdeAnexo': 1, 'valorUnitarioAnexo': 4478774.08}]",,,,,,9
01,PREFEITURA DO MUNICÍPIO DE SÃO PAULO,36933,57554,2020,7,09/07/2020 00:00:00,6012202000152987,03101876000112,DB CONSTRUCOES LTDA,11204,2020,07,Fundo Municipal de Desenvolvimento Social,10,Fundo Municipal de Desenvolvimento Social,15,Urbanismo,452,Serviços Urbanos,3006,Direitos da pessoa com deficiência,1169,Reforma e Acessibilidade em Passeios Públicos - Programa de Metas 2.c,4,Despesas de Capital,4,Investimentos,90,Aplicações Diretas,39,Manutenção e Conservação de Bens Imóveis,08,Tesouro Municipal - Recursos Vinculados,1,Manutenção e Reformas de Bens Imóveis,1,Outros Serviços de Terceiros - Pessoa Jurídica,2115362.31,0.0,1646023.47,528753.45,528753.45,235173.27,"[{'siglaUnidadeMedida': 'UN', 'descricaoAnexo': 'Ata de Registros de Preços  nº 55/SMSUB/COGEL/2019 – LOTE XIX, objetivando a prestação de serviços para a readequação e manutenção dos passeios públicos – “calçadas”', 'qtdeAnexo': 1, 'valorUnitarioAnexo': 2115362.31}]",,,,,,9
01,PREFEITURA DO MUNICÍPIO DE SÃO PAULO,36933,59529,2020,7,13/07/2020 00:00:00,6012202000182070,03101876000112,DB CONSTRUCOES LTDA,11503,2020,07,Fundo Municipal de Desenvolvimento Social,10,Fundo Municipal de Desenvolvimento Social,15,Urbanismo,452,Serviços Urbanos,3006,Direitos da pessoa com deficiência,1169,Reforma e Acessibilidade em Passeios Públicos - Programa de Metas 2.c,4,Despesas de Capital,4,Investimentos,90,Aplicações Diretas,39,Manutenção e Conservação de Bens Imóveis,08,Tesouro Municipal - Recursos Vinculados,1,Manutenção e Reformas de Bens Imóveis,1,Outros Serviços de Terceiros - Pessoa Jurídica,2054992.45,0.0,911331.77,635152.35,635152.35,41455.29,"[{'siglaUnidadeMedida': 'UN', 'descricaoAnexo': ' Ata de Registros de Preços  nº 41/SMSUB/COGEL/2019 – LOTE IV, objetivando a prestação de serviços para a readequação e manutenção dos passeios públicos – “calçadas”,', 'qtdeAnexo': 1, 'valorUnitarioAnexo': 2054992.45}]",,,,,,9
01,PREFEITURA DO MUNICÍPIO DE SÃO PAULO,36933,61416,2020,7,22/07/2020 00:00:00,6012202000193551,03643992000163,BB ENGENHARIA E CONSTRUCOES S A,12832,2020,07,Fundo Municipal de Desenvolvimento Social,10,Fundo Municipal de Desenvolvimento Social,15,Urbanismo,452,Serviços Urbanos,3006,Direitos da pessoa com deficiência,1169,Reforma e Acessibilidade em Passeios Públicos - Programa de Metas 2.c,4,Despesas de Capital,4,Investimentos,90,Aplicações Diretas,39,Manutenção e Conservação de Bens Imóveis,08,Tesouro Municipal - Recursos Vinculados,1,Manutenção e Reformas de Bens Imóveis,1,Outros Serviços de Terceiros - Pessoa Jurídica,621488.97,0.0,542509.85,196709.31,196709.31,247000.73,"[{'siglaUnidadeMedida': 'UN', 'descricaoAnexo': ' Ata de Registros de Preços  nº 48/SMSUB/COGEL/2019 – LOTE XI, objetivando a prestação de serviços para a readequação e manutenção dos passeios públicos.', 'qtdeAnexo': 1, 'valorUnitarioAnexo': 621488.97}]",,,,,,9
01,PREFEITURA DO MUNICÍPIO DE SÃO PAULO,36933,61425,2020,7,22/07/2020 00:00:00,6012202000193527,01454603000126,JRA  EMPREENDIMENTOS E ENGENHARIA LTDA,12839,2020,07,Fundo Municipal de Desenvolvimento Social,10,Fundo Municipal de Desenvolvimento Social,15,Urbanismo,452,Serviços Urbanos,3006,Direitos da pessoa com deficiência,1169,Reforma e Acessibilidade em Passeios Públicos - Programa de Metas 2.c,4,Despesas de Capital,4,Investimentos,90,Aplicações Diretas,39,Manutenção e Conservação de Bens Imóveis,08,Tesouro Municipal - Recursos Vinculados,1,Manutenção e Reformas de Bens Imóveis,1,Outros Serviços de Terceiros - Pessoa Jurídica,4797604.37,0.0,2921114.96,1780123.66,1093160.89,86113.63,"[{'siglaUnidadeMedida': 'UN', 'descricaoAnexo': ' Ata de Registros de Preços  nº 48/SMSUB/COGEL/2019 – LOTE XI, objetivando a prestação de serviços para a readequação e manutenção dos passeios públicos.', 'qtdeAnexo': 1, 'valorUnitarioAnexo': 4797604.37}]",,,,,,9
01,PREFEITURA DO MUNICÍPIO DE SÃO PAULO,36933,63644,2020,7,29/07/2020 00:00:00,6012202000193543,56838949000110,CONSTRUTORA PROGREDIOR LTDA,14069,2020,07,Fundo Municipal de Desenvolvimento Social,10,Fundo Municipal de Desenvolvimento Social,15,Urbanismo,452,Serviços Urbanos,3006,Direitos da pessoa com deficiência,1169,Reforma e Acessibilidade em Passeios Públicos - Programa de Metas 2.c,4,Despesas de Capital,4,Investimentos,90,Aplicações Diretas,39,Manutenção e Conservação de Bens Imóveis,08,Tesouro Municipal - Recursos Vinculados,1,Manutenção e Reformas de Bens Imóveis,1,Outros Serviços de Terceiros - Pessoa Jurídica,1499666.63,0.0,1282477.72,0.0,0.0,0.0,"[{'siglaUnidadeMedida': 'UN', 'descricaoAnexo': 'PRESTAÇÃO DE SERVIÇOS PARA A READEQUAÇÃO E MANUTENÇÃO DOS PASSEIOS PÚBLICOS – “CALÇADAS”.\n \n', 'qtdeAnexo': 1, 'valorUnitarioAnexo': 1499666.63}]",,,,,,9
01,PREFEITURA DO MUNICÍPIO DE SÃO PAULO,36933,64227,2020,7,30/07/2020 00:00:00,6012202000193535,53640280000169,ENGENHARIA E COMERCIO RIGEL LTDA,14192,2020,07,Fundo Municipal de Desenvolvimento Social,10,Fundo Municipal de Desenvolvimento Social,15,Urbanismo,452,Serviços Urbanos,3006,Direitos da pessoa com deficiência,1169,Reforma e Acessibilidade em Passeios Públicos - Programa de Metas 2.c,4,Despesas de Capital,4,Investimentos,90,Aplicações Diretas,39,Manutenção e Conservação de Bens Imóveis,08,Tesouro Municipal - Recursos Vinculados,1,Manutenção e Reformas de Bens Imóveis,1,Outros Serviços de Terceiros - Pessoa Jurídica,2522717.85,0.0,759927.79,0.0,0.0,759927.79,"[{'siglaUnidadeMedida': 'UN', 'descricaoAnexo': ' Prestação de serviços para a readequação e manutenção dos passeios públicos – “calçadas', 'qtdeAnexo': 1, 'valorUnitarioAnexo': 2522717.85}]",,,,,,9
01,PREFEITURA DO MUNICÍPIO DE SÃO PAULO,47747,72683,2020,9,01/09/2020 00:00:00,6020201900118756,47902648000117,COMPANHIA DE ENGENHARIA DE TRAFEGO - CET,1706,2020,07,Fundo Municipal de Desenvolvimento Social,10,Fundo Municipal de Desenvolvimento Social,26,Transporte,785,Transportes Especiais,3009,Melhoria da mobilidade urbana universal,1097,"Construção de Ciclovias, Ciclofaixas e Ciclorrotas - Programa de Metas",4,Despesas de Capital,4,Investimentos,90,Aplicações Diretas,39,Outros Serviços de Terceiros - Pessoa Jurídica,08,Tesouro Municipal - Recursos Vinculados,1,CET,9,Outros Serviços de Terceiros - Pessoa Jurídica,36595179.9,0.0,11723669.9,333998.42,0.0,3208144.2,"[{'siglaUnidadeMedida': 'SER', 'descricaoAnexo': ' 3º Termo de Aditamento ao Contrato nº 01/2020-SMT', 'qtdeAnexo': 1, 'valorUnitarioAnexo': 36595179.9}]",,,,,,9
01,PREFEITURA DO MUNICÍPIO DE SÃO PAULO,47748,72684,2020,9,01/09/2020 00:00:00,6020201900118756,47902648000117,COMPANHIA DE ENGENHARIA DE TRAFEGO - CET,1706,2020,07,Fundo Municipal de Desenvolvimento Social,10,Fundo Municipal de Desenvolvimento Social,15,Urbanismo,451,Infra-Estrutura Urbana,3009,Melhoria da mobilidade urbana universal,5417,Projetos de Mobilidade Urbana Oriundos de Recursos de Desestatizações ,4,Despesas de Capital,4,Investimentos,90,Aplicações Diretas,39,Outros Serviços de Terceiros - Pessoa Jurídica,08,Tesouro Municipal - Recursos Vinculados,1,CET,9,Outros Serviços de Terceiros - Pessoa Jurídica,23777457.64,0.0,3927816.54,13030.92,0.0,1276663.32,"[{'siglaUnidadeMedida': 'SER', 'descricaoAnexo': ' 3º Termo de Aditamento ao Contrato nº 01/2020-SMT', 'qtdeAnexo': 1, 'valorUnitarioAnexo': 23777457.64}]",,,,,,9
01,PREFEITURA DO MUNICÍPIO DE SÃO PAULO,47749,72686,2020,9,01/09/2020 00:00:00,6020201900118756,47902648000117,COMPANHIA DE ENGENHARIA DE TRAFEGO - CET,1706,2020,07,Fundo Municipal de Desenvolvimento Social,10,Fundo Municipal de Desenvolvimento Social,15,Urbanismo,452,Serviços Urbanos,3022,Requalificação e promoção da ocupação dos espaços públicos,1137,Pavimentação e Recapeamento de Vias - Programa de Metas 3.a,4,Despesas de Capital,4,Investimentos,90,Aplicações Diretas,39,Outros Serviços de Terceiros - Pessoa Jurídica,08,Tesouro Municipal - Recursos Vinculados,1,CET,9,Outros Serviços de Terceiros - Pessoa Jurídica,11135947.99,0.0,3520939.15,736089.13,0.0,319221.48,"[{'siglaUnidadeMedida': 'SER', 'descricaoAnexo': ' 3º Termo de Aditamento ao Contrato nº 01/2020-SMT', 'qtdeAnexo': 1, 'valorUnitarioAnexo': 11135947.99}]",,,,,,9
01,PREFEITURA DO MUNICÍPIO DE SÃO PAULO,48606,72982,2020,9,01/09/2020 00:00:00,7610202000017749,33113646000134,HABITA LOTE 12 SA,16630,2020,07,Fundo Municipal de Desenvolvimento Social,10,Fundo Municipal de Desenvolvimento Social,26,Transporte,785,Transportes Especiais,3009,Melhoria da mobilidade urbana universal,1097,"Construção de Ciclovias, Ciclofaixas e Ciclorrotas - Programa de Metas",4,Despesas de Capital,4,Investimentos,90,Aplicações Diretas,51,Obras em Andamento - Uso Comum do Povo,08,Tesouro Municipal - Recursos Vinculados,1,Pavimentação de Ruas e Avenidas ,8,Obras e Instalações,8143128.78,0.0,3261832.06,0.0,0.0,3261832.06,"[{'siglaUnidadeMedida': 'MED', 'descricaoAnexo': 'Implantação de 10,42km de ciclovias e ciclofaixas na região do Lote 1 da PPP Habitacional', 'qtdeAnexo': 1, 'valorUnitarioAnexo': 8143128.78}]",,,,,,9
01,PREFEITURA DO MUNICÍPIO DE SÃO PAULO,48606,72984,2020,9,01/09/2020 00:00:00,7610202000017757,33113646000134,HABITA LOTE 12 SA,16633,2020,07,Fundo Municipal de Desenvolvimento Social,10,Fundo Municipal de Desenvolvimento Social,26,Transporte,785,Transportes Especiais,3009,Melhoria da mobilidade urbana universal,1097,"Construção de Ciclovias, Ciclofaixas e Ciclorrotas - Programa de Metas",4,Despesas de Capital,4,Investimentos,90,Aplicações Diretas,51,Obras em Andamento - Uso Comum do Povo,08,Tesouro Municipal - Recursos Vinculados,1,Pavimentação de Ruas e Avenidas ,8,Obras e Instalações,5140453.38,0.0,1526713.97,0.0,0.0,1526713.97,"[{'siglaUnidadeMedida': 'MED', 'descricaoAnexo': 'Implantação de 6,84 km de ciclovias e ciclofaixas na região do Lote 12 da PPP Habitacional', 'qtdeAnexo': 1, 'valorUnitarioAnexo': 5140453.38}]",,,,,,9
01,PREFEITURA DO MUNICÍPIO DE SÃO PAULO,47669,73090,2020,9,02/09/2020 00:00:00,6020201700017751,60498417000158,SAO PAULO TRANSPORTE SA,26735,2017,07,Fundo Municipal de Desenvolvimento Social,10,Fundo Municipal de Desenvolvimento Social,15,Urbanismo,451,Infra-Estrutura Urbana,3009,Melhoria da mobilidade urbana universal,5417,Projetos de Mobilidade Urbana Oriundos de Recursos de Desestatizações ,4,Despesas de Capital,4,Investimentos,90,Aplicações Diretas,51,Obras em Andamento - Uso Comum do Povo,08,Tesouro Municipal - Recursos Vinculados,1,Sistemas Viários ,8,Obras e Instalações,15385181.0,0.0,15385181.0,0.0,0.0,1062685.25,"[{'siglaUnidadeMedida': 'SER', 'descricaoAnexo': 'Termo de Apostilamento - Convênio nº 01/2017 - SMT/SPTRANS', 'qtdeAnexo': 1, 'valorUnitarioAnexo': 15385181.0}]",,,,,,9
01,PREFEITURA DO MUNICÍPIO DE SÃO PAULO,46597,74163,2020,9,04/09/2020 00:00:00,6012201900023336,60862331000162,CONSTRUÇÕES ENGENHARIA E PAVIMENTAÇÃO ENPAVI LTDA,23277,2019,07,Fundo Municipal de Desenvolvimento Social,10,Fundo Municipal de Desenvolvimento Social,15,Urbanismo,452,Serviços Urbanos,3022,Requalificação e promoção da ocupação dos espaços públicos,1137,Pavimentação e Recapeamento de Vias - Programa de Metas 3.a,4,Despesas de Capital,4,Investimentos,90,Aplicações Diretas,39,Manutenção e Conservação de Bens Imóveis,08,Tesouro Municipal - Recursos Vinculados,1,Manutenção e Reformas de Bens Imóveis,1,Outros Serviços de Terceiros - Pessoa Jurídica,56864.84,0.0,56864.84,0.0,0.0,0.0,"[{'siglaUnidadeMedida': 'UN', 'descricaoAnexo': 'PRESTAÇÃO DE SERVIÇOS DE CONSERVAÇÃO E MANUTENÇÃO DA MALHA VIÁRIA.\n\n', 'qtdeAnexo': 1, 'valorUnitarioAnexo': 56864.84}]",,,,,,9
01,PREFEITURA DO MUNICÍPIO DE SÃO PAULO,46597,74171,2020,9,04/09/2020 00:00:00,6012201900055513,60862331000162,CONSTRUÇÕES ENGENHARIA E PAVIMENTAÇÃO ENPAVI LTDA,21738,2019,07,Fundo Municipal de Desenvolvimento Social,10,Fundo Municipal de Desenvolvimento Social,15,Urbanismo,452,Serviços Urbanos,3022,Requalificação e promoção da ocupação dos espaços públicos,1137,Pavimentação e Recapeamento de Vias - Programa de Metas 3.a,4,Despesas de Capital,4,Investimentos,90,Aplicações Diretas,39,Manutenção e Conservação de Bens Imóveis,08,Tesouro Municipal - Recursos Vinculados,1,Manutenção e Reformas de Bens Imóveis,1,Outros Serviços de Terceiros - Pessoa Jurídica,219314.79,0.0,219314.79,0.0,0.0,0.0,"[{'siglaUnidadeMedida': 'UN', 'descricaoAnexo': 'PRESTAÇÃO DE SERVIÇOS DE CONSERVAÇÃO E MANUTENÇÃO DA MALHA VIÁRIA.\n\n', 'qtdeAnexo': 1, 'valorUnitarioAnexo': 219314.79}]",,,,,,9
01,PREFEITURA DO MUNICÍPIO DE SÃO PAULO,46597,74177,2020,9,04/09/2020 00:00:00,6012201900055483,01065014000156,FREMIX PAVIMENTACAO E CONSTRUCOES LTDA ,21732,2019,07,Fundo Municipal de Desenvolvimento Social,10,Fundo Municipal de Desenvolvimento Social,15,Urbanismo,452,Serviços Urbanos,3022,Requalificação e promoção da ocupação dos espaços públicos,1137,Pavimentação e Recapeamento de Vias - Programa de Metas 3.a,4,Despesas de Capital,4,Investimentos,90,Aplicações Diretas,39,Manutenção e Conservação de Bens Imóveis,08,Tesouro Municipal - Recursos Vinculados,1,Manutenção e Reformas de Bens Imóveis,1,Outros Serviços de Terceiros - Pessoa Jurídica,81307.95,0.0,81307.95,0.0,0.0,0.0,"[{'siglaUnidadeMedida': 'UN', 'descricaoAnexo': 'PRESTAÇÃO DE SERVIÇOS DE CONSERVAÇÃO E MANUTENÇÃO DA MALHA VIÁRIA.\n\n', 'qtdeAnexo': 1, 'valorUnitarioAnexo': 81307.95}]",,,,,,9
01,PREFEITURA DO MUNICÍPIO DE SÃO PAULO,46597,74181,2020,9,04/09/2020 00:00:00,6012201900055521,47218979000132,ARVEK TECNICA E CONSTRUCOES LTDA,21231,2019,07,Fundo Municipal de Desenvolvimento Social,10,Fundo Municipal de Desenvolvimento Social,15,Urbanismo,452,Serviços Urbanos,3022,Requalificação e promoção da ocupação dos espaços públicos,1137,Pavimentação e Recapeamento de Vias - Programa de Metas 3.a,4,Despesas de Capital,4,Investimentos,90,Aplicações Diretas,39,Manutenção e Conservação de Bens Imóveis,08,Tesouro Municipal - Recursos Vinculados,1,Manutenção e Reformas de Bens Imóveis,1,Outros Serviços de Terceiros - Pessoa Jurídica,113889.44,0.0,113889.44,0.0,0.0,0.0,"[{'siglaUnidadeMedida': 'UN', 'descricaoAnexo': 'PRESTAÇÃO DE SERVIÇOS DE CONSERVAÇÃO E MANUTENÇÃO DA MALHA VIÁRIA.\n\n', 'qtdeAnexo': 1, 'valorUnitarioAnexo': 113889.44}]",,,,,,9
01,PREFEITURA DO MUNICÍPIO DE SÃO PAULO,46597,74187,2020,9,04/09/2020 00:00:00,6012201900055564,43677822000114,SOEBE CONSTRUÇÃO E PAVIMENTAÇÃO SA,21712,2019,07,Fundo Municipal de Desenvolvimento Social,10,Fundo Municipal de Desenvolvimento Social,15,Urbanismo,452,Serviços Urbanos,3022,Requalificação e promoção da ocupação dos espaços públicos,1137,Pavimentação e Recapeamento de Vias - Programa de Metas 3.a,4,Despesas de Capital,4,Investimentos,90,Aplicações Diretas,39,Manutenção e Conservação de Bens Imóveis,08,Tesouro Municipal - Recursos Vinculados,1,Manutenção e Reformas de Bens Imóveis,1,Outros Serviços de Terceiros - Pessoa Jurídica,1163.79,0.0,1163.79,0.0,0.0,0.0,"[{'siglaUnidadeMedida': 'UN', 'descricaoAnexo': 'PRESTAÇÃO DE SERVIÇOS DE CONSERVAÇÃO E MANUTENÇÃO DA MALHA VIÁRIA.\n\n', 'qtdeAnexo': 1, 'valorUnitarioAnexo': 1163.79}]",,,,,,9
01,PREFEITURA DO MUNICÍPIO DE SÃO PAULO,46597,74197,2020,9,04/09/2020 00:00:00,6012201900055530,01065014000156,FREMIX PAVIMENTACAO E CONSTRUCOES LTDA ,21713,2019,07,Fundo Municipal de Desenvolvimento Social,10,Fundo Municipal de Desenvolvimento Social,15,Urbanismo,452,Serviços Urbanos,3022,Requalificação e promoção da ocupação dos espaços públicos,1137,Pavimentação e Recapeamento de Vias - Programa de Metas 3.a,4,Despesas de Capital,4,Investimentos,90,Aplicações Diretas,39,Manutenção e Conservação de Bens Imóveis,08,Tesouro Municipal - Recursos Vinculados,1,Manutenção e Reformas de Bens Imóveis,1,Outros Serviços de Terceiros - Pessoa Jurídica,119720.67,0.0,119720.67,0.0,0.0,0.0,"[{'siglaUnidadeMedida': 'UN', 'descricaoAnexo': 'PRESTAÇÃO DE SERVIÇOS DE CONSERVAÇÃO E MANUTENÇÃO DA MALHA VIÁRIA.\n\n', 'qtdeAnexo': 1, 'valorUnitarioAnexo': 119720.67}]",,,,,,9
01,PREFEITURA DO MUNICÍPIO DE SÃO PAULO,46597,74201,2020,9,04/09/2020 00:00:00,6012201900079803,09052229000144,SOUZA COMPEC ENGENHARIA E CONSTRUÇÕES LTDA,26971,2019,07,Fundo Municipal de Desenvolvimento Social,10,Fundo Municipal de Desenvolvimento Social,15,Urbanismo,452,Serviços Urbanos,3022,Requalificação e promoção da ocupação dos espaços públicos,1137,Pavimentação e Recapeamento de Vias - Programa de Metas 3.a,4,Despesas de Capital,4,Investimentos,90,Aplicações Diretas,39,Manutenção e Conservação de Bens Imóveis,08,Tesouro Municipal - Recursos Vinculados,1,Manutenção e Reformas de Bens Imóveis,1,Outros Serviços de Terceiros - Pessoa Jurídica,151727.93,0.0,151727.93,0.0,0.0,0.0,"[{'siglaUnidadeMedida': 'UN', 'descricaoAnexo': 'PRESTAÇÃO DE SERVIÇOS DE CONSERVAÇÃO E MANUTENÇÃO DA MALHA VIÁRIA.\n\n', 'qtdeAnexo': 1, 'valorUnitarioAnexo': 151727.93}]",,,,,,9
01,PREFEITURA DO MUNICÍPIO DE SÃO PAULO,46597,74205,2020,9,04/09/2020 00:00:00,6012201900079900,43677822000114,SOEBE CONSTRUÇÃO E PAVIMENTAÇÃO SA,27189,2019,07,Fundo Municipal de Desenvolvimento Social,10,Fundo Municipal de Desenvolvimento Social,15,Urbanismo,452,Serviços Urbanos,3022,Requalificação e promoção da ocupação dos espaços públicos,1137,Pavimentação e Recapeamento de Vias - Programa de Metas 3.a,4,Despesas de Capital,4,Investimentos,90,Aplicações Diretas,39,Manutenção e Conservação de Bens Imóveis,08,Tesouro Municipal - Recursos Vinculados,1,Manutenção e Reformas de Bens Imóveis,1,Outros Serviços de Terceiros - Pessoa Jurídica,86815.68,0.0,86815.68,0.0,0.0,0.0,"[{'siglaUnidadeMedida': 'UN', 'descricaoAnexo': 'PRESTAÇÃO DE SERVIÇOS DE CONSERVAÇÃO E MANUTENÇÃO DA MALHA VIÁRIA.\n\n', 'qtdeAnexo': 1, 'valorUnitarioAnexo': 86815.68}]",,,,,,9
01,PREFEITURA DO MUNICÍPIO DE SÃO PAULO,46597,74215,2020,9,04/09/2020 00:00:00,6012201900079897,43677822000114,SOEBE CONSTRUÇÃO E PAVIMENTAÇÃO SA,26780,2019,07,Fundo Municipal de Desenvolvimento Social,10,Fundo Municipal de Desenvolvimento Social,15,Urbanismo,452,Serviços Urbanos,3022,Requalificação e promoção da ocupação dos espaços públicos,1137,Pavimentação e Recapeamento de Vias - Programa de Metas 3.a,4,Despesas de Capital,4,Investimentos,90,Aplicações Diretas,39,Manutenção e Conservação de Bens Imóveis,08,Tesouro Municipal - Recursos Vinculados,1,Manutenção e Reformas de Bens Imóveis,1,Outros Serviços de Terceiros - Pessoa Jurídica,543217.91,0.0,543217.91,0.0,0.0,0.0,"[{'siglaUnidadeMedida': 'UN', 'descricaoAnexo': 'PRESTAÇÃO DE SERVIÇOS DE CONSERVAÇÃO E MANUTENÇÃO DA MALHA VIÁRIA.\n\n', 'qtdeAnexo': 1, 'valorUnitarioAnexo': 543217.91}]",,,,,,9
01,PREFEITURA DO MUNICÍPIO DE SÃO PAULO,46597,74220,2020,9,04/09/2020 00:00:00,6012201900079650,43677822000114,SOEBE CONSTRUÇÃO E PAVIMENTAÇÃO SA,26785,2019,07,Fundo Municipal de Desenvolvimento Social,10,Fundo Municipal de Desenvolvimento Social,15,Urbanismo,452,Serviços Urbanos,3022,Requalificação e promoção da ocupação dos espaços públicos,1137,Pavimentação e Recapeamento de Vias - Programa de Metas 3.a,4,Despesas de Capital,4,Investimentos,90,Aplicações Diretas,39,Manutenção e Conservação de Bens Imóveis,08,Tesouro Municipal - Recursos Vinculados,1,Manutenção e Reformas de Bens Imóveis,1,Outros Serviços de Terceiros - Pessoa Jurídica,489683.03,0.0,489683.03,0.0,0.0,0.0,"[{'siglaUnidadeMedida': 'UN', 'descricaoAnexo': 'PRESTAÇÃO DE SERVIÇOS DE CONSERVAÇÃO E MANUTENÇÃO DA MALHA VIÁRIA.\n\n', 'qtdeAnexo': 1, 'valorUnitarioAnexo': 489683.03}]",,,,,,9
01,PREFEITURA DO MUNICÍPIO DE SÃO PAULO,46597,74233,2020,9,04/09/2020 00:00:00,6012201900079579,62162847000120,JOFEGE PAVIMENTACAO E CONSTRUCAO LTDA,26814,2019,07,Fundo Municipal de Desenvolvimento Social,10,Fundo Municipal de Desenvolvimento Social,15,Urbanismo,452,Serviços Urbanos,3022,Requalificação e promoção da ocupação dos espaços públicos,1137,Pavimentação e Recapeamento de Vias - Programa de Metas 3.a,4,Despesas de Capital,4,Investimentos,90,Aplicações Diretas,39,Manutenção e Conservação de Bens Imóveis,08,Tesouro Municipal - Recursos Vinculados,1,Manutenção e Reformas de Bens Imóveis,1,Outros Serviços de Terceiros - Pessoa Jurídica,39644.2,0.0,39644.2,0.0,0.0,0.0,"[{'siglaUnidadeMedida': 'UN', 'descricaoAnexo': 'PRESTAÇÃO DE SERVIÇOS DE CONSERVAÇÃO E MANUTENÇÃO DA MALHA VIÁRIA.\n\n', 'qtdeAnexo': 1, 'valorUnitarioAnexo': 39644.2}]",,,,,,9
01,PREFEITURA DO MUNICÍPIO DE SÃO PAULO,46597,74241,2020,9,04/09/2020 00:00:00,6012201900079463,62162847000120,JOFEGE PAVIMENTACAO E CONSTRUCAO LTDA,26807,2019,07,Fundo Municipal de Desenvolvimento Social,10,Fundo Municipal de Desenvolvimento Social,15,Urbanismo,452,Serviços Urbanos,3022,Requalificação e promoção da ocupação dos espaços públicos,1137,Pavimentação e Recapeamento de Vias - Programa de Metas 3.a,4,Despesas de Capital,4,Investimentos,90,Aplicações Diretas,39,Manutenção e Conservação de Bens Imóveis,08,Tesouro Municipal - Recursos Vinculados,1,Manutenção e Reformas de Bens Imóveis,1,Outros Serviços de Terceiros - Pessoa Jurídica,428.03,0.0,0.0,0.0,0.0,0.0,"[{'siglaUnidadeMedida': 'UN', 'descricaoAnexo': 'PRESTAÇÃO DE SERVIÇOS DE CONSERVAÇÃO E MANUTENÇÃO DA MALHA VIÁRIA.\n\n', 'qtdeAnexo': 1, 'valorUnitarioAnexo': 428.03}]",,,,,,9
01,PREFEITURA DO MUNICÍPIO DE SÃO PAULO,46597,74260,2020,9,04/09/2020 00:00:00,6012201900079889,01065014000156,FREMIX PAVIMENTACAO E CONSTRUCOES LTDA ,26925,2019,07,Fundo Municipal de Desenvolvimento Social,10,Fundo Municipal de Desenvolvimento Social,15,Urbanismo,452,Serviços Urbanos,3022,Requalificação e promoção da ocupação dos espaços públicos,1137,Pavimentação e Recapeamento de Vias - Programa de Metas 3.a,4,Despesas de Capital,4,Investimentos,90,Aplicações Diretas,39,Manutenção e Conservação de Bens Imóveis,08,Tesouro Municipal - Recursos Vinculados,1,Manutenção e Reformas de Bens Imóveis,1,Outros Serviços de Terceiros - Pessoa Jurídica,26369.02,26369.02,0.0,0.0,0.0,0.0,"[{'siglaUnidadeMedida': 'UN', 'descricaoAnexo': 'PRESTAÇÃO DE SERVIÇOS DE CONSERVAÇÃO E MANUTENÇÃO DA MALHA VIÁRIA.\n\n', 'qtdeAnexo': 1, 'valorUnitarioAnexo': 26369.02}]",,,,,,9
01,PREFEITURA DO MUNICÍPIO DE SÃO PAULO,46597,74263,2020,9,04/09/2020 00:00:00,6012201900078840,01065014000156,FREMIX PAVIMENTACAO E CONSTRUCOES LTDA ,26934,2019,07,Fundo Municipal de Desenvolvimento Social,10,Fundo Municipal de Desenvolvimento Social,15,Urbanismo,452,Serviços Urbanos,3022,Requalificação e promoção da ocupação dos espaços públicos,1137,Pavimentação e Recapeamento de Vias - Programa de Metas 3.a,4,Despesas de Capital,4,Investimentos,90,Aplicações Diretas,39,Manutenção e Conservação de Bens Imóveis,08,Tesouro Municipal - Recursos Vinculados,1,Manutenção e Reformas de Bens Imóveis,1,Outros Serviços de Terceiros - Pessoa Jurídica,31449.0,0.0,31449.0,0.0,0.0,10.11,"[{'siglaUnidadeMedida': 'UN', 'descricaoAnexo': 'PRESTAÇÃO DE SERVIÇOS DE CONSERVAÇÃO E MANUTENÇÃO DA MALHA VIÁRIA.\n\n', 'qtdeAnexo': 1, 'valorUnitarioAnexo': 31449.0}]",,,,,,9
01,PREFEITURA DO MUNICÍPIO DE SÃO PAULO,46597,74269,2020,9,04/09/2020 00:00:00,6012201900066329,01065014000156,FREMIX PAVIMENTACAO E CONSTRUCOES LTDA ,5192,2020,07,Fundo Municipal de Desenvolvimento Social,10,Fundo Municipal de Desenvolvimento Social,15,Urbanismo,452,Serviços Urbanos,3022,Requalificação e promoção da ocupação dos espaços públicos,1137,Pavimentação e Recapeamento de Vias - Programa de Metas 3.a,4,Despesas de Capital,4,Investimentos,90,Aplicações Diretas,39,Manutenção e Conservação de Bens Imóveis,08,Tesouro Municipal - Recursos Vinculados,1,Manutenção e Reformas de Bens Imóveis,1,Outros Serviços de Terceiros - Pessoa Jurídica,53652.3,0.0,53652.3,0.0,0.0,0.0,"[{'siglaUnidadeMedida': 'UN', 'descricaoAnexo': 'PRESTAÇÃO DE SERVIÇOS DE CONSERVAÇÃO E MANUTENÇÃO DA MALHA VIÁRIA.\n\n', 'qtdeAnexo': 1, 'valorUnitarioAnexo': 53652.3}]",,,,,,9
01,PREFEITURA DO MUNICÍPIO DE SÃO PAULO,46597,74277,2020,9,04/09/2020 00:00:00,6012201900079692,66806555000133,FBS CONSTRUCAO CIVIL E PAVIMENTACAO S.A.,26834,2019,07,Fundo Municipal de Desenvolvimento Social,10,Fundo Municipal de Desenvolvimento Social,15,Urbanismo,452,Serviços Urbanos,3022,Requalificação e promoção da ocupação dos espaços públicos,1137,Pavimentação e Recapeamento de Vias - Programa de Metas 3.a,4,Despesas de Capital,4,Investimentos,90,Aplicações Diretas,39,Manutenção e Conservação de Bens Imóveis,08,Tesouro Municipal - Recursos Vinculados,1,Manutenção e Reformas de Bens Imóveis,1,Outros Serviços de Terceiros - Pessoa Jurídica,1173719.68,0.0,1173719.68,0.0,0.0,0.0,"[{'siglaUnidadeMedida': 'UN', 'descricaoAnexo': 'PRESTAÇÃO DE SERVIÇOS DE CONSERVAÇÃO E MANUTENÇÃO DA MALHA VIÁRIA.\n\n', 'qtdeAnexo': 1, 'valorUnitarioAnexo': 1173719.68}]",,,,,,9
01,PREFEITURA DO MUNICÍPIO DE SÃO PAULO,46597,74281,2020,9,04/09/2020 00:00:00,6012201900079757,66806555000133,FBS CONSTRUCAO CIVIL E PAVIMENTACAO S.A.,26738,2019,07,Fundo Municipal de Desenvolvimento Social,10,Fundo Municipal de Desenvolvimento Social,15,Urbanismo,452,Serviços Urbanos,3022,Requalificação e promoção da ocupação dos espaços públicos,1137,Pavimentação e Recapeamento de Vias - Programa de Metas 3.a,4,Despesas de Capital,4,Investimentos,90,Aplicações Diretas,39,Manutenção e Conservação de Bens Imóveis,08,Tesouro Municipal - Recursos Vinculados,1,Manutenção e Reformas de Bens Imóveis,1,Outros Serviços de Terceiros - Pessoa Jurídica,491551.27,0.0,491551.27,0.0,0.0,0.0,"[{'siglaUnidadeMedida': 'UN', 'descricaoAnexo': 'PRESTAÇÃO DE SERVIÇOS DE CONSERVAÇÃO E MANUTENÇÃO DA MALHA VIÁRIA.\n\n', 'qtdeAnexo': 1, 'valorUnitarioAnexo': 491551.27}]",,,,,,9
01,PREFEITURA DO MUNICÍPIO DE SÃO PAULO,46597,74286,2020,9,04/09/2020 00:00:00,6012201900079730,66806555000133,FBS CONSTRUCAO CIVIL E PAVIMENTACAO S.A.,26744,2019,07,Fundo Municipal de Desenvolvimento Social,10,Fundo Municipal de Desenvolvimento Social,15,Urbanismo,452,Serviços Urbanos,3022,Requalificação e promoção da ocupação dos espaços públicos,1137,Pavimentação e Recapeamento de Vias - Programa de Metas 3.a,4,Despesas de Capital,4,Investimentos,90,Aplicações Diretas,39,Manutenção e Conservação de Bens Imóveis,08,Tesouro Municipal - Recursos Vinculados,1,Manutenção e Reformas de Bens Imóveis,1,Outros Serviços de Terceiros - Pessoa Jurídica,28751.54,0.0,28751.54,0.0,0.0,0.0,"[{'siglaUnidadeMedida': 'UN', 'descricaoAnexo': 'PRESTAÇÃO DE SERVIÇOS DE CONSERVAÇÃO E MANUTENÇÃO DA MALHA VIÁRIA.\n\n', 'qtdeAnexo': 1, 'valorUnitarioAnexo': 28751.54}]",,,,,,9
01,PREFEITURA DO MUNICÍPIO DE SÃO PAULO,46597,76161,2020,9,10/09/2020 00:00:00,6012201900079455,62162847000120,JOFEGE PAVIMENTACAO E CONSTRUCAO LTDA,26800,2019,07,Fundo Municipal de Desenvolvimento Social,10,Fundo Municipal de Desenvolvimento Social,15,Urbanismo,452,Serviços Urbanos,3022,Requalificação e promoção da ocupação dos espaços públicos,1137,Pavimentação e Recapeamento de Vias - Programa de Metas 3.a,4,Despesas de Capital,4,Investimentos,90,Aplicações Diretas,39,Manutenção e Conservação de Bens Imóveis,08,Tesouro Municipal - Recursos Vinculados,1,Manutenção e Reformas de Bens Imóveis,1,Outros Serviços de Terceiros - Pessoa Jurídica,6223208.1,0.0,2100168.87,0.0,0.0,2100168.87,"[{'siglaUnidadeMedida': 'UN', 'descricaoAnexo': 'Prestação de serviços de conservação e manutenção da malha viária', 'qtdeAnexo': 1, 'valorUnitarioAnexo': 6223208.1}]",,,,,,9
01,PREFEITURA DO MUNICÍPIO DE SÃO PAULO,46597,76187,2020,9,10/09/2020 00:00:00,6012201900079463,62162847000120,JOFEGE PAVIMENTACAO E CONSTRUCAO LTDA,26807,2019,07,Fundo Municipal de Desenvolvimento Social,10,Fundo Municipal de Desenvolvimento Social,15,Urbanismo,452,Serviços Urbanos,3022,Requalificação e promoção da ocupação dos espaços públicos,1137,Pavimentação e Recapeamento de Vias - Programa de Metas 3.a,4,Despesas de Capital,4,Investimentos,90,Aplicações Diretas,39,Manutenção e Conservação de Bens Imóveis,08,Tesouro Municipal - Recursos Vinculados,1,Manutenção e Reformas de Bens Imóveis,1,Outros Serviços de Terceiros - Pessoa Jurídica,12152753.43,0.0,12078506.66,0.0,0.0,1679722.82,"[{'siglaUnidadeMedida': 'UN', 'descricaoAnexo': 'Prestação de serviços de conservação e manutenção da malha viária', 'qtdeAnexo': 1, 'valorUnitarioAnexo': 12152753.43}]",,,,,,9
01,PREFEITURA DO MUNICÍPIO DE SÃO PAULO,46597,76618,2020,9,10/09/2020 00:00:00,6012202000077560,01065014000156,FREMIX PAVIMENTACAO E CONSTRUCOES LTDA ,26925,2019,07,Fundo Municipal de Desenvolvimento Social,10,Fundo Municipal de Desenvolvimento Social,15,Urbanismo,452,Serviços Urbanos,3022,Requalificação e promoção da ocupação dos espaços públicos,1137,Pavimentação e Recapeamento de Vias - Programa de Metas 3.a,4,Despesas de Capital,4,Investimentos,90,Aplicações Diretas,39,Manutenção e Conservação de Bens Imóveis,08,Tesouro Municipal - Recursos Vinculados,1,Manutenção e Reformas de Bens Imóveis,1,Outros Serviços de Terceiros - Pessoa Jurídica,26369.92,0.0,4996.95,0.0,0.0,4996.95,"[{'siglaUnidadeMedida': 'UN', 'descricaoAnexo': 'PRESTAÇÃO DE SERVIÇOS DE CONSERVAÇÃO E MANUTENÇÃO DA MALHA VIÁRIA.\n\n', 'qtdeAnexo': 1, 'valorUnitarioAnexo': 26369.92}]",,,,,,9
01,PREFEITURA DO MUNICÍPIO DE SÃO PAULO,46597,76620,2020,9,11/09/2020 00:00:00,6012201900079579,62162847000120,JOFEGE PAVIMENTACAO E CONSTRUCAO LTDA,26814,2019,07,Fundo Municipal de Desenvolvimento Social,10,Fundo Municipal de Desenvolvimento Social,15,Urbanismo,452,Serviços Urbanos,3022,Requalificação e promoção da ocupação dos espaços públicos,1137,Pavimentação e Recapeamento de Vias - Programa de Metas 3.a,4,Despesas de Capital,4,Investimentos,90,Aplicações Diretas,39,Manutenção e Conservação de Bens Imóveis,08,Tesouro Municipal - Recursos Vinculados,1,Manutenção e Reformas de Bens Imóveis,1,Outros Serviços de Terceiros - Pessoa Jurídica,96275.5,0.0,96275.5,0.0,0.0,0.0,"[{'siglaUnidadeMedida': 'UN', 'descricaoAnexo': 'PRESTAÇÃO DE SERVIÇOS DE CONSERVAÇÃO E MANUTENÇÃO DA MALHA VIÁRIA.\n\n', 'qtdeAnexo': 1, 'valorUnitarioAnexo': 96275.5}]",,,,,,9
01,PREFEITURA DO MUNICÍPIO DE SÃO PAULO,50015,77421,2020,9,14/09/2020 00:00:00,6022202000018436,11958828000173,SAO PAULO OBRAS  SP OBRAS,17438,2020,07,Fundo Municipal de Desenvolvimento Social,10,Fundo Municipal de Desenvolvimento Social,15,Urbanismo,451,Infra-Estrutura Urbana,3009,Melhoria da mobilidade urbana universal,5287,Inspeção de Obras de Artes Especiais - OAE - Programa de Metas 3.b,4,Despesas de Capital,4,Investimentos,90,Aplicações Diretas,39,Serviços Técnicos Profissionais,08,Tesouro Municipal - Recursos Vinculados,0,Gerenciamento,0,Outros Serviços de Terceiros - Pessoa Jurídica,2039204.83,2039204.83,0.0,0.0,0.0,0.0,"[{'siglaUnidadeMedida': 'UND', 'descricaoAnexo': 'Serviços para Supervisão do Programa de Manutenção de Obras de Arte Especiais da Cidade de São Paulo', 'qtdeAnexo': 1, 'valorUnitarioAnexo': 2039204.83}]",,,,,,9
01,PREFEITURA DO MUNICÍPIO DE SÃO PAULO,50015,78403,2020,9,16/09/2020 00:00:00,7910202000007612,44239135000503,EGIS  ENGENHARIA E CONSULTORIA LTDA,17708,2020,07,Fundo Municipal de Desenvolvimento Social,10,Fundo Municipal de Desenvolvimento Social,15,Urbanismo,451,Infra-Estrutura Urbana,3009,Melhoria da mobilidade urbana universal,5287,Inspeção de Obras de Artes Especiais - OAE - Programa de Metas 3.b,4,Despesas de Capital,4,Investimentos,90,Aplicações Diretas,39,Serviços Técnicos Profissionais,08,Tesouro Municipal - Recursos Vinculados,0,Gerenciamento,0,Outros Serviços de Terceiros - Pessoa Jurídica,316694.17,0.0,153522.47,0.0,0.0,153522.47,"[{'siglaUnidadeMedida': 'UND', 'descricaoAnexo': 'Elaboração de inspeções especiais, vistorias, ensaios, laudos técnicos, verificações estruturais, projeto executivo de requalificação e concepção de recuperação estrutural das 19 obras de arte especiais (OAE)  CONCORRÊNCIA nº 004/SIURB/19 - LOTE 1', 'qtdeAnexo': 1, 'valorUnitarioAnexo': 316694.17}]",,,,,,9
01,PREFEITURA DO MUNICÍPIO DE SÃO PAULO,50015,78406,2020,9,16/09/2020 00:00:00,7910202000007612,09008769000120,ENGETI  CONSULTORIA E ENGENHARIA SS LTDA,17708,2020,07,Fundo Municipal de Desenvolvimento Social,10,Fundo Municipal de Desenvolvimento Social,15,Urbanismo,451,Infra-Estrutura Urbana,3009,Melhoria da mobilidade urbana universal,5287,Inspeção de Obras de Artes Especiais - OAE - Programa de Metas 3.b,4,Despesas de Capital,4,Investimentos,90,Aplicações Diretas,39,Serviços Técnicos Profissionais,08,Tesouro Municipal - Recursos Vinculados,0,Gerenciamento,0,Outros Serviços de Terceiros - Pessoa Jurídica,234078.3,0.0,113473.11,0.0,0.0,113473.11,"[{'siglaUnidadeMedida': 'UND', 'descricaoAnexo': 'Elaboração de inspeções especiais, vistorias, ensaios, laudos técnicos, verificações estruturais, projeto executivo de requalificação e concepção de recuperação estrutural das 19 obras de arte especiais (OAE) CONCORRÊNCIA nº 004/SIURB/19 - LOTE 1', 'qtdeAnexo': 1, 'valorUnitarioAnexo': 234078.3}]",,,,,,9
01,PREFEITURA DO MUNICÍPIO DE SÃO PAULO,50015,78415,2020,9,16/09/2020 00:00:00,7910202000007612,55194369000174,ALPHAGEOS TECNOLOGIA APLICADA SA,17708,2020,07,Fundo Municipal de Desenvolvimento Social,10,Fundo Municipal de Desenvolvimento Social,15,Urbanismo,451,Infra-Estrutura Urbana,3009,Melhoria da mobilidade urbana universal,5287,Inspeção de Obras de Artes Especiais - OAE - Programa de Metas 3.b,4,Despesas de Capital,4,Investimentos,90,Aplicações Diretas,39,Serviços Técnicos Profissionais,08,Tesouro Municipal - Recursos Vinculados,0,Gerenciamento,0,Outros Serviços de Terceiros - Pessoa Jurídica,137693.12,0.0,66749.04,0.0,0.0,66749.04,"[{'siglaUnidadeMedida': 'UND', 'descricaoAnexo': 'Elaboração de inspeções especiais, vistorias, ensaios, laudos técnicos, verificações estruturais, projeto executivo de requalificação e concepção de recuperação estrutural das 19 obras de arte especiais (OAE) CONCORRÊNCIA nº 004/SIURB/19 - LOTE 1', 'qtdeAnexo': 1, 'valorUnitarioAnexo': 137693.12}]",,,,,,9
01,PREFEITURA DO MUNICÍPIO DE SÃO PAULO,50015,78418,2020,9,16/09/2020 00:00:00,7910202000007620,42161372000140,ECR ENGENHARIA LTDA,17712,2020,07,Fundo Municipal de Desenvolvimento Social,10,Fundo Municipal de Desenvolvimento Social,15,Urbanismo,451,Infra-Estrutura Urbana,3009,Melhoria da mobilidade urbana universal,5287,Inspeção de Obras de Artes Especiais - OAE - Programa de Metas 3.b,4,Despesas de Capital,4,Investimentos,90,Aplicações Diretas,39,Serviços Técnicos Profissionais,08,Tesouro Municipal - Recursos Vinculados,0,Gerenciamento,0,Outros Serviços de Terceiros - Pessoa Jurídica,593075.82,0.0,488329.4,0.0,0.0,488329.4,"[{'siglaUnidadeMedida': 'UND', 'descricaoAnexo': 'Elaboração de inspeções especiais, vistorias, ensaios, laudos técnicos, verificações estruturais, projeto executivo de requalificação e concepção de recuperação estrutural das 19 obras de arte especiais (OAE) CONCORRÊNCIA nº 004/SIURB/19 - LOTE 2', 'qtdeAnexo': 1, 'valorUnitarioAnexo': 593075.82}]",,,,,,9
01,PREFEITURA DO MUNICÍPIO DE SÃO PAULO,50015,78420,2020,9,16/09/2020 00:00:00,7910202000007639,33177148000155,BUREAU VERITAS DO BRASIL SOCIEDADE CLASSIFICADORA E CERTIFICADORA LTDA,17711,2020,07,Fundo Municipal de Desenvolvimento Social,10,Fundo Municipal de Desenvolvimento Social,15,Urbanismo,451,Infra-Estrutura Urbana,3009,Melhoria da mobilidade urbana universal,5287,Inspeção de Obras de Artes Especiais - OAE - Programa de Metas 3.b,4,Despesas de Capital,4,Investimentos,90,Aplicações Diretas,39,Serviços Técnicos Profissionais,08,Tesouro Municipal - Recursos Vinculados,0,Gerenciamento,0,Outros Serviços de Terceiros - Pessoa Jurídica,631352.41,631352.41,0.0,0.0,0.0,0.0,"[{'siglaUnidadeMedida': 'UND', 'descricaoAnexo': 'Elaboração de inspeções especiais, vistorias, ensaios, laudos técnicos, verificações estruturais, projeto executivo de requalificação e concepção de recuperação estrutural das 19 obras de arte especiais (OAE) CONCORRÊNCIA nº 004/SIURB/19 - LOTE 3', 'qtdeAnexo': 1, 'valorUnitarioAnexo': 631352.41}]",,,,,,9
01,PREFEITURA DO MUNICÍPIO DE SÃO PAULO,46597,78495,2020,9,17/09/2020 00:00:00,6012201900079650,43677822000114,SOEBE CONSTRUÇÃO E PAVIMENTAÇÃO SA,27189,2019,07,Fundo Municipal de Desenvolvimento Social,10,Fundo Municipal de Desenvolvimento Social,15,Urbanismo,452,Serviços Urbanos,3022,Requalificação e promoção da ocupação dos espaços públicos,1137,Pavimentação e Recapeamento de Vias - Programa de Metas 3.a,4,Despesas de Capital,4,Investimentos,90,Aplicações Diretas,39,Manutenção e Conservação de Bens Imóveis,08,Tesouro Municipal - Recursos Vinculados,1,Manutenção e Reformas de Bens Imóveis,1,Outros Serviços de Terceiros - Pessoa Jurídica,2829640.7,0.0,2829640.7,0.0,0.0,0.0,"[{'siglaUnidadeMedida': 'UN', 'descricaoAnexo': 'PRESTAÇÃO DE SERVIÇOS DE CONSERVAÇÃO E MANUTENÇÃO DA MALHA VIÁRIA.\n\n', 'qtdeAnexo': 1, 'valorUnitarioAnexo': 2829640.7}]",,,,,,9
01,PREFEITURA DO MUNICÍPIO DE SÃO PAULO,46597,78497,2020,9,17/09/2020 00:00:00,6012201900079900,43677822000114,SOEBE CONSTRUÇÃO E PAVIMENTAÇÃO SA,27189,2019,07,Fundo Municipal de Desenvolvimento Social,10,Fundo Municipal de Desenvolvimento Social,15,Urbanismo,452,Serviços Urbanos,3022,Requalificação e promoção da ocupação dos espaços públicos,1137,Pavimentação e Recapeamento de Vias - Programa de Metas 3.a,4,Despesas de Capital,4,Investimentos,90,Aplicações Diretas,39,Manutenção e Conservação de Bens Imóveis,08,Tesouro Municipal - Recursos Vinculados,1,Manutenção e Reformas de Bens Imóveis,1,Outros Serviços de Terceiros - Pessoa Jurídica,5922331.46,0.0,1866520.83,0.0,0.0,1866520.83,"[{'siglaUnidadeMedida': 'UN', 'descricaoAnexo': 'PRESTAÇÃO DE SERVIÇOS DE CONSERVAÇÃO E MANUTENÇÃO DA MALHA VIÁRIA.\n\n', 'qtdeAnexo': 1, 'valorUnitarioAnexo': 5922331.46}]",,,,,,9
01,PREFEITURA DO MUNICÍPIO DE SÃO PAULO,46597,78498,2020,9,17/09/2020 00:00:00,6012201900079730,66806555000133,FBS CONSTRUCAO CIVIL E PAVIMENTACAO S.A.,26744,2019,07,Fundo Municipal de Desenvolvimento Social,10,Fundo Municipal de Desenvolvimento Social,15,Urbanismo,452,Serviços Urbanos,3022,Requalificação e promoção da ocupação dos espaços públicos,1137,Pavimentação e Recapeamento de Vias - Programa de Metas 3.a,4,Despesas de Capital,4,Investimentos,90,Aplicações Diretas,39,Manutenção e Conservação de Bens Imóveis,08,Tesouro Municipal - Recursos Vinculados,1,Manutenção e Reformas de Bens Imóveis,1,Outros Serviços de Terceiros - Pessoa Jurídica,9739476.94,0.0,9739476.94,0.0,0.0,26617.6,"[{'siglaUnidadeMedida': 'UN', 'descricaoAnexo': 'PRESTAÇÃO DE SERVIÇOS DE CONSERVAÇÃO E MANUTENÇÃO DA MALHA VIÁRIA.\n\n', 'qtdeAnexo': 1, 'valorUnitarioAnexo': 9739476.94}]",,,,,,9
01,PREFEITURA DO MUNICÍPIO DE SÃO PAULO,46597,78499,2020,9,17/09/2020 00:00:00,6012201900079897,43677822000114,SOEBE CONSTRUÇÃO E PAVIMENTAÇÃO SA,26780,2019,07,Fundo Municipal de Desenvolvimento Social,10,Fundo Municipal de Desenvolvimento Social,15,Urbanismo,452,Serviços Urbanos,3022,Requalificação e promoção da ocupação dos espaços públicos,1137,Pavimentação e Recapeamento de Vias - Programa de Metas 3.a,4,Despesas de Capital,4,Investimentos,90,Aplicações Diretas,39,Manutenção e Conservação de Bens Imóveis,08,Tesouro Municipal - Recursos Vinculados,1,Manutenção e Reformas de Bens Imóveis,1,Outros Serviços de Terceiros - Pessoa Jurídica,11324490.67,0.0,6518895.82,0.0,0.0,558253.57,"[{'siglaUnidadeMedida': 'UN', 'descricaoAnexo': 'PRESTAÇÃO DE SERVIÇOS DE CONSERVAÇÃO E MANUTENÇÃO DA MALHA VIÁRIA.\n\n', 'qtdeAnexo': 1, 'valorUnitarioAnexo': 11324490.67}]",,,,,,9
01,PREFEITURA DO MUNICÍPIO DE SÃO PAULO,46597,78500,2020,9,17/09/2020 00:00:00,6012201900079692,66806555000133,FBS CONSTRUCAO CIVIL E PAVIMENTACAO S.A.,26834,2019,07,Fundo Municipal de Desenvolvimento Social,10,Fundo Municipal de Desenvolvimento Social,15,Urbanismo,452,Serviços Urbanos,3022,Requalificação e promoção da ocupação dos espaços públicos,1137,Pavimentação e Recapeamento de Vias - Programa de Metas 3.a,4,Despesas de Capital,4,Investimentos,90,Aplicações Diretas,39,Manutenção e Conservação de Bens Imóveis,08,Tesouro Municipal - Recursos Vinculados,1,Manutenção e Reformas de Bens Imóveis,1,Outros Serviços de Terceiros - Pessoa Jurídica,4835337.52,0.0,4835337.52,0.0,0.0,0.0,"[{'siglaUnidadeMedida': 'UN', 'descricaoAnexo': 'PRESTAÇÃO DE SERVIÇOS DE CONSERVAÇÃO E MANUTENÇÃO DA MALHA VIÁRIA.\n\n', 'qtdeAnexo': 1, 'valorUnitarioAnexo': 4835337.52}]",,,,,,9
01,PREFEITURA DO MUNICÍPIO DE SÃO PAULO,50015,78598,2020,9,17/09/2020 00:00:00,7910202000007639,33177148000155,BUREAU VERITAS DO BRASIL SOCIEDADE CLASSIFICADORA E CERTIFICADORA LTDA,17711,2020,07,Fundo Municipal de Desenvolvimento Social,10,Fundo Municipal de Desenvolvimento Social,15,Urbanismo,451,Infra-Estrutura Urbana,3009,Melhoria da mobilidade urbana universal,5287,Inspeção de Obras de Artes Especiais - OAE - Programa de Metas 3.b,4,Despesas de Capital,4,Investimentos,90,Aplicações Diretas,39,Serviços Técnicos Profissionais,08,Tesouro Municipal - Recursos Vinculados,0,Gerenciamento,0,Outros Serviços de Terceiros - Pessoa Jurídica,378811.45,0.0,0.0,0.0,0.0,0.0,"[{'siglaUnidadeMedida': 'UND', 'descricaoAnexo': 'Elaboração de inspeções especiais, vistorias, ensaios, laudos técnicos, verificações estruturais, projeto executivo de requalificação e concepção de recuperação estrutural das 19 obras de arte especiais (OAE) CONCORRÊNCIA nº 004/SIURB/19 - LOTE 3', 'qtdeAnexo': 1, 'valorUnitarioAnexo': 378811.45}]",,,,,,9
01,PREFEITURA DO MUNICÍPIO DE SÃO PAULO,50015,78606,2020,9,17/09/2020 00:00:00,7910202000007639,00376282000126,EGT ENGENHARIA LTDA,17801,2020,07,Fundo Municipal de Desenvolvimento Social,10,Fundo Municipal de Desenvolvimento Social,15,Urbanismo,451,Infra-Estrutura Urbana,3009,Melhoria da mobilidade urbana universal,5287,Inspeção de Obras de Artes Especiais - OAE - Programa de Metas 3.b,4,Despesas de Capital,4,Investimentos,90,Aplicações Diretas,39,Serviços Técnicos Profissionais,08,Tesouro Municipal - Recursos Vinculados,0,Gerenciamento,0,Outros Serviços de Terceiros - Pessoa Jurídica,252540.96,0.0,0.0,0.0,0.0,0.0,"[{'siglaUnidadeMedida': 'UND', 'descricaoAnexo': 'Elaboração de inspeções especiais, vistorias, ensaios, laudos técnicos, verificações estruturais, projeto executivo de requalificação e concepção de recuperação estrutural das 19 obras de arte especiais (OAE) CONCORRÊNCIA nº 004/SIURB/19 - LOTE 3', 'qtdeAnexo': 1, 'valorUnitarioAnexo': 252540.96}]",,,,,,9
01,PREFEITURA DO MUNICÍPIO DE SÃO PAULO,46597,78688,2020,9,17/09/2020 00:00:00,6012201900079579,62162847000120,JOFEGE PAVIMENTACAO E CONSTRUCAO LTDA,26814,2019,07,Fundo Municipal de Desenvolvimento Social,10,Fundo Municipal de Desenvolvimento Social,15,Urbanismo,452,Serviços Urbanos,3022,Requalificação e promoção da ocupação dos espaços públicos,1137,Pavimentação e Recapeamento de Vias - Programa de Metas 3.a,4,Despesas de Capital,4,Investimentos,90,Aplicações Diretas,39,Manutenção e Conservação de Bens Imóveis,08,Tesouro Municipal - Recursos Vinculados,1,Manutenção e Reformas de Bens Imóveis,1,Outros Serviços de Terceiros - Pessoa Jurídica,5944395.23,0.0,4403741.9,0.0,0.0,846649.59,"[{'siglaUnidadeMedida': 'UN', 'descricaoAnexo': 'PRESTAÇÃO DE SERVIÇOS DE CONSERVAÇÃO E MANUTENÇÃO DA MALHA VIÁRIA.', 'qtdeAnexo': 1, 'valorUnitarioAnexo': 5944395.23}]",,,,,,9
01,PREFEITURA DO MUNICÍPIO DE SÃO PAULO,46597,78691,2020,9,17/09/2020 00:00:00,6012201900079757,66806555000133,FBS CONSTRUCAO CIVIL E PAVIMENTACAO S.A.,26738,2019,07,Fundo Municipal de Desenvolvimento Social,10,Fundo Municipal de Desenvolvimento Social,15,Urbanismo,452,Serviços Urbanos,3022,Requalificação e promoção da ocupação dos espaços públicos,1137,Pavimentação e Recapeamento de Vias - Programa de Metas 3.a,4,Despesas de Capital,4,Investimentos,90,Aplicações Diretas,39,Manutenção e Conservação de Bens Imóveis,08,Tesouro Municipal - Recursos Vinculados,1,Manutenção e Reformas de Bens Imóveis,1,Outros Serviços de Terceiros - Pessoa Jurídica,12039099.02,0.0,5506235.83,0.0,0.0,877416.18,"[{'siglaUnidadeMedida': 'UN', 'descricaoAnexo': 'PRESTAÇÃO DE SERVIÇOS DE CONSERVAÇÃO E MANUTENÇÃO DA MALHA VIÁRIA.', 'qtdeAnexo': 1, 'valorUnitarioAnexo': 12039099.02}]",,,,,,9
01,PREFEITURA DO MUNICÍPIO DE SÃO PAULO,50015,78706,2020,9,17/09/2020 00:00:00,7910202000003234,11958828000173,SAO PAULO OBRAS  SP OBRAS,17438,2020,07,Fundo Municipal de Desenvolvimento Social,10,Fundo Municipal de Desenvolvimento Social,15,Urbanismo,451,Infra-Estrutura Urbana,3009,Melhoria da mobilidade urbana universal,5287,Inspeção de Obras de Artes Especiais - OAE - Programa de Metas 3.b,4,Despesas de Capital,4,Investimentos,90,Aplicações Diretas,39,Serviços Técnicos Profissionais,08,Tesouro Municipal - Recursos Vinculados,0,Gerenciamento,0,Outros Serviços de Terceiros - Pessoa Jurídica,849668.34,0.0,765894.31,0.0,0.0,765894.31,"[{'siglaUnidadeMedida': 'UND', 'descricaoAnexo': 'CT 058/SIURB/20 - Supervisão do Programa de Manutenção de Obras de Arte Especiais da Cidade de São Paulo', 'qtdeAnexo': 1, 'valorUnitarioAnexo': 849668.34}]",,,,,,9
01,PREFEITURA DO MUNICÍPIO DE SÃO PAULO,46597,78857,2020,9,18/09/2020 00:00:00,6012201900079889,01065014000156,FREMIX PAVIMENTACAO E CONSTRUCOES LTDA ,26925,2019,07,Fundo Municipal de Desenvolvimento Social,10,Fundo Municipal de Desenvolvimento Social,15,Urbanismo,452,Serviços Urbanos,3022,Requalificação e promoção da ocupação dos espaços públicos,1137,Pavimentação e Recapeamento de Vias - Programa de Metas 3.a,4,Despesas de Capital,4,Investimentos,90,Aplicações Diretas,39,Manutenção e Conservação de Bens Imóveis,08,Tesouro Municipal - Recursos Vinculados,1,Manutenção e Reformas de Bens Imóveis,1,Outros Serviços de Terceiros - Pessoa Jurídica,6259063.55,0.0,4555153.55,0.0,0.0,3825351.38,"[{'siglaUnidadeMedida': 'UN', 'descricaoAnexo': 'PRESTAÇÃO DE SERVIÇOS DE CONSERVAÇÃO E MANUTENÇÃO DA MALHA VIÁRIA.\n\n', 'qtdeAnexo': 1, 'valorUnitarioAnexo': 6259063.55}]",,,,,,9
01,PREFEITURA DO MUNICÍPIO DE SÃO PAULO,46597,79056,2020,9,21/09/2020 00:00:00,6012201900078840,01065014000156,FREMIX PAVIMENTACAO E CONSTRUCOES LTDA ,26934,2019,07,Fundo Municipal de Desenvolvimento Social,10,Fundo Municipal de Desenvolvimento Social,15,Urbanismo,452,Serviços Urbanos,3022,Requalificação e promoção da ocupação dos espaços públicos,1137,Pavimentação e Recapeamento de Vias - Programa de Metas 3.a,4,Despesas de Capital,4,Investimentos,90,Aplicações Diretas,39,Manutenção e Conservação de Bens Imóveis,08,Tesouro Municipal - Recursos Vinculados,1,Manutenção e Reformas de Bens Imóveis,1,Outros Serviços de Terceiros - Pessoa Jurídica,3707335.11,0.0,1448899.87,0.0,0.0,1448899.87,"[{'siglaUnidadeMedida': 'UN', 'descricaoAnexo': 'PRESTAÇÃO DE SERVIÇOS DE CONSERVAÇÃO E MANUTENÇÃO DA MALHA VIÁRIA.', 'qtdeAnexo': 1, 'valorUnitarioAnexo': 3707335.11}]",,,,,,9
01,PREFEITURA DO MUNICÍPIO DE SÃO PAULO,46597,79632,2020,9,23/09/2020 00:00:00,6012201900079692,66806555000133,FBS CONSTRUCAO CIVIL E PAVIMENTACAO S.A.,26834,2019,07,Fundo Municipal de Desenvolvimento Social,10,Fundo Municipal de Desenvolvimento Social,15,Urbanismo,452,Serviços Urbanos,3022,Requalificação e promoção da ocupação dos espaços públicos,1137,Pavimentação e Recapeamento de Vias - Programa de Metas 3.a,4,Despesas de Capital,4,Investimentos,90,Aplicações Diretas,39,Manutenção e Conservação de Bens Imóveis,08,Tesouro Municipal - Recursos Vinculados,1,Manutenção e Reformas de Bens Imóveis,1,Outros Serviços de Terceiros - Pessoa Jurídica,2289531.85,0.0,2289445.06,0.0,0.0,3235.2,"[{'siglaUnidadeMedida': 'UN', 'descricaoAnexo': 'PRESTAÇÃO DE SERVIÇOS DE CONSERVAÇÃO E MANUTENÇÃO DA MALHA VIÁRIA.', 'qtdeAnexo': 1, 'valorUnitarioAnexo': 2289531.85}]",,,,,,9
01,PREFEITURA DO MUNICÍPIO DE SÃO PAULO,46597,79634,2020,9,23/09/2020 00:00:00,6012201900079730,66806555000133,FBS CONSTRUCAO CIVIL E PAVIMENTACAO S.A.,26744,2019,07,Fundo Municipal de Desenvolvimento Social,10,Fundo Municipal de Desenvolvimento Social,15,Urbanismo,452,Serviços Urbanos,3022,Requalificação e promoção da ocupação dos espaços públicos,1137,Pavimentação e Recapeamento de Vias - Programa de Metas 3.a,4,Despesas de Capital,4,Investimentos,90,Aplicações Diretas,39,Manutenção e Conservação de Bens Imóveis,08,Tesouro Municipal - Recursos Vinculados,1,Manutenção e Reformas de Bens Imóveis,1,Outros Serviços de Terceiros - Pessoa Jurídica,1698740.82,0.0,845737.57,0.0,0.0,845737.57,"[{'siglaUnidadeMedida': 'UN', 'descricaoAnexo': 'PRESTAÇÃO DE SERVIÇOS DE CONSERVAÇÃO E MANUTENÇÃO DA MALHA VIÁRIA.', 'qtdeAnexo': 1, 'valorUnitarioAnexo': 1698740.82}]",,,,,,9
01,PREFEITURA DO MUNICÍPIO DE SÃO PAULO,46597,79638,2020,9,23/09/2020 00:00:00,6012201900079803,09052229000144,SOUZA COMPEC ENGENHARIA E CONSTRUÇÕES LTDA,26971,2019,07,Fundo Municipal de Desenvolvimento Social,10,Fundo Municipal de Desenvolvimento Social,15,Urbanismo,452,Serviços Urbanos,3022,Requalificação e promoção da ocupação dos espaços públicos,1137,Pavimentação e Recapeamento de Vias - Programa de Metas 3.a,4,Despesas de Capital,4,Investimentos,90,Aplicações Diretas,39,Manutenção e Conservação de Bens Imóveis,08,Tesouro Municipal - Recursos Vinculados,1,Manutenção e Reformas de Bens Imóveis,1,Outros Serviços de Terceiros - Pessoa Jurídica,9599615.41,0.0,9598878.59,0.0,0.0,11221.97,"[{'siglaUnidadeMedida': 'UN', 'descricaoAnexo': 'PRESTAÇÃO DE SERVIÇOS DE CONSERVAÇÃO E MANUTENÇÃO DA MALHA VIÁRIA.', 'qtdeAnexo': 1, 'valorUnitarioAnexo': 9599615.41}]",,,,,,9
01,PREFEITURA DO MUNICÍPIO DE SÃO PAULO,46597,79644,2020,9,23/09/2020 00:00:00,6012201900079900,43677822000114,SOEBE CONSTRUÇÃO E PAVIMENTAÇÃO SA,27189,2019,07,Fundo Municipal de Desenvolvimento Social,10,Fundo Municipal de Desenvolvimento Social,15,Urbanismo,452,Serviços Urbanos,3022,Requalificação e promoção da ocupação dos espaços públicos,1137,Pavimentação e Recapeamento de Vias - Programa de Metas 3.a,4,Despesas de Capital,4,Investimentos,90,Aplicações Diretas,39,Manutenção e Conservação de Bens Imóveis,08,Tesouro Municipal - Recursos Vinculados,1,Manutenção e Reformas de Bens Imóveis,1,Outros Serviços de Terceiros - Pessoa Jurídica,3320657.47,0.0,0.0,0.0,0.0,0.0,"[{'siglaUnidadeMedida': 'UN', 'descricaoAnexo': 'PRESTAÇÃO DE SERVIÇOS DE CONSERVAÇÃO E MANUTENÇÃO DA MALHA VIÁRIA.', 'qtdeAnexo': 1, 'valorUnitarioAnexo': 3320657.47}]",,,,,,9
01,PREFEITURA DO MUNICÍPIO DE SÃO PAULO,46597,79647,2020,9,23/09/2020 00:00:00,6012201900079579,62162847000120,JOFEGE PAVIMENTACAO E CONSTRUCAO LTDA,26814,2019,07,Fundo Municipal de Desenvolvimento Social,10,Fundo Municipal de Desenvolvimento Social,15,Urbanismo,452,Serviços Urbanos,3022,Requalificação e promoção da ocupação dos espaços públicos,1137,Pavimentação e Recapeamento de Vias - Programa de Metas 3.a,4,Despesas de Capital,4,Investimentos,90,Aplicações Diretas,39,Manutenção e Conservação de Bens Imóveis,08,Tesouro Municipal - Recursos Vinculados,1,Manutenção e Reformas de Bens Imóveis,1,Outros Serviços de Terceiros - Pessoa Jurídica,1452097.51,0.0,0.0,0.0,0.0,0.0,"[{'siglaUnidadeMedida': 'UN', 'descricaoAnexo': 'PRESTAÇÃO DE SERVIÇOS DE CONSERVAÇÃO E MANUTENÇÃO DA MALHA VIÁRIA.', 'qtdeAnexo': 1, 'valorUnitarioAnexo': 1452097.51}]",,,,,,9
01,PREFEITURA DO MUNICÍPIO DE SÃO PAULO,46597,80075,2020,9,25/09/2020 00:00:00,6012201900079854,47218979000132,ARVEK TECNICA E CONSTRUCOES LTDA,26960,2019,07,Fundo Municipal de Desenvolvimento Social,10,Fundo Municipal de Desenvolvimento Social,15,Urbanismo,452,Serviços Urbanos,3022,Requalificação e promoção da ocupação dos espaços públicos,1137,Pavimentação e Recapeamento de Vias - Programa de Metas 3.a,4,Despesas de Capital,4,Investimentos,90,Aplicações Diretas,39,Manutenção e Conservação de Bens Imóveis,08,Tesouro Municipal - Recursos Vinculados,1,Manutenção e Reformas de Bens Imóveis,1,Outros Serviços de Terceiros - Pessoa Jurídica,4105625.94,0.0,2849805.38,0.0,0.0,331057.23,"[{'siglaUnidadeMedida': 'UN', 'descricaoAnexo': 'PRESTAÇÃO DE SERVIÇOS DE CONSERVAÇÃO E MANUTENÇÃO DA MALHA VIÁRIA.', 'qtdeAnexo': 1, 'valorUnitarioAnexo': 4105625.94}]",,,,,,9
01,PREFEITURA DO MUNICÍPIO DE SÃO PAULO,46597,80764,2020,9,29/09/2020 00:00:00,6012201900079870,01065014000156,FREMIX PAVIMENTACAO E CONSTRUCOES LTDA ,26927,2019,07,Fundo Municipal de Desenvolvimento Social,10,Fundo Municipal de Desenvolvimento Social,15,Urbanismo,452,Serviços Urbanos,3022,Requalificação e promoção da ocupação dos espaços públicos,1137,Pavimentação e Recapeamento de Vias - Programa de Metas 3.a,4,Despesas de Capital,4,Investimentos,90,Aplicações Diretas,39,Manutenção e Conservação de Bens Imóveis,08,Tesouro Municipal - Recursos Vinculados,1,Manutenção e Reformas de Bens Imóveis,1,Outros Serviços de Terceiros - Pessoa Jurídica,7221957.64,0.0,5035098.06,0.0,0.0,2958136.38,"[{'siglaUnidadeMedida': 'UN', 'descricaoAnexo': 'PRESTAÇÃO DE SERVIÇOS DE CONSERVAÇÃO E MANUTENÇÃO DA MALHA VIÁRIA.\n\n', 'qtdeAnexo': 1, 'valorUnitarioAnexo': 7221957.64}]",,,,,,9
01,PREFEITURA DO MUNICÍPIO DE SÃO PAULO,36933,57281,2020,7,08/07/2020 00:00:00,6012202000098257,57085201000156,J L ENGENHARIA E CONSTRUCAO LTDA,11086,2020,07,Fundo Municipal de Desenvolvimento Social,10,Fundo Municipal de Desenvolvimento Social,15,Urbanismo,452,Serviços Urbanos,3006,Direitos da pessoa com deficiência,1169,Reforma e Acessibilidade em Passeios Públicos - Programa de Metas 2.c,4,Despesas de Capital,4,Investimentos,90,Aplicações Diretas,39,Manutenção e Conservação de Bens Imóveis,08,Tesouro Municipal - Recursos Vinculados,1,Manutenção e Reformas de Bens Imóveis,1,Outros Serviços de Terceiros - Pessoa Jurídica,4338411.88,0.0,2389361.48,1915300.66,923210.59,21459.83,"[{'siglaUnidadeMedida': 'UN', 'descricaoAnexo': 'Ata de Registros de Preços  nº 47/SMSUB/COGEL/2019 – LOTE X, objetivando a prestação de serviços para a readequação e manutenção dos passeios públicos – “calçadas”', 'qtdeAnexo': 1, 'valorUnitarioAnexo': 4338411.88}]",,,,,,10
01,PREFEITURA DO MUNICÍPIO DE SÃO PAULO,36933,57294,2020,7,08/07/2020 00:00:00,6012202000054934,07879965000145,CONSTRUTORA LETTIERI CORDARO LTDA,11088,2020,07,Fundo Municipal de Desenvolvimento Social,10,Fundo Municipal de Desenvolvimento Social,15,Urbanismo,452,Serviços Urbanos,3006,Direitos da pessoa com deficiência,1169,Reforma e Acessibilidade em Passeios Públicos - Programa de Metas 2.c,4,Despesas de Capital,4,Investimentos,90,Aplicações Diretas,39,Manutenção e Conservação de Bens Imóveis,08,Tesouro Municipal - Recursos Vinculados,1,Manutenção e Reformas de Bens Imóveis,1,Outros Serviços de Terceiros - Pessoa Jurídica,5164430.11,0.0,1643986.69,803242.56,803242.56,154141.98,"[{'siglaUnidadeMedida': 'UN', 'descricaoAnexo': 'Prestação de serviços para a readequação e manutenção dos passeios públicos - calçadas, ', 'qtdeAnexo': 1, 'valorUnitarioAnexo': 5164430.11}]",,,,,,10
01,PREFEITURA DO MUNICÍPIO DE SÃO PAULO,36933,57300,2020,7,08/07/2020 00:00:00,6012202000054926,07879965000145,CONSTRUTORA LETTIERI CORDARO LTDA,11091,2020,07,Fundo Municipal de Desenvolvimento Social,10,Fundo Municipal de Desenvolvimento Social,15,Urbanismo,452,Serviços Urbanos,3006,Direitos da pessoa com deficiência,1169,Reforma e Acessibilidade em Passeios Públicos - Programa de Metas 2.c,4,Despesas de Capital,4,Investimentos,90,Aplicações Diretas,39,Manutenção e Conservação de Bens Imóveis,08,Tesouro Municipal - Recursos Vinculados,1,Manutenção e Reformas de Bens Imóveis,1,Outros Serviços de Terceiros - Pessoa Jurídica,843197.9,0.0,451959.2,357363.93,357363.93,2312.09,"[{'siglaUnidadeMedida': 'UN', 'descricaoAnexo': 'Ata de Registros de Preços  nº 53/SMSUB/COGEL/2019 – LOTE XVI, objetivando a prestação de serviços para a readequação e manutenção dos passeios públicos – “calçadas”', 'qtdeAnexo': 1, 'valorUnitarioAnexo': 843197.9}]",,,,,,10
01,PREFEITURA DO MUNICÍPIO DE SÃO PAULO,36933,57485,2020,7,09/07/2020 00:00:00,6012202000000494,03101876000112,DB CONSTRUCOES LTDA,11195,2020,07,Fundo Municipal de Desenvolvimento Social,10,Fundo Municipal de Desenvolvimento Social,15,Urbanismo,452,Serviços Urbanos,3006,Direitos da pessoa com deficiência,1169,Reforma e Acessibilidade em Passeios Públicos - Programa de Metas 2.c,4,Despesas de Capital,4,Investimentos,90,Aplicações Diretas,39,Manutenção e Conservação de Bens Imóveis,08,Tesouro Municipal - Recursos Vinculados,1,Manutenção e Reformas de Bens Imóveis,1,Outros Serviços de Terceiros - Pessoa Jurídica,5845546.29,0.0,2413961.11,2152537.54,2152537.54,261423.57,"[{'siglaUnidadeMedida': 'UN ', 'descricaoAnexo': ' Ata de Registros de Preços  nº 41/SMSUB/COGEL/2019 – LOTE IV, objetivando a prestação de serviços para a readequação e manutenção dos passeios públicos – “calçadas”.', 'qtdeAnexo': 1, 'valorUnitarioAnexo': 5845546.29}]",,,,,,10
01,PREFEITURA DO MUNICÍPIO DE SÃO PAULO,36933,57546,2020,7,09/07/2020 00:00:00,6012202000182096,03101876000112,DB CONSTRUCOES LTDA,11199,2020,07,Fundo Municipal de Desenvolvimento Social,10,Fundo Municipal de Desenvolvimento Social,15,Urbanismo,452,Serviços Urbanos,3006,Direitos da pessoa com deficiência,1169,Reforma e Acessibilidade em Passeios Públicos - Programa de Metas 2.c,4,Despesas de Capital,4,Investimentos,90,Aplicações Diretas,39,Manutenção e Conservação de Bens Imóveis,08,Tesouro Municipal - Recursos Vinculados,1,Manutenção e Reformas de Bens Imóveis,1,Outros Serviços de Terceiros - Pessoa Jurídica,1910772.1,0.0,1363731.42,1002243.28,1002243.28,165347.78,"[{'siglaUnidadeMedida': 'UN', 'descricaoAnexo': 'Ata de Registros de Preços  nº 55/SMSUB/COGEL/2019 – LOTE XIX, objetivando a prestação de serviços para a readequação e manutenção dos passeios públicos – “calçadas”', 'qtdeAnexo': 1, 'valorUnitarioAnexo': 1910772.1}]",,,,,,10
01,PREFEITURA DO MUNICÍPIO DE SÃO PAULO,36933,57548,2020,7,09/07/2020 00:00:00,6012202000153061,03643992000163,BB ENGENHARIA E CONSTRUCOES S A,11200,2020,07,Fundo Municipal de Desenvolvimento Social,10,Fundo Municipal de Desenvolvimento Social,15,Urbanismo,452,Serviços Urbanos,3006,Direitos da pessoa com deficiência,1169,Reforma e Acessibilidade em Passeios Públicos - Programa de Metas 2.c,4,Despesas de Capital,4,Investimentos,90,Aplicações Diretas,39,Manutenção e Conservação de Bens Imóveis,08,Tesouro Municipal - Recursos Vinculados,1,Manutenção e Reformas de Bens Imóveis,1,Outros Serviços de Terceiros - Pessoa Jurídica,1284773.04,1284773.04,0.0,0.0,0.0,0.0,"[{'siglaUnidadeMedida': 'UN', 'descricaoAnexo': 'Ata de Registros de Preços  nº 48/SMSUB/COGEL/2019 – LOTE XI, objetivando a prestação de serviços para a readequação e manutenção dos passeios públicos – “calçadas”', 'qtdeAnexo': 1, 'valorUnitarioAnexo': 1284773.04}]",,,,,,10
01,PREFEITURA DO MUNICÍPIO DE SÃO PAULO,36933,57552,2020,7,09/07/2020 00:00:00,6012202000153029,03101876000112,DB CONSTRUCOES LTDA,11202,2020,07,Fundo Municipal de Desenvolvimento Social,10,Fundo Municipal de Desenvolvimento Social,15,Urbanismo,452,Serviços Urbanos,3006,Direitos da pessoa com deficiência,1169,Reforma e Acessibilidade em Passeios Públicos - Programa de Metas 2.c,4,Despesas de Capital,4,Investimentos,90,Aplicações Diretas,39,Manutenção e Conservação de Bens Imóveis,08,Tesouro Municipal - Recursos Vinculados,1,Manutenção e Reformas de Bens Imóveis,1,Outros Serviços de Terceiros - Pessoa Jurídica,4478774.08,4478774.08,0.0,0.0,0.0,0.0,"[{'siglaUnidadeMedida': 'UN', 'descricaoAnexo': 'Ata de Registros de Preços  nº 52/SMSUB/COGEL/2019 – LOTE XV, objetivando a prestação de serviços para a readequação e manutenção dos passeios públicos – “calçadas”', 'qtdeAnexo': 1, 'valorUnitarioAnexo': 4478774.08}]",,,,,,10
01,PREFEITURA DO MUNICÍPIO DE SÃO PAULO,36933,57554,2020,7,09/07/2020 00:00:00,6012202000152987,03101876000112,DB CONSTRUCOES LTDA,11204,2020,07,Fundo Municipal de Desenvolvimento Social,10,Fundo Municipal de Desenvolvimento Social,15,Urbanismo,452,Serviços Urbanos,3006,Direitos da pessoa com deficiência,1169,Reforma e Acessibilidade em Passeios Públicos - Programa de Metas 2.c,4,Despesas de Capital,4,Investimentos,90,Aplicações Diretas,39,Manutenção e Conservação de Bens Imóveis,08,Tesouro Municipal - Recursos Vinculados,1,Manutenção e Reformas de Bens Imóveis,1,Outros Serviços de Terceiros - Pessoa Jurídica,2115362.31,0.0,1646023.47,1038956.96,1038956.96,235173.27,"[{'siglaUnidadeMedida': 'UN', 'descricaoAnexo': 'Ata de Registros de Preços  nº 55/SMSUB/COGEL/2019 – LOTE XIX, objetivando a prestação de serviços para a readequação e manutenção dos passeios públicos – “calçadas”', 'qtdeAnexo': 1, 'valorUnitarioAnexo': 2115362.31}]",,,,,,10
01,PREFEITURA DO MUNICÍPIO DE SÃO PAULO,36933,59529,2020,7,13/07/2020 00:00:00,6012202000182070,03101876000112,DB CONSTRUCOES LTDA,11503,2020,07,Fundo Municipal de Desenvolvimento Social,10,Fundo Municipal de Desenvolvimento Social,15,Urbanismo,452,Serviços Urbanos,3006,Direitos da pessoa com deficiência,1169,Reforma e Acessibilidade em Passeios Públicos - Programa de Metas 2.c,4,Despesas de Capital,4,Investimentos,90,Aplicações Diretas,39,Manutenção e Conservação de Bens Imóveis,08,Tesouro Municipal - Recursos Vinculados,1,Manutenção e Reformas de Bens Imóveis,1,Outros Serviços de Terceiros - Pessoa Jurídica,2054992.45,0.0,911331.77,869876.48,869876.48,41455.29,"[{'siglaUnidadeMedida': 'UN', 'descricaoAnexo': ' Ata de Registros de Preços  nº 41/SMSUB/COGEL/2019 – LOTE IV, objetivando a prestação de serviços para a readequação e manutenção dos passeios públicos – “calçadas”,', 'qtdeAnexo': 1, 'valorUnitarioAnexo': 2054992.45}]",,,,,,10
01,PREFEITURA DO MUNICÍPIO DE SÃO PAULO,36933,61416,2020,7,22/07/2020 00:00:00,6012202000193551,03643992000163,BB ENGENHARIA E CONSTRUCOES S A,12832,2020,07,Fundo Municipal de Desenvolvimento Social,10,Fundo Municipal de Desenvolvimento Social,15,Urbanismo,452,Serviços Urbanos,3006,Direitos da pessoa com deficiência,1169,Reforma e Acessibilidade em Passeios Públicos - Programa de Metas 2.c,4,Despesas de Capital,4,Investimentos,90,Aplicações Diretas,39,Manutenção e Conservação de Bens Imóveis,08,Tesouro Municipal - Recursos Vinculados,1,Manutenção e Reformas de Bens Imóveis,1,Outros Serviços de Terceiros - Pessoa Jurídica,621488.97,0.0,542509.85,196709.31,196709.31,247000.73,"[{'siglaUnidadeMedida': 'UN', 'descricaoAnexo': ' Ata de Registros de Preços  nº 48/SMSUB/COGEL/2019 – LOTE XI, objetivando a prestação de serviços para a readequação e manutenção dos passeios públicos.', 'qtdeAnexo': 1, 'valorUnitarioAnexo': 621488.97}]",,,,,,10
01,PREFEITURA DO MUNICÍPIO DE SÃO PAULO,36933,61425,2020,7,22/07/2020 00:00:00,6012202000193527,01454603000126,JRA  EMPREENDIMENTOS E ENGENHARIA LTDA,12839,2020,07,Fundo Municipal de Desenvolvimento Social,10,Fundo Municipal de Desenvolvimento Social,15,Urbanismo,452,Serviços Urbanos,3006,Direitos da pessoa com deficiência,1169,Reforma e Acessibilidade em Passeios Públicos - Programa de Metas 2.c,4,Despesas de Capital,4,Investimentos,90,Aplicações Diretas,39,Manutenção e Conservação de Bens Imóveis,08,Tesouro Municipal - Recursos Vinculados,1,Manutenção e Reformas de Bens Imóveis,1,Outros Serviços de Terceiros - Pessoa Jurídica,4797604.37,0.0,2921114.96,2835001.33,2835001.33,86113.63,"[{'siglaUnidadeMedida': 'UN', 'descricaoAnexo': ' Ata de Registros de Preços  nº 48/SMSUB/COGEL/2019 – LOTE XI, objetivando a prestação de serviços para a readequação e manutenção dos passeios públicos.', 'qtdeAnexo': 1, 'valorUnitarioAnexo': 4797604.37}]",,,,,,10
01,PREFEITURA DO MUNICÍPIO DE SÃO PAULO,36933,63644,2020,7,29/07/2020 00:00:00,6012202000193543,56838949000110,CONSTRUTORA PROGREDIOR LTDA,14069,2020,07,Fundo Municipal de Desenvolvimento Social,10,Fundo Municipal de Desenvolvimento Social,15,Urbanismo,452,Serviços Urbanos,3006,Direitos da pessoa com deficiência,1169,Reforma e Acessibilidade em Passeios Públicos - Programa de Metas 2.c,4,Despesas de Capital,4,Investimentos,90,Aplicações Diretas,39,Manutenção e Conservação de Bens Imóveis,08,Tesouro Municipal - Recursos Vinculados,1,Manutenção e Reformas de Bens Imóveis,1,Outros Serviços de Terceiros - Pessoa Jurídica,1499666.63,0.0,1282477.72,0.0,0.0,0.0,"[{'siglaUnidadeMedida': 'UN', 'descricaoAnexo': 'PRESTAÇÃO DE SERVIÇOS PARA A READEQUAÇÃO E MANUTENÇÃO DOS PASSEIOS PÚBLICOS – “CALÇADAS”.\n \n', 'qtdeAnexo': 1, 'valorUnitarioAnexo': 1499666.63}]",,,,,,10
01,PREFEITURA DO MUNICÍPIO DE SÃO PAULO,36933,64227,2020,7,30/07/2020 00:00:00,6012202000193535,53640280000169,ENGENHARIA E COMERCIO RIGEL LTDA,14192,2020,07,Fundo Municipal de Desenvolvimento Social,10,Fundo Municipal de Desenvolvimento Social,15,Urbanismo,452,Serviços Urbanos,3006,Direitos da pessoa com deficiência,1169,Reforma e Acessibilidade em Passeios Públicos - Programa de Metas 2.c,4,Despesas de Capital,4,Investimentos,90,Aplicações Diretas,39,Manutenção e Conservação de Bens Imóveis,08,Tesouro Municipal - Recursos Vinculados,1,Manutenção e Reformas de Bens Imóveis,1,Outros Serviços de Terceiros - Pessoa Jurídica,2522717.85,0.0,759927.79,0.0,0.0,759927.79,"[{'siglaUnidadeMedida': 'UN', 'descricaoAnexo': ' Prestação de serviços para a readequação e manutenção dos passeios públicos – “calçadas', 'qtdeAnexo': 1, 'valorUnitarioAnexo': 2522717.85}]",,,,,,10
01,PREFEITURA DO MUNICÍPIO DE SÃO PAULO,47747,72683,2020,9,01/09/2020 00:00:00,6020201900118756,47902648000117,COMPANHIA DE ENGENHARIA DE TRAFEGO - CET,1706,2020,07,Fundo Municipal de Desenvolvimento Social,10,Fundo Municipal de Desenvolvimento Social,26,Transporte,785,Transportes Especiais,3009,Melhoria da mobilidade urbana universal,1097,"Construção de Ciclovias, Ciclofaixas e Ciclorrotas - Programa de Metas",4,Despesas de Capital,4,Investimentos,90,Aplicações Diretas,39,Outros Serviços de Terceiros - Pessoa Jurídica,08,Tesouro Municipal - Recursos Vinculados,1,CET,9,Outros Serviços de Terceiros - Pessoa Jurídica,36595179.9,0.0,11723669.9,333998.42,333998.42,3208144.2,"[{'siglaUnidadeMedida': 'SER', 'descricaoAnexo': ' 3º Termo de Aditamento ao Contrato nº 01/2020-SMT', 'qtdeAnexo': 1, 'valorUnitarioAnexo': 36595179.9}]",,,,,,10
01,PREFEITURA DO MUNICÍPIO DE SÃO PAULO,47748,72684,2020,9,01/09/2020 00:00:00,6020201900118756,47902648000117,COMPANHIA DE ENGENHARIA DE TRAFEGO - CET,1706,2020,07,Fundo Municipal de Desenvolvimento Social,10,Fundo Municipal de Desenvolvimento Social,15,Urbanismo,451,Infra-Estrutura Urbana,3009,Melhoria da mobilidade urbana universal,5417,Projetos de Mobilidade Urbana Oriundos de Recursos de Desestatizações ,4,Despesas de Capital,4,Investimentos,90,Aplicações Diretas,39,Outros Serviços de Terceiros - Pessoa Jurídica,08,Tesouro Municipal - Recursos Vinculados,1,CET,9,Outros Serviços de Terceiros - Pessoa Jurídica,23777457.64,0.0,3927816.54,13030.92,13030.92,1276663.32,"[{'siglaUnidadeMedida': 'SER', 'descricaoAnexo': ' 3º Termo de Aditamento ao Contrato nº 01/2020-SMT', 'qtdeAnexo': 1, 'valorUnitarioAnexo': 23777457.64}]",,,,,,10
01,PREFEITURA DO MUNICÍPIO DE SÃO PAULO,47749,72686,2020,9,01/09/2020 00:00:00,6020201900118756,47902648000117,COMPANHIA DE ENGENHARIA DE TRAFEGO - CET,1706,2020,07,Fundo Municipal de Desenvolvimento Social,10,Fundo Municipal de Desenvolvimento Social,15,Urbanismo,452,Serviços Urbanos,3022,Requalificação e promoção da ocupação dos espaços públicos,1137,Pavimentação e Recapeamento de Vias - Programa de Metas 3.a,4,Despesas de Capital,4,Investimentos,90,Aplicações Diretas,39,Outros Serviços de Terceiros - Pessoa Jurídica,08,Tesouro Municipal - Recursos Vinculados,1,CET,9,Outros Serviços de Terceiros - Pessoa Jurídica,11135947.99,0.0,3520939.15,736089.13,736089.13,319221.48,"[{'siglaUnidadeMedida': 'SER', 'descricaoAnexo': ' 3º Termo de Aditamento ao Contrato nº 01/2020-SMT', 'qtdeAnexo': 1, 'valorUnitarioAnexo': 11135947.99}]",,,,,,10
01,PREFEITURA DO MUNICÍPIO DE SÃO PAULO,48606,72982,2020,9,01/09/2020 00:00:00,7610202000017749,33113646000134,HABITA LOTE 12 SA,16630,2020,07,Fundo Municipal de Desenvolvimento Social,10,Fundo Municipal de Desenvolvimento Social,26,Transporte,785,Transportes Especiais,3009,Melhoria da mobilidade urbana universal,1097,"Construção de Ciclovias, Ciclofaixas e Ciclorrotas - Programa de Metas",4,Despesas de Capital,4,Investimentos,90,Aplicações Diretas,51,Obras em Andamento - Uso Comum do Povo,08,Tesouro Municipal - Recursos Vinculados,1,Pavimentação de Ruas e Avenidas ,8,Obras e Instalações,8143128.78,0.0,3261832.06,0.0,0.0,3261832.06,"[{'siglaUnidadeMedida': 'MED', 'descricaoAnexo': 'Implantação de 10,42km de ciclovias e ciclofaixas na região do Lote 1 da PPP Habitacional', 'qtdeAnexo': 1, 'valorUnitarioAnexo': 8143128.78}]",,,,,,10
01,PREFEITURA DO MUNICÍPIO DE SÃO PAULO,48606,72984,2020,9,01/09/2020 00:00:00,7610202000017757,33113646000134,HABITA LOTE 12 SA,16633,2020,07,Fundo Municipal de Desenvolvimento Social,10,Fundo Municipal de Desenvolvimento Social,26,Transporte,785,Transportes Especiais,3009,Melhoria da mobilidade urbana universal,1097,"Construção de Ciclovias, Ciclofaixas e Ciclorrotas - Programa de Metas",4,Despesas de Capital,4,Investimentos,90,Aplicações Diretas,51,Obras em Andamento - Uso Comum do Povo,08,Tesouro Municipal - Recursos Vinculados,1,Pavimentação de Ruas e Avenidas ,8,Obras e Instalações,5140453.38,0.0,1526713.97,0.0,0.0,1526713.97,"[{'siglaUnidadeMedida': 'MED', 'descricaoAnexo': 'Implantação de 6,84 km de ciclovias e ciclofaixas na região do Lote 12 da PPP Habitacional', 'qtdeAnexo': 1, 'valorUnitarioAnexo': 5140453.38}]",,,,,,10
01,PREFEITURA DO MUNICÍPIO DE SÃO PAULO,47669,73090,2020,9,02/09/2020 00:00:00,6020201700017751,60498417000158,SAO PAULO TRANSPORTE SA,26735,2017,07,Fundo Municipal de Desenvolvimento Social,10,Fundo Municipal de Desenvolvimento Social,15,Urbanismo,451,Infra-Estrutura Urbana,3009,Melhoria da mobilidade urbana universal,5417,Projetos de Mobilidade Urbana Oriundos de Recursos de Desestatizações ,4,Despesas de Capital,4,Investimentos,90,Aplicações Diretas,51,Obras em Andamento - Uso Comum do Povo,08,Tesouro Municipal - Recursos Vinculados,1,Sistemas Viários ,8,Obras e Instalações,15385181.0,0.0,15385181.0,3356698.75,1398373.41,1062685.25,"[{'siglaUnidadeMedida': 'SER', 'descricaoAnexo': 'Termo de Apostilamento - Convênio nº 01/2017 - SMT/SPTRANS', 'qtdeAnexo': 1, 'valorUnitarioAnexo': 15385181.0}]",,,,,,10
01,PREFEITURA DO MUNICÍPIO DE SÃO PAULO,46597,74163,2020,9,04/09/2020 00:00:00,6012201900023336,60862331000162,CONSTRUÇÕES ENGENHARIA E PAVIMENTAÇÃO ENPAVI LTDA,23277,2019,07,Fundo Municipal de Desenvolvimento Social,10,Fundo Municipal de Desenvolvimento Social,15,Urbanismo,452,Serviços Urbanos,3022,Requalificação e promoção da ocupação dos espaços públicos,1137,Pavimentação e Recapeamento de Vias - Programa de Metas 3.a,4,Despesas de Capital,4,Investimentos,90,Aplicações Diretas,39,Manutenção e Conservação de Bens Imóveis,08,Tesouro Municipal - Recursos Vinculados,1,Manutenção e Reformas de Bens Imóveis,1,Outros Serviços de Terceiros - Pessoa Jurídica,56864.84,0.0,56864.84,0.0,0.0,0.0,"[{'siglaUnidadeMedida': 'UN', 'descricaoAnexo': 'PRESTAÇÃO DE SERVIÇOS DE CONSERVAÇÃO E MANUTENÇÃO DA MALHA VIÁRIA.\n\n', 'qtdeAnexo': 1, 'valorUnitarioAnexo': 56864.84}]",,,,,,10
01,PREFEITURA DO MUNICÍPIO DE SÃO PAULO,46597,74171,2020,9,04/09/2020 00:00:00,6012201900055513,60862331000162,CONSTRUÇÕES ENGENHARIA E PAVIMENTAÇÃO ENPAVI LTDA,21738,2019,07,Fundo Municipal de Desenvolvimento Social,10,Fundo Municipal de Desenvolvimento Social,15,Urbanismo,452,Serviços Urbanos,3022,Requalificação e promoção da ocupação dos espaços públicos,1137,Pavimentação e Recapeamento de Vias - Programa de Metas 3.a,4,Despesas de Capital,4,Investimentos,90,Aplicações Diretas,39,Manutenção e Conservação de Bens Imóveis,08,Tesouro Municipal - Recursos Vinculados,1,Manutenção e Reformas de Bens Imóveis,1,Outros Serviços de Terceiros - Pessoa Jurídica,219314.79,0.0,219314.79,0.0,0.0,0.0,"[{'siglaUnidadeMedida': 'UN', 'descricaoAnexo': 'PRESTAÇÃO DE SERVIÇOS DE CONSERVAÇÃO E MANUTENÇÃO DA MALHA VIÁRIA.\n\n', 'qtdeAnexo': 1, 'valorUnitarioAnexo': 219314.79}]",,,,,,10
01,PREFEITURA DO MUNICÍPIO DE SÃO PAULO,46597,74177,2020,9,04/09/2020 00:00:00,6012201900055483,01065014000156,FREMIX PAVIMENTACAO E CONSTRUCOES LTDA ,21732,2019,07,Fundo Municipal de Desenvolvimento Social,10,Fundo Municipal de Desenvolvimento Social,15,Urbanismo,452,Serviços Urbanos,3022,Requalificação e promoção da ocupação dos espaços públicos,1137,Pavimentação e Recapeamento de Vias - Programa de Metas 3.a,4,Despesas de Capital,4,Investimentos,90,Aplicações Diretas,39,Manutenção e Conservação de Bens Imóveis,08,Tesouro Municipal - Recursos Vinculados,1,Manutenção e Reformas de Bens Imóveis,1,Outros Serviços de Terceiros - Pessoa Jurídica,81307.95,0.0,81307.95,0.0,0.0,0.0,"[{'siglaUnidadeMedida': 'UN', 'descricaoAnexo': 'PRESTAÇÃO DE SERVIÇOS DE CONSERVAÇÃO E MANUTENÇÃO DA MALHA VIÁRIA.\n\n', 'qtdeAnexo': 1, 'valorUnitarioAnexo': 81307.95}]",,,,,,10
01,PREFEITURA DO MUNICÍPIO DE SÃO PAULO,46597,74181,2020,9,04/09/2020 00:00:00,6012201900055521,47218979000132,ARVEK TECNICA E CONSTRUCOES LTDA,21231,2019,07,Fundo Municipal de Desenvolvimento Social,10,Fundo Municipal de Desenvolvimento Social,15,Urbanismo,452,Serviços Urbanos,3022,Requalificação e promoção da ocupação dos espaços públicos,1137,Pavimentação e Recapeamento de Vias - Programa de Metas 3.a,4,Despesas de Capital,4,Investimentos,90,Aplicações Diretas,39,Manutenção e Conservação de Bens Imóveis,08,Tesouro Municipal - Recursos Vinculados,1,Manutenção e Reformas de Bens Imóveis,1,Outros Serviços de Terceiros - Pessoa Jurídica,113889.44,0.0,113889.44,0.0,0.0,0.0,"[{'siglaUnidadeMedida': 'UN', 'descricaoAnexo': 'PRESTAÇÃO DE SERVIÇOS DE CONSERVAÇÃO E MANUTENÇÃO DA MALHA VIÁRIA.\n\n', 'qtdeAnexo': 1, 'valorUnitarioAnexo': 113889.44}]",,,,,,10
01,PREFEITURA DO MUNICÍPIO DE SÃO PAULO,46597,74187,2020,9,04/09/2020 00:00:00,6012201900055564,43677822000114,SOEBE CONSTRUÇÃO E PAVIMENTAÇÃO SA,21712,2019,07,Fundo Municipal de Desenvolvimento Social,10,Fundo Municipal de Desenvolvimento Social,15,Urbanismo,452,Serviços Urbanos,3022,Requalificação e promoção da ocupação dos espaços públicos,1137,Pavimentação e Recapeamento de Vias - Programa de Metas 3.a,4,Despesas de Capital,4,Investimentos,90,Aplicações Diretas,39,Manutenção e Conservação de Bens Imóveis,08,Tesouro Municipal - Recursos Vinculados,1,Manutenção e Reformas de Bens Imóveis,1,Outros Serviços de Terceiros - Pessoa Jurídica,1163.79,0.0,1163.79,0.0,0.0,0.0,"[{'siglaUnidadeMedida': 'UN', 'descricaoAnexo': 'PRESTAÇÃO DE SERVIÇOS DE CONSERVAÇÃO E MANUTENÇÃO DA MALHA VIÁRIA.\n\n', 'qtdeAnexo': 1, 'valorUnitarioAnexo': 1163.79}]",,,,,,10
01,PREFEITURA DO MUNICÍPIO DE SÃO PAULO,46597,74197,2020,9,04/09/2020 00:00:00,6012201900055530,01065014000156,FREMIX PAVIMENTACAO E CONSTRUCOES LTDA ,21713,2019,07,Fundo Municipal de Desenvolvimento Social,10,Fundo Municipal de Desenvolvimento Social,15,Urbanismo,452,Serviços Urbanos,3022,Requalificação e promoção da ocupação dos espaços públicos,1137,Pavimentação e Recapeamento de Vias - Programa de Metas 3.a,4,Despesas de Capital,4,Investimentos,90,Aplicações Diretas,39,Manutenção e Conservação de Bens Imóveis,08,Tesouro Municipal - Recursos Vinculados,1,Manutenção e Reformas de Bens Imóveis,1,Outros Serviços de Terceiros - Pessoa Jurídica,119720.67,0.0,119720.67,0.0,0.0,0.0,"[{'siglaUnidadeMedida': 'UN', 'descricaoAnexo': 'PRESTAÇÃO DE SERVIÇOS DE CONSERVAÇÃO E MANUTENÇÃO DA MALHA VIÁRIA.\n\n', 'qtdeAnexo': 1, 'valorUnitarioAnexo': 119720.67}]",,,,,,10
01,PREFEITURA DO MUNICÍPIO DE SÃO PAULO,46597,74201,2020,9,04/09/2020 00:00:00,6012201900079803,09052229000144,SOUZA COMPEC ENGENHARIA E CONSTRUÇÕES LTDA,26971,2019,07,Fundo Municipal de Desenvolvimento Social,10,Fundo Municipal de Desenvolvimento Social,15,Urbanismo,452,Serviços Urbanos,3022,Requalificação e promoção da ocupação dos espaços públicos,1137,Pavimentação e Recapeamento de Vias - Programa de Metas 3.a,4,Despesas de Capital,4,Investimentos,90,Aplicações Diretas,39,Manutenção e Conservação de Bens Imóveis,08,Tesouro Municipal - Recursos Vinculados,1,Manutenção e Reformas de Bens Imóveis,1,Outros Serviços de Terceiros - Pessoa Jurídica,151727.93,0.0,151727.93,0.0,0.0,0.0,"[{'siglaUnidadeMedida': 'UN', 'descricaoAnexo': 'PRESTAÇÃO DE SERVIÇOS DE CONSERVAÇÃO E MANUTENÇÃO DA MALHA VIÁRIA.\n\n', 'qtdeAnexo': 1, 'valorUnitarioAnexo': 151727.93}]",,,,,,10
01,PREFEITURA DO MUNICÍPIO DE SÃO PAULO,46597,74205,2020,9,04/09/2020 00:00:00,6012201900079900,43677822000114,SOEBE CONSTRUÇÃO E PAVIMENTAÇÃO SA,27189,2019,07,Fundo Municipal de Desenvolvimento Social,10,Fundo Municipal de Desenvolvimento Social,15,Urbanismo,452,Serviços Urbanos,3022,Requalificação e promoção da ocupação dos espaços públicos,1137,Pavimentação e Recapeamento de Vias - Programa de Metas 3.a,4,Despesas de Capital,4,Investimentos,90,Aplicações Diretas,39,Manutenção e Conservação de Bens Imóveis,08,Tesouro Municipal - Recursos Vinculados,1,Manutenção e Reformas de Bens Imóveis,1,Outros Serviços de Terceiros - Pessoa Jurídica,86815.68,0.0,86815.68,0.0,0.0,0.0,"[{'siglaUnidadeMedida': 'UN', 'descricaoAnexo': 'PRESTAÇÃO DE SERVIÇOS DE CONSERVAÇÃO E MANUTENÇÃO DA MALHA VIÁRIA.\n\n', 'qtdeAnexo': 1, 'valorUnitarioAnexo': 86815.68}]",,,,,,10
01,PREFEITURA DO MUNICÍPIO DE SÃO PAULO,46597,74215,2020,9,04/09/2020 00:00:00,6012201900079897,43677822000114,SOEBE CONSTRUÇÃO E PAVIMENTAÇÃO SA,26780,2019,07,Fundo Municipal de Desenvolvimento Social,10,Fundo Municipal de Desenvolvimento Social,15,Urbanismo,452,Serviços Urbanos,3022,Requalificação e promoção da ocupação dos espaços públicos,1137,Pavimentação e Recapeamento de Vias - Programa de Metas 3.a,4,Despesas de Capital,4,Investimentos,90,Aplicações Diretas,39,Manutenção e Conservação de Bens Imóveis,08,Tesouro Municipal - Recursos Vinculados,1,Manutenção e Reformas de Bens Imóveis,1,Outros Serviços de Terceiros - Pessoa Jurídica,543217.91,0.0,543217.91,0.0,0.0,0.0,"[{'siglaUnidadeMedida': 'UN', 'descricaoAnexo': 'PRESTAÇÃO DE SERVIÇOS DE CONSERVAÇÃO E MANUTENÇÃO DA MALHA VIÁRIA.\n\n', 'qtdeAnexo': 1, 'valorUnitarioAnexo': 543217.91}]",,,,,,10
01,PREFEITURA DO MUNICÍPIO DE SÃO PAULO,46597,74220,2020,9,04/09/2020 00:00:00,6012201900079650,43677822000114,SOEBE CONSTRUÇÃO E PAVIMENTAÇÃO SA,26785,2019,07,Fundo Municipal de Desenvolvimento Social,10,Fundo Municipal de Desenvolvimento Social,15,Urbanismo,452,Serviços Urbanos,3022,Requalificação e promoção da ocupação dos espaços públicos,1137,Pavimentação e Recapeamento de Vias - Programa de Metas 3.a,4,Despesas de Capital,4,Investimentos,90,Aplicações Diretas,39,Manutenção e Conservação de Bens Imóveis,08,Tesouro Municipal - Recursos Vinculados,1,Manutenção e Reformas de Bens Imóveis,1,Outros Serviços de Terceiros - Pessoa Jurídica,489683.03,0.0,489683.03,0.0,0.0,0.0,"[{'siglaUnidadeMedida': 'UN', 'descricaoAnexo': 'PRESTAÇÃO DE SERVIÇOS DE CONSERVAÇÃO E MANUTENÇÃO DA MALHA VIÁRIA.\n\n', 'qtdeAnexo': 1, 'valorUnitarioAnexo': 489683.03}]",,,,,,10
01,PREFEITURA DO MUNICÍPIO DE SÃO PAULO,46597,74233,2020,9,04/09/2020 00:00:00,6012201900079579,62162847000120,JOFEGE PAVIMENTACAO E CONSTRUCAO LTDA,26814,2019,07,Fundo Municipal de Desenvolvimento Social,10,Fundo Municipal de Desenvolvimento Social,15,Urbanismo,452,Serviços Urbanos,3022,Requalificação e promoção da ocupação dos espaços públicos,1137,Pavimentação e Recapeamento de Vias - Programa de Metas 3.a,4,Despesas de Capital,4,Investimentos,90,Aplicações Diretas,39,Manutenção e Conservação de Bens Imóveis,08,Tesouro Municipal - Recursos Vinculados,1,Manutenção e Reformas de Bens Imóveis,1,Outros Serviços de Terceiros - Pessoa Jurídica,39644.2,0.0,39644.2,0.0,0.0,0.0,"[{'siglaUnidadeMedida': 'UN', 'descricaoAnexo': 'PRESTAÇÃO DE SERVIÇOS DE CONSERVAÇÃO E MANUTENÇÃO DA MALHA VIÁRIA.\n\n', 'qtdeAnexo': 1, 'valorUnitarioAnexo': 39644.2}]",,,,,,10
01,PREFEITURA DO MUNICÍPIO DE SÃO PAULO,46597,74241,2020,9,04/09/2020 00:00:00,6012201900079463,62162847000120,JOFEGE PAVIMENTACAO E CONSTRUCAO LTDA,26807,2019,07,Fundo Municipal de Desenvolvimento Social,10,Fundo Municipal de Desenvolvimento Social,15,Urbanismo,452,Serviços Urbanos,3022,Requalificação e promoção da ocupação dos espaços públicos,1137,Pavimentação e Recapeamento de Vias - Programa de Metas 3.a,4,Despesas de Capital,4,Investimentos,90,Aplicações Diretas,39,Manutenção e Conservação de Bens Imóveis,08,Tesouro Municipal - Recursos Vinculados,1,Manutenção e Reformas de Bens Imóveis,1,Outros Serviços de Terceiros - Pessoa Jurídica,428.03,0.0,0.0,0.0,0.0,0.0,"[{'siglaUnidadeMedida': 'UN', 'descricaoAnexo': 'PRESTAÇÃO DE SERVIÇOS DE CONSERVAÇÃO E MANUTENÇÃO DA MALHA VIÁRIA.\n\n', 'qtdeAnexo': 1, 'valorUnitarioAnexo': 428.03}]",,,,,,10
01,PREFEITURA DO MUNICÍPIO DE SÃO PAULO,46597,74260,2020,9,04/09/2020 00:00:00,6012201900079889,01065014000156,FREMIX PAVIMENTACAO E CONSTRUCOES LTDA ,26925,2019,07,Fundo Municipal de Desenvolvimento Social,10,Fundo Municipal de Desenvolvimento Social,15,Urbanismo,452,Serviços Urbanos,3022,Requalificação e promoção da ocupação dos espaços públicos,1137,Pavimentação e Recapeamento de Vias - Programa de Metas 3.a,4,Despesas de Capital,4,Investimentos,90,Aplicações Diretas,39,Manutenção e Conservação de Bens Imóveis,08,Tesouro Municipal - Recursos Vinculados,1,Manutenção e Reformas de Bens Imóveis,1,Outros Serviços de Terceiros - Pessoa Jurídica,26369.02,26369.02,0.0,0.0,0.0,0.0,"[{'siglaUnidadeMedida': 'UN', 'descricaoAnexo': 'PRESTAÇÃO DE SERVIÇOS DE CONSERVAÇÃO E MANUTENÇÃO DA MALHA VIÁRIA.\n\n', 'qtdeAnexo': 1, 'valorUnitarioAnexo': 26369.02}]",,,,,,10
01,PREFEITURA DO MUNICÍPIO DE SÃO PAULO,46597,74263,2020,9,04/09/2020 00:00:00,6012201900078840,01065014000156,FREMIX PAVIMENTACAO E CONSTRUCOES LTDA ,26934,2019,07,Fundo Municipal de Desenvolvimento Social,10,Fundo Municipal de Desenvolvimento Social,15,Urbanismo,452,Serviços Urbanos,3022,Requalificação e promoção da ocupação dos espaços públicos,1137,Pavimentação e Recapeamento de Vias - Programa de Metas 3.a,4,Despesas de Capital,4,Investimentos,90,Aplicações Diretas,39,Manutenção e Conservação de Bens Imóveis,08,Tesouro Municipal - Recursos Vinculados,1,Manutenção e Reformas de Bens Imóveis,1,Outros Serviços de Terceiros - Pessoa Jurídica,31449.0,0.0,31449.0,0.0,0.0,10.11,"[{'siglaUnidadeMedida': 'UN', 'descricaoAnexo': 'PRESTAÇÃO DE SERVIÇOS DE CONSERVAÇÃO E MANUTENÇÃO DA MALHA VIÁRIA.\n\n', 'qtdeAnexo': 1, 'valorUnitarioAnexo': 31449.0}]",,,,,,10
01,PREFEITURA DO MUNICÍPIO DE SÃO PAULO,46597,74269,2020,9,04/09/2020 00:00:00,6012201900066329,01065014000156,FREMIX PAVIMENTACAO E CONSTRUCOES LTDA ,5192,2020,07,Fundo Municipal de Desenvolvimento Social,10,Fundo Municipal de Desenvolvimento Social,15,Urbanismo,452,Serviços Urbanos,3022,Requalificação e promoção da ocupação dos espaços públicos,1137,Pavimentação e Recapeamento de Vias - Programa de Metas 3.a,4,Despesas de Capital,4,Investimentos,90,Aplicações Diretas,39,Manutenção e Conservação de Bens Imóveis,08,Tesouro Municipal - Recursos Vinculados,1,Manutenção e Reformas de Bens Imóveis,1,Outros Serviços de Terceiros - Pessoa Jurídica,53652.3,0.0,53652.3,0.0,0.0,0.0,"[{'siglaUnidadeMedida': 'UN', 'descricaoAnexo': 'PRESTAÇÃO DE SERVIÇOS DE CONSERVAÇÃO E MANUTENÇÃO DA MALHA VIÁRIA.\n\n', 'qtdeAnexo': 1, 'valorUnitarioAnexo': 53652.3}]",,,,,,10
01,PREFEITURA DO MUNICÍPIO DE SÃO PAULO,46597,74277,2020,9,04/09/2020 00:00:00,6012201900079692,66806555000133,FBS CONSTRUCAO CIVIL E PAVIMENTACAO S.A.,26834,2019,07,Fundo Municipal de Desenvolvimento Social,10,Fundo Municipal de Desenvolvimento Social,15,Urbanismo,452,Serviços Urbanos,3022,Requalificação e promoção da ocupação dos espaços públicos,1137,Pavimentação e Recapeamento de Vias - Programa de Metas 3.a,4,Despesas de Capital,4,Investimentos,90,Aplicações Diretas,39,Manutenção e Conservação de Bens Imóveis,08,Tesouro Municipal - Recursos Vinculados,1,Manutenção e Reformas de Bens Imóveis,1,Outros Serviços de Terceiros - Pessoa Jurídica,1173719.68,0.0,1173719.68,0.0,0.0,0.0,"[{'siglaUnidadeMedida': 'UN', 'descricaoAnexo': 'PRESTAÇÃO DE SERVIÇOS DE CONSERVAÇÃO E MANUTENÇÃO DA MALHA VIÁRIA.\n\n', 'qtdeAnexo': 1, 'valorUnitarioAnexo': 1173719.68}]",,,,,,10
01,PREFEITURA DO MUNICÍPIO DE SÃO PAULO,46597,74281,2020,9,04/09/2020 00:00:00,6012201900079757,66806555000133,FBS CONSTRUCAO CIVIL E PAVIMENTACAO S.A.,26738,2019,07,Fundo Municipal de Desenvolvimento Social,10,Fundo Municipal de Desenvolvimento Social,15,Urbanismo,452,Serviços Urbanos,3022,Requalificação e promoção da ocupação dos espaços públicos,1137,Pavimentação e Recapeamento de Vias - Programa de Metas 3.a,4,Despesas de Capital,4,Investimentos,90,Aplicações Diretas,39,Manutenção e Conservação de Bens Imóveis,08,Tesouro Municipal - Recursos Vinculados,1,Manutenção e Reformas de Bens Imóveis,1,Outros Serviços de Terceiros - Pessoa Jurídica,491551.27,0.0,491551.27,0.0,0.0,0.0,"[{'siglaUnidadeMedida': 'UN', 'descricaoAnexo': 'PRESTAÇÃO DE SERVIÇOS DE CONSERVAÇÃO E MANUTENÇÃO DA MALHA VIÁRIA.\n\n', 'qtdeAnexo': 1, 'valorUnitarioAnexo': 491551.27}]",,,,,,10
01,PREFEITURA DO MUNICÍPIO DE SÃO PAULO,46597,74286,2020,9,04/09/2020 00:00:00,6012201900079730,66806555000133,FBS CONSTRUCAO CIVIL E PAVIMENTACAO S.A.,26744,2019,07,Fundo Municipal de Desenvolvimento Social,10,Fundo Municipal de Desenvolvimento Social,15,Urbanismo,452,Serviços Urbanos,3022,Requalificação e promoção da ocupação dos espaços públicos,1137,Pavimentação e Recapeamento de Vias - Programa de Metas 3.a,4,Despesas de Capital,4,Investimentos,90,Aplicações Diretas,39,Manutenção e Conservação de Bens Imóveis,08,Tesouro Municipal - Recursos Vinculados,1,Manutenção e Reformas de Bens Imóveis,1,Outros Serviços de Terceiros - Pessoa Jurídica,28751.54,0.0,28751.54,0.0,0.0,0.0,"[{'siglaUnidadeMedida': 'UN', 'descricaoAnexo': 'PRESTAÇÃO DE SERVIÇOS DE CONSERVAÇÃO E MANUTENÇÃO DA MALHA VIÁRIA.\n\n', 'qtdeAnexo': 1, 'valorUnitarioAnexo': 28751.54}]",,,,,,10
01,PREFEITURA DO MUNICÍPIO DE SÃO PAULO,46597,76161,2020,9,10/09/2020 00:00:00,6012201900079455,62162847000120,JOFEGE PAVIMENTACAO E CONSTRUCAO LTDA,26800,2019,07,Fundo Municipal de Desenvolvimento Social,10,Fundo Municipal de Desenvolvimento Social,15,Urbanismo,452,Serviços Urbanos,3022,Requalificação e promoção da ocupação dos espaços públicos,1137,Pavimentação e Recapeamento de Vias - Programa de Metas 3.a,4,Despesas de Capital,4,Investimentos,90,Aplicações Diretas,39,Manutenção e Conservação de Bens Imóveis,08,Tesouro Municipal - Recursos Vinculados,1,Manutenção e Reformas de Bens Imóveis,1,Outros Serviços de Terceiros - Pessoa Jurídica,6223208.1,0.0,2100168.87,0.0,0.0,2100168.87,"[{'siglaUnidadeMedida': 'UN', 'descricaoAnexo': 'Prestação de serviços de conservação e manutenção da malha viária', 'qtdeAnexo': 1, 'valorUnitarioAnexo': 6223208.1}]",,,,,,10
01,PREFEITURA DO MUNICÍPIO DE SÃO PAULO,46597,76187,2020,9,10/09/2020 00:00:00,6012201900079463,62162847000120,JOFEGE PAVIMENTACAO E CONSTRUCAO LTDA,26807,2019,07,Fundo Municipal de Desenvolvimento Social,10,Fundo Municipal de Desenvolvimento Social,15,Urbanismo,452,Serviços Urbanos,3022,Requalificação e promoção da ocupação dos espaços públicos,1137,Pavimentação e Recapeamento de Vias - Programa de Metas 3.a,4,Despesas de Capital,4,Investimentos,90,Aplicações Diretas,39,Manutenção e Conservação de Bens Imóveis,08,Tesouro Municipal - Recursos Vinculados,1,Manutenção e Reformas de Bens Imóveis,1,Outros Serviços de Terceiros - Pessoa Jurídica,12152753.43,0.0,12078506.66,0.0,0.0,1679722.82,"[{'siglaUnidadeMedida': 'UN', 'descricaoAnexo': 'Prestação de serviços de conservação e manutenção da malha viária', 'qtdeAnexo': 1, 'valorUnitarioAnexo': 12152753.43}]",,,,,,10
01,PREFEITURA DO MUNICÍPIO DE SÃO PAULO,46597,76618,2020,9,10/09/2020 00:00:00,6012202000077560,01065014000156,FREMIX PAVIMENTACAO E CONSTRUCOES LTDA ,26925,2019,07,Fundo Municipal de Desenvolvimento Social,10,Fundo Municipal de Desenvolvimento Social,15,Urbanismo,452,Serviços Urbanos,3022,Requalificação e promoção da ocupação dos espaços públicos,1137,Pavimentação e Recapeamento de Vias - Programa de Metas 3.a,4,Despesas de Capital,4,Investimentos,90,Aplicações Diretas,39,Manutenção e Conservação de Bens Imóveis,08,Tesouro Municipal - Recursos Vinculados,1,Manutenção e Reformas de Bens Imóveis,1,Outros Serviços de Terceiros - Pessoa Jurídica,26369.92,0.0,4996.95,0.0,0.0,4996.95,"[{'siglaUnidadeMedida': 'UN', 'descricaoAnexo': 'PRESTAÇÃO DE SERVIÇOS DE CONSERVAÇÃO E MANUTENÇÃO DA MALHA VIÁRIA.\n\n', 'qtdeAnexo': 1, 'valorUnitarioAnexo': 26369.92}]",,,,,,10
01,PREFEITURA DO MUNICÍPIO DE SÃO PAULO,46597,76620,2020,9,11/09/2020 00:00:00,6012201900079579,62162847000120,JOFEGE PAVIMENTACAO E CONSTRUCAO LTDA,26814,2019,07,Fundo Municipal de Desenvolvimento Social,10,Fundo Municipal de Desenvolvimento Social,15,Urbanismo,452,Serviços Urbanos,3022,Requalificação e promoção da ocupação dos espaços públicos,1137,Pavimentação e Recapeamento de Vias - Programa de Metas 3.a,4,Despesas de Capital,4,Investimentos,90,Aplicações Diretas,39,Manutenção e Conservação de Bens Imóveis,08,Tesouro Municipal - Recursos Vinculados,1,Manutenção e Reformas de Bens Imóveis,1,Outros Serviços de Terceiros - Pessoa Jurídica,96275.5,0.0,96275.5,0.0,0.0,0.0,"[{'siglaUnidadeMedida': 'UN', 'descricaoAnexo': 'PRESTAÇÃO DE SERVIÇOS DE CONSERVAÇÃO E MANUTENÇÃO DA MALHA VIÁRIA.\n\n', 'qtdeAnexo': 1, 'valorUnitarioAnexo': 96275.5}]",,,,,,10
01,PREFEITURA DO MUNICÍPIO DE SÃO PAULO,50015,77421,2020,9,14/09/2020 00:00:00,6022202000018436,11958828000173,SAO PAULO OBRAS  SP OBRAS,17438,2020,07,Fundo Municipal de Desenvolvimento Social,10,Fundo Municipal de Desenvolvimento Social,15,Urbanismo,451,Infra-Estrutura Urbana,3009,Melhoria da mobilidade urbana universal,5287,Inspeção de Obras de Artes Especiais - OAE - Programa de Metas 3.b,4,Despesas de Capital,4,Investimentos,90,Aplicações Diretas,39,Serviços Técnicos Profissionais,08,Tesouro Municipal - Recursos Vinculados,0,Gerenciamento,0,Outros Serviços de Terceiros - Pessoa Jurídica,2039204.83,2039204.83,0.0,0.0,0.0,0.0,"[{'siglaUnidadeMedida': 'UND', 'descricaoAnexo': 'Serviços para Supervisão do Programa de Manutenção de Obras de Arte Especiais da Cidade de São Paulo', 'qtdeAnexo': 1, 'valorUnitarioAnexo': 2039204.83}]",,,,,,10
01,PREFEITURA DO MUNICÍPIO DE SÃO PAULO,50015,78403,2020,9,16/09/2020 00:00:00,7910202000007612,44239135000503,EGIS  ENGENHARIA E CONSULTORIA LTDA,17708,2020,07,Fundo Municipal de Desenvolvimento Social,10,Fundo Municipal de Desenvolvimento Social,15,Urbanismo,451,Infra-Estrutura Urbana,3009,Melhoria da mobilidade urbana universal,5287,Inspeção de Obras de Artes Especiais - OAE - Programa de Metas 3.b,4,Despesas de Capital,4,Investimentos,90,Aplicações Diretas,39,Serviços Técnicos Profissionais,08,Tesouro Municipal - Recursos Vinculados,0,Gerenciamento,0,Outros Serviços de Terceiros - Pessoa Jurídica,316694.17,0.0,153522.47,0.0,0.0,153522.47,"[{'siglaUnidadeMedida': 'UND', 'descricaoAnexo': 'Elaboração de inspeções especiais, vistorias, ensaios, laudos técnicos, verificações estruturais, projeto executivo de requalificação e concepção de recuperação estrutural das 19 obras de arte especiais (OAE)  CONCORRÊNCIA nº 004/SIURB/19 - LOTE 1', 'qtdeAnexo': 1, 'valorUnitarioAnexo': 316694.17}]",,,,,,10
01,PREFEITURA DO MUNICÍPIO DE SÃO PAULO,50015,78406,2020,9,16/09/2020 00:00:00,7910202000007612,09008769000120,ENGETI  CONSULTORIA E ENGENHARIA SS LTDA,17708,2020,07,Fundo Municipal de Desenvolvimento Social,10,Fundo Municipal de Desenvolvimento Social,15,Urbanismo,451,Infra-Estrutura Urbana,3009,Melhoria da mobilidade urbana universal,5287,Inspeção de Obras de Artes Especiais - OAE - Programa de Metas 3.b,4,Despesas de Capital,4,Investimentos,90,Aplicações Diretas,39,Serviços Técnicos Profissionais,08,Tesouro Municipal - Recursos Vinculados,0,Gerenciamento,0,Outros Serviços de Terceiros - Pessoa Jurídica,234078.3,0.0,113473.11,0.0,0.0,113473.11,"[{'siglaUnidadeMedida': 'UND', 'descricaoAnexo': 'Elaboração de inspeções especiais, vistorias, ensaios, laudos técnicos, verificações estruturais, projeto executivo de requalificação e concepção de recuperação estrutural das 19 obras de arte especiais (OAE) CONCORRÊNCIA nº 004/SIURB/19 - LOTE 1', 'qtdeAnexo': 1, 'valorUnitarioAnexo': 234078.3}]",,,,,,10
01,PREFEITURA DO MUNICÍPIO DE SÃO PAULO,50015,78415,2020,9,16/09/2020 00:00:00,7910202000007612,55194369000174,ALPHAGEOS TECNOLOGIA APLICADA SA,17708,2020,07,Fundo Municipal de Desenvolvimento Social,10,Fundo Municipal de Desenvolvimento Social,15,Urbanismo,451,Infra-Estrutura Urbana,3009,Melhoria da mobilidade urbana universal,5287,Inspeção de Obras de Artes Especiais - OAE - Programa de Metas 3.b,4,Despesas de Capital,4,Investimentos,90,Aplicações Diretas,39,Serviços Técnicos Profissionais,08,Tesouro Municipal - Recursos Vinculados,0,Gerenciamento,0,Outros Serviços de Terceiros - Pessoa Jurídica,137693.12,0.0,66749.04,0.0,0.0,66749.04,"[{'siglaUnidadeMedida': 'UND', 'descricaoAnexo': 'Elaboração de inspeções especiais, vistorias, ensaios, laudos técnicos, verificações estruturais, projeto executivo de requalificação e concepção de recuperação estrutural das 19 obras de arte especiais (OAE) CONCORRÊNCIA nº 004/SIURB/19 - LOTE 1', 'qtdeAnexo': 1, 'valorUnitarioAnexo': 137693.12}]",,,,,,10
01,PREFEITURA DO MUNICÍPIO DE SÃO PAULO,50015,78418,2020,9,16/09/2020 00:00:00,7910202000007620,42161372000140,ECR ENGENHARIA LTDA,17712,2020,07,Fundo Municipal de Desenvolvimento Social,10,Fundo Municipal de Desenvolvimento Social,15,Urbanismo,451,Infra-Estrutura Urbana,3009,Melhoria da mobilidade urbana universal,5287,Inspeção de Obras de Artes Especiais - OAE - Programa de Metas 3.b,4,Despesas de Capital,4,Investimentos,90,Aplicações Diretas,39,Serviços Técnicos Profissionais,08,Tesouro Municipal - Recursos Vinculados,0,Gerenciamento,0,Outros Serviços de Terceiros - Pessoa Jurídica,593075.82,0.0,488329.4,0.0,0.0,488329.4,"[{'siglaUnidadeMedida': 'UND', 'descricaoAnexo': 'Elaboração de inspeções especiais, vistorias, ensaios, laudos técnicos, verificações estruturais, projeto executivo de requalificação e concepção de recuperação estrutural das 19 obras de arte especiais (OAE) CONCORRÊNCIA nº 004/SIURB/19 - LOTE 2', 'qtdeAnexo': 1, 'valorUnitarioAnexo': 593075.82}]",,,,,,10
01,PREFEITURA DO MUNICÍPIO DE SÃO PAULO,50015,78420,2020,9,16/09/2020 00:00:00,7910202000007639,33177148000155,BUREAU VERITAS DO BRASIL SOCIEDADE CLASSIFICADORA E CERTIFICADORA LTDA,17711,2020,07,Fundo Municipal de Desenvolvimento Social,10,Fundo Municipal de Desenvolvimento Social,15,Urbanismo,451,Infra-Estrutura Urbana,3009,Melhoria da mobilidade urbana universal,5287,Inspeção de Obras de Artes Especiais - OAE - Programa de Metas 3.b,4,Despesas de Capital,4,Investimentos,90,Aplicações Diretas,39,Serviços Técnicos Profissionais,08,Tesouro Municipal - Recursos Vinculados,0,Gerenciamento,0,Outros Serviços de Terceiros - Pessoa Jurídica,631352.41,631352.41,0.0,0.0,0.0,0.0,"[{'siglaUnidadeMedida': 'UND', 'descricaoAnexo': 'Elaboração de inspeções especiais, vistorias, ensaios, laudos técnicos, verificações estruturais, projeto executivo de requalificação e concepção de recuperação estrutural das 19 obras de arte especiais (OAE) CONCORRÊNCIA nº 004/SIURB/19 - LOTE 3', 'qtdeAnexo': 1, 'valorUnitarioAnexo': 631352.41}]",,,,,,10
01,PREFEITURA DO MUNICÍPIO DE SÃO PAULO,46597,78495,2020,9,17/09/2020 00:00:00,6012201900079650,43677822000114,SOEBE CONSTRUÇÃO E PAVIMENTAÇÃO SA,27189,2019,07,Fundo Municipal de Desenvolvimento Social,10,Fundo Municipal de Desenvolvimento Social,15,Urbanismo,452,Serviços Urbanos,3022,Requalificação e promoção da ocupação dos espaços públicos,1137,Pavimentação e Recapeamento de Vias - Programa de Metas 3.a,4,Despesas de Capital,4,Investimentos,90,Aplicações Diretas,39,Manutenção e Conservação de Bens Imóveis,08,Tesouro Municipal - Recursos Vinculados,1,Manutenção e Reformas de Bens Imóveis,1,Outros Serviços de Terceiros - Pessoa Jurídica,2829640.7,0.0,2829640.7,0.0,0.0,0.0,"[{'siglaUnidadeMedida': 'UN', 'descricaoAnexo': 'PRESTAÇÃO DE SERVIÇOS DE CONSERVAÇÃO E MANUTENÇÃO DA MALHA VIÁRIA.\n\n', 'qtdeAnexo': 1, 'valorUnitarioAnexo': 2829640.7}]",,,,,,10
01,PREFEITURA DO MUNICÍPIO DE SÃO PAULO,46597,78497,2020,9,17/09/2020 00:00:00,6012201900079900,43677822000114,SOEBE CONSTRUÇÃO E PAVIMENTAÇÃO SA,27189,2019,07,Fundo Municipal de Desenvolvimento Social,10,Fundo Municipal de Desenvolvimento Social,15,Urbanismo,452,Serviços Urbanos,3022,Requalificação e promoção da ocupação dos espaços públicos,1137,Pavimentação e Recapeamento de Vias - Programa de Metas 3.a,4,Despesas de Capital,4,Investimentos,90,Aplicações Diretas,39,Manutenção e Conservação de Bens Imóveis,08,Tesouro Municipal - Recursos Vinculados,1,Manutenção e Reformas de Bens Imóveis,1,Outros Serviços de Terceiros - Pessoa Jurídica,5922331.46,0.0,1866520.83,0.0,0.0,1866520.83,"[{'siglaUnidadeMedida': 'UN', 'descricaoAnexo': 'PRESTAÇÃO DE SERVIÇOS DE CONSERVAÇÃO E MANUTENÇÃO DA MALHA VIÁRIA.\n\n', 'qtdeAnexo': 1, 'valorUnitarioAnexo': 5922331.46}]",,,,,,10
01,PREFEITURA DO MUNICÍPIO DE SÃO PAULO,46597,78498,2020,9,17/09/2020 00:00:00,6012201900079730,66806555000133,FBS CONSTRUCAO CIVIL E PAVIMENTACAO S.A.,26744,2019,07,Fundo Municipal de Desenvolvimento Social,10,Fundo Municipal de Desenvolvimento Social,15,Urbanismo,452,Serviços Urbanos,3022,Requalificação e promoção da ocupação dos espaços públicos,1137,Pavimentação e Recapeamento de Vias - Programa de Metas 3.a,4,Despesas de Capital,4,Investimentos,90,Aplicações Diretas,39,Manutenção e Conservação de Bens Imóveis,08,Tesouro Municipal - Recursos Vinculados,1,Manutenção e Reformas de Bens Imóveis,1,Outros Serviços de Terceiros - Pessoa Jurídica,9739476.94,0.0,9739476.94,0.0,0.0,26617.6,"[{'siglaUnidadeMedida': 'UN', 'descricaoAnexo': 'PRESTAÇÃO DE SERVIÇOS DE CONSERVAÇÃO E MANUTENÇÃO DA MALHA VIÁRIA.\n\n', 'qtdeAnexo': 1, 'valorUnitarioAnexo': 9739476.94}]",,,,,,10
01,PREFEITURA DO MUNICÍPIO DE SÃO PAULO,46597,78499,2020,9,17/09/2020 00:00:00,6012201900079897,43677822000114,SOEBE CONSTRUÇÃO E PAVIMENTAÇÃO SA,26780,2019,07,Fundo Municipal de Desenvolvimento Social,10,Fundo Municipal de Desenvolvimento Social,15,Urbanismo,452,Serviços Urbanos,3022,Requalificação e promoção da ocupação dos espaços públicos,1137,Pavimentação e Recapeamento de Vias - Programa de Metas 3.a,4,Despesas de Capital,4,Investimentos,90,Aplicações Diretas,39,Manutenção e Conservação de Bens Imóveis,08,Tesouro Municipal - Recursos Vinculados,1,Manutenção e Reformas de Bens Imóveis,1,Outros Serviços de Terceiros - Pessoa Jurídica,11324490.67,0.0,6518895.82,0.0,0.0,558253.57,"[{'siglaUnidadeMedida': 'UN', 'descricaoAnexo': 'PRESTAÇÃO DE SERVIÇOS DE CONSERVAÇÃO E MANUTENÇÃO DA MALHA VIÁRIA.\n\n', 'qtdeAnexo': 1, 'valorUnitarioAnexo': 11324490.67}]",,,,,,10
01,PREFEITURA DO MUNICÍPIO DE SÃO PAULO,46597,78500,2020,9,17/09/2020 00:00:00,6012201900079692,66806555000133,FBS CONSTRUCAO CIVIL E PAVIMENTACAO S.A.,26834,2019,07,Fundo Municipal de Desenvolvimento Social,10,Fundo Municipal de Desenvolvimento Social,15,Urbanismo,452,Serviços Urbanos,3022,Requalificação e promoção da ocupação dos espaços públicos,1137,Pavimentação e Recapeamento de Vias - Programa de Metas 3.a,4,Despesas de Capital,4,Investimentos,90,Aplicações Diretas,39,Manutenção e Conservação de Bens Imóveis,08,Tesouro Municipal - Recursos Vinculados,1,Manutenção e Reformas de Bens Imóveis,1,Outros Serviços de Terceiros - Pessoa Jurídica,4835337.52,0.0,4835337.52,0.0,0.0,0.0,"[{'siglaUnidadeMedida': 'UN', 'descricaoAnexo': 'PRESTAÇÃO DE SERVIÇOS DE CONSERVAÇÃO E MANUTENÇÃO DA MALHA VIÁRIA.\n\n', 'qtdeAnexo': 1, 'valorUnitarioAnexo': 4835337.52}]",,,,,,10
01,PREFEITURA DO MUNICÍPIO DE SÃO PAULO,50015,78598,2020,9,17/09/2020 00:00:00,7910202000007639,33177148000155,BUREAU VERITAS DO BRASIL SOCIEDADE CLASSIFICADORA E CERTIFICADORA LTDA,17711,2020,07,Fundo Municipal de Desenvolvimento Social,10,Fundo Municipal de Desenvolvimento Social,15,Urbanismo,451,Infra-Estrutura Urbana,3009,Melhoria da mobilidade urbana universal,5287,Inspeção de Obras de Artes Especiais - OAE - Programa de Metas 3.b,4,Despesas de Capital,4,Investimentos,90,Aplicações Diretas,39,Serviços Técnicos Profissionais,08,Tesouro Municipal - Recursos Vinculados,0,Gerenciamento,0,Outros Serviços de Terceiros - Pessoa Jurídica,378811.45,0.0,0.0,0.0,0.0,0.0,"[{'siglaUnidadeMedida': 'UND', 'descricaoAnexo': 'Elaboração de inspeções especiais, vistorias, ensaios, laudos técnicos, verificações estruturais, projeto executivo de requalificação e concepção de recuperação estrutural das 19 obras de arte especiais (OAE) CONCORRÊNCIA nº 004/SIURB/19 - LOTE 3', 'qtdeAnexo': 1, 'valorUnitarioAnexo': 378811.45}]",,,,,,10
01,PREFEITURA DO MUNICÍPIO DE SÃO PAULO,50015,78606,2020,9,17/09/2020 00:00:00,7910202000007639,00376282000126,EGT ENGENHARIA LTDA,17801,2020,07,Fundo Municipal de Desenvolvimento Social,10,Fundo Municipal de Desenvolvimento Social,15,Urbanismo,451,Infra-Estrutura Urbana,3009,Melhoria da mobilidade urbana universal,5287,Inspeção de Obras de Artes Especiais - OAE - Programa de Metas 3.b,4,Despesas de Capital,4,Investimentos,90,Aplicações Diretas,39,Serviços Técnicos Profissionais,08,Tesouro Municipal - Recursos Vinculados,0,Gerenciamento,0,Outros Serviços de Terceiros - Pessoa Jurídica,252540.96,0.0,0.0,0.0,0.0,0.0,"[{'siglaUnidadeMedida': 'UND', 'descricaoAnexo': 'Elaboração de inspeções especiais, vistorias, ensaios, laudos técnicos, verificações estruturais, projeto executivo de requalificação e concepção de recuperação estrutural das 19 obras de arte especiais (OAE) CONCORRÊNCIA nº 004/SIURB/19 - LOTE 3', 'qtdeAnexo': 1, 'valorUnitarioAnexo': 252540.96}]",,,,,,10
01,PREFEITURA DO MUNICÍPIO DE SÃO PAULO,46597,78688,2020,9,17/09/2020 00:00:00,6012201900079579,62162847000120,JOFEGE PAVIMENTACAO E CONSTRUCAO LTDA,26814,2019,07,Fundo Municipal de Desenvolvimento Social,10,Fundo Municipal de Desenvolvimento Social,15,Urbanismo,452,Serviços Urbanos,3022,Requalificação e promoção da ocupação dos espaços públicos,1137,Pavimentação e Recapeamento de Vias - Programa de Metas 3.a,4,Despesas de Capital,4,Investimentos,90,Aplicações Diretas,39,Manutenção e Conservação de Bens Imóveis,08,Tesouro Municipal - Recursos Vinculados,1,Manutenção e Reformas de Bens Imóveis,1,Outros Serviços de Terceiros - Pessoa Jurídica,5944395.23,0.0,4403741.9,0.0,0.0,846649.59,"[{'siglaUnidadeMedida': 'UN', 'descricaoAnexo': 'PRESTAÇÃO DE SERVIÇOS DE CONSERVAÇÃO E MANUTENÇÃO DA MALHA VIÁRIA.', 'qtdeAnexo': 1, 'valorUnitarioAnexo': 5944395.23}]",,,,,,10
01,PREFEITURA DO MUNICÍPIO DE SÃO PAULO,46597,78691,2020,9,17/09/2020 00:00:00,6012201900079757,66806555000133,FBS CONSTRUCAO CIVIL E PAVIMENTACAO S.A.,26738,2019,07,Fundo Municipal de Desenvolvimento Social,10,Fundo Municipal de Desenvolvimento Social,15,Urbanismo,452,Serviços Urbanos,3022,Requalificação e promoção da ocupação dos espaços públicos,1137,Pavimentação e Recapeamento de Vias - Programa de Metas 3.a,4,Despesas de Capital,4,Investimentos,90,Aplicações Diretas,39,Manutenção e Conservação de Bens Imóveis,08,Tesouro Municipal - Recursos Vinculados,1,Manutenção e Reformas de Bens Imóveis,1,Outros Serviços de Terceiros - Pessoa Jurídica,12039099.02,0.0,5506235.83,0.0,0.0,877416.18,"[{'siglaUnidadeMedida': 'UN', 'descricaoAnexo': 'PRESTAÇÃO DE SERVIÇOS DE CONSERVAÇÃO E MANUTENÇÃO DA MALHA VIÁRIA.', 'qtdeAnexo': 1, 'valorUnitarioAnexo': 12039099.02}]",,,,,,10
01,PREFEITURA DO MUNICÍPIO DE SÃO PAULO,50015,78706,2020,9,17/09/2020 00:00:00,7910202000003234,11958828000173,SAO PAULO OBRAS  SP OBRAS,17438,2020,07,Fundo Municipal de Desenvolvimento Social,10,Fundo Municipal de Desenvolvimento Social,15,Urbanismo,451,Infra-Estrutura Urbana,3009,Melhoria da mobilidade urbana universal,5287,Inspeção de Obras de Artes Especiais - OAE - Programa de Metas 3.b,4,Despesas de Capital,4,Investimentos,90,Aplicações Diretas,39,Serviços Técnicos Profissionais,08,Tesouro Municipal - Recursos Vinculados,0,Gerenciamento,0,Outros Serviços de Terceiros - Pessoa Jurídica,849668.34,0.0,765894.31,0.0,0.0,765894.31,"[{'siglaUnidadeMedida': 'UND', 'descricaoAnexo': 'CT 058/SIURB/20 - Supervisão do Programa de Manutenção de Obras de Arte Especiais da Cidade de São Paulo', 'qtdeAnexo': 1, 'valorUnitarioAnexo': 849668.34}]",,,,,,10
01,PREFEITURA DO MUNICÍPIO DE SÃO PAULO,46597,78857,2020,9,18/09/2020 00:00:00,6012201900079889,01065014000156,FREMIX PAVIMENTACAO E CONSTRUCOES LTDA ,26925,2019,07,Fundo Municipal de Desenvolvimento Social,10,Fundo Municipal de Desenvolvimento Social,15,Urbanismo,452,Serviços Urbanos,3022,Requalificação e promoção da ocupação dos espaços públicos,1137,Pavimentação e Recapeamento de Vias - Programa de Metas 3.a,4,Despesas de Capital,4,Investimentos,90,Aplicações Diretas,39,Manutenção e Conservação de Bens Imóveis,08,Tesouro Municipal - Recursos Vinculados,1,Manutenção e Reformas de Bens Imóveis,1,Outros Serviços de Terceiros - Pessoa Jurídica,6259063.55,0.0,4555153.55,0.0,0.0,3825351.38,"[{'siglaUnidadeMedida': 'UN', 'descricaoAnexo': 'PRESTAÇÃO DE SERVIÇOS DE CONSERVAÇÃO E MANUTENÇÃO DA MALHA VIÁRIA.\n\n', 'qtdeAnexo': 1, 'valorUnitarioAnexo': 6259063.55}]",,,,,,10
01,PREFEITURA DO MUNICÍPIO DE SÃO PAULO,46597,79056,2020,9,21/09/2020 00:00:00,6012201900078840,01065014000156,FREMIX PAVIMENTACAO E CONSTRUCOES LTDA ,26934,2019,07,Fundo Municipal de Desenvolvimento Social,10,Fundo Municipal de Desenvolvimento Social,15,Urbanismo,452,Serviços Urbanos,3022,Requalificação e promoção da ocupação dos espaços públicos,1137,Pavimentação e Recapeamento de Vias - Programa de Metas 3.a,4,Despesas de Capital,4,Investimentos,90,Aplicações Diretas,39,Manutenção e Conservação de Bens Imóveis,08,Tesouro Municipal - Recursos Vinculados,1,Manutenção e Reformas de Bens Imóveis,1,Outros Serviços de Terceiros - Pessoa Jurídica,3707335.11,0.0,1448899.87,0.0,0.0,1448899.87,"[{'siglaUnidadeMedida': 'UN', 'descricaoAnexo': 'PRESTAÇÃO DE SERVIÇOS DE CONSERVAÇÃO E MANUTENÇÃO DA MALHA VIÁRIA.', 'qtdeAnexo': 1, 'valorUnitarioAnexo': 3707335.11}]",,,,,,10
01,PREFEITURA DO MUNICÍPIO DE SÃO PAULO,46597,79632,2020,9,23/09/2020 00:00:00,6012201900079692,66806555000133,FBS CONSTRUCAO CIVIL E PAVIMENTACAO S.A.,26834,2019,07,Fundo Municipal de Desenvolvimento Social,10,Fundo Municipal de Desenvolvimento Social,15,Urbanismo,452,Serviços Urbanos,3022,Requalificação e promoção da ocupação dos espaços públicos,1137,Pavimentação e Recapeamento de Vias - Programa de Metas 3.a,4,Despesas de Capital,4,Investimentos,90,Aplicações Diretas,39,Manutenção e Conservação de Bens Imóveis,08,Tesouro Municipal - Recursos Vinculados,1,Manutenção e Reformas de Bens Imóveis,1,Outros Serviços de Terceiros - Pessoa Jurídica,2289531.85,0.0,2289445.06,0.0,0.0,3235.2,"[{'siglaUnidadeMedida': 'UN', 'descricaoAnexo': 'PRESTAÇÃO DE SERVIÇOS DE CONSERVAÇÃO E MANUTENÇÃO DA MALHA VIÁRIA.', 'qtdeAnexo': 1, 'valorUnitarioAnexo': 2289531.85}]",,,,,,10
01,PREFEITURA DO MUNICÍPIO DE SÃO PAULO,46597,79634,2020,9,23/09/2020 00:00:00,6012201900079730,66806555000133,FBS CONSTRUCAO CIVIL E PAVIMENTACAO S.A.,26744,2019,07,Fundo Municipal de Desenvolvimento Social,10,Fundo Municipal de Desenvolvimento Social,15,Urbanismo,452,Serviços Urbanos,3022,Requalificação e promoção da ocupação dos espaços públicos,1137,Pavimentação e Recapeamento de Vias - Programa de Metas 3.a,4,Despesas de Capital,4,Investimentos,90,Aplicações Diretas,39,Manutenção e Conservação de Bens Imóveis,08,Tesouro Municipal - Recursos Vinculados,1,Manutenção e Reformas de Bens Imóveis,1,Outros Serviços de Terceiros - Pessoa Jurídica,1698740.82,0.0,845737.57,0.0,0.0,845737.57,"[{'siglaUnidadeMedida': 'UN', 'descricaoAnexo': 'PRESTAÇÃO DE SERVIÇOS DE CONSERVAÇÃO E MANUTENÇÃO DA MALHA VIÁRIA.', 'qtdeAnexo': 1, 'valorUnitarioAnexo': 1698740.82}]",,,,,,10
01,PREFEITURA DO MUNICÍPIO DE SÃO PAULO,46597,79638,2020,9,23/09/2020 00:00:00,6012201900079803,09052229000144,SOUZA COMPEC ENGENHARIA E CONSTRUÇÕES LTDA,26971,2019,07,Fundo Municipal de Desenvolvimento Social,10,Fundo Municipal de Desenvolvimento Social,15,Urbanismo,452,Serviços Urbanos,3022,Requalificação e promoção da ocupação dos espaços públicos,1137,Pavimentação e Recapeamento de Vias - Programa de Metas 3.a,4,Despesas de Capital,4,Investimentos,90,Aplicações Diretas,39,Manutenção e Conservação de Bens Imóveis,08,Tesouro Municipal - Recursos Vinculados,1,Manutenção e Reformas de Bens Imóveis,1,Outros Serviços de Terceiros - Pessoa Jurídica,9599615.41,0.0,9598878.59,0.0,0.0,11221.97,"[{'siglaUnidadeMedida': 'UN', 'descricaoAnexo': 'PRESTAÇÃO DE SERVIÇOS DE CONSERVAÇÃO E MANUTENÇÃO DA MALHA VIÁRIA.', 'qtdeAnexo': 1, 'valorUnitarioAnexo': 9599615.41}]",,,,,,10
01,PREFEITURA DO MUNICÍPIO DE SÃO PAULO,46597,79644,2020,9,23/09/2020 00:00:00,6012201900079900,43677822000114,SOEBE CONSTRUÇÃO E PAVIMENTAÇÃO SA,27189,2019,07,Fundo Municipal de Desenvolvimento Social,10,Fundo Municipal de Desenvolvimento Social,15,Urbanismo,452,Serviços Urbanos,3022,Requalificação e promoção da ocupação dos espaços públicos,1137,Pavimentação e Recapeamento de Vias - Programa de Metas 3.a,4,Despesas de Capital,4,Investimentos,90,Aplicações Diretas,39,Manutenção e Conservação de Bens Imóveis,08,Tesouro Municipal - Recursos Vinculados,1,Manutenção e Reformas de Bens Imóveis,1,Outros Serviços de Terceiros - Pessoa Jurídica,3320657.47,0.0,0.0,0.0,0.0,0.0,"[{'siglaUnidadeMedida': 'UN', 'descricaoAnexo': 'PRESTAÇÃO DE SERVIÇOS DE CONSERVAÇÃO E MANUTENÇÃO DA MALHA VIÁRIA.', 'qtdeAnexo': 1, 'valorUnitarioAnexo': 3320657.47}]",,,,,,10
01,PREFEITURA DO MUNICÍPIO DE SÃO PAULO,46597,79647,2020,9,23/09/2020 00:00:00,6012201900079579,62162847000120,JOFEGE PAVIMENTACAO E CONSTRUCAO LTDA,26814,2019,07,Fundo Municipal de Desenvolvimento Social,10,Fundo Municipal de Desenvolvimento Social,15,Urbanismo,452,Serviços Urbanos,3022,Requalificação e promoção da ocupação dos espaços públicos,1137,Pavimentação e Recapeamento de Vias - Programa de Metas 3.a,4,Despesas de Capital,4,Investimentos,90,Aplicações Diretas,39,Manutenção e Conservação de Bens Imóveis,08,Tesouro Municipal - Recursos Vinculados,1,Manutenção e Reformas de Bens Imóveis,1,Outros Serviços de Terceiros - Pessoa Jurídica,1452097.51,0.0,0.0,0.0,0.0,0.0,"[{'siglaUnidadeMedida': 'UN', 'descricaoAnexo': 'PRESTAÇÃO DE SERVIÇOS DE CONSERVAÇÃO E MANUTENÇÃO DA MALHA VIÁRIA.', 'qtdeAnexo': 1, 'valorUnitarioAnexo': 1452097.51}]",,,,,,10
01,PREFEITURA DO MUNICÍPIO DE SÃO PAULO,46597,80075,2020,9,25/09/2020 00:00:00,6012201900079854,47218979000132,ARVEK TECNICA E CONSTRUCOES LTDA,26960,2019,07,Fundo Municipal de Desenvolvimento Social,10,Fundo Municipal de Desenvolvimento Social,15,Urbanismo,452,Serviços Urbanos,3022,Requalificação e promoção da ocupação dos espaços públicos,1137,Pavimentação e Recapeamento de Vias - Programa de Metas 3.a,4,Despesas de Capital,4,Investimentos,90,Aplicações Diretas,39,Manutenção e Conservação de Bens Imóveis,08,Tesouro Municipal - Recursos Vinculados,1,Manutenção e Reformas de Bens Imóveis,1,Outros Serviços de Terceiros - Pessoa Jurídica,4105625.94,0.0,2849805.38,0.0,0.0,331057.23,"[{'siglaUnidadeMedida': 'UN', 'descricaoAnexo': 'PRESTAÇÃO DE SERVIÇOS DE CONSERVAÇÃO E MANUTENÇÃO DA MALHA VIÁRIA.', 'qtdeAnexo': 1, 'valorUnitarioAnexo': 4105625.94}]",,,,,,10
01,PREFEITURA DO MUNICÍPIO DE SÃO PAULO,46597,80764,2020,9,29/09/2020 00:00:00,6012201900079870,01065014000156,FREMIX PAVIMENTACAO E CONSTRUCOES LTDA ,26927,2019,07,Fundo Municipal de Desenvolvimento Social,10,Fundo Municipal de Desenvolvimento Social,15,Urbanismo,452,Serviços Urbanos,3022,Requalificação e promoção da ocupação dos espaços públicos,1137,Pavimentação e Recapeamento de Vias - Programa de Metas 3.a,4,Despesas de Capital,4,Investimentos,90,Aplicações Diretas,39,Manutenção e Conservação de Bens Imóveis,08,Tesouro Municipal - Recursos Vinculados,1,Manutenção e Reformas de Bens Imóveis,1,Outros Serviços de Terceiros - Pessoa Jurídica,7221957.64,0.0,5035098.06,0.0,0.0,2958136.38,"[{'siglaUnidadeMedida': 'UN', 'descricaoAnexo': 'PRESTAÇÃO DE SERVIÇOS DE CONSERVAÇÃO E MANUTENÇÃO DA MALHA VIÁRIA.\n\n', 'qtdeAnexo': 1, 'valorUnitarioAnexo': 7221957.64}]",,,,,,10
01,PREFEITURA DO MUNICÍPIO DE SÃO PAULO,57538,86945,2020,10,23/10/2020 00:00:00,6020201700017751,60498417000158,SAO PAULO TRANSPORTE SA,26735,2017,07,Fundo Municipal de Desenvolvimento Social,10,Fundo Municipal de Desenvolvimento Social,15,Urbanismo,451,Infra-Estrutura Urbana,3009,Melhoria da mobilidade urbana universal,5417,Projetos de Mobilidade Urbana Oriundos de Recursos de Desestatizações ,4,Despesas de Capital,4,Investimentos,90,Aplicações Diretas,51,Obras em Andamento - Uso Comum do Povo,08,Tesouro Municipal - Recursos Vinculados,1,Sistemas Viários ,8,Obras e Instalações,10000000.0,0.0,265555.88,0.0,0.0,265555.88,"[{'siglaUnidadeMedida': 'UN', 'descricaoAnexo': 'Convênio nº 01/201/ - SMT/SPTRANS', 'qtdeAnexo': 1, 'valorUnitarioAnexo': 10000000.0}]",,,,,,10
01,PREFEITURA DO MUNICÍPIO DE SÃO PAULO,46597,87897,2020,10,27/10/2020 00:00:00,6012202000077560,66806555000133,FBS CONSTRUCAO CIVIL E PAVIMENTACAO S.A.,22186,2019,07,Fundo Municipal de Desenvolvimento Social,10,Fundo Municipal de Desenvolvimento Social,15,Urbanismo,452,Serviços Urbanos,3022,Requalificação e promoção da ocupação dos espaços públicos,1137,Pavimentação e Recapeamento de Vias - Programa de Metas 3.a,4,Despesas de Capital,4,Investimentos,90,Aplicações Diretas,39,Manutenção e Conservação de Bens Imóveis,08,Tesouro Municipal - Recursos Vinculados,1,Manutenção e Reformas de Bens Imóveis,1,Outros Serviços de Terceiros - Pessoa Jurídica,2336.01,0.0,2336.01,0.0,0.0,2336.01,"[{'siglaUnidadeMedida': 'UN', 'descricaoAnexo': 'PRESTAÇÃO DE SERVIÇOS DE CONSERVAÇÃO E MANUTENÇÃO DA MALHA VIÁRIA.', 'qtdeAnexo': 1, 'valorUnitarioAnexo': 2336.01}]",,,,,,10
01,PREFEITURA DO MUNICÍPIO DE SÃO PAULO,36933,57281,2020,7,08/07/2020 00:00:00,6012202000098257,57085201000156,J L ENGENHARIA E CONSTRUCAO LTDA,11086,2020,07,Fundo Municipal de Desenvolvimento Social,10,Fundo Municipal de Desenvolvimento Social,15,Urbanismo,452,Serviços Urbanos,3006,Direitos da pessoa com deficiência,1169,Reforma e Acessibilidade em Passeios Públicos - Programa de Metas 2.c,4,Despesas de Capital,4,Investimentos,90,Aplicações Diretas,39,Manutenção e Conservação de Bens Imóveis,08,Tesouro Municipal - Recursos Vinculados,1,Manutenção e Reformas de Bens Imóveis,1,Outros Serviços de Terceiros - Pessoa Jurídica,4338411.88,0.0,2389361.48,1915300.66,1915300.66,21459.83,"[{'siglaUnidadeMedida': 'UN', 'descricaoAnexo': 'Ata de Registros de Preços  nº 47/SMSUB/COGEL/2019 – LOTE X, objetivando a prestação de serviços para a readequação e manutenção dos passeios públicos – “calçadas”', 'qtdeAnexo': 1, 'valorUnitarioAnexo': 4338411.88}]",,,,,,11
01,PREFEITURA DO MUNICÍPIO DE SÃO PAULO,36933,57294,2020,7,08/07/2020 00:00:00,6012202000054934,07879965000145,CONSTRUTORA LETTIERI CORDARO LTDA,11088,2020,07,Fundo Municipal de Desenvolvimento Social,10,Fundo Municipal de Desenvolvimento Social,15,Urbanismo,452,Serviços Urbanos,3006,Direitos da pessoa com deficiência,1169,Reforma e Acessibilidade em Passeios Públicos - Programa de Metas 2.c,4,Despesas de Capital,4,Investimentos,90,Aplicações Diretas,39,Manutenção e Conservação de Bens Imóveis,08,Tesouro Municipal - Recursos Vinculados,1,Manutenção e Reformas de Bens Imóveis,1,Outros Serviços de Terceiros - Pessoa Jurídica,5164430.11,0.0,1643986.69,803242.56,803242.56,154141.98,"[{'siglaUnidadeMedida': 'UN', 'descricaoAnexo': 'Prestação de serviços para a readequação e manutenção dos passeios públicos - calçadas, ', 'qtdeAnexo': 1, 'valorUnitarioAnexo': 5164430.11}]",,,,,,11
01,PREFEITURA DO MUNICÍPIO DE SÃO PAULO,36933,57300,2020,7,08/07/2020 00:00:00,6012202000054926,07879965000145,CONSTRUTORA LETTIERI CORDARO LTDA,11091,2020,07,Fundo Municipal de Desenvolvimento Social,10,Fundo Municipal de Desenvolvimento Social,15,Urbanismo,452,Serviços Urbanos,3006,Direitos da pessoa com deficiência,1169,Reforma e Acessibilidade em Passeios Públicos - Programa de Metas 2.c,4,Despesas de Capital,4,Investimentos,90,Aplicações Diretas,39,Manutenção e Conservação de Bens Imóveis,08,Tesouro Municipal - Recursos Vinculados,1,Manutenção e Reformas de Bens Imóveis,1,Outros Serviços de Terceiros - Pessoa Jurídica,843197.9,0.0,451959.2,357363.93,357363.93,2312.09,"[{'siglaUnidadeMedida': 'UN', 'descricaoAnexo': 'Ata de Registros de Preços  nº 53/SMSUB/COGEL/2019 – LOTE XVI, objetivando a prestação de serviços para a readequação e manutenção dos passeios públicos – “calçadas”', 'qtdeAnexo': 1, 'valorUnitarioAnexo': 843197.9}]",,,,,,11
01,PREFEITURA DO MUNICÍPIO DE SÃO PAULO,36933,57485,2020,7,09/07/2020 00:00:00,6012202000000494,03101876000112,DB CONSTRUCOES LTDA,11195,2020,07,Fundo Municipal de Desenvolvimento Social,10,Fundo Municipal de Desenvolvimento Social,15,Urbanismo,452,Serviços Urbanos,3006,Direitos da pessoa com deficiência,1169,Reforma e Acessibilidade em Passeios Públicos - Programa de Metas 2.c,4,Despesas de Capital,4,Investimentos,90,Aplicações Diretas,39,Manutenção e Conservação de Bens Imóveis,08,Tesouro Municipal - Recursos Vinculados,1,Manutenção e Reformas de Bens Imóveis,1,Outros Serviços de Terceiros - Pessoa Jurídica,5845546.29,0.0,2413961.11,2152537.54,2152537.54,261423.57,"[{'siglaUnidadeMedida': 'UN ', 'descricaoAnexo': ' Ata de Registros de Preços  nº 41/SMSUB/COGEL/2019 – LOTE IV, objetivando a prestação de serviços para a readequação e manutenção dos passeios públicos – “calçadas”.', 'qtdeAnexo': 1, 'valorUnitarioAnexo': 5845546.29}]",,,,,,11
01,PREFEITURA DO MUNICÍPIO DE SÃO PAULO,36933,57546,2020,7,09/07/2020 00:00:00,6012202000182096,03101876000112,DB CONSTRUCOES LTDA,11199,2020,07,Fundo Municipal de Desenvolvimento Social,10,Fundo Municipal de Desenvolvimento Social,15,Urbanismo,452,Serviços Urbanos,3006,Direitos da pessoa com deficiência,1169,Reforma e Acessibilidade em Passeios Públicos - Programa de Metas 2.c,4,Despesas de Capital,4,Investimentos,90,Aplicações Diretas,39,Manutenção e Conservação de Bens Imóveis,08,Tesouro Municipal - Recursos Vinculados,1,Manutenção e Reformas de Bens Imóveis,1,Outros Serviços de Terceiros - Pessoa Jurídica,1910772.1,0.0,1363731.42,1002243.28,1002243.28,165347.78,"[{'siglaUnidadeMedida': 'UN', 'descricaoAnexo': 'Ata de Registros de Preços  nº 55/SMSUB/COGEL/2019 – LOTE XIX, objetivando a prestação de serviços para a readequação e manutenção dos passeios públicos – “calçadas”', 'qtdeAnexo': 1, 'valorUnitarioAnexo': 1910772.1}]",,,,,,11
01,PREFEITURA DO MUNICÍPIO DE SÃO PAULO,36933,57548,2020,7,09/07/2020 00:00:00,6012202000153061,03643992000163,BB ENGENHARIA E CONSTRUCOES S A,11200,2020,07,Fundo Municipal de Desenvolvimento Social,10,Fundo Municipal de Desenvolvimento Social,15,Urbanismo,452,Serviços Urbanos,3006,Direitos da pessoa com deficiência,1169,Reforma e Acessibilidade em Passeios Públicos - Programa de Metas 2.c,4,Despesas de Capital,4,Investimentos,90,Aplicações Diretas,39,Manutenção e Conservação de Bens Imóveis,08,Tesouro Municipal - Recursos Vinculados,1,Manutenção e Reformas de Bens Imóveis,1,Outros Serviços de Terceiros - Pessoa Jurídica,1284773.04,1284773.04,0.0,0.0,0.0,0.0,"[{'siglaUnidadeMedida': 'UN', 'descricaoAnexo': 'Ata de Registros de Preços  nº 48/SMSUB/COGEL/2019 – LOTE XI, objetivando a prestação de serviços para a readequação e manutenção dos passeios públicos – “calçadas”', 'qtdeAnexo': 1, 'valorUnitarioAnexo': 1284773.04}]",,,,,,11
01,PREFEITURA DO MUNICÍPIO DE SÃO PAULO,36933,57552,2020,7,09/07/2020 00:00:00,6012202000153029,03101876000112,DB CONSTRUCOES LTDA,11202,2020,07,Fundo Municipal de Desenvolvimento Social,10,Fundo Municipal de Desenvolvimento Social,15,Urbanismo,452,Serviços Urbanos,3006,Direitos da pessoa com deficiência,1169,Reforma e Acessibilidade em Passeios Públicos - Programa de Metas 2.c,4,Despesas de Capital,4,Investimentos,90,Aplicações Diretas,39,Manutenção e Conservação de Bens Imóveis,08,Tesouro Municipal - Recursos Vinculados,1,Manutenção e Reformas de Bens Imóveis,1,Outros Serviços de Terceiros - Pessoa Jurídica,4478774.08,4478774.08,0.0,0.0,0.0,0.0,"[{'siglaUnidadeMedida': 'UN', 'descricaoAnexo': 'Ata de Registros de Preços  nº 52/SMSUB/COGEL/2019 – LOTE XV, objetivando a prestação de serviços para a readequação e manutenção dos passeios públicos – “calçadas”', 'qtdeAnexo': 1, 'valorUnitarioAnexo': 4478774.08}]",,,,,,11
01,PREFEITURA DO MUNICÍPIO DE SÃO PAULO,36933,57554,2020,7,09/07/2020 00:00:00,6012202000152987,03101876000112,DB CONSTRUCOES LTDA,11204,2020,07,Fundo Municipal de Desenvolvimento Social,10,Fundo Municipal de Desenvolvimento Social,15,Urbanismo,452,Serviços Urbanos,3006,Direitos da pessoa com deficiência,1169,Reforma e Acessibilidade em Passeios Públicos - Programa de Metas 2.c,4,Despesas de Capital,4,Investimentos,90,Aplicações Diretas,39,Manutenção e Conservação de Bens Imóveis,08,Tesouro Municipal - Recursos Vinculados,1,Manutenção e Reformas de Bens Imóveis,1,Outros Serviços de Terceiros - Pessoa Jurídica,2115362.31,0.0,1646023.47,1038956.96,1038956.96,235173.27,"[{'siglaUnidadeMedida': 'UN', 'descricaoAnexo': 'Ata de Registros de Preços  nº 55/SMSUB/COGEL/2019 – LOTE XIX, objetivando a prestação de serviços para a readequação e manutenção dos passeios públicos – “calçadas”', 'qtdeAnexo': 1, 'valorUnitarioAnexo': 2115362.31}]",,,,,,11
01,PREFEITURA DO MUNICÍPIO DE SÃO PAULO,36933,59529,2020,7,13/07/2020 00:00:00,6012202000182070,03101876000112,DB CONSTRUCOES LTDA,11503,2020,07,Fundo Municipal de Desenvolvimento Social,10,Fundo Municipal de Desenvolvimento Social,15,Urbanismo,452,Serviços Urbanos,3006,Direitos da pessoa com deficiência,1169,Reforma e Acessibilidade em Passeios Públicos - Programa de Metas 2.c,4,Despesas de Capital,4,Investimentos,90,Aplicações Diretas,39,Manutenção e Conservação de Bens Imóveis,08,Tesouro Municipal - Recursos Vinculados,1,Manutenção e Reformas de Bens Imóveis,1,Outros Serviços de Terceiros - Pessoa Jurídica,2054992.45,0.0,911331.77,869876.48,869876.48,41455.29,"[{'siglaUnidadeMedida': 'UN', 'descricaoAnexo': ' Ata de Registros de Preços  nº 41/SMSUB/COGEL/2019 – LOTE IV, objetivando a prestação de serviços para a readequação e manutenção dos passeios públicos – “calçadas”,', 'qtdeAnexo': 1, 'valorUnitarioAnexo': 2054992.45}]",,,,,,11
01,PREFEITURA DO MUNICÍPIO DE SÃO PAULO,36933,61416,2020,7,22/07/2020 00:00:00,6012202000193551,03643992000163,BB ENGENHARIA E CONSTRUCOES S A,12832,2020,07,Fundo Municipal de Desenvolvimento Social,10,Fundo Municipal de Desenvolvimento Social,15,Urbanismo,452,Serviços Urbanos,3006,Direitos da pessoa com deficiência,1169,Reforma e Acessibilidade em Passeios Públicos - Programa de Metas 2.c,4,Despesas de Capital,4,Investimentos,90,Aplicações Diretas,39,Manutenção e Conservação de Bens Imóveis,08,Tesouro Municipal - Recursos Vinculados,1,Manutenção e Reformas de Bens Imóveis,1,Outros Serviços de Terceiros - Pessoa Jurídica,621488.97,0.0,542509.85,295509.12,295509.12,247000.73,"[{'siglaUnidadeMedida': 'UN', 'descricaoAnexo': ' Ata de Registros de Preços  nº 48/SMSUB/COGEL/2019 – LOTE XI, objetivando a prestação de serviços para a readequação e manutenção dos passeios públicos.', 'qtdeAnexo': 1, 'valorUnitarioAnexo': 621488.97}]",,,,,,11
01,PREFEITURA DO MUNICÍPIO DE SÃO PAULO,36933,61425,2020,7,22/07/2020 00:00:00,6012202000193527,01454603000126,JRA  EMPREENDIMENTOS E ENGENHARIA LTDA,12839,2020,07,Fundo Municipal de Desenvolvimento Social,10,Fundo Municipal de Desenvolvimento Social,15,Urbanismo,452,Serviços Urbanos,3006,Direitos da pessoa com deficiência,1169,Reforma e Acessibilidade em Passeios Públicos - Programa de Metas 2.c,4,Despesas de Capital,4,Investimentos,90,Aplicações Diretas,39,Manutenção e Conservação de Bens Imóveis,08,Tesouro Municipal - Recursos Vinculados,1,Manutenção e Reformas de Bens Imóveis,1,Outros Serviços de Terceiros - Pessoa Jurídica,4797604.37,0.0,2921114.96,2835001.33,2835001.33,86113.63,"[{'siglaUnidadeMedida': 'UN', 'descricaoAnexo': ' Ata de Registros de Preços  nº 48/SMSUB/COGEL/2019 – LOTE XI, objetivando a prestação de serviços para a readequação e manutenção dos passeios públicos.', 'qtdeAnexo': 1, 'valorUnitarioAnexo': 4797604.37}]",,,,,,11
01,PREFEITURA DO MUNICÍPIO DE SÃO PAULO,36933,63644,2020,7,29/07/2020 00:00:00,6012202000193543,56838949000110,CONSTRUTORA PROGREDIOR LTDA,14069,2020,07,Fundo Municipal de Desenvolvimento Social,10,Fundo Municipal de Desenvolvimento Social,15,Urbanismo,452,Serviços Urbanos,3006,Direitos da pessoa com deficiência,1169,Reforma e Acessibilidade em Passeios Públicos - Programa de Metas 2.c,4,Despesas de Capital,4,Investimentos,90,Aplicações Diretas,39,Manutenção e Conservação de Bens Imóveis,08,Tesouro Municipal - Recursos Vinculados,1,Manutenção e Reformas de Bens Imóveis,1,Outros Serviços de Terceiros - Pessoa Jurídica,1499666.63,0.0,1282477.72,1282477.72,1282477.72,0.0,"[{'siglaUnidadeMedida': 'UN', 'descricaoAnexo': 'PRESTAÇÃO DE SERVIÇOS PARA A READEQUAÇÃO E MANUTENÇÃO DOS PASSEIOS PÚBLICOS – “CALÇADAS”.\n \n', 'qtdeAnexo': 1, 'valorUnitarioAnexo': 1499666.63}]",,,,,,11
01,PREFEITURA DO MUNICÍPIO DE SÃO PAULO,36933,64227,2020,7,30/07/2020 00:00:00,6012202000193535,53640280000169,ENGENHARIA E COMERCIO RIGEL LTDA,14192,2020,07,Fundo Municipal de Desenvolvimento Social,10,Fundo Municipal de Desenvolvimento Social,15,Urbanismo,452,Serviços Urbanos,3006,Direitos da pessoa com deficiência,1169,Reforma e Acessibilidade em Passeios Públicos - Programa de Metas 2.c,4,Despesas de Capital,4,Investimentos,90,Aplicações Diretas,39,Manutenção e Conservação de Bens Imóveis,08,Tesouro Municipal - Recursos Vinculados,1,Manutenção e Reformas de Bens Imóveis,1,Outros Serviços de Terceiros - Pessoa Jurídica,2522717.85,0.0,759927.79,0.0,0.0,759927.79,"[{'siglaUnidadeMedida': 'UN', 'descricaoAnexo': ' Prestação de serviços para a readequação e manutenção dos passeios públicos – “calçadas', 'qtdeAnexo': 1, 'valorUnitarioAnexo': 2522717.85}]",,,,,,11
01,PREFEITURA DO MUNICÍPIO DE SÃO PAULO,47747,72683,2020,9,01/09/2020 00:00:00,6020201900118756,47902648000117,COMPANHIA DE ENGENHARIA DE TRAFEGO - CET,1706,2020,07,Fundo Municipal de Desenvolvimento Social,10,Fundo Municipal de Desenvolvimento Social,26,Transporte,785,Transportes Especiais,3009,Melhoria da mobilidade urbana universal,1097,"Construção de Ciclovias, Ciclofaixas e Ciclorrotas - Programa de Metas",4,Despesas de Capital,4,Investimentos,90,Aplicações Diretas,39,Outros Serviços de Terceiros - Pessoa Jurídica,08,Tesouro Municipal - Recursos Vinculados,1,CET,9,Outros Serviços de Terceiros - Pessoa Jurídica,36595179.9,0.0,11723669.9,3466407.67,3466407.67,3208144.2,"[{'siglaUnidadeMedida': 'SER', 'descricaoAnexo': ' 3º Termo de Aditamento ao Contrato nº 01/2020-SMT', 'qtdeAnexo': 1, 'valorUnitarioAnexo': 36595179.9}]",,,,,,11
01,PREFEITURA DO MUNICÍPIO DE SÃO PAULO,47748,72684,2020,9,01/09/2020 00:00:00,6020201900118756,47902648000117,COMPANHIA DE ENGENHARIA DE TRAFEGO - CET,1706,2020,07,Fundo Municipal de Desenvolvimento Social,10,Fundo Municipal de Desenvolvimento Social,15,Urbanismo,451,Infra-Estrutura Urbana,3009,Melhoria da mobilidade urbana universal,5417,Projetos de Mobilidade Urbana Oriundos de Recursos de Desestatizações ,4,Despesas de Capital,4,Investimentos,90,Aplicações Diretas,39,Outros Serviços de Terceiros - Pessoa Jurídica,08,Tesouro Municipal - Recursos Vinculados,1,CET,9,Outros Serviços de Terceiros - Pessoa Jurídica,23777457.64,0.0,3927816.54,1254302.98,1254302.98,1276663.32,"[{'siglaUnidadeMedida': 'SER', 'descricaoAnexo': ' 3º Termo de Aditamento ao Contrato nº 01/2020-SMT', 'qtdeAnexo': 1, 'valorUnitarioAnexo': 23777457.64}]",,,,,,11
01,PREFEITURA DO MUNICÍPIO DE SÃO PAULO,47749,72686,2020,9,01/09/2020 00:00:00,6020201900118756,47902648000117,COMPANHIA DE ENGENHARIA DE TRAFEGO - CET,1706,2020,07,Fundo Municipal de Desenvolvimento Social,10,Fundo Municipal de Desenvolvimento Social,15,Urbanismo,452,Serviços Urbanos,3022,Requalificação e promoção da ocupação dos espaços públicos,1137,Pavimentação e Recapeamento de Vias - Programa de Metas 3.a,4,Despesas de Capital,4,Investimentos,90,Aplicações Diretas,39,Outros Serviços de Terceiros - Pessoa Jurídica,08,Tesouro Municipal - Recursos Vinculados,1,CET,9,Outros Serviços de Terceiros - Pessoa Jurídica,11135947.99,0.0,3520939.15,2618266.64,2618266.64,319221.48,"[{'siglaUnidadeMedida': 'SER', 'descricaoAnexo': ' 3º Termo de Aditamento ao Contrato nº 01/2020-SMT', 'qtdeAnexo': 1, 'valorUnitarioAnexo': 11135947.99}]",,,,,,11
01,PREFEITURA DO MUNICÍPIO DE SÃO PAULO,48606,72982,2020,9,01/09/2020 00:00:00,7610202000017749,33113646000134,HABITA LOTE 12 SA,16630,2020,07,Fundo Municipal de Desenvolvimento Social,10,Fundo Municipal de Desenvolvimento Social,26,Transporte,785,Transportes Especiais,3009,Melhoria da mobilidade urbana universal,1097,"Construção de Ciclovias, Ciclofaixas e Ciclorrotas - Programa de Metas",4,Despesas de Capital,4,Investimentos,90,Aplicações Diretas,51,Obras em Andamento - Uso Comum do Povo,08,Tesouro Municipal - Recursos Vinculados,1,Pavimentação de Ruas e Avenidas ,8,Obras e Instalações,8143128.78,0.0,3261832.06,0.0,0.0,3261832.06,"[{'siglaUnidadeMedida': 'MED', 'descricaoAnexo': 'Implantação de 10,42km de ciclovias e ciclofaixas na região do Lote 1 da PPP Habitacional', 'qtdeAnexo': 1, 'valorUnitarioAnexo': 8143128.78}]",,,,,,11
01,PREFEITURA DO MUNICÍPIO DE SÃO PAULO,48606,72984,2020,9,01/09/2020 00:00:00,7610202000017757,33113646000134,HABITA LOTE 12 SA,16633,2020,07,Fundo Municipal de Desenvolvimento Social,10,Fundo Municipal de Desenvolvimento Social,26,Transporte,785,Transportes Especiais,3009,Melhoria da mobilidade urbana universal,1097,"Construção de Ciclovias, Ciclofaixas e Ciclorrotas - Programa de Metas",4,Despesas de Capital,4,Investimentos,90,Aplicações Diretas,51,Obras em Andamento - Uso Comum do Povo,08,Tesouro Municipal - Recursos Vinculados,1,Pavimentação de Ruas e Avenidas ,8,Obras e Instalações,5140453.38,0.0,1526713.97,0.0,0.0,1526713.97,"[{'siglaUnidadeMedida': 'MED', 'descricaoAnexo': 'Implantação de 6,84 km de ciclovias e ciclofaixas na região do Lote 12 da PPP Habitacional', 'qtdeAnexo': 1, 'valorUnitarioAnexo': 5140453.38}]",,,,,,11
01,PREFEITURA DO MUNICÍPIO DE SÃO PAULO,47669,73090,2020,9,02/09/2020 00:00:00,6020201700017751,60498417000158,SAO PAULO TRANSPORTE SA,26735,2017,07,Fundo Municipal de Desenvolvimento Social,10,Fundo Municipal de Desenvolvimento Social,15,Urbanismo,451,Infra-Estrutura Urbana,3009,Melhoria da mobilidade urbana universal,5417,Projetos de Mobilidade Urbana Oriundos de Recursos de Desestatizações ,4,Despesas de Capital,4,Investimentos,90,Aplicações Diretas,51,Obras em Andamento - Uso Comum do Povo,08,Tesouro Municipal - Recursos Vinculados,1,Sistemas Viários ,8,Obras e Instalações,15385181.0,0.0,15385181.0,10090628.01,10090628.01,1062685.25,"[{'siglaUnidadeMedida': 'SER', 'descricaoAnexo': 'Termo de Apostilamento - Convênio nº 01/2017 - SMT/SPTRANS', 'qtdeAnexo': 1, 'valorUnitarioAnexo': 15385181.0}]",,,,,,11
01,PREFEITURA DO MUNICÍPIO DE SÃO PAULO,46597,74163,2020,9,04/09/2020 00:00:00,6012201900023336,60862331000162,CONSTRUÇÕES ENGENHARIA E PAVIMENTAÇÃO ENPAVI LTDA,23277,2019,07,Fundo Municipal de Desenvolvimento Social,10,Fundo Municipal de Desenvolvimento Social,15,Urbanismo,452,Serviços Urbanos,3022,Requalificação e promoção da ocupação dos espaços públicos,1137,Pavimentação e Recapeamento de Vias - Programa de Metas 3.a,4,Despesas de Capital,4,Investimentos,90,Aplicações Diretas,39,Manutenção e Conservação de Bens Imóveis,08,Tesouro Municipal - Recursos Vinculados,1,Manutenção e Reformas de Bens Imóveis,1,Outros Serviços de Terceiros - Pessoa Jurídica,56864.84,0.0,56864.84,0.0,0.0,0.0,"[{'siglaUnidadeMedida': 'UN', 'descricaoAnexo': 'PRESTAÇÃO DE SERVIÇOS DE CONSERVAÇÃO E MANUTENÇÃO DA MALHA VIÁRIA.\n\n', 'qtdeAnexo': 1, 'valorUnitarioAnexo': 56864.84}]",,,,,,11
01,PREFEITURA DO MUNICÍPIO DE SÃO PAULO,46597,74171,2020,9,04/09/2020 00:00:00,6012201900055513,60862331000162,CONSTRUÇÕES ENGENHARIA E PAVIMENTAÇÃO ENPAVI LTDA,21738,2019,07,Fundo Municipal de Desenvolvimento Social,10,Fundo Municipal de Desenvolvimento Social,15,Urbanismo,452,Serviços Urbanos,3022,Requalificação e promoção da ocupação dos espaços públicos,1137,Pavimentação e Recapeamento de Vias - Programa de Metas 3.a,4,Despesas de Capital,4,Investimentos,90,Aplicações Diretas,39,Manutenção e Conservação de Bens Imóveis,08,Tesouro Municipal - Recursos Vinculados,1,Manutenção e Reformas de Bens Imóveis,1,Outros Serviços de Terceiros - Pessoa Jurídica,219314.79,0.0,219314.79,0.0,0.0,0.0,"[{'siglaUnidadeMedida': 'UN', 'descricaoAnexo': 'PRESTAÇÃO DE SERVIÇOS DE CONSERVAÇÃO E MANUTENÇÃO DA MALHA VIÁRIA.\n\n', 'qtdeAnexo': 1, 'valorUnitarioAnexo': 219314.79}]",,,,,,11
01,PREFEITURA DO MUNICÍPIO DE SÃO PAULO,46597,74177,2020,9,04/09/2020 00:00:00,6012201900055483,01065014000156,FREMIX PAVIMENTACAO E CONSTRUCOES LTDA ,21732,2019,07,Fundo Municipal de Desenvolvimento Social,10,Fundo Municipal de Desenvolvimento Social,15,Urbanismo,452,Serviços Urbanos,3022,Requalificação e promoção da ocupação dos espaços públicos,1137,Pavimentação e Recapeamento de Vias - Programa de Metas 3.a,4,Despesas de Capital,4,Investimentos,90,Aplicações Diretas,39,Manutenção e Conservação de Bens Imóveis,08,Tesouro Municipal - Recursos Vinculados,1,Manutenção e Reformas de Bens Imóveis,1,Outros Serviços de Terceiros - Pessoa Jurídica,81307.95,0.0,81307.95,0.0,0.0,0.0,"[{'siglaUnidadeMedida': 'UN', 'descricaoAnexo': 'PRESTAÇÃO DE SERVIÇOS DE CONSERVAÇÃO E MANUTENÇÃO DA MALHA VIÁRIA.\n\n', 'qtdeAnexo': 1, 'valorUnitarioAnexo': 81307.95}]",,,,,,11
01,PREFEITURA DO MUNICÍPIO DE SÃO PAULO,46597,74181,2020,9,04/09/2020 00:00:00,6012201900055521,47218979000132,ARVEK TECNICA E CONSTRUCOES LTDA,21231,2019,07,Fundo Municipal de Desenvolvimento Social,10,Fundo Municipal de Desenvolvimento Social,15,Urbanismo,452,Serviços Urbanos,3022,Requalificação e promoção da ocupação dos espaços públicos,1137,Pavimentação e Recapeamento de Vias - Programa de Metas 3.a,4,Despesas de Capital,4,Investimentos,90,Aplicações Diretas,39,Manutenção e Conservação de Bens Imóveis,08,Tesouro Municipal - Recursos Vinculados,1,Manutenção e Reformas de Bens Imóveis,1,Outros Serviços de Terceiros - Pessoa Jurídica,113889.44,0.0,113889.44,0.0,0.0,0.0,"[{'siglaUnidadeMedida': 'UN', 'descricaoAnexo': 'PRESTAÇÃO DE SERVIÇOS DE CONSERVAÇÃO E MANUTENÇÃO DA MALHA VIÁRIA.\n\n', 'qtdeAnexo': 1, 'valorUnitarioAnexo': 113889.44}]",,,,,,11
01,PREFEITURA DO MUNICÍPIO DE SÃO PAULO,46597,74187,2020,9,04/09/2020 00:00:00,6012201900055564,43677822000114,SOEBE CONSTRUÇÃO E PAVIMENTAÇÃO SA,21712,2019,07,Fundo Municipal de Desenvolvimento Social,10,Fundo Municipal de Desenvolvimento Social,15,Urbanismo,452,Serviços Urbanos,3022,Requalificação e promoção da ocupação dos espaços públicos,1137,Pavimentação e Recapeamento de Vias - Programa de Metas 3.a,4,Despesas de Capital,4,Investimentos,90,Aplicações Diretas,39,Manutenção e Conservação de Bens Imóveis,08,Tesouro Municipal - Recursos Vinculados,1,Manutenção e Reformas de Bens Imóveis,1,Outros Serviços de Terceiros - Pessoa Jurídica,1163.79,0.0,1163.79,1163.79,1163.79,0.0,"[{'siglaUnidadeMedida': 'UN', 'descricaoAnexo': 'PRESTAÇÃO DE SERVIÇOS DE CONSERVAÇÃO E MANUTENÇÃO DA MALHA VIÁRIA.\n\n', 'qtdeAnexo': 1, 'valorUnitarioAnexo': 1163.79}]",,,,,,11
01,PREFEITURA DO MUNICÍPIO DE SÃO PAULO,46597,74197,2020,9,04/09/2020 00:00:00,6012201900055530,01065014000156,FREMIX PAVIMENTACAO E CONSTRUCOES LTDA ,21713,2019,07,Fundo Municipal de Desenvolvimento Social,10,Fundo Municipal de Desenvolvimento Social,15,Urbanismo,452,Serviços Urbanos,3022,Requalificação e promoção da ocupação dos espaços públicos,1137,Pavimentação e Recapeamento de Vias - Programa de Metas 3.a,4,Despesas de Capital,4,Investimentos,90,Aplicações Diretas,39,Manutenção e Conservação de Bens Imóveis,08,Tesouro Municipal - Recursos Vinculados,1,Manutenção e Reformas de Bens Imóveis,1,Outros Serviços de Terceiros - Pessoa Jurídica,119720.67,0.0,119720.67,0.0,0.0,0.0,"[{'siglaUnidadeMedida': 'UN', 'descricaoAnexo': 'PRESTAÇÃO DE SERVIÇOS DE CONSERVAÇÃO E MANUTENÇÃO DA MALHA VIÁRIA.\n\n', 'qtdeAnexo': 1, 'valorUnitarioAnexo': 119720.67}]",,,,,,11
01,PREFEITURA DO MUNICÍPIO DE SÃO PAULO,46597,74201,2020,9,04/09/2020 00:00:00,6012201900079803,09052229000144,SOUZA COMPEC ENGENHARIA E CONSTRUÇÕES LTDA,26971,2019,07,Fundo Municipal de Desenvolvimento Social,10,Fundo Municipal de Desenvolvimento Social,15,Urbanismo,452,Serviços Urbanos,3022,Requalificação e promoção da ocupação dos espaços públicos,1137,Pavimentação e Recapeamento de Vias - Programa de Metas 3.a,4,Despesas de Capital,4,Investimentos,90,Aplicações Diretas,39,Manutenção e Conservação de Bens Imóveis,08,Tesouro Municipal - Recursos Vinculados,1,Manutenção e Reformas de Bens Imóveis,1,Outros Serviços de Terceiros - Pessoa Jurídica,151727.93,0.0,151727.93,0.0,0.0,0.0,"[{'siglaUnidadeMedida': 'UN', 'descricaoAnexo': 'PRESTAÇÃO DE SERVIÇOS DE CONSERVAÇÃO E MANUTENÇÃO DA MALHA VIÁRIA.\n\n', 'qtdeAnexo': 1, 'valorUnitarioAnexo': 151727.93}]",,,,,,11
01,PREFEITURA DO MUNICÍPIO DE SÃO PAULO,46597,74205,2020,9,04/09/2020 00:00:00,6012201900079900,43677822000114,SOEBE CONSTRUÇÃO E PAVIMENTAÇÃO SA,27189,2019,07,Fundo Municipal de Desenvolvimento Social,10,Fundo Municipal de Desenvolvimento Social,15,Urbanismo,452,Serviços Urbanos,3022,Requalificação e promoção da ocupação dos espaços públicos,1137,Pavimentação e Recapeamento de Vias - Programa de Metas 3.a,4,Despesas de Capital,4,Investimentos,90,Aplicações Diretas,39,Manutenção e Conservação de Bens Imóveis,08,Tesouro Municipal - Recursos Vinculados,1,Manutenção e Reformas de Bens Imóveis,1,Outros Serviços de Terceiros - Pessoa Jurídica,86815.68,0.0,86815.68,0.0,0.0,0.0,"[{'siglaUnidadeMedida': 'UN', 'descricaoAnexo': 'PRESTAÇÃO DE SERVIÇOS DE CONSERVAÇÃO E MANUTENÇÃO DA MALHA VIÁRIA.\n\n', 'qtdeAnexo': 1, 'valorUnitarioAnexo': 86815.68}]",,,,,,11
01,PREFEITURA DO MUNICÍPIO DE SÃO PAULO,46597,74215,2020,9,04/09/2020 00:00:00,6012201900079897,43677822000114,SOEBE CONSTRUÇÃO E PAVIMENTAÇÃO SA,26780,2019,07,Fundo Municipal de Desenvolvimento Social,10,Fundo Municipal de Desenvolvimento Social,15,Urbanismo,452,Serviços Urbanos,3022,Requalificação e promoção da ocupação dos espaços públicos,1137,Pavimentação e Recapeamento de Vias - Programa de Metas 3.a,4,Despesas de Capital,4,Investimentos,90,Aplicações Diretas,39,Manutenção e Conservação de Bens Imóveis,08,Tesouro Municipal - Recursos Vinculados,1,Manutenção e Reformas de Bens Imóveis,1,Outros Serviços de Terceiros - Pessoa Jurídica,543217.91,0.0,543217.91,543217.91,543217.91,0.0,"[{'siglaUnidadeMedida': 'UN', 'descricaoAnexo': 'PRESTAÇÃO DE SERVIÇOS DE CONSERVAÇÃO E MANUTENÇÃO DA MALHA VIÁRIA.\n\n', 'qtdeAnexo': 1, 'valorUnitarioAnexo': 543217.91}]",,,,,,11
01,PREFEITURA DO MUNICÍPIO DE SÃO PAULO,46597,74220,2020,9,04/09/2020 00:00:00,6012201900079650,43677822000114,SOEBE CONSTRUÇÃO E PAVIMENTAÇÃO SA,26785,2019,07,Fundo Municipal de Desenvolvimento Social,10,Fundo Municipal de Desenvolvimento Social,15,Urbanismo,452,Serviços Urbanos,3022,Requalificação e promoção da ocupação dos espaços públicos,1137,Pavimentação e Recapeamento de Vias - Programa de Metas 3.a,4,Despesas de Capital,4,Investimentos,90,Aplicações Diretas,39,Manutenção e Conservação de Bens Imóveis,08,Tesouro Municipal - Recursos Vinculados,1,Manutenção e Reformas de Bens Imóveis,1,Outros Serviços de Terceiros - Pessoa Jurídica,489683.03,0.0,489683.03,0.0,0.0,0.0,"[{'siglaUnidadeMedida': 'UN', 'descricaoAnexo': 'PRESTAÇÃO DE SERVIÇOS DE CONSERVAÇÃO E MANUTENÇÃO DA MALHA VIÁRIA.\n\n', 'qtdeAnexo': 1, 'valorUnitarioAnexo': 489683.03}]",,,,,,11
01,PREFEITURA DO MUNICÍPIO DE SÃO PAULO,46597,74233,2020,9,04/09/2020 00:00:00,6012201900079579,62162847000120,JOFEGE PAVIMENTACAO E CONSTRUCAO LTDA,26814,2019,07,Fundo Municipal de Desenvolvimento Social,10,Fundo Municipal de Desenvolvimento Social,15,Urbanismo,452,Serviços Urbanos,3022,Requalificação e promoção da ocupação dos espaços públicos,1137,Pavimentação e Recapeamento de Vias - Programa de Metas 3.a,4,Despesas de Capital,4,Investimentos,90,Aplicações Diretas,39,Manutenção e Conservação de Bens Imóveis,08,Tesouro Municipal - Recursos Vinculados,1,Manutenção e Reformas de Bens Imóveis,1,Outros Serviços de Terceiros - Pessoa Jurídica,39644.2,0.0,39644.2,0.0,0.0,0.0,"[{'siglaUnidadeMedida': 'UN', 'descricaoAnexo': 'PRESTAÇÃO DE SERVIÇOS DE CONSERVAÇÃO E MANUTENÇÃO DA MALHA VIÁRIA.\n\n', 'qtdeAnexo': 1, 'valorUnitarioAnexo': 39644.2}]",,,,,,11
01,PREFEITURA DO MUNICÍPIO DE SÃO PAULO,46597,74241,2020,9,04/09/2020 00:00:00,6012201900079463,62162847000120,JOFEGE PAVIMENTACAO E CONSTRUCAO LTDA,26807,2019,07,Fundo Municipal de Desenvolvimento Social,10,Fundo Municipal de Desenvolvimento Social,15,Urbanismo,452,Serviços Urbanos,3022,Requalificação e promoção da ocupação dos espaços públicos,1137,Pavimentação e Recapeamento de Vias - Programa de Metas 3.a,4,Despesas de Capital,4,Investimentos,90,Aplicações Diretas,39,Manutenção e Conservação de Bens Imóveis,08,Tesouro Municipal - Recursos Vinculados,1,Manutenção e Reformas de Bens Imóveis,1,Outros Serviços de Terceiros - Pessoa Jurídica,428.03,0.0,0.0,0.0,0.0,0.0,"[{'siglaUnidadeMedida': 'UN', 'descricaoAnexo': 'PRESTAÇÃO DE SERVIÇOS DE CONSERVAÇÃO E MANUTENÇÃO DA MALHA VIÁRIA.\n\n', 'qtdeAnexo': 1, 'valorUnitarioAnexo': 428.03}]",,,,,,11
01,PREFEITURA DO MUNICÍPIO DE SÃO PAULO,46597,74260,2020,9,04/09/2020 00:00:00,6012201900079889,01065014000156,FREMIX PAVIMENTACAO E CONSTRUCOES LTDA ,26925,2019,07,Fundo Municipal de Desenvolvimento Social,10,Fundo Municipal de Desenvolvimento Social,15,Urbanismo,452,Serviços Urbanos,3022,Requalificação e promoção da ocupação dos espaços públicos,1137,Pavimentação e Recapeamento de Vias - Programa de Metas 3.a,4,Despesas de Capital,4,Investimentos,90,Aplicações Diretas,39,Manutenção e Conservação de Bens Imóveis,08,Tesouro Municipal - Recursos Vinculados,1,Manutenção e Reformas de Bens Imóveis,1,Outros Serviços de Terceiros - Pessoa Jurídica,26369.02,26369.02,0.0,0.0,0.0,0.0,"[{'siglaUnidadeMedida': 'UN', 'descricaoAnexo': 'PRESTAÇÃO DE SERVIÇOS DE CONSERVAÇÃO E MANUTENÇÃO DA MALHA VIÁRIA.\n\n', 'qtdeAnexo': 1, 'valorUnitarioAnexo': 26369.02}]",,,,,,11
01,PREFEITURA DO MUNICÍPIO DE SÃO PAULO,46597,74263,2020,9,04/09/2020 00:00:00,6012201900078840,01065014000156,FREMIX PAVIMENTACAO E CONSTRUCOES LTDA ,26934,2019,07,Fundo Municipal de Desenvolvimento Social,10,Fundo Municipal de Desenvolvimento Social,15,Urbanismo,452,Serviços Urbanos,3022,Requalificação e promoção da ocupação dos espaços públicos,1137,Pavimentação e Recapeamento de Vias - Programa de Metas 3.a,4,Despesas de Capital,4,Investimentos,90,Aplicações Diretas,39,Manutenção e Conservação de Bens Imóveis,08,Tesouro Municipal - Recursos Vinculados,1,Manutenção e Reformas de Bens Imóveis,1,Outros Serviços de Terceiros - Pessoa Jurídica,31449.0,0.0,31449.0,0.0,0.0,10.11,"[{'siglaUnidadeMedida': 'UN', 'descricaoAnexo': 'PRESTAÇÃO DE SERVIÇOS DE CONSERVAÇÃO E MANUTENÇÃO DA MALHA VIÁRIA.\n\n', 'qtdeAnexo': 1, 'valorUnitarioAnexo': 31449.0}]",,,,,,11
01,PREFEITURA DO MUNICÍPIO DE SÃO PAULO,46597,74269,2020,9,04/09/2020 00:00:00,6012201900066329,01065014000156,FREMIX PAVIMENTACAO E CONSTRUCOES LTDA ,5192,2020,07,Fundo Municipal de Desenvolvimento Social,10,Fundo Municipal de Desenvolvimento Social,15,Urbanismo,452,Serviços Urbanos,3022,Requalificação e promoção da ocupação dos espaços públicos,1137,Pavimentação e Recapeamento de Vias - Programa de Metas 3.a,4,Despesas de Capital,4,Investimentos,90,Aplicações Diretas,39,Manutenção e Conservação de Bens Imóveis,08,Tesouro Municipal - Recursos Vinculados,1,Manutenção e Reformas de Bens Imóveis,1,Outros Serviços de Terceiros - Pessoa Jurídica,53652.3,0.0,53652.3,0.0,0.0,0.0,"[{'siglaUnidadeMedida': 'UN', 'descricaoAnexo': 'PRESTAÇÃO DE SERVIÇOS DE CONSERVAÇÃO E MANUTENÇÃO DA MALHA VIÁRIA.\n\n', 'qtdeAnexo': 1, 'valorUnitarioAnexo': 53652.3}]",,,,,,11
01,PREFEITURA DO MUNICÍPIO DE SÃO PAULO,46597,74277,2020,9,04/09/2020 00:00:00,6012201900079692,66806555000133,FBS CONSTRUCAO CIVIL E PAVIMENTACAO S.A.,26834,2019,07,Fundo Municipal de Desenvolvimento Social,10,Fundo Municipal de Desenvolvimento Social,15,Urbanismo,452,Serviços Urbanos,3022,Requalificação e promoção da ocupação dos espaços públicos,1137,Pavimentação e Recapeamento de Vias - Programa de Metas 3.a,4,Despesas de Capital,4,Investimentos,90,Aplicações Diretas,39,Manutenção e Conservação de Bens Imóveis,08,Tesouro Municipal - Recursos Vinculados,1,Manutenção e Reformas de Bens Imóveis,1,Outros Serviços de Terceiros - Pessoa Jurídica,1173719.68,0.0,1173719.68,1173719.68,1173719.68,0.0,"[{'siglaUnidadeMedida': 'UN', 'descricaoAnexo': 'PRESTAÇÃO DE SERVIÇOS DE CONSERVAÇÃO E MANUTENÇÃO DA MALHA VIÁRIA.\n\n', 'qtdeAnexo': 1, 'valorUnitarioAnexo': 1173719.68}]",,,,,,11
01,PREFEITURA DO MUNICÍPIO DE SÃO PAULO,46597,74281,2020,9,04/09/2020 00:00:00,6012201900079757,66806555000133,FBS CONSTRUCAO CIVIL E PAVIMENTACAO S.A.,26738,2019,07,Fundo Municipal de Desenvolvimento Social,10,Fundo Municipal de Desenvolvimento Social,15,Urbanismo,452,Serviços Urbanos,3022,Requalificação e promoção da ocupação dos espaços públicos,1137,Pavimentação e Recapeamento de Vias - Programa de Metas 3.a,4,Despesas de Capital,4,Investimentos,90,Aplicações Diretas,39,Manutenção e Conservação de Bens Imóveis,08,Tesouro Municipal - Recursos Vinculados,1,Manutenção e Reformas de Bens Imóveis,1,Outros Serviços de Terceiros - Pessoa Jurídica,491551.27,0.0,491551.27,0.0,0.0,0.0,"[{'siglaUnidadeMedida': 'UN', 'descricaoAnexo': 'PRESTAÇÃO DE SERVIÇOS DE CONSERVAÇÃO E MANUTENÇÃO DA MALHA VIÁRIA.\n\n', 'qtdeAnexo': 1, 'valorUnitarioAnexo': 491551.27}]",,,,,,11
01,PREFEITURA DO MUNICÍPIO DE SÃO PAULO,46597,74286,2020,9,04/09/2020 00:00:00,6012201900079730,66806555000133,FBS CONSTRUCAO CIVIL E PAVIMENTACAO S.A.,26744,2019,07,Fundo Municipal de Desenvolvimento Social,10,Fundo Municipal de Desenvolvimento Social,15,Urbanismo,452,Serviços Urbanos,3022,Requalificação e promoção da ocupação dos espaços públicos,1137,Pavimentação e Recapeamento de Vias - Programa de Metas 3.a,4,Despesas de Capital,4,Investimentos,90,Aplicações Diretas,39,Manutenção e Conservação de Bens Imóveis,08,Tesouro Municipal - Recursos Vinculados,1,Manutenção e Reformas de Bens Imóveis,1,Outros Serviços de Terceiros - Pessoa Jurídica,28751.54,0.0,28751.54,28751.54,28751.54,0.0,"[{'siglaUnidadeMedida': 'UN', 'descricaoAnexo': 'PRESTAÇÃO DE SERVIÇOS DE CONSERVAÇÃO E MANUTENÇÃO DA MALHA VIÁRIA.\n\n', 'qtdeAnexo': 1, 'valorUnitarioAnexo': 28751.54}]",,,,,,11
01,PREFEITURA DO MUNICÍPIO DE SÃO PAULO,46597,76161,2020,9,10/09/2020 00:00:00,6012201900079455,62162847000120,JOFEGE PAVIMENTACAO E CONSTRUCAO LTDA,26800,2019,07,Fundo Municipal de Desenvolvimento Social,10,Fundo Municipal de Desenvolvimento Social,15,Urbanismo,452,Serviços Urbanos,3022,Requalificação e promoção da ocupação dos espaços públicos,1137,Pavimentação e Recapeamento de Vias - Programa de Metas 3.a,4,Despesas de Capital,4,Investimentos,90,Aplicações Diretas,39,Manutenção e Conservação de Bens Imóveis,08,Tesouro Municipal - Recursos Vinculados,1,Manutenção e Reformas de Bens Imóveis,1,Outros Serviços de Terceiros - Pessoa Jurídica,6223208.1,0.0,2100168.87,0.0,0.0,2100168.87,"[{'siglaUnidadeMedida': 'UN', 'descricaoAnexo': 'Prestação de serviços de conservação e manutenção da malha viária', 'qtdeAnexo': 1, 'valorUnitarioAnexo': 6223208.1}]",,,,,,11
01,PREFEITURA DO MUNICÍPIO DE SÃO PAULO,46597,76187,2020,9,10/09/2020 00:00:00,6012201900079463,62162847000120,JOFEGE PAVIMENTACAO E CONSTRUCAO LTDA,26807,2019,07,Fundo Municipal de Desenvolvimento Social,10,Fundo Municipal de Desenvolvimento Social,15,Urbanismo,452,Serviços Urbanos,3022,Requalificação e promoção da ocupação dos espaços públicos,1137,Pavimentação e Recapeamento de Vias - Programa de Metas 3.a,4,Despesas de Capital,4,Investimentos,90,Aplicações Diretas,39,Manutenção e Conservação de Bens Imóveis,08,Tesouro Municipal - Recursos Vinculados,1,Manutenção e Reformas de Bens Imóveis,1,Outros Serviços de Terceiros - Pessoa Jurídica,12152753.43,0.0,12078506.66,4665597.8,0.0,1679722.82,"[{'siglaUnidadeMedida': 'UN', 'descricaoAnexo': 'Prestação de serviços de conservação e manutenção da malha viária', 'qtdeAnexo': 1, 'valorUnitarioAnexo': 12152753.43}]",,,,,,11
01,PREFEITURA DO MUNICÍPIO DE SÃO PAULO,46597,76618,2020,9,10/09/2020 00:00:00,6012202000077560,01065014000156,FREMIX PAVIMENTACAO E CONSTRUCOES LTDA ,26925,2019,07,Fundo Municipal de Desenvolvimento Social,10,Fundo Municipal de Desenvolvimento Social,15,Urbanismo,452,Serviços Urbanos,3022,Requalificação e promoção da ocupação dos espaços públicos,1137,Pavimentação e Recapeamento de Vias - Programa de Metas 3.a,4,Despesas de Capital,4,Investimentos,90,Aplicações Diretas,39,Manutenção e Conservação de Bens Imóveis,08,Tesouro Municipal - Recursos Vinculados,1,Manutenção e Reformas de Bens Imóveis,1,Outros Serviços de Terceiros - Pessoa Jurídica,26369.92,0.0,4996.95,0.0,0.0,4996.95,"[{'siglaUnidadeMedida': 'UN', 'descricaoAnexo': 'PRESTAÇÃO DE SERVIÇOS DE CONSERVAÇÃO E MANUTENÇÃO DA MALHA VIÁRIA.\n\n', 'qtdeAnexo': 1, 'valorUnitarioAnexo': 26369.92}]",,,,,,11
01,PREFEITURA DO MUNICÍPIO DE SÃO PAULO,46597,76620,2020,9,11/09/2020 00:00:00,6012201900079579,62162847000120,JOFEGE PAVIMENTACAO E CONSTRUCAO LTDA,26814,2019,07,Fundo Municipal de Desenvolvimento Social,10,Fundo Municipal de Desenvolvimento Social,15,Urbanismo,452,Serviços Urbanos,3022,Requalificação e promoção da ocupação dos espaços públicos,1137,Pavimentação e Recapeamento de Vias - Programa de Metas 3.a,4,Despesas de Capital,4,Investimentos,90,Aplicações Diretas,39,Manutenção e Conservação de Bens Imóveis,08,Tesouro Municipal - Recursos Vinculados,1,Manutenção e Reformas de Bens Imóveis,1,Outros Serviços de Terceiros - Pessoa Jurídica,96275.5,0.0,96275.5,0.0,0.0,0.0,"[{'siglaUnidadeMedida': 'UN', 'descricaoAnexo': 'PRESTAÇÃO DE SERVIÇOS DE CONSERVAÇÃO E MANUTENÇÃO DA MALHA VIÁRIA.\n\n', 'qtdeAnexo': 1, 'valorUnitarioAnexo': 96275.5}]",,,,,,11
01,PREFEITURA DO MUNICÍPIO DE SÃO PAULO,50015,77421,2020,9,14/09/2020 00:00:00,6022202000018436,11958828000173,SAO PAULO OBRAS  SP OBRAS,17438,2020,07,Fundo Municipal de Desenvolvimento Social,10,Fundo Municipal de Desenvolvimento Social,15,Urbanismo,451,Infra-Estrutura Urbana,3009,Melhoria da mobilidade urbana universal,5287,Inspeção de Obras de Artes Especiais - OAE - Programa de Metas 3.b,4,Despesas de Capital,4,Investimentos,90,Aplicações Diretas,39,Serviços Técnicos Profissionais,08,Tesouro Municipal - Recursos Vinculados,0,Gerenciamento,0,Outros Serviços de Terceiros - Pessoa Jurídica,2039204.83,2039204.83,0.0,0.0,0.0,0.0,"[{'siglaUnidadeMedida': 'UND', 'descricaoAnexo': 'Serviços para Supervisão do Programa de Manutenção de Obras de Arte Especiais da Cidade de São Paulo', 'qtdeAnexo': 1, 'valorUnitarioAnexo': 2039204.83}]",,,,,,11
01,PREFEITURA DO MUNICÍPIO DE SÃO PAULO,50015,78403,2020,9,16/09/2020 00:00:00,7910202000007612,44239135000503,EGIS  ENGENHARIA E CONSULTORIA LTDA,17708,2020,07,Fundo Municipal de Desenvolvimento Social,10,Fundo Municipal de Desenvolvimento Social,15,Urbanismo,451,Infra-Estrutura Urbana,3009,Melhoria da mobilidade urbana universal,5287,Inspeção de Obras de Artes Especiais - OAE - Programa de Metas 3.b,4,Despesas de Capital,4,Investimentos,90,Aplicações Diretas,39,Serviços Técnicos Profissionais,08,Tesouro Municipal - Recursos Vinculados,0,Gerenciamento,0,Outros Serviços de Terceiros - Pessoa Jurídica,316694.17,0.0,153522.47,0.0,0.0,153522.47,"[{'siglaUnidadeMedida': 'UND', 'descricaoAnexo': 'Elaboração de inspeções especiais, vistorias, ensaios, laudos técnicos, verificações estruturais, projeto executivo de requalificação e concepção de recuperação estrutural das 19 obras de arte especiais (OAE)  CONCORRÊNCIA nº 004/SIURB/19 - LOTE 1', 'qtdeAnexo': 1, 'valorUnitarioAnexo': 316694.17}]",,,,,,11
01,PREFEITURA DO MUNICÍPIO DE SÃO PAULO,50015,78406,2020,9,16/09/2020 00:00:00,7910202000007612,09008769000120,ENGETI  CONSULTORIA E ENGENHARIA SS LTDA,17708,2020,07,Fundo Municipal de Desenvolvimento Social,10,Fundo Municipal de Desenvolvimento Social,15,Urbanismo,451,Infra-Estrutura Urbana,3009,Melhoria da mobilidade urbana universal,5287,Inspeção de Obras de Artes Especiais - OAE - Programa de Metas 3.b,4,Despesas de Capital,4,Investimentos,90,Aplicações Diretas,39,Serviços Técnicos Profissionais,08,Tesouro Municipal - Recursos Vinculados,0,Gerenciamento,0,Outros Serviços de Terceiros - Pessoa Jurídica,234078.3,0.0,113473.11,0.0,0.0,113473.11,"[{'siglaUnidadeMedida': 'UND', 'descricaoAnexo': 'Elaboração de inspeções especiais, vistorias, ensaios, laudos técnicos, verificações estruturais, projeto executivo de requalificação e concepção de recuperação estrutural das 19 obras de arte especiais (OAE) CONCORRÊNCIA nº 004/SIURB/19 - LOTE 1', 'qtdeAnexo': 1, 'valorUnitarioAnexo': 234078.3}]",,,,,,11
01,PREFEITURA DO MUNICÍPIO DE SÃO PAULO,50015,78415,2020,9,16/09/2020 00:00:00,7910202000007612,55194369000174,ALPHAGEOS TECNOLOGIA APLICADA SA,17708,2020,07,Fundo Municipal de Desenvolvimento Social,10,Fundo Municipal de Desenvolvimento Social,15,Urbanismo,451,Infra-Estrutura Urbana,3009,Melhoria da mobilidade urbana universal,5287,Inspeção de Obras de Artes Especiais - OAE - Programa de Metas 3.b,4,Despesas de Capital,4,Investimentos,90,Aplicações Diretas,39,Serviços Técnicos Profissionais,08,Tesouro Municipal - Recursos Vinculados,0,Gerenciamento,0,Outros Serviços de Terceiros - Pessoa Jurídica,137693.12,0.0,66749.04,0.0,0.0,66749.04,"[{'siglaUnidadeMedida': 'UND', 'descricaoAnexo': 'Elaboração de inspeções especiais, vistorias, ensaios, laudos técnicos, verificações estruturais, projeto executivo de requalificação e concepção de recuperação estrutural das 19 obras de arte especiais (OAE) CONCORRÊNCIA nº 004/SIURB/19 - LOTE 1', 'qtdeAnexo': 1, 'valorUnitarioAnexo': 137693.12}]",,,,,,11
01,PREFEITURA DO MUNICÍPIO DE SÃO PAULO,50015,78418,2020,9,16/09/2020 00:00:00,7910202000007620,42161372000140,ECR ENGENHARIA LTDA,17712,2020,07,Fundo Municipal de Desenvolvimento Social,10,Fundo Municipal de Desenvolvimento Social,15,Urbanismo,451,Infra-Estrutura Urbana,3009,Melhoria da mobilidade urbana universal,5287,Inspeção de Obras de Artes Especiais - OAE - Programa de Metas 3.b,4,Despesas de Capital,4,Investimentos,90,Aplicações Diretas,39,Serviços Técnicos Profissionais,08,Tesouro Municipal - Recursos Vinculados,0,Gerenciamento,0,Outros Serviços de Terceiros - Pessoa Jurídica,593075.82,0.0,488329.4,0.0,0.0,488329.4,"[{'siglaUnidadeMedida': 'UND', 'descricaoAnexo': 'Elaboração de inspeções especiais, vistorias, ensaios, laudos técnicos, verificações estruturais, projeto executivo de requalificação e concepção de recuperação estrutural das 19 obras de arte especiais (OAE) CONCORRÊNCIA nº 004/SIURB/19 - LOTE 2', 'qtdeAnexo': 1, 'valorUnitarioAnexo': 593075.82}]",,,,,,11
01,PREFEITURA DO MUNICÍPIO DE SÃO PAULO,50015,78420,2020,9,16/09/2020 00:00:00,7910202000007639,33177148000155,BUREAU VERITAS DO BRASIL SOCIEDADE CLASSIFICADORA E CERTIFICADORA LTDA,17711,2020,07,Fundo Municipal de Desenvolvimento Social,10,Fundo Municipal de Desenvolvimento Social,15,Urbanismo,451,Infra-Estrutura Urbana,3009,Melhoria da mobilidade urbana universal,5287,Inspeção de Obras de Artes Especiais - OAE - Programa de Metas 3.b,4,Despesas de Capital,4,Investimentos,90,Aplicações Diretas,39,Serviços Técnicos Profissionais,08,Tesouro Municipal - Recursos Vinculados,0,Gerenciamento,0,Outros Serviços de Terceiros - Pessoa Jurídica,631352.41,631352.41,0.0,0.0,0.0,0.0,"[{'siglaUnidadeMedida': 'UND', 'descricaoAnexo': 'Elaboração de inspeções especiais, vistorias, ensaios, laudos técnicos, verificações estruturais, projeto executivo de requalificação e concepção de recuperação estrutural das 19 obras de arte especiais (OAE) CONCORRÊNCIA nº 004/SIURB/19 - LOTE 3', 'qtdeAnexo': 1, 'valorUnitarioAnexo': 631352.41}]",,,,,,11
01,PREFEITURA DO MUNICÍPIO DE SÃO PAULO,46597,78495,2020,9,17/09/2020 00:00:00,6012201900079650,43677822000114,SOEBE CONSTRUÇÃO E PAVIMENTAÇÃO SA,27189,2019,07,Fundo Municipal de Desenvolvimento Social,10,Fundo Municipal de Desenvolvimento Social,15,Urbanismo,452,Serviços Urbanos,3022,Requalificação e promoção da ocupação dos espaços públicos,1137,Pavimentação e Recapeamento de Vias - Programa de Metas 3.a,4,Despesas de Capital,4,Investimentos,90,Aplicações Diretas,39,Manutenção e Conservação de Bens Imóveis,08,Tesouro Municipal - Recursos Vinculados,1,Manutenção e Reformas de Bens Imóveis,1,Outros Serviços de Terceiros - Pessoa Jurídica,2829640.7,0.0,2829640.7,0.0,0.0,0.0,"[{'siglaUnidadeMedida': 'UN', 'descricaoAnexo': 'PRESTAÇÃO DE SERVIÇOS DE CONSERVAÇÃO E MANUTENÇÃO DA MALHA VIÁRIA.\n\n', 'qtdeAnexo': 1, 'valorUnitarioAnexo': 2829640.7}]",,,,,,11
01,PREFEITURA DO MUNICÍPIO DE SÃO PAULO,46597,78497,2020,9,17/09/2020 00:00:00,6012201900079900,43677822000114,SOEBE CONSTRUÇÃO E PAVIMENTAÇÃO SA,27189,2019,07,Fundo Municipal de Desenvolvimento Social,10,Fundo Municipal de Desenvolvimento Social,15,Urbanismo,452,Serviços Urbanos,3022,Requalificação e promoção da ocupação dos espaços públicos,1137,Pavimentação e Recapeamento de Vias - Programa de Metas 3.a,4,Despesas de Capital,4,Investimentos,90,Aplicações Diretas,39,Manutenção e Conservação de Bens Imóveis,08,Tesouro Municipal - Recursos Vinculados,1,Manutenção e Reformas de Bens Imóveis,1,Outros Serviços de Terceiros - Pessoa Jurídica,5922331.46,0.0,1866520.83,0.0,0.0,1866520.83,"[{'siglaUnidadeMedida': 'UN', 'descricaoAnexo': 'PRESTAÇÃO DE SERVIÇOS DE CONSERVAÇÃO E MANUTENÇÃO DA MALHA VIÁRIA.\n\n', 'qtdeAnexo': 1, 'valorUnitarioAnexo': 5922331.46}]",,,,,,11
01,PREFEITURA DO MUNICÍPIO DE SÃO PAULO,46597,78498,2020,9,17/09/2020 00:00:00,6012201900079730,66806555000133,FBS CONSTRUCAO CIVIL E PAVIMENTACAO S.A.,26744,2019,07,Fundo Municipal de Desenvolvimento Social,10,Fundo Municipal de Desenvolvimento Social,15,Urbanismo,452,Serviços Urbanos,3022,Requalificação e promoção da ocupação dos espaços públicos,1137,Pavimentação e Recapeamento de Vias - Programa de Metas 3.a,4,Despesas de Capital,4,Investimentos,90,Aplicações Diretas,39,Manutenção e Conservação de Bens Imóveis,08,Tesouro Municipal - Recursos Vinculados,1,Manutenção e Reformas de Bens Imóveis,1,Outros Serviços de Terceiros - Pessoa Jurídica,9739476.94,0.0,9739476.94,240490.6,240490.6,26617.6,"[{'siglaUnidadeMedida': 'UN', 'descricaoAnexo': 'PRESTAÇÃO DE SERVIÇOS DE CONSERVAÇÃO E MANUTENÇÃO DA MALHA VIÁRIA.\n\n', 'qtdeAnexo': 1, 'valorUnitarioAnexo': 9739476.94}]",,,,,,11
01,PREFEITURA DO MUNICÍPIO DE SÃO PAULO,46597,78499,2020,9,17/09/2020 00:00:00,6012201900079897,43677822000114,SOEBE CONSTRUÇÃO E PAVIMENTAÇÃO SA,26780,2019,07,Fundo Municipal de Desenvolvimento Social,10,Fundo Municipal de Desenvolvimento Social,15,Urbanismo,452,Serviços Urbanos,3022,Requalificação e promoção da ocupação dos espaços públicos,1137,Pavimentação e Recapeamento de Vias - Programa de Metas 3.a,4,Despesas de Capital,4,Investimentos,90,Aplicações Diretas,39,Manutenção e Conservação de Bens Imóveis,08,Tesouro Municipal - Recursos Vinculados,1,Manutenção e Reformas de Bens Imóveis,1,Outros Serviços de Terceiros - Pessoa Jurídica,11324490.67,0.0,6518895.82,4617615.64,4617615.64,558253.57,"[{'siglaUnidadeMedida': 'UN', 'descricaoAnexo': 'PRESTAÇÃO DE SERVIÇOS DE CONSERVAÇÃO E MANUTENÇÃO DA MALHA VIÁRIA.\n\n', 'qtdeAnexo': 1, 'valorUnitarioAnexo': 11324490.67}]",,,,,,11
01,PREFEITURA DO MUNICÍPIO DE SÃO PAULO,46597,78500,2020,9,17/09/2020 00:00:00,6012201900079692,66806555000133,FBS CONSTRUCAO CIVIL E PAVIMENTACAO S.A.,26834,2019,07,Fundo Municipal de Desenvolvimento Social,10,Fundo Municipal de Desenvolvimento Social,15,Urbanismo,452,Serviços Urbanos,3022,Requalificação e promoção da ocupação dos espaços públicos,1137,Pavimentação e Recapeamento de Vias - Programa de Metas 3.a,4,Despesas de Capital,4,Investimentos,90,Aplicações Diretas,39,Manutenção e Conservação de Bens Imóveis,08,Tesouro Municipal - Recursos Vinculados,1,Manutenção e Reformas de Bens Imóveis,1,Outros Serviços de Terceiros - Pessoa Jurídica,4835337.52,0.0,4835337.52,1406469.87,1406469.87,0.0,"[{'siglaUnidadeMedida': 'UN', 'descricaoAnexo': 'PRESTAÇÃO DE SERVIÇOS DE CONSERVAÇÃO E MANUTENÇÃO DA MALHA VIÁRIA.\n\n', 'qtdeAnexo': 1, 'valorUnitarioAnexo': 4835337.52}]",,,,,,11
01,PREFEITURA DO MUNICÍPIO DE SÃO PAULO,50015,78598,2020,9,17/09/2020 00:00:00,7910202000007639,33177148000155,BUREAU VERITAS DO BRASIL SOCIEDADE CLASSIFICADORA E CERTIFICADORA LTDA,17711,2020,07,Fundo Municipal de Desenvolvimento Social,10,Fundo Municipal de Desenvolvimento Social,15,Urbanismo,451,Infra-Estrutura Urbana,3009,Melhoria da mobilidade urbana universal,5287,Inspeção de Obras de Artes Especiais - OAE - Programa de Metas 3.b,4,Despesas de Capital,4,Investimentos,90,Aplicações Diretas,39,Serviços Técnicos Profissionais,08,Tesouro Municipal - Recursos Vinculados,0,Gerenciamento,0,Outros Serviços de Terceiros - Pessoa Jurídica,378811.45,0.0,0.0,0.0,0.0,0.0,"[{'siglaUnidadeMedida': 'UND', 'descricaoAnexo': 'Elaboração de inspeções especiais, vistorias, ensaios, laudos técnicos, verificações estruturais, projeto executivo de requalificação e concepção de recuperação estrutural das 19 obras de arte especiais (OAE) CONCORRÊNCIA nº 004/SIURB/19 - LOTE 3', 'qtdeAnexo': 1, 'valorUnitarioAnexo': 378811.45}]",,,,,,11
01,PREFEITURA DO MUNICÍPIO DE SÃO PAULO,50015,78606,2020,9,17/09/2020 00:00:00,7910202000007639,00376282000126,EGT ENGENHARIA LTDA,17801,2020,07,Fundo Municipal de Desenvolvimento Social,10,Fundo Municipal de Desenvolvimento Social,15,Urbanismo,451,Infra-Estrutura Urbana,3009,Melhoria da mobilidade urbana universal,5287,Inspeção de Obras de Artes Especiais - OAE - Programa de Metas 3.b,4,Despesas de Capital,4,Investimentos,90,Aplicações Diretas,39,Serviços Técnicos Profissionais,08,Tesouro Municipal - Recursos Vinculados,0,Gerenciamento,0,Outros Serviços de Terceiros - Pessoa Jurídica,252540.96,0.0,0.0,0.0,0.0,0.0,"[{'siglaUnidadeMedida': 'UND', 'descricaoAnexo': 'Elaboração de inspeções especiais, vistorias, ensaios, laudos técnicos, verificações estruturais, projeto executivo de requalificação e concepção de recuperação estrutural das 19 obras de arte especiais (OAE) CONCORRÊNCIA nº 004/SIURB/19 - LOTE 3', 'qtdeAnexo': 1, 'valorUnitarioAnexo': 252540.96}]",,,,,,11
01,PREFEITURA DO MUNICÍPIO DE SÃO PAULO,46597,78688,2020,9,17/09/2020 00:00:00,6012201900079579,62162847000120,JOFEGE PAVIMENTACAO E CONSTRUCAO LTDA,26814,2019,07,Fundo Municipal de Desenvolvimento Social,10,Fundo Municipal de Desenvolvimento Social,15,Urbanismo,452,Serviços Urbanos,3022,Requalificação e promoção da ocupação dos espaços públicos,1137,Pavimentação e Recapeamento de Vias - Programa de Metas 3.a,4,Despesas de Capital,4,Investimentos,90,Aplicações Diretas,39,Manutenção e Conservação de Bens Imóveis,08,Tesouro Municipal - Recursos Vinculados,1,Manutenção e Reformas de Bens Imóveis,1,Outros Serviços de Terceiros - Pessoa Jurídica,5944395.23,0.0,4403741.9,0.0,0.0,846649.59,"[{'siglaUnidadeMedida': 'UN', 'descricaoAnexo': 'PRESTAÇÃO DE SERVIÇOS DE CONSERVAÇÃO E MANUTENÇÃO DA MALHA VIÁRIA.', 'qtdeAnexo': 1, 'valorUnitarioAnexo': 5944395.23}]",,,,,,11
01,PREFEITURA DO MUNICÍPIO DE SÃO PAULO,46597,78691,2020,9,17/09/2020 00:00:00,6012201900079757,66806555000133,FBS CONSTRUCAO CIVIL E PAVIMENTACAO S.A.,26738,2019,07,Fundo Municipal de Desenvolvimento Social,10,Fundo Municipal de Desenvolvimento Social,15,Urbanismo,452,Serviços Urbanos,3022,Requalificação e promoção da ocupação dos espaços públicos,1137,Pavimentação e Recapeamento de Vias - Programa de Metas 3.a,4,Despesas de Capital,4,Investimentos,90,Aplicações Diretas,39,Manutenção e Conservação de Bens Imóveis,08,Tesouro Municipal - Recursos Vinculados,1,Manutenção e Reformas de Bens Imóveis,1,Outros Serviços de Terceiros - Pessoa Jurídica,12039099.02,0.0,5506235.83,0.0,0.0,877416.18,"[{'siglaUnidadeMedida': 'UN', 'descricaoAnexo': 'PRESTAÇÃO DE SERVIÇOS DE CONSERVAÇÃO E MANUTENÇÃO DA MALHA VIÁRIA.', 'qtdeAnexo': 1, 'valorUnitarioAnexo': 12039099.02}]",,,,,,11
01,PREFEITURA DO MUNICÍPIO DE SÃO PAULO,50015,78706,2020,9,17/09/2020 00:00:00,7910202000003234,11958828000173,SAO PAULO OBRAS  SP OBRAS,17438,2020,07,Fundo Municipal de Desenvolvimento Social,10,Fundo Municipal de Desenvolvimento Social,15,Urbanismo,451,Infra-Estrutura Urbana,3009,Melhoria da mobilidade urbana universal,5287,Inspeção de Obras de Artes Especiais - OAE - Programa de Metas 3.b,4,Despesas de Capital,4,Investimentos,90,Aplicações Diretas,39,Serviços Técnicos Profissionais,08,Tesouro Municipal - Recursos Vinculados,0,Gerenciamento,0,Outros Serviços de Terceiros - Pessoa Jurídica,849668.34,0.0,765894.31,0.0,0.0,765894.31,"[{'siglaUnidadeMedida': 'UND', 'descricaoAnexo': 'CT 058/SIURB/20 - Supervisão do Programa de Manutenção de Obras de Arte Especiais da Cidade de São Paulo', 'qtdeAnexo': 1, 'valorUnitarioAnexo': 849668.34}]",,,,,,11
01,PREFEITURA DO MUNICÍPIO DE SÃO PAULO,46597,78857,2020,9,18/09/2020 00:00:00,6012201900079889,01065014000156,FREMIX PAVIMENTACAO E CONSTRUCOES LTDA ,26925,2019,07,Fundo Municipal de Desenvolvimento Social,10,Fundo Municipal de Desenvolvimento Social,15,Urbanismo,452,Serviços Urbanos,3022,Requalificação e promoção da ocupação dos espaços públicos,1137,Pavimentação e Recapeamento de Vias - Programa de Metas 3.a,4,Despesas de Capital,4,Investimentos,90,Aplicações Diretas,39,Manutenção e Conservação de Bens Imóveis,08,Tesouro Municipal - Recursos Vinculados,1,Manutenção e Reformas de Bens Imóveis,1,Outros Serviços de Terceiros - Pessoa Jurídica,6259063.55,0.0,4555153.55,0.0,0.0,3825351.38,"[{'siglaUnidadeMedida': 'UN', 'descricaoAnexo': 'PRESTAÇÃO DE SERVIÇOS DE CONSERVAÇÃO E MANUTENÇÃO DA MALHA VIÁRIA.\n\n', 'qtdeAnexo': 1, 'valorUnitarioAnexo': 6259063.55}]",,,,,,11
01,PREFEITURA DO MUNICÍPIO DE SÃO PAULO,46597,79056,2020,9,21/09/2020 00:00:00,6012201900078840,01065014000156,FREMIX PAVIMENTACAO E CONSTRUCOES LTDA ,26934,2019,07,Fundo Municipal de Desenvolvimento Social,10,Fundo Municipal de Desenvolvimento Social,15,Urbanismo,452,Serviços Urbanos,3022,Requalificação e promoção da ocupação dos espaços públicos,1137,Pavimentação e Recapeamento de Vias - Programa de Metas 3.a,4,Despesas de Capital,4,Investimentos,90,Aplicações Diretas,39,Manutenção e Conservação de Bens Imóveis,08,Tesouro Municipal - Recursos Vinculados,1,Manutenção e Reformas de Bens Imóveis,1,Outros Serviços de Terceiros - Pessoa Jurídica,3707335.11,0.0,1448899.87,0.0,0.0,1448899.87,"[{'siglaUnidadeMedida': 'UN', 'descricaoAnexo': 'PRESTAÇÃO DE SERVIÇOS DE CONSERVAÇÃO E MANUTENÇÃO DA MALHA VIÁRIA.', 'qtdeAnexo': 1, 'valorUnitarioAnexo': 3707335.11}]",,,,,,11
01,PREFEITURA DO MUNICÍPIO DE SÃO PAULO,46597,79632,2020,9,23/09/2020 00:00:00,6012201900079692,66806555000133,FBS CONSTRUCAO CIVIL E PAVIMENTACAO S.A.,26834,2019,07,Fundo Municipal de Desenvolvimento Social,10,Fundo Municipal de Desenvolvimento Social,15,Urbanismo,452,Serviços Urbanos,3022,Requalificação e promoção da ocupação dos espaços públicos,1137,Pavimentação e Recapeamento de Vias - Programa de Metas 3.a,4,Despesas de Capital,4,Investimentos,90,Aplicações Diretas,39,Manutenção e Conservação de Bens Imóveis,08,Tesouro Municipal - Recursos Vinculados,1,Manutenção e Reformas de Bens Imóveis,1,Outros Serviços de Terceiros - Pessoa Jurídica,2289531.85,0.0,2289445.06,0.0,0.0,3235.2,"[{'siglaUnidadeMedida': 'UN', 'descricaoAnexo': 'PRESTAÇÃO DE SERVIÇOS DE CONSERVAÇÃO E MANUTENÇÃO DA MALHA VIÁRIA.', 'qtdeAnexo': 1, 'valorUnitarioAnexo': 2289531.85}]",,,,,,11
01,PREFEITURA DO MUNICÍPIO DE SÃO PAULO,46597,79634,2020,9,23/09/2020 00:00:00,6012201900079730,66806555000133,FBS CONSTRUCAO CIVIL E PAVIMENTACAO S.A.,26744,2019,07,Fundo Municipal de Desenvolvimento Social,10,Fundo Municipal de Desenvolvimento Social,15,Urbanismo,452,Serviços Urbanos,3022,Requalificação e promoção da ocupação dos espaços públicos,1137,Pavimentação e Recapeamento de Vias - Programa de Metas 3.a,4,Despesas de Capital,4,Investimentos,90,Aplicações Diretas,39,Manutenção e Conservação de Bens Imóveis,08,Tesouro Municipal - Recursos Vinculados,1,Manutenção e Reformas de Bens Imóveis,1,Outros Serviços de Terceiros - Pessoa Jurídica,1698740.82,0.0,845737.57,0.0,0.0,845737.57,"[{'siglaUnidadeMedida': 'UN', 'descricaoAnexo': 'PRESTAÇÃO DE SERVIÇOS DE CONSERVAÇÃO E MANUTENÇÃO DA MALHA VIÁRIA.', 'qtdeAnexo': 1, 'valorUnitarioAnexo': 1698740.82}]",,,,,,11
01,PREFEITURA DO MUNICÍPIO DE SÃO PAULO,46597,79638,2020,9,23/09/2020 00:00:00,6012201900079803,09052229000144,SOUZA COMPEC ENGENHARIA E CONSTRUÇÕES LTDA,26971,2019,07,Fundo Municipal de Desenvolvimento Social,10,Fundo Municipal de Desenvolvimento Social,15,Urbanismo,452,Serviços Urbanos,3022,Requalificação e promoção da ocupação dos espaços públicos,1137,Pavimentação e Recapeamento de Vias - Programa de Metas 3.a,4,Despesas de Capital,4,Investimentos,90,Aplicações Diretas,39,Manutenção e Conservação de Bens Imóveis,08,Tesouro Municipal - Recursos Vinculados,1,Manutenção e Reformas de Bens Imóveis,1,Outros Serviços de Terceiros - Pessoa Jurídica,9599615.41,0.0,9598878.59,0.0,0.0,11221.97,"[{'siglaUnidadeMedida': 'UN', 'descricaoAnexo': 'PRESTAÇÃO DE SERVIÇOS DE CONSERVAÇÃO E MANUTENÇÃO DA MALHA VIÁRIA.', 'qtdeAnexo': 1, 'valorUnitarioAnexo': 9599615.41}]",,,,,,11
01,PREFEITURA DO MUNICÍPIO DE SÃO PAULO,46597,79644,2020,9,23/09/2020 00:00:00,6012201900079900,43677822000114,SOEBE CONSTRUÇÃO E PAVIMENTAÇÃO SA,27189,2019,07,Fundo Municipal de Desenvolvimento Social,10,Fundo Municipal de Desenvolvimento Social,15,Urbanismo,452,Serviços Urbanos,3022,Requalificação e promoção da ocupação dos espaços públicos,1137,Pavimentação e Recapeamento de Vias - Programa de Metas 3.a,4,Despesas de Capital,4,Investimentos,90,Aplicações Diretas,39,Manutenção e Conservação de Bens Imóveis,08,Tesouro Municipal - Recursos Vinculados,1,Manutenção e Reformas de Bens Imóveis,1,Outros Serviços de Terceiros - Pessoa Jurídica,3320657.47,0.0,0.0,0.0,0.0,0.0,"[{'siglaUnidadeMedida': 'UN', 'descricaoAnexo': 'PRESTAÇÃO DE SERVIÇOS DE CONSERVAÇÃO E MANUTENÇÃO DA MALHA VIÁRIA.', 'qtdeAnexo': 1, 'valorUnitarioAnexo': 3320657.47}]",,,,,,11
01,PREFEITURA DO MUNICÍPIO DE SÃO PAULO,46597,79647,2020,9,23/09/2020 00:00:00,6012201900079579,62162847000120,JOFEGE PAVIMENTACAO E CONSTRUCAO LTDA,26814,2019,07,Fundo Municipal de Desenvolvimento Social,10,Fundo Municipal de Desenvolvimento Social,15,Urbanismo,452,Serviços Urbanos,3022,Requalificação e promoção da ocupação dos espaços públicos,1137,Pavimentação e Recapeamento de Vias - Programa de Metas 3.a,4,Despesas de Capital,4,Investimentos,90,Aplicações Diretas,39,Manutenção e Conservação de Bens Imóveis,08,Tesouro Municipal - Recursos Vinculados,1,Manutenção e Reformas de Bens Imóveis,1,Outros Serviços de Terceiros - Pessoa Jurídica,1452097.51,0.0,0.0,0.0,0.0,0.0,"[{'siglaUnidadeMedida': 'UN', 'descricaoAnexo': 'PRESTAÇÃO DE SERVIÇOS DE CONSERVAÇÃO E MANUTENÇÃO DA MALHA VIÁRIA.', 'qtdeAnexo': 1, 'valorUnitarioAnexo': 1452097.51}]",,,,,,11
01,PREFEITURA DO MUNICÍPIO DE SÃO PAULO,46597,80075,2020,9,25/09/2020 00:00:00,6012201900079854,47218979000132,ARVEK TECNICA E CONSTRUCOES LTDA,26960,2019,07,Fundo Municipal de Desenvolvimento Social,10,Fundo Municipal de Desenvolvimento Social,15,Urbanismo,452,Serviços Urbanos,3022,Requalificação e promoção da ocupação dos espaços públicos,1137,Pavimentação e Recapeamento de Vias - Programa de Metas 3.a,4,Despesas de Capital,4,Investimentos,90,Aplicações Diretas,39,Manutenção e Conservação de Bens Imóveis,08,Tesouro Municipal - Recursos Vinculados,1,Manutenção e Reformas de Bens Imóveis,1,Outros Serviços de Terceiros - Pessoa Jurídica,4105625.94,0.0,2849805.38,0.0,0.0,331057.23,"[{'siglaUnidadeMedida': 'UN', 'descricaoAnexo': 'PRESTAÇÃO DE SERVIÇOS DE CONSERVAÇÃO E MANUTENÇÃO DA MALHA VIÁRIA.', 'qtdeAnexo': 1, 'valorUnitarioAnexo': 4105625.94}]",,,,,,11
01,PREFEITURA DO MUNICÍPIO DE SÃO PAULO,46597,80764,2020,9,29/09/2020 00:00:00,6012201900079870,01065014000156,FREMIX PAVIMENTACAO E CONSTRUCOES LTDA ,26927,2019,07,Fundo Municipal de Desenvolvimento Social,10,Fundo Municipal de Desenvolvimento Social,15,Urbanismo,452,Serviços Urbanos,3022,Requalificação e promoção da ocupação dos espaços públicos,1137,Pavimentação e Recapeamento de Vias - Programa de Metas 3.a,4,Despesas de Capital,4,Investimentos,90,Aplicações Diretas,39,Manutenção e Conservação de Bens Imóveis,08,Tesouro Municipal - Recursos Vinculados,1,Manutenção e Reformas de Bens Imóveis,1,Outros Serviços de Terceiros - Pessoa Jurídica,7221957.64,0.0,5035098.06,0.0,0.0,2958136.38,"[{'siglaUnidadeMedida': 'UN', 'descricaoAnexo': 'PRESTAÇÃO DE SERVIÇOS DE CONSERVAÇÃO E MANUTENÇÃO DA MALHA VIÁRIA.\n\n', 'qtdeAnexo': 1, 'valorUnitarioAnexo': 7221957.64}]",,,,,,11
01,PREFEITURA DO MUNICÍPIO DE SÃO PAULO,57538,86945,2020,10,23/10/2020 00:00:00,6020201700017751,60498417000158,SAO PAULO TRANSPORTE SA,26735,2017,07,Fundo Municipal de Desenvolvimento Social,10,Fundo Municipal de Desenvolvimento Social,15,Urbanismo,451,Infra-Estrutura Urbana,3009,Melhoria da mobilidade urbana universal,5417,Projetos de Mobilidade Urbana Oriundos de Recursos de Desestatizações ,4,Despesas de Capital,4,Investimentos,90,Aplicações Diretas,51,Obras em Andamento - Uso Comum do Povo,08,Tesouro Municipal - Recursos Vinculados,1,Sistemas Viários ,8,Obras e Instalações,10000000.0,0.0,265555.88,0.0,0.0,265555.88,"[{'siglaUnidadeMedida': 'UN', 'descricaoAnexo': 'Convênio nº 01/201/ - SMT/SPTRANS', 'qtdeAnexo': 1, 'valorUnitarioAnexo': 10000000.0}]",,,,,,11
01,PREFEITURA DO MUNICÍPIO DE SÃO PAULO,46597,87897,2020,10,27/10/2020 00:00:00,6012202000077560,66806555000133,FBS CONSTRUCAO CIVIL E PAVIMENTACAO S.A.,22186,2019,07,Fundo Municipal de Desenvolvimento Social,10,Fundo Municipal de Desenvolvimento Social,15,Urbanismo,452,Serviços Urbanos,3022,Requalificação e promoção da ocupação dos espaços públicos,1137,Pavimentação e Recapeamento de Vias - Programa de Metas 3.a,4,Despesas de Capital,4,Investimentos,90,Aplicações Diretas,39,Manutenção e Conservação de Bens Imóveis,08,Tesouro Municipal - Recursos Vinculados,1,Manutenção e Reformas de Bens Imóveis,1,Outros Serviços de Terceiros - Pessoa Jurídica,2336.01,0.0,2336.01,0.0,0.0,2336.01,"[{'siglaUnidadeMedida': 'UN', 'descricaoAnexo': 'PRESTAÇÃO DE SERVIÇOS DE CONSERVAÇÃO E MANUTENÇÃO DA MALHA VIÁRIA.', 'qtdeAnexo': 1, 'valorUnitarioAnexo': 2336.01}]",,,,,,11
01,PREFEITURA DO MUNICÍPIO DE SÃO PAULO,46597,90610,2020,11,09/11/2020 00:00:00,6012201900022950,43677822000114,SOEBE CONSTRUÇÃO E PAVIMENTAÇÃO SA,21962,2019,07,Fundo Municipal de Desenvolvimento Social,10,Fundo Municipal de Desenvolvimento Social,15,Urbanismo,452,Serviços Urbanos,3022,Requalificação e promoção da ocupação dos espaços públicos,1137,Pavimentação e Recapeamento de Vias - Programa de Metas 3.a,4,Despesas de Capital,4,Investimentos,90,Aplicações Diretas,39,Manutenção e Conservação de Bens Imóveis,08,Tesouro Municipal - Recursos Vinculados,1,Manutenção e Reformas de Bens Imóveis,1,Outros Serviços de Terceiros - Pessoa Jurídica,1131522.14,0.0,525.03,0.0,0.0,525.03,"[{'siglaUnidadeMedida': 'UN', 'descricaoAnexo': 'PRESTAÇÃO DE SERVIÇOS DE CONSERVAÇÃO DA MALHA VIÁRIA', 'qtdeAnexo': 1, 'valorUnitarioAnexo': 1131522.14}]",,,,,,11
01,PREFEITURA DO MUNICÍPIO DE SÃO PAULO,46597,90612,2020,11,09/11/2020 00:00:00,6012201900079650,43677822000114,SOEBE CONSTRUÇÃO E PAVIMENTAÇÃO SA,26785,2019,07,Fundo Municipal de Desenvolvimento Social,10,Fundo Municipal de Desenvolvimento Social,15,Urbanismo,452,Serviços Urbanos,3022,Requalificação e promoção da ocupação dos espaços públicos,1137,Pavimentação e Recapeamento de Vias - Programa de Metas 3.a,4,Despesas de Capital,4,Investimentos,90,Aplicações Diretas,39,Manutenção e Conservação de Bens Imóveis,08,Tesouro Municipal - Recursos Vinculados,1,Manutenção e Reformas de Bens Imóveis,1,Outros Serviços de Terceiros - Pessoa Jurídica,832110.7,0.0,832073.65,0.0,0.0,343405.99,"[{'siglaUnidadeMedida': 'UN', 'descricaoAnexo': 'PRESTAÇÃO DE SERVIÇOS DE CONSERVAÇÃO DA MALHA VIÁRIA', 'qtdeAnexo': 1, 'valorUnitarioAnexo': 832110.7}]",,,,,,11
01,PREFEITURA DO MUNICÍPIO DE SÃO PAULO,46597,90618,2020,11,09/11/2020 00:00:00,6012201900066337,43677822000114,SOEBE CONSTRUÇÃO E PAVIMENTAÇÃO SA,5191,2020,07,Fundo Municipal de Desenvolvimento Social,10,Fundo Municipal de Desenvolvimento Social,15,Urbanismo,452,Serviços Urbanos,3022,Requalificação e promoção da ocupação dos espaços públicos,1137,Pavimentação e Recapeamento de Vias - Programa de Metas 3.a,4,Despesas de Capital,4,Investimentos,90,Aplicações Diretas,39,Manutenção e Conservação de Bens Imóveis,08,Tesouro Municipal - Recursos Vinculados,1,Manutenção e Reformas de Bens Imóveis,1,Outros Serviços de Terceiros - Pessoa Jurídica,358012.35,358012.35,0.0,0.0,0.0,0.0,"[{'siglaUnidadeMedida': 'UN', 'descricaoAnexo': 'PRESTAÇÃO DE SERVIÇOS DE CONSERVAÇÃO DA MALHA VIÁRIA', 'qtdeAnexo': 1, 'valorUnitarioAnexo': 358012.35}]",,,,,,11
01,PREFEITURA DO MUNICÍPIO DE SÃO PAULO,46597,90624,2020,11,09/11/2020 00:00:00,6012201900055556,09052229000144,SOUZA COMPEC ENGENHARIA E CONSTRUÇÕES LTDA,21235,2019,07,Fundo Municipal de Desenvolvimento Social,10,Fundo Municipal de Desenvolvimento Social,15,Urbanismo,452,Serviços Urbanos,3022,Requalificação e promoção da ocupação dos espaços públicos,1137,Pavimentação e Recapeamento de Vias - Programa de Metas 3.a,4,Despesas de Capital,4,Investimentos,90,Aplicações Diretas,39,Manutenção e Conservação de Bens Imóveis,08,Tesouro Municipal - Recursos Vinculados,1,Manutenção e Reformas de Bens Imóveis,1,Outros Serviços de Terceiros - Pessoa Jurídica,552515.86,552515.86,0.0,0.0,0.0,0.0,"[{'siglaUnidadeMedida': 'UN', 'descricaoAnexo': 'PRESTAÇÃO DE SERVIÇOS DE CONSERVAÇÃO DA MALHA VIÁRIA', 'qtdeAnexo': 1, 'valorUnitarioAnexo': 552515.86}]",,,,,,11
01,PREFEITURA DO MUNICÍPIO DE SÃO PAULO,46597,90629,2020,11,09/11/2020 00:00:00,6012201900066310,62162847000120,JOFEGE PAVIMENTACAO E CONSTRUCAO LTDA,27330,2019,07,Fundo Municipal de Desenvolvimento Social,10,Fundo Municipal de Desenvolvimento Social,15,Urbanismo,452,Serviços Urbanos,3022,Requalificação e promoção da ocupação dos espaços públicos,1137,Pavimentação e Recapeamento de Vias - Programa de Metas 3.a,4,Despesas de Capital,4,Investimentos,90,Aplicações Diretas,39,Manutenção e Conservação de Bens Imóveis,08,Tesouro Municipal - Recursos Vinculados,1,Manutenção e Reformas de Bens Imóveis,1,Outros Serviços de Terceiros - Pessoa Jurídica,1134196.89,1134196.89,0.0,0.0,0.0,0.0,"[{'siglaUnidadeMedida': 'UN', 'descricaoAnexo': 'PRESTAÇÃO DE SERVIÇOS DE CONSERVAÇÃO DA MALHA VIÁRIA', 'qtdeAnexo': 1, 'valorUnitarioAnexo': 1134196.89}]",,,,,,11
01,PREFEITURA DO MUNICÍPIO DE SÃO PAULO,46597,94080,2020,11,16/11/2020 00:00:00,6012201900022950,43677822000114,SOEBE CONSTRUÇÃO E PAVIMENTAÇÃO SA,21962,2019,07,Fundo Municipal de Desenvolvimento Social,10,Fundo Municipal de Desenvolvimento Social,15,Urbanismo,452,Serviços Urbanos,3022,Requalificação e promoção da ocupação dos espaços públicos,1137,Pavimentação e Recapeamento de Vias - Programa de Metas 3.a,4,Despesas de Capital,4,Investimentos,90,Aplicações Diretas,39,Manutenção e Conservação de Bens Imóveis,08,Tesouro Municipal - Recursos Vinculados,1,Manutenção e Reformas de Bens Imóveis,1,Outros Serviços de Terceiros - Pessoa Jurídica,392606.59,0.0,0.0,0.0,0.0,0.0,"[{'siglaUnidadeMedida': 'UN', 'descricaoAnexo': 'PRESTAÇÃO DE SERVIÇOS DE CONSERVAÇÃO E MANUTENÇÃO DA MALHA VIÁRIA.\n\n', 'qtdeAnexo': 1, 'valorUnitarioAnexo': 392606.59}]",,,,,,11
01,PREFEITURA DO MUNICÍPIO DE SÃO PAULO,46597,94085,2020,11,16/11/2020 00:00:00,6012201900079854,47218979000132,ARVEK TECNICA E CONSTRUCOES LTDA,26960,2019,07,Fundo Municipal de Desenvolvimento Social,10,Fundo Municipal de Desenvolvimento Social,15,Urbanismo,452,Serviços Urbanos,3022,Requalificação e promoção da ocupação dos espaços públicos,1137,Pavimentação e Recapeamento de Vias - Programa de Metas 3.a,4,Despesas de Capital,4,Investimentos,90,Aplicações Diretas,39,Manutenção e Conservação de Bens Imóveis,08,Tesouro Municipal - Recursos Vinculados,1,Manutenção e Reformas de Bens Imóveis,1,Outros Serviços de Terceiros - Pessoa Jurídica,1161648.57,0.0,443727.2,0.0,0.0,443727.2,"[{'siglaUnidadeMedida': 'UN', 'descricaoAnexo': 'PRESTAÇÃO DE SERVIÇOS DE CONSERVAÇÃO E MANUTENÇÃO DA MALHA VIÁRIA.\n\n', 'qtdeAnexo': 1, 'valorUnitarioAnexo': 1161648.57}]",,,,,,11
01,PREFEITURA DO MUNICÍPIO DE SÃO PAULO,46597,94090,2020,11,16/11/2020 00:00:00,6012201900079579,62162847000120,JOFEGE PAVIMENTACAO E CONSTRUCAO LTDA,26814,2019,07,Fundo Municipal de Desenvolvimento Social,10,Fundo Municipal de Desenvolvimento Social,15,Urbanismo,452,Serviços Urbanos,3022,Requalificação e promoção da ocupação dos espaços públicos,1137,Pavimentação e Recapeamento de Vias - Programa de Metas 3.a,4,Despesas de Capital,4,Investimentos,90,Aplicações Diretas,39,Manutenção e Conservação de Bens Imóveis,08,Tesouro Municipal - Recursos Vinculados,1,Manutenção e Reformas de Bens Imóveis,1,Outros Serviços de Terceiros - Pessoa Jurídica,1385276.43,0.0,0.0,0.0,0.0,0.0,"[{'siglaUnidadeMedida': 'U', 'descricaoAnexo': 'PRESTAÇÃO DE SERVIÇOS DE CONSERVAÇÃO E MANUTENÇÃO DA MALHA VIÁRIA.\n\n', 'qtdeAnexo': 1, 'valorUnitarioAnexo': 1385276.43}]",,,,,,11
01,PREFEITURA DO MUNICÍPIO DE SÃO PAULO,46597,94095,2020,11,16/11/2020 00:00:00,6012201900079862,60862331000162,CONSTRUÇÕES ENGENHARIA E PAVIMENTAÇÃO ENPAVI LTDA,27791,2019,07,Fundo Municipal de Desenvolvimento Social,10,Fundo Municipal de Desenvolvimento Social,15,Urbanismo,452,Serviços Urbanos,3022,Requalificação e promoção da ocupação dos espaços públicos,1137,Pavimentação e Recapeamento de Vias - Programa de Metas 3.a,4,Despesas de Capital,4,Investimentos,90,Aplicações Diretas,39,Manutenção e Conservação de Bens Imóveis,08,Tesouro Municipal - Recursos Vinculados,1,Manutenção e Reformas de Bens Imóveis,1,Outros Serviços de Terceiros - Pessoa Jurídica,293751.17,0.0,0.0,0.0,0.0,0.0,"[{'siglaUnidadeMedida': 'UN', 'descricaoAnexo': 'PRESTAÇÃO DE SERVIÇOS DE CONSERVAÇÃO E MANUTENÇÃO DA MALHA VIÁRIA.\n\n', 'qtdeAnexo': 1, 'valorUnitarioAnexo': 293751.17}]",,,,,,11
01,PREFEITURA DO MUNICÍPIO DE SÃO PAULO,63238,97444,2020,11,26/11/2020 00:00:00,6020202000114930,02120261000170,SHOP SIGNS OBRAS E SERVICOS LTDA,24545,2020,07,Fundo Municipal de Desenvolvimento Social,10,Fundo Municipal de Desenvolvimento Social,15,Urbanismo,451,Infra-Estrutura Urbana,3009,Melhoria da mobilidade urbana universal,5417,Projetos de Mobilidade Urbana Oriundos de Recursos de Desestatizações ,4,Despesas de Capital,4,Investimentos,90,Aplicações Diretas,39,Manutenção e Conservação de Bens Imóveis,08,Tesouro Municipal - Recursos Vinculados,1,Manutenção e Reformas de Bens Imóveis,1,Outros Serviços de Terceiros - Pessoa Jurídica,3989999.26,0.0,798021.07,0.0,0.0,798021.07,"[{'siglaUnidadeMedida': 'UN', 'descricaoAnexo': 'Serviços de manutenção do Sistema Cicloviário da Cidade de São Paulo – LOTE 4', 'qtdeAnexo': 1, 'valorUnitarioAnexo': 3989999.26}]",,,,,,11
01,PREFEITURA DO MUNICÍPIO DE SÃO PAULO,63238,97447,2020,11,26/11/2020 00:00:00,6020202000114973,07667763000130,BELLACON CONSTRUTORA E INCORPORADORA LTDA,24548,2020,07,Fundo Municipal de Desenvolvimento Social,10,Fundo Municipal de Desenvolvimento Social,15,Urbanismo,451,Infra-Estrutura Urbana,3009,Melhoria da mobilidade urbana universal,5417,Projetos de Mobilidade Urbana Oriundos de Recursos de Desestatizações ,4,Despesas de Capital,4,Investimentos,90,Aplicações Diretas,39,Manutenção e Conservação de Bens Imóveis,08,Tesouro Municipal - Recursos Vinculados,1,Manutenção e Reformas de Bens Imóveis,1,Outros Serviços de Terceiros - Pessoa Jurídica,4683226.27,0.0,4683226.27,0.0,0.0,4683226.27,"[{'siglaUnidadeMedida': 'UN', 'descricaoAnexo': 'Serviços de manutenção do Sistema Cicloviário da Cidade de São Paulo – LOTE 5', 'qtdeAnexo': 1, 'valorUnitarioAnexo': 4683226.27}]",,,,,,11
01,PREFEITURA DO MUNICÍPIO DE SÃO PAULO,63238,97449,2020,11,26/11/2020 00:00:00,6020202000114957,02120261000170,SHOP SIGNS OBRAS E SERVICOS LTDA,24550,2020,07,Fundo Municipal de Desenvolvimento Social,10,Fundo Municipal de Desenvolvimento Social,15,Urbanismo,451,Infra-Estrutura Urbana,3009,Melhoria da mobilidade urbana universal,5417,Projetos de Mobilidade Urbana Oriundos de Recursos de Desestatizações ,4,Despesas de Capital,4,Investimentos,90,Aplicações Diretas,39,Manutenção e Conservação de Bens Imóveis,08,Tesouro Municipal - Recursos Vinculados,1,Manutenção e Reformas de Bens Imóveis,1,Outros Serviços de Terceiros - Pessoa Jurídica,3657492.53,0.0,1813046.46,0.0,0.0,1813046.46,"[{'siglaUnidadeMedida': 'UN', 'descricaoAnexo': 'Serviços de manutenção do Sistema Cicloviário da Cidade de São Paulo – LOTE 2', 'qtdeAnexo': 1, 'valorUnitarioAnexo': 3657492.53}]",,,,,,11
01,PREFEITURA DO MUNICÍPIO DE SÃO PAULO,36933,57281,2020,7,08/07/2020 00:00:00,6012202000098257,57085201000156,J L ENGENHARIA E CONSTRUCAO LTDA,11086,2020,07,Fundo Municipal de Desenvolvimento Social,10,Fundo Municipal de Desenvolvimento Social,15,Urbanismo,452,Serviços Urbanos,3006,Direitos da pessoa com deficiência,1169,Reforma e Acessibilidade em Passeios Públicos - Programa de Metas 2.c,4,Despesas de Capital,4,Investimentos,90,Aplicações Diretas,39,Manutenção e Conservação de Bens Imóveis,08,Tesouro Municipal - Recursos Vinculados,1,Manutenção e Reformas de Bens Imóveis,1,Outros Serviços de Terceiros - Pessoa Jurídica,4338411.88,0.0,2389361.48,2367901.65,2367901.65,21459.83,"[{'siglaUnidadeMedida': 'UN', 'descricaoAnexo': 'Ata de Registros de Preços  nº 47/SMSUB/COGEL/2019 – LOTE X, objetivando a prestação de serviços para a readequação e manutenção dos passeios públicos – “calçadas”', 'qtdeAnexo': 1, 'valorUnitarioAnexo': 4338411.88}]",,,,,,12
01,PREFEITURA DO MUNICÍPIO DE SÃO PAULO,36933,57294,2020,7,08/07/2020 00:00:00,6012202000054934,07879965000145,CONSTRUTORA LETTIERI CORDARO LTDA,11088,2020,07,Fundo Municipal de Desenvolvimento Social,10,Fundo Municipal de Desenvolvimento Social,15,Urbanismo,452,Serviços Urbanos,3006,Direitos da pessoa com deficiência,1169,Reforma e Acessibilidade em Passeios Públicos - Programa de Metas 2.c,4,Despesas de Capital,4,Investimentos,90,Aplicações Diretas,39,Manutenção e Conservação de Bens Imóveis,08,Tesouro Municipal - Recursos Vinculados,1,Manutenção e Reformas de Bens Imóveis,1,Outros Serviços de Terceiros - Pessoa Jurídica,5164430.11,0.0,1643986.69,1489844.71,1489844.71,154141.98,"[{'siglaUnidadeMedida': 'UN', 'descricaoAnexo': 'Prestação de serviços para a readequação e manutenção dos passeios públicos - calçadas, ', 'qtdeAnexo': 1, 'valorUnitarioAnexo': 5164430.11}]",,,,,,12
01,PREFEITURA DO MUNICÍPIO DE SÃO PAULO,36933,57300,2020,7,08/07/2020 00:00:00,6012202000054926,07879965000145,CONSTRUTORA LETTIERI CORDARO LTDA,11091,2020,07,Fundo Municipal de Desenvolvimento Social,10,Fundo Municipal de Desenvolvimento Social,15,Urbanismo,452,Serviços Urbanos,3006,Direitos da pessoa com deficiência,1169,Reforma e Acessibilidade em Passeios Públicos - Programa de Metas 2.c,4,Despesas de Capital,4,Investimentos,90,Aplicações Diretas,39,Manutenção e Conservação de Bens Imóveis,08,Tesouro Municipal - Recursos Vinculados,1,Manutenção e Reformas de Bens Imóveis,1,Outros Serviços de Terceiros - Pessoa Jurídica,843197.9,0.0,451959.2,449647.11,449647.11,2312.09,"[{'siglaUnidadeMedida': 'UN', 'descricaoAnexo': 'Ata de Registros de Preços  nº 53/SMSUB/COGEL/2019 – LOTE XVI, objetivando a prestação de serviços para a readequação e manutenção dos passeios públicos – “calçadas”', 'qtdeAnexo': 1, 'valorUnitarioAnexo': 843197.9}]",,,,,,12
01,PREFEITURA DO MUNICÍPIO DE SÃO PAULO,36933,57485,2020,7,09/07/2020 00:00:00,6012202000000494,03101876000112,DB CONSTRUCOES LTDA,11195,2020,07,Fundo Municipal de Desenvolvimento Social,10,Fundo Municipal de Desenvolvimento Social,15,Urbanismo,452,Serviços Urbanos,3006,Direitos da pessoa com deficiência,1169,Reforma e Acessibilidade em Passeios Públicos - Programa de Metas 2.c,4,Despesas de Capital,4,Investimentos,90,Aplicações Diretas,39,Manutenção e Conservação de Bens Imóveis,08,Tesouro Municipal - Recursos Vinculados,1,Manutenção e Reformas de Bens Imóveis,1,Outros Serviços de Terceiros - Pessoa Jurídica,5845546.29,0.0,2413961.11,2152537.54,2152537.54,261423.57,"[{'siglaUnidadeMedida': 'UN ', 'descricaoAnexo': ' Ata de Registros de Preços  nº 41/SMSUB/COGEL/2019 – LOTE IV, objetivando a prestação de serviços para a readequação e manutenção dos passeios públicos – “calçadas”.', 'qtdeAnexo': 1, 'valorUnitarioAnexo': 5845546.29}]",,,,,,12
01,PREFEITURA DO MUNICÍPIO DE SÃO PAULO,36933,57546,2020,7,09/07/2020 00:00:00,6012202000182096,03101876000112,DB CONSTRUCOES LTDA,11199,2020,07,Fundo Municipal de Desenvolvimento Social,10,Fundo Municipal de Desenvolvimento Social,15,Urbanismo,452,Serviços Urbanos,3006,Direitos da pessoa com deficiência,1169,Reforma e Acessibilidade em Passeios Públicos - Programa de Metas 2.c,4,Despesas de Capital,4,Investimentos,90,Aplicações Diretas,39,Manutenção e Conservação de Bens Imóveis,08,Tesouro Municipal - Recursos Vinculados,1,Manutenção e Reformas de Bens Imóveis,1,Outros Serviços de Terceiros - Pessoa Jurídica,1910772.1,0.0,1363731.42,1198383.64,1198383.64,165347.78,"[{'siglaUnidadeMedida': 'UN', 'descricaoAnexo': 'Ata de Registros de Preços  nº 55/SMSUB/COGEL/2019 – LOTE XIX, objetivando a prestação de serviços para a readequação e manutenção dos passeios públicos – “calçadas”', 'qtdeAnexo': 1, 'valorUnitarioAnexo': 1910772.1}]",,,,,,12
01,PREFEITURA DO MUNICÍPIO DE SÃO PAULO,36933,57548,2020,7,09/07/2020 00:00:00,6012202000153061,03643992000163,BB ENGENHARIA E CONSTRUCOES S A,11200,2020,07,Fundo Municipal de Desenvolvimento Social,10,Fundo Municipal de Desenvolvimento Social,15,Urbanismo,452,Serviços Urbanos,3006,Direitos da pessoa com deficiência,1169,Reforma e Acessibilidade em Passeios Públicos - Programa de Metas 2.c,4,Despesas de Capital,4,Investimentos,90,Aplicações Diretas,39,Manutenção e Conservação de Bens Imóveis,08,Tesouro Municipal - Recursos Vinculados,1,Manutenção e Reformas de Bens Imóveis,1,Outros Serviços de Terceiros - Pessoa Jurídica,1284773.04,1284773.04,0.0,0.0,0.0,0.0,"[{'siglaUnidadeMedida': 'UN', 'descricaoAnexo': 'Ata de Registros de Preços  nº 48/SMSUB/COGEL/2019 – LOTE XI, objetivando a prestação de serviços para a readequação e manutenção dos passeios públicos – “calçadas”', 'qtdeAnexo': 1, 'valorUnitarioAnexo': 1284773.04}]",,,,,,12
01,PREFEITURA DO MUNICÍPIO DE SÃO PAULO,36933,57552,2020,7,09/07/2020 00:00:00,6012202000153029,03101876000112,DB CONSTRUCOES LTDA,11202,2020,07,Fundo Municipal de Desenvolvimento Social,10,Fundo Municipal de Desenvolvimento Social,15,Urbanismo,452,Serviços Urbanos,3006,Direitos da pessoa com deficiência,1169,Reforma e Acessibilidade em Passeios Públicos - Programa de Metas 2.c,4,Despesas de Capital,4,Investimentos,90,Aplicações Diretas,39,Manutenção e Conservação de Bens Imóveis,08,Tesouro Municipal - Recursos Vinculados,1,Manutenção e Reformas de Bens Imóveis,1,Outros Serviços de Terceiros - Pessoa Jurídica,4478774.08,4478774.08,0.0,0.0,0.0,0.0,"[{'siglaUnidadeMedida': 'UN', 'descricaoAnexo': 'Ata de Registros de Preços  nº 52/SMSUB/COGEL/2019 – LOTE XV, objetivando a prestação de serviços para a readequação e manutenção dos passeios públicos – “calçadas”', 'qtdeAnexo': 1, 'valorUnitarioAnexo': 4478774.08}]",,,,,,12
01,PREFEITURA DO MUNICÍPIO DE SÃO PAULO,36933,57554,2020,7,09/07/2020 00:00:00,6012202000152987,03101876000112,DB CONSTRUCOES LTDA,11204,2020,07,Fundo Municipal de Desenvolvimento Social,10,Fundo Municipal de Desenvolvimento Social,15,Urbanismo,452,Serviços Urbanos,3006,Direitos da pessoa com deficiência,1169,Reforma e Acessibilidade em Passeios Públicos - Programa de Metas 2.c,4,Despesas de Capital,4,Investimentos,90,Aplicações Diretas,39,Manutenção e Conservação de Bens Imóveis,08,Tesouro Municipal - Recursos Vinculados,1,Manutenção e Reformas de Bens Imóveis,1,Outros Serviços de Terceiros - Pessoa Jurídica,2115362.31,0.0,1646023.47,1410850.2,1410850.2,235173.27,"[{'siglaUnidadeMedida': 'UN', 'descricaoAnexo': 'Ata de Registros de Preços  nº 55/SMSUB/COGEL/2019 – LOTE XIX, objetivando a prestação de serviços para a readequação e manutenção dos passeios públicos – “calçadas”', 'qtdeAnexo': 1, 'valorUnitarioAnexo': 2115362.31}]",,,,,,12
01,PREFEITURA DO MUNICÍPIO DE SÃO PAULO,36933,59529,2020,7,13/07/2020 00:00:00,6012202000182070,03101876000112,DB CONSTRUCOES LTDA,11503,2020,07,Fundo Municipal de Desenvolvimento Social,10,Fundo Municipal de Desenvolvimento Social,15,Urbanismo,452,Serviços Urbanos,3006,Direitos da pessoa com deficiência,1169,Reforma e Acessibilidade em Passeios Públicos - Programa de Metas 2.c,4,Despesas de Capital,4,Investimentos,90,Aplicações Diretas,39,Manutenção e Conservação de Bens Imóveis,08,Tesouro Municipal - Recursos Vinculados,1,Manutenção e Reformas de Bens Imóveis,1,Outros Serviços de Terceiros - Pessoa Jurídica,2054992.45,0.0,911331.77,869876.48,869876.48,41455.29,"[{'siglaUnidadeMedida': 'UN', 'descricaoAnexo': ' Ata de Registros de Preços  nº 41/SMSUB/COGEL/2019 – LOTE IV, objetivando a prestação de serviços para a readequação e manutenção dos passeios públicos – “calçadas”,', 'qtdeAnexo': 1, 'valorUnitarioAnexo': 2054992.45}]",,,,,,12
01,PREFEITURA DO MUNICÍPIO DE SÃO PAULO,36933,61416,2020,7,22/07/2020 00:00:00,6012202000193551,03643992000163,BB ENGENHARIA E CONSTRUCOES S A,12832,2020,07,Fundo Municipal de Desenvolvimento Social,10,Fundo Municipal de Desenvolvimento Social,15,Urbanismo,452,Serviços Urbanos,3006,Direitos da pessoa com deficiência,1169,Reforma e Acessibilidade em Passeios Públicos - Programa de Metas 2.c,4,Despesas de Capital,4,Investimentos,90,Aplicações Diretas,39,Manutenção e Conservação de Bens Imóveis,08,Tesouro Municipal - Recursos Vinculados,1,Manutenção e Reformas de Bens Imóveis,1,Outros Serviços de Terceiros - Pessoa Jurídica,621488.97,0.0,542509.85,295509.12,295509.12,247000.73,"[{'siglaUnidadeMedida': 'UN', 'descricaoAnexo': ' Ata de Registros de Preços  nº 48/SMSUB/COGEL/2019 – LOTE XI, objetivando a prestação de serviços para a readequação e manutenção dos passeios públicos.', 'qtdeAnexo': 1, 'valorUnitarioAnexo': 621488.97}]",,,,,,12
01,PREFEITURA DO MUNICÍPIO DE SÃO PAULO,36933,61425,2020,7,22/07/2020 00:00:00,6012202000193527,01454603000126,JRA  EMPREENDIMENTOS E ENGENHARIA LTDA,12839,2020,07,Fundo Municipal de Desenvolvimento Social,10,Fundo Municipal de Desenvolvimento Social,15,Urbanismo,452,Serviços Urbanos,3006,Direitos da pessoa com deficiência,1169,Reforma e Acessibilidade em Passeios Públicos - Programa de Metas 2.c,4,Despesas de Capital,4,Investimentos,90,Aplicações Diretas,39,Manutenção e Conservação de Bens Imóveis,08,Tesouro Municipal - Recursos Vinculados,1,Manutenção e Reformas de Bens Imóveis,1,Outros Serviços de Terceiros - Pessoa Jurídica,4797604.37,0.0,2921114.96,2835001.33,2835001.33,86113.63,"[{'siglaUnidadeMedida': 'UN', 'descricaoAnexo': ' Ata de Registros de Preços  nº 48/SMSUB/COGEL/2019 – LOTE XI, objetivando a prestação de serviços para a readequação e manutenção dos passeios públicos.', 'qtdeAnexo': 1, 'valorUnitarioAnexo': 4797604.37}]",,,,,,12
01,PREFEITURA DO MUNICÍPIO DE SÃO PAULO,36933,63644,2020,7,29/07/2020 00:00:00,6012202000193543,56838949000110,CONSTRUTORA PROGREDIOR LTDA,14069,2020,07,Fundo Municipal de Desenvolvimento Social,10,Fundo Municipal de Desenvolvimento Social,15,Urbanismo,452,Serviços Urbanos,3006,Direitos da pessoa com deficiência,1169,Reforma e Acessibilidade em Passeios Públicos - Programa de Metas 2.c,4,Despesas de Capital,4,Investimentos,90,Aplicações Diretas,39,Manutenção e Conservação de Bens Imóveis,08,Tesouro Municipal - Recursos Vinculados,1,Manutenção e Reformas de Bens Imóveis,1,Outros Serviços de Terceiros - Pessoa Jurídica,1499666.63,0.0,1282477.72,1282477.72,1282477.72,0.0,"[{'siglaUnidadeMedida': 'UN', 'descricaoAnexo': 'PRESTAÇÃO DE SERVIÇOS PARA A READEQUAÇÃO E MANUTENÇÃO DOS PASSEIOS PÚBLICOS – “CALÇADAS”.\n \n', 'qtdeAnexo': 1, 'valorUnitarioAnexo': 1499666.63}]",,,,,,12
01,PREFEITURA DO MUNICÍPIO DE SÃO PAULO,36933,64227,2020,7,30/07/2020 00:00:00,6012202000193535,53640280000169,ENGENHARIA E COMERCIO RIGEL LTDA,14192,2020,07,Fundo Municipal de Desenvolvimento Social,10,Fundo Municipal de Desenvolvimento Social,15,Urbanismo,452,Serviços Urbanos,3006,Direitos da pessoa com deficiência,1169,Reforma e Acessibilidade em Passeios Públicos - Programa de Metas 2.c,4,Despesas de Capital,4,Investimentos,90,Aplicações Diretas,39,Manutenção e Conservação de Bens Imóveis,08,Tesouro Municipal - Recursos Vinculados,1,Manutenção e Reformas de Bens Imóveis,1,Outros Serviços de Terceiros - Pessoa Jurídica,2522717.85,0.0,759927.79,0.0,0.0,759927.79,"[{'siglaUnidadeMedida': 'UN', 'descricaoAnexo': ' Prestação de serviços para a readequação e manutenção dos passeios públicos – “calçadas', 'qtdeAnexo': 1, 'valorUnitarioAnexo': 2522717.85}]",,,,,,12
01,PREFEITURA DO MUNICÍPIO DE SÃO PAULO,47747,72683,2020,9,01/09/2020 00:00:00,6020201900118756,47902648000117,COMPANHIA DE ENGENHARIA DE TRAFEGO - CET,1706,2020,07,Fundo Municipal de Desenvolvimento Social,10,Fundo Municipal de Desenvolvimento Social,26,Transporte,785,Transportes Especiais,3009,Melhoria da mobilidade urbana universal,1097,"Construção de Ciclovias, Ciclofaixas e Ciclorrotas - Programa de Metas",4,Despesas de Capital,4,Investimentos,90,Aplicações Diretas,39,Outros Serviços de Terceiros - Pessoa Jurídica,08,Tesouro Municipal - Recursos Vinculados,1,CET,9,Outros Serviços de Terceiros - Pessoa Jurídica,36595179.9,0.0,11723669.9,11723669.9,8515525.7,3208144.2,"[{'siglaUnidadeMedida': 'SER', 'descricaoAnexo': ' 3º Termo de Aditamento ao Contrato nº 01/2020-SMT', 'qtdeAnexo': 1, 'valorUnitarioAnexo': 36595179.9}]",,,,,,12
01,PREFEITURA DO MUNICÍPIO DE SÃO PAULO,47748,72684,2020,9,01/09/2020 00:00:00,6020201900118756,47902648000117,COMPANHIA DE ENGENHARIA DE TRAFEGO - CET,1706,2020,07,Fundo Municipal de Desenvolvimento Social,10,Fundo Municipal de Desenvolvimento Social,15,Urbanismo,451,Infra-Estrutura Urbana,3009,Melhoria da mobilidade urbana universal,5417,Projetos de Mobilidade Urbana Oriundos de Recursos de Desestatizações ,4,Despesas de Capital,4,Investimentos,90,Aplicações Diretas,39,Outros Serviços de Terceiros - Pessoa Jurídica,08,Tesouro Municipal - Recursos Vinculados,1,CET,9,Outros Serviços de Terceiros - Pessoa Jurídica,23777457.64,0.0,3927816.54,3927816.54,2651153.22,1276663.32,"[{'siglaUnidadeMedida': 'SER', 'descricaoAnexo': ' 3º Termo de Aditamento ao Contrato nº 01/2020-SMT', 'qtdeAnexo': 1, 'valorUnitarioAnexo': 23777457.64}]",,,,,,12
01,PREFEITURA DO MUNICÍPIO DE SÃO PAULO,47749,72686,2020,9,01/09/2020 00:00:00,6020201900118756,47902648000117,COMPANHIA DE ENGENHARIA DE TRAFEGO - CET,1706,2020,07,Fundo Municipal de Desenvolvimento Social,10,Fundo Municipal de Desenvolvimento Social,15,Urbanismo,452,Serviços Urbanos,3022,Requalificação e promoção da ocupação dos espaços públicos,1137,Pavimentação e Recapeamento de Vias - Programa de Metas 3.a,4,Despesas de Capital,4,Investimentos,90,Aplicações Diretas,39,Outros Serviços de Terceiros - Pessoa Jurídica,08,Tesouro Municipal - Recursos Vinculados,1,CET,9,Outros Serviços de Terceiros - Pessoa Jurídica,11135947.99,0.0,3520939.15,3520939.15,3201717.67,319221.48,"[{'siglaUnidadeMedida': 'SER', 'descricaoAnexo': ' 3º Termo de Aditamento ao Contrato nº 01/2020-SMT', 'qtdeAnexo': 1, 'valorUnitarioAnexo': 11135947.99}]",,,,,,12
01,PREFEITURA DO MUNICÍPIO DE SÃO PAULO,48606,72982,2020,9,01/09/2020 00:00:00,7610202000017749,33113646000134,HABITA LOTE 12 SA,16630,2020,07,Fundo Municipal de Desenvolvimento Social,10,Fundo Municipal de Desenvolvimento Social,26,Transporte,785,Transportes Especiais,3009,Melhoria da mobilidade urbana universal,1097,"Construção de Ciclovias, Ciclofaixas e Ciclorrotas - Programa de Metas",4,Despesas de Capital,4,Investimentos,90,Aplicações Diretas,51,Obras em Andamento - Uso Comum do Povo,08,Tesouro Municipal - Recursos Vinculados,1,Pavimentação de Ruas e Avenidas ,8,Obras e Instalações,8143128.78,0.0,3261832.06,0.0,0.0,3261832.06,"[{'siglaUnidadeMedida': 'MED', 'descricaoAnexo': 'Implantação de 10,42km de ciclovias e ciclofaixas na região do Lote 1 da PPP Habitacional', 'qtdeAnexo': 1, 'valorUnitarioAnexo': 8143128.78}]",,,,,,12
01,PREFEITURA DO MUNICÍPIO DE SÃO PAULO,48606,72984,2020,9,01/09/2020 00:00:00,7610202000017757,33113646000134,HABITA LOTE 12 SA,16633,2020,07,Fundo Municipal de Desenvolvimento Social,10,Fundo Municipal de Desenvolvimento Social,26,Transporte,785,Transportes Especiais,3009,Melhoria da mobilidade urbana universal,1097,"Construção de Ciclovias, Ciclofaixas e Ciclorrotas - Programa de Metas",4,Despesas de Capital,4,Investimentos,90,Aplicações Diretas,51,Obras em Andamento - Uso Comum do Povo,08,Tesouro Municipal - Recursos Vinculados,1,Pavimentação de Ruas e Avenidas ,8,Obras e Instalações,5140453.38,0.0,1526713.97,0.0,0.0,1526713.97,"[{'siglaUnidadeMedida': 'MED', 'descricaoAnexo': 'Implantação de 6,84 km de ciclovias e ciclofaixas na região do Lote 12 da PPP Habitacional', 'qtdeAnexo': 1, 'valorUnitarioAnexo': 5140453.38}]",,,,,,12
01,PREFEITURA DO MUNICÍPIO DE SÃO PAULO,47669,73090,2020,9,02/09/2020 00:00:00,6020201700017751,60498417000158,SAO PAULO TRANSPORTE SA,26735,2017,07,Fundo Municipal de Desenvolvimento Social,10,Fundo Municipal de Desenvolvimento Social,15,Urbanismo,451,Infra-Estrutura Urbana,3009,Melhoria da mobilidade urbana universal,5417,Projetos de Mobilidade Urbana Oriundos de Recursos de Desestatizações ,4,Despesas de Capital,4,Investimentos,90,Aplicações Diretas,51,Obras em Andamento - Uso Comum do Povo,08,Tesouro Municipal - Recursos Vinculados,1,Sistemas Viários ,8,Obras e Instalações,15385181.0,0.0,15385181.0,14322495.75,14322495.75,1062685.25,"[{'siglaUnidadeMedida': 'SER', 'descricaoAnexo': 'Termo de Apostilamento - Convênio nº 01/2017 - SMT/SPTRANS', 'qtdeAnexo': 1, 'valorUnitarioAnexo': 15385181.0}]",,,,,,12
01,PREFEITURA DO MUNICÍPIO DE SÃO PAULO,46597,74163,2020,9,04/09/2020 00:00:00,6012201900023336,60862331000162,CONSTRUÇÕES ENGENHARIA E PAVIMENTAÇÃO ENPAVI LTDA,23277,2019,07,Fundo Municipal de Desenvolvimento Social,10,Fundo Municipal de Desenvolvimento Social,15,Urbanismo,452,Serviços Urbanos,3022,Requalificação e promoção da ocupação dos espaços públicos,1137,Pavimentação e Recapeamento de Vias - Programa de Metas 3.a,4,Despesas de Capital,4,Investimentos,90,Aplicações Diretas,39,Manutenção e Conservação de Bens Imóveis,08,Tesouro Municipal - Recursos Vinculados,1,Manutenção e Reformas de Bens Imóveis,1,Outros Serviços de Terceiros - Pessoa Jurídica,56864.84,0.0,56864.84,56864.84,56864.84,0.0,"[{'siglaUnidadeMedida': 'UN', 'descricaoAnexo': 'PRESTAÇÃO DE SERVIÇOS DE CONSERVAÇÃO E MANUTENÇÃO DA MALHA VIÁRIA.\n\n', 'qtdeAnexo': 1, 'valorUnitarioAnexo': 56864.84}]",,,,,,12
01,PREFEITURA DO MUNICÍPIO DE SÃO PAULO,46597,74171,2020,9,04/09/2020 00:00:00,6012201900055513,60862331000162,CONSTRUÇÕES ENGENHARIA E PAVIMENTAÇÃO ENPAVI LTDA,21738,2019,07,Fundo Municipal de Desenvolvimento Social,10,Fundo Municipal de Desenvolvimento Social,15,Urbanismo,452,Serviços Urbanos,3022,Requalificação e promoção da ocupação dos espaços públicos,1137,Pavimentação e Recapeamento de Vias - Programa de Metas 3.a,4,Despesas de Capital,4,Investimentos,90,Aplicações Diretas,39,Manutenção e Conservação de Bens Imóveis,08,Tesouro Municipal - Recursos Vinculados,1,Manutenção e Reformas de Bens Imóveis,1,Outros Serviços de Terceiros - Pessoa Jurídica,219314.79,0.0,219314.79,219314.79,219314.79,0.0,"[{'siglaUnidadeMedida': 'UN', 'descricaoAnexo': 'PRESTAÇÃO DE SERVIÇOS DE CONSERVAÇÃO E MANUTENÇÃO DA MALHA VIÁRIA.\n\n', 'qtdeAnexo': 1, 'valorUnitarioAnexo': 219314.79}]",,,,,,12
01,PREFEITURA DO MUNICÍPIO DE SÃO PAULO,46597,74177,2020,9,04/09/2020 00:00:00,6012201900055483,01065014000156,FREMIX PAVIMENTACAO E CONSTRUCOES LTDA ,21732,2019,07,Fundo Municipal de Desenvolvimento Social,10,Fundo Municipal de Desenvolvimento Social,15,Urbanismo,452,Serviços Urbanos,3022,Requalificação e promoção da ocupação dos espaços públicos,1137,Pavimentação e Recapeamento de Vias - Programa de Metas 3.a,4,Despesas de Capital,4,Investimentos,90,Aplicações Diretas,39,Manutenção e Conservação de Bens Imóveis,08,Tesouro Municipal - Recursos Vinculados,1,Manutenção e Reformas de Bens Imóveis,1,Outros Serviços de Terceiros - Pessoa Jurídica,81307.95,0.0,81307.95,81307.95,81307.95,0.0,"[{'siglaUnidadeMedida': 'UN', 'descricaoAnexo': 'PRESTAÇÃO DE SERVIÇOS DE CONSERVAÇÃO E MANUTENÇÃO DA MALHA VIÁRIA.\n\n', 'qtdeAnexo': 1, 'valorUnitarioAnexo': 81307.95}]",,,,,,12
01,PREFEITURA DO MUNICÍPIO DE SÃO PAULO,46597,74181,2020,9,04/09/2020 00:00:00,6012201900055521,47218979000132,ARVEK TECNICA E CONSTRUCOES LTDA,21231,2019,07,Fundo Municipal de Desenvolvimento Social,10,Fundo Municipal de Desenvolvimento Social,15,Urbanismo,452,Serviços Urbanos,3022,Requalificação e promoção da ocupação dos espaços públicos,1137,Pavimentação e Recapeamento de Vias - Programa de Metas 3.a,4,Despesas de Capital,4,Investimentos,90,Aplicações Diretas,39,Manutenção e Conservação de Bens Imóveis,08,Tesouro Municipal - Recursos Vinculados,1,Manutenção e Reformas de Bens Imóveis,1,Outros Serviços de Terceiros - Pessoa Jurídica,113889.44,0.0,113889.44,113889.44,113889.44,0.0,"[{'siglaUnidadeMedida': 'UN', 'descricaoAnexo': 'PRESTAÇÃO DE SERVIÇOS DE CONSERVAÇÃO E MANUTENÇÃO DA MALHA VIÁRIA.\n\n', 'qtdeAnexo': 1, 'valorUnitarioAnexo': 113889.44}]",,,,,,12
01,PREFEITURA DO MUNICÍPIO DE SÃO PAULO,46597,74187,2020,9,04/09/2020 00:00:00,6012201900055564,43677822000114,SOEBE CONSTRUÇÃO E PAVIMENTAÇÃO SA,21712,2019,07,Fundo Municipal de Desenvolvimento Social,10,Fundo Municipal de Desenvolvimento Social,15,Urbanismo,452,Serviços Urbanos,3022,Requalificação e promoção da ocupação dos espaços públicos,1137,Pavimentação e Recapeamento de Vias - Programa de Metas 3.a,4,Despesas de Capital,4,Investimentos,90,Aplicações Diretas,39,Manutenção e Conservação de Bens Imóveis,08,Tesouro Municipal - Recursos Vinculados,1,Manutenção e Reformas de Bens Imóveis,1,Outros Serviços de Terceiros - Pessoa Jurídica,1163.79,0.0,1163.79,1163.79,1163.79,0.0,"[{'siglaUnidadeMedida': 'UN', 'descricaoAnexo': 'PRESTAÇÃO DE SERVIÇOS DE CONSERVAÇÃO E MANUTENÇÃO DA MALHA VIÁRIA.\n\n', 'qtdeAnexo': 1, 'valorUnitarioAnexo': 1163.79}]",,,,,,12
01,PREFEITURA DO MUNICÍPIO DE SÃO PAULO,46597,74197,2020,9,04/09/2020 00:00:00,6012201900055530,01065014000156,FREMIX PAVIMENTACAO E CONSTRUCOES LTDA ,21713,2019,07,Fundo Municipal de Desenvolvimento Social,10,Fundo Municipal de Desenvolvimento Social,15,Urbanismo,452,Serviços Urbanos,3022,Requalificação e promoção da ocupação dos espaços públicos,1137,Pavimentação e Recapeamento de Vias - Programa de Metas 3.a,4,Despesas de Capital,4,Investimentos,90,Aplicações Diretas,39,Manutenção e Conservação de Bens Imóveis,08,Tesouro Municipal - Recursos Vinculados,1,Manutenção e Reformas de Bens Imóveis,1,Outros Serviços de Terceiros - Pessoa Jurídica,119720.67,0.0,119720.67,119720.67,119720.67,0.0,"[{'siglaUnidadeMedida': 'UN', 'descricaoAnexo': 'PRESTAÇÃO DE SERVIÇOS DE CONSERVAÇÃO E MANUTENÇÃO DA MALHA VIÁRIA.\n\n', 'qtdeAnexo': 1, 'valorUnitarioAnexo': 119720.67}]",,,,,,12
01,PREFEITURA DO MUNICÍPIO DE SÃO PAULO,46597,74201,2020,9,04/09/2020 00:00:00,6012201900079803,09052229000144,SOUZA COMPEC ENGENHARIA E CONSTRUÇÕES LTDA,26971,2019,07,Fundo Municipal de Desenvolvimento Social,10,Fundo Municipal de Desenvolvimento Social,15,Urbanismo,452,Serviços Urbanos,3022,Requalificação e promoção da ocupação dos espaços públicos,1137,Pavimentação e Recapeamento de Vias - Programa de Metas 3.a,4,Despesas de Capital,4,Investimentos,90,Aplicações Diretas,39,Manutenção e Conservação de Bens Imóveis,08,Tesouro Municipal - Recursos Vinculados,1,Manutenção e Reformas de Bens Imóveis,1,Outros Serviços de Terceiros - Pessoa Jurídica,151727.93,0.0,151727.93,151727.93,151727.93,0.0,"[{'siglaUnidadeMedida': 'UN', 'descricaoAnexo': 'PRESTAÇÃO DE SERVIÇOS DE CONSERVAÇÃO E MANUTENÇÃO DA MALHA VIÁRIA.\n\n', 'qtdeAnexo': 1, 'valorUnitarioAnexo': 151727.93}]",,,,,,12
01,PREFEITURA DO MUNICÍPIO DE SÃO PAULO,46597,74205,2020,9,04/09/2020 00:00:00,6012201900079900,43677822000114,SOEBE CONSTRUÇÃO E PAVIMENTAÇÃO SA,27189,2019,07,Fundo Municipal de Desenvolvimento Social,10,Fundo Municipal de Desenvolvimento Social,15,Urbanismo,452,Serviços Urbanos,3022,Requalificação e promoção da ocupação dos espaços públicos,1137,Pavimentação e Recapeamento de Vias - Programa de Metas 3.a,4,Despesas de Capital,4,Investimentos,90,Aplicações Diretas,39,Manutenção e Conservação de Bens Imóveis,08,Tesouro Municipal - Recursos Vinculados,1,Manutenção e Reformas de Bens Imóveis,1,Outros Serviços de Terceiros - Pessoa Jurídica,86815.68,0.0,86815.68,86815.68,86815.68,0.0,"[{'siglaUnidadeMedida': 'UN', 'descricaoAnexo': 'PRESTAÇÃO DE SERVIÇOS DE CONSERVAÇÃO E MANUTENÇÃO DA MALHA VIÁRIA.\n\n', 'qtdeAnexo': 1, 'valorUnitarioAnexo': 86815.68}]",,,,,,12
01,PREFEITURA DO MUNICÍPIO DE SÃO PAULO,46597,74215,2020,9,04/09/2020 00:00:00,6012201900079897,43677822000114,SOEBE CONSTRUÇÃO E PAVIMENTAÇÃO SA,26780,2019,07,Fundo Municipal de Desenvolvimento Social,10,Fundo Municipal de Desenvolvimento Social,15,Urbanismo,452,Serviços Urbanos,3022,Requalificação e promoção da ocupação dos espaços públicos,1137,Pavimentação e Recapeamento de Vias - Programa de Metas 3.a,4,Despesas de Capital,4,Investimentos,90,Aplicações Diretas,39,Manutenção e Conservação de Bens Imóveis,08,Tesouro Municipal - Recursos Vinculados,1,Manutenção e Reformas de Bens Imóveis,1,Outros Serviços de Terceiros - Pessoa Jurídica,543217.91,0.0,543217.91,543217.91,543217.91,0.0,"[{'siglaUnidadeMedida': 'UN', 'descricaoAnexo': 'PRESTAÇÃO DE SERVIÇOS DE CONSERVAÇÃO E MANUTENÇÃO DA MALHA VIÁRIA.\n\n', 'qtdeAnexo': 1, 'valorUnitarioAnexo': 543217.91}]",,,,,,12
01,PREFEITURA DO MUNICÍPIO DE SÃO PAULO,46597,74220,2020,9,04/09/2020 00:00:00,6012201900079650,43677822000114,SOEBE CONSTRUÇÃO E PAVIMENTAÇÃO SA,26785,2019,07,Fundo Municipal de Desenvolvimento Social,10,Fundo Municipal de Desenvolvimento Social,15,Urbanismo,452,Serviços Urbanos,3022,Requalificação e promoção da ocupação dos espaços públicos,1137,Pavimentação e Recapeamento de Vias - Programa de Metas 3.a,4,Despesas de Capital,4,Investimentos,90,Aplicações Diretas,39,Manutenção e Conservação de Bens Imóveis,08,Tesouro Municipal - Recursos Vinculados,1,Manutenção e Reformas de Bens Imóveis,1,Outros Serviços de Terceiros - Pessoa Jurídica,489683.03,0.0,489683.03,489683.03,489683.03,0.0,"[{'siglaUnidadeMedida': 'UN', 'descricaoAnexo': 'PRESTAÇÃO DE SERVIÇOS DE CONSERVAÇÃO E MANUTENÇÃO DA MALHA VIÁRIA.\n\n', 'qtdeAnexo': 1, 'valorUnitarioAnexo': 489683.03}]",,,,,,12
01,PREFEITURA DO MUNICÍPIO DE SÃO PAULO,46597,74233,2020,9,04/09/2020 00:00:00,6012201900079579,62162847000120,JOFEGE PAVIMENTACAO E CONSTRUCAO LTDA,26814,2019,07,Fundo Municipal de Desenvolvimento Social,10,Fundo Municipal de Desenvolvimento Social,15,Urbanismo,452,Serviços Urbanos,3022,Requalificação e promoção da ocupação dos espaços públicos,1137,Pavimentação e Recapeamento de Vias - Programa de Metas 3.a,4,Despesas de Capital,4,Investimentos,90,Aplicações Diretas,39,Manutenção e Conservação de Bens Imóveis,08,Tesouro Municipal - Recursos Vinculados,1,Manutenção e Reformas de Bens Imóveis,1,Outros Serviços de Terceiros - Pessoa Jurídica,39644.2,0.0,39644.2,39644.2,39644.2,0.0,"[{'siglaUnidadeMedida': 'UN', 'descricaoAnexo': 'PRESTAÇÃO DE SERVIÇOS DE CONSERVAÇÃO E MANUTENÇÃO DA MALHA VIÁRIA.\n\n', 'qtdeAnexo': 1, 'valorUnitarioAnexo': 39644.2}]",,,,,,12
01,PREFEITURA DO MUNICÍPIO DE SÃO PAULO,46597,74241,2020,9,04/09/2020 00:00:00,6012201900079463,62162847000120,JOFEGE PAVIMENTACAO E CONSTRUCAO LTDA,26807,2019,07,Fundo Municipal de Desenvolvimento Social,10,Fundo Municipal de Desenvolvimento Social,15,Urbanismo,452,Serviços Urbanos,3022,Requalificação e promoção da ocupação dos espaços públicos,1137,Pavimentação e Recapeamento de Vias - Programa de Metas 3.a,4,Despesas de Capital,4,Investimentos,90,Aplicações Diretas,39,Manutenção e Conservação de Bens Imóveis,08,Tesouro Municipal - Recursos Vinculados,1,Manutenção e Reformas de Bens Imóveis,1,Outros Serviços de Terceiros - Pessoa Jurídica,428.03,0.0,0.0,0.0,0.0,0.0,"[{'siglaUnidadeMedida': 'UN', 'descricaoAnexo': 'PRESTAÇÃO DE SERVIÇOS DE CONSERVAÇÃO E MANUTENÇÃO DA MALHA VIÁRIA.\n\n', 'qtdeAnexo': 1, 'valorUnitarioAnexo': 428.03}]",,,,,,12
01,PREFEITURA DO MUNICÍPIO DE SÃO PAULO,46597,74260,2020,9,04/09/2020 00:00:00,6012201900079889,01065014000156,FREMIX PAVIMENTACAO E CONSTRUCOES LTDA ,26925,2019,07,Fundo Municipal de Desenvolvimento Social,10,Fundo Municipal de Desenvolvimento Social,15,Urbanismo,452,Serviços Urbanos,3022,Requalificação e promoção da ocupação dos espaços públicos,1137,Pavimentação e Recapeamento de Vias - Programa de Metas 3.a,4,Despesas de Capital,4,Investimentos,90,Aplicações Diretas,39,Manutenção e Conservação de Bens Imóveis,08,Tesouro Municipal - Recursos Vinculados,1,Manutenção e Reformas de Bens Imóveis,1,Outros Serviços de Terceiros - Pessoa Jurídica,26369.02,26369.02,0.0,0.0,0.0,0.0,"[{'siglaUnidadeMedida': 'UN', 'descricaoAnexo': 'PRESTAÇÃO DE SERVIÇOS DE CONSERVAÇÃO E MANUTENÇÃO DA MALHA VIÁRIA.\n\n', 'qtdeAnexo': 1, 'valorUnitarioAnexo': 26369.02}]",,,,,,12
01,PREFEITURA DO MUNICÍPIO DE SÃO PAULO,46597,74263,2020,9,04/09/2020 00:00:00,6012201900078840,01065014000156,FREMIX PAVIMENTACAO E CONSTRUCOES LTDA ,26934,2019,07,Fundo Municipal de Desenvolvimento Social,10,Fundo Municipal de Desenvolvimento Social,15,Urbanismo,452,Serviços Urbanos,3022,Requalificação e promoção da ocupação dos espaços públicos,1137,Pavimentação e Recapeamento de Vias - Programa de Metas 3.a,4,Despesas de Capital,4,Investimentos,90,Aplicações Diretas,39,Manutenção e Conservação de Bens Imóveis,08,Tesouro Municipal - Recursos Vinculados,1,Manutenção e Reformas de Bens Imóveis,1,Outros Serviços de Terceiros - Pessoa Jurídica,31449.0,0.0,31449.0,31438.89,31438.89,10.11,"[{'siglaUnidadeMedida': 'UN', 'descricaoAnexo': 'PRESTAÇÃO DE SERVIÇOS DE CONSERVAÇÃO E MANUTENÇÃO DA MALHA VIÁRIA.\n\n', 'qtdeAnexo': 1, 'valorUnitarioAnexo': 31449.0}]",,,,,,12
01,PREFEITURA DO MUNICÍPIO DE SÃO PAULO,46597,74269,2020,9,04/09/2020 00:00:00,6012201900066329,01065014000156,FREMIX PAVIMENTACAO E CONSTRUCOES LTDA ,5192,2020,07,Fundo Municipal de Desenvolvimento Social,10,Fundo Municipal de Desenvolvimento Social,15,Urbanismo,452,Serviços Urbanos,3022,Requalificação e promoção da ocupação dos espaços públicos,1137,Pavimentação e Recapeamento de Vias - Programa de Metas 3.a,4,Despesas de Capital,4,Investimentos,90,Aplicações Diretas,39,Manutenção e Conservação de Bens Imóveis,08,Tesouro Municipal - Recursos Vinculados,1,Manutenção e Reformas de Bens Imóveis,1,Outros Serviços de Terceiros - Pessoa Jurídica,53652.3,0.0,53652.3,53652.3,53652.3,0.0,"[{'siglaUnidadeMedida': 'UN', 'descricaoAnexo': 'PRESTAÇÃO DE SERVIÇOS DE CONSERVAÇÃO E MANUTENÇÃO DA MALHA VIÁRIA.\n\n', 'qtdeAnexo': 1, 'valorUnitarioAnexo': 53652.3}]",,,,,,12
01,PREFEITURA DO MUNICÍPIO DE SÃO PAULO,46597,74277,2020,9,04/09/2020 00:00:00,6012201900079692,66806555000133,FBS CONSTRUCAO CIVIL E PAVIMENTACAO S.A.,26834,2019,07,Fundo Municipal de Desenvolvimento Social,10,Fundo Municipal de Desenvolvimento Social,15,Urbanismo,452,Serviços Urbanos,3022,Requalificação e promoção da ocupação dos espaços públicos,1137,Pavimentação e Recapeamento de Vias - Programa de Metas 3.a,4,Despesas de Capital,4,Investimentos,90,Aplicações Diretas,39,Manutenção e Conservação de Bens Imóveis,08,Tesouro Municipal - Recursos Vinculados,1,Manutenção e Reformas de Bens Imóveis,1,Outros Serviços de Terceiros - Pessoa Jurídica,1173719.68,0.0,1173719.68,1173719.68,1173719.68,0.0,"[{'siglaUnidadeMedida': 'UN', 'descricaoAnexo': 'PRESTAÇÃO DE SERVIÇOS DE CONSERVAÇÃO E MANUTENÇÃO DA MALHA VIÁRIA.\n\n', 'qtdeAnexo': 1, 'valorUnitarioAnexo': 1173719.68}]",,,,,,12
01,PREFEITURA DO MUNICÍPIO DE SÃO PAULO,46597,74281,2020,9,04/09/2020 00:00:00,6012201900079757,66806555000133,FBS CONSTRUCAO CIVIL E PAVIMENTACAO S.A.,26738,2019,07,Fundo Municipal de Desenvolvimento Social,10,Fundo Municipal de Desenvolvimento Social,15,Urbanismo,452,Serviços Urbanos,3022,Requalificação e promoção da ocupação dos espaços públicos,1137,Pavimentação e Recapeamento de Vias - Programa de Metas 3.a,4,Despesas de Capital,4,Investimentos,90,Aplicações Diretas,39,Manutenção e Conservação de Bens Imóveis,08,Tesouro Municipal - Recursos Vinculados,1,Manutenção e Reformas de Bens Imóveis,1,Outros Serviços de Terceiros - Pessoa Jurídica,491551.27,0.0,491551.27,491551.27,491551.27,0.0,"[{'siglaUnidadeMedida': 'UN', 'descricaoAnexo': 'PRESTAÇÃO DE SERVIÇOS DE CONSERVAÇÃO E MANUTENÇÃO DA MALHA VIÁRIA.\n\n', 'qtdeAnexo': 1, 'valorUnitarioAnexo': 491551.27}]",,,,,,12
01,PREFEITURA DO MUNICÍPIO DE SÃO PAULO,46597,74286,2020,9,04/09/2020 00:00:00,6012201900079730,66806555000133,FBS CONSTRUCAO CIVIL E PAVIMENTACAO S.A.,26744,2019,07,Fundo Municipal de Desenvolvimento Social,10,Fundo Municipal de Desenvolvimento Social,15,Urbanismo,452,Serviços Urbanos,3022,Requalificação e promoção da ocupação dos espaços públicos,1137,Pavimentação e Recapeamento de Vias - Programa de Metas 3.a,4,Despesas de Capital,4,Investimentos,90,Aplicações Diretas,39,Manutenção e Conservação de Bens Imóveis,08,Tesouro Municipal - Recursos Vinculados,1,Manutenção e Reformas de Bens Imóveis,1,Outros Serviços de Terceiros - Pessoa Jurídica,28751.54,0.0,28751.54,28751.54,28751.54,0.0,"[{'siglaUnidadeMedida': 'UN', 'descricaoAnexo': 'PRESTAÇÃO DE SERVIÇOS DE CONSERVAÇÃO E MANUTENÇÃO DA MALHA VIÁRIA.\n\n', 'qtdeAnexo': 1, 'valorUnitarioAnexo': 28751.54}]",,,,,,12
01,PREFEITURA DO MUNICÍPIO DE SÃO PAULO,46597,76161,2020,9,10/09/2020 00:00:00,6012201900079455,62162847000120,JOFEGE PAVIMENTACAO E CONSTRUCAO LTDA,26800,2019,07,Fundo Municipal de Desenvolvimento Social,10,Fundo Municipal de Desenvolvimento Social,15,Urbanismo,452,Serviços Urbanos,3022,Requalificação e promoção da ocupação dos espaços públicos,1137,Pavimentação e Recapeamento de Vias - Programa de Metas 3.a,4,Despesas de Capital,4,Investimentos,90,Aplicações Diretas,39,Manutenção e Conservação de Bens Imóveis,08,Tesouro Municipal - Recursos Vinculados,1,Manutenção e Reformas de Bens Imóveis,1,Outros Serviços de Terceiros - Pessoa Jurídica,6223208.1,0.0,2100168.87,0.0,0.0,2100168.87,"[{'siglaUnidadeMedida': 'UN', 'descricaoAnexo': 'Prestação de serviços de conservação e manutenção da malha viária', 'qtdeAnexo': 1, 'valorUnitarioAnexo': 6223208.1}]",,,,,,12
01,PREFEITURA DO MUNICÍPIO DE SÃO PAULO,46597,76187,2020,9,10/09/2020 00:00:00,6012201900079463,62162847000120,JOFEGE PAVIMENTACAO E CONSTRUCAO LTDA,26807,2019,07,Fundo Municipal de Desenvolvimento Social,10,Fundo Municipal de Desenvolvimento Social,15,Urbanismo,452,Serviços Urbanos,3022,Requalificação e promoção da ocupação dos espaços públicos,1137,Pavimentação e Recapeamento de Vias - Programa de Metas 3.a,4,Despesas de Capital,4,Investimentos,90,Aplicações Diretas,39,Manutenção e Conservação de Bens Imóveis,08,Tesouro Municipal - Recursos Vinculados,1,Manutenção e Reformas de Bens Imóveis,1,Outros Serviços de Terceiros - Pessoa Jurídica,12152753.43,0.0,12078506.66,10398783.84,10398783.84,1679722.82,"[{'siglaUnidadeMedida': 'UN', 'descricaoAnexo': 'Prestação de serviços de conservação e manutenção da malha viária', 'qtdeAnexo': 1, 'valorUnitarioAnexo': 12152753.43}]",,,,,,12
01,PREFEITURA DO MUNICÍPIO DE SÃO PAULO,46597,76618,2020,9,10/09/2020 00:00:00,6012202000077560,01065014000156,FREMIX PAVIMENTACAO E CONSTRUCOES LTDA ,26925,2019,07,Fundo Municipal de Desenvolvimento Social,10,Fundo Municipal de Desenvolvimento Social,15,Urbanismo,452,Serviços Urbanos,3022,Requalificação e promoção da ocupação dos espaços públicos,1137,Pavimentação e Recapeamento de Vias - Programa de Metas 3.a,4,Despesas de Capital,4,Investimentos,90,Aplicações Diretas,39,Manutenção e Conservação de Bens Imóveis,08,Tesouro Municipal - Recursos Vinculados,1,Manutenção e Reformas de Bens Imóveis,1,Outros Serviços de Terceiros - Pessoa Jurídica,26369.92,0.0,4996.95,4996.95,0.0,4996.95,"[{'siglaUnidadeMedida': 'UN', 'descricaoAnexo': 'PRESTAÇÃO DE SERVIÇOS DE CONSERVAÇÃO E MANUTENÇÃO DA MALHA VIÁRIA.\n\n', 'qtdeAnexo': 1, 'valorUnitarioAnexo': 26369.92}]",,,,,,12
01,PREFEITURA DO MUNICÍPIO DE SÃO PAULO,46597,76620,2020,9,11/09/2020 00:00:00,6012201900079579,62162847000120,JOFEGE PAVIMENTACAO E CONSTRUCAO LTDA,26814,2019,07,Fundo Municipal de Desenvolvimento Social,10,Fundo Municipal de Desenvolvimento Social,15,Urbanismo,452,Serviços Urbanos,3022,Requalificação e promoção da ocupação dos espaços públicos,1137,Pavimentação e Recapeamento de Vias - Programa de Metas 3.a,4,Despesas de Capital,4,Investimentos,90,Aplicações Diretas,39,Manutenção e Conservação de Bens Imóveis,08,Tesouro Municipal - Recursos Vinculados,1,Manutenção e Reformas de Bens Imóveis,1,Outros Serviços de Terceiros - Pessoa Jurídica,96275.5,0.0,96275.5,96275.5,96275.5,0.0,"[{'siglaUnidadeMedida': 'UN', 'descricaoAnexo': 'PRESTAÇÃO DE SERVIÇOS DE CONSERVAÇÃO E MANUTENÇÃO DA MALHA VIÁRIA.\n\n', 'qtdeAnexo': 1, 'valorUnitarioAnexo': 96275.5}]",,,,,,12
01,PREFEITURA DO MUNICÍPIO DE SÃO PAULO,50015,77421,2020,9,14/09/2020 00:00:00,6022202000018436,11958828000173,SAO PAULO OBRAS  SP OBRAS,17438,2020,07,Fundo Municipal de Desenvolvimento Social,10,Fundo Municipal de Desenvolvimento Social,15,Urbanismo,451,Infra-Estrutura Urbana,3009,Melhoria da mobilidade urbana universal,5287,Inspeção de Obras de Artes Especiais - OAE - Programa de Metas 3.b,4,Despesas de Capital,4,Investimentos,90,Aplicações Diretas,39,Serviços Técnicos Profissionais,08,Tesouro Municipal - Recursos Vinculados,0,Gerenciamento,0,Outros Serviços de Terceiros - Pessoa Jurídica,2039204.83,2039204.83,0.0,0.0,0.0,0.0,"[{'siglaUnidadeMedida': 'UND', 'descricaoAnexo': 'Serviços para Supervisão do Programa de Manutenção de Obras de Arte Especiais da Cidade de São Paulo', 'qtdeAnexo': 1, 'valorUnitarioAnexo': 2039204.83}]",,,,,,12
01,PREFEITURA DO MUNICÍPIO DE SÃO PAULO,50015,78403,2020,9,16/09/2020 00:00:00,7910202000007612,44239135000503,EGIS  ENGENHARIA E CONSULTORIA LTDA,17708,2020,07,Fundo Municipal de Desenvolvimento Social,10,Fundo Municipal de Desenvolvimento Social,15,Urbanismo,451,Infra-Estrutura Urbana,3009,Melhoria da mobilidade urbana universal,5287,Inspeção de Obras de Artes Especiais - OAE - Programa de Metas 3.b,4,Despesas de Capital,4,Investimentos,90,Aplicações Diretas,39,Serviços Técnicos Profissionais,08,Tesouro Municipal - Recursos Vinculados,0,Gerenciamento,0,Outros Serviços de Terceiros - Pessoa Jurídica,316694.17,0.0,153522.47,0.0,0.0,153522.47,"[{'siglaUnidadeMedida': 'UND', 'descricaoAnexo': 'Elaboração de inspeções especiais, vistorias, ensaios, laudos técnicos, verificações estruturais, projeto executivo de requalificação e concepção de recuperação estrutural das 19 obras de arte especiais (OAE)  CONCORRÊNCIA nº 004/SIURB/19 - LOTE 1', 'qtdeAnexo': 1, 'valorUnitarioAnexo': 316694.17}]",,,,,,12
01,PREFEITURA DO MUNICÍPIO DE SÃO PAULO,50015,78406,2020,9,16/09/2020 00:00:00,7910202000007612,09008769000120,ENGETI  CONSULTORIA E ENGENHARIA SS LTDA,17708,2020,07,Fundo Municipal de Desenvolvimento Social,10,Fundo Municipal de Desenvolvimento Social,15,Urbanismo,451,Infra-Estrutura Urbana,3009,Melhoria da mobilidade urbana universal,5287,Inspeção de Obras de Artes Especiais - OAE - Programa de Metas 3.b,4,Despesas de Capital,4,Investimentos,90,Aplicações Diretas,39,Serviços Técnicos Profissionais,08,Tesouro Municipal - Recursos Vinculados,0,Gerenciamento,0,Outros Serviços de Terceiros - Pessoa Jurídica,234078.3,0.0,113473.11,0.0,0.0,113473.11,"[{'siglaUnidadeMedida': 'UND', 'descricaoAnexo': 'Elaboração de inspeções especiais, vistorias, ensaios, laudos técnicos, verificações estruturais, projeto executivo de requalificação e concepção de recuperação estrutural das 19 obras de arte especiais (OAE) CONCORRÊNCIA nº 004/SIURB/19 - LOTE 1', 'qtdeAnexo': 1, 'valorUnitarioAnexo': 234078.3}]",,,,,,12
01,PREFEITURA DO MUNICÍPIO DE SÃO PAULO,50015,78415,2020,9,16/09/2020 00:00:00,7910202000007612,55194369000174,ALPHAGEOS TECNOLOGIA APLICADA SA,17708,2020,07,Fundo Municipal de Desenvolvimento Social,10,Fundo Municipal de Desenvolvimento Social,15,Urbanismo,451,Infra-Estrutura Urbana,3009,Melhoria da mobilidade urbana universal,5287,Inspeção de Obras de Artes Especiais - OAE - Programa de Metas 3.b,4,Despesas de Capital,4,Investimentos,90,Aplicações Diretas,39,Serviços Técnicos Profissionais,08,Tesouro Municipal - Recursos Vinculados,0,Gerenciamento,0,Outros Serviços de Terceiros - Pessoa Jurídica,137693.12,0.0,66749.04,0.0,0.0,66749.04,"[{'siglaUnidadeMedida': 'UND', 'descricaoAnexo': 'Elaboração de inspeções especiais, vistorias, ensaios, laudos técnicos, verificações estruturais, projeto executivo de requalificação e concepção de recuperação estrutural das 19 obras de arte especiais (OAE) CONCORRÊNCIA nº 004/SIURB/19 - LOTE 1', 'qtdeAnexo': 1, 'valorUnitarioAnexo': 137693.12}]",,,,,,12
01,PREFEITURA DO MUNICÍPIO DE SÃO PAULO,50015,78418,2020,9,16/09/2020 00:00:00,7910202000007620,42161372000140,ECR ENGENHARIA LTDA,17712,2020,07,Fundo Municipal de Desenvolvimento Social,10,Fundo Municipal de Desenvolvimento Social,15,Urbanismo,451,Infra-Estrutura Urbana,3009,Melhoria da mobilidade urbana universal,5287,Inspeção de Obras de Artes Especiais - OAE - Programa de Metas 3.b,4,Despesas de Capital,4,Investimentos,90,Aplicações Diretas,39,Serviços Técnicos Profissionais,08,Tesouro Municipal - Recursos Vinculados,0,Gerenciamento,0,Outros Serviços de Terceiros - Pessoa Jurídica,593075.82,0.0,488329.4,0.0,0.0,488329.4,"[{'siglaUnidadeMedida': 'UND', 'descricaoAnexo': 'Elaboração de inspeções especiais, vistorias, ensaios, laudos técnicos, verificações estruturais, projeto executivo de requalificação e concepção de recuperação estrutural das 19 obras de arte especiais (OAE) CONCORRÊNCIA nº 004/SIURB/19 - LOTE 2', 'qtdeAnexo': 1, 'valorUnitarioAnexo': 593075.82}]",,,,,,12
01,PREFEITURA DO MUNICÍPIO DE SÃO PAULO,50015,78420,2020,9,16/09/2020 00:00:00,7910202000007639,33177148000155,BUREAU VERITAS DO BRASIL SOCIEDADE CLASSIFICADORA E CERTIFICADORA LTDA,17711,2020,07,Fundo Municipal de Desenvolvimento Social,10,Fundo Municipal de Desenvolvimento Social,15,Urbanismo,451,Infra-Estrutura Urbana,3009,Melhoria da mobilidade urbana universal,5287,Inspeção de Obras de Artes Especiais - OAE - Programa de Metas 3.b,4,Despesas de Capital,4,Investimentos,90,Aplicações Diretas,39,Serviços Técnicos Profissionais,08,Tesouro Municipal - Recursos Vinculados,0,Gerenciamento,0,Outros Serviços de Terceiros - Pessoa Jurídica,631352.41,631352.41,0.0,0.0,0.0,0.0,"[{'siglaUnidadeMedida': 'UND', 'descricaoAnexo': 'Elaboração de inspeções especiais, vistorias, ensaios, laudos técnicos, verificações estruturais, projeto executivo de requalificação e concepção de recuperação estrutural das 19 obras de arte especiais (OAE) CONCORRÊNCIA nº 004/SIURB/19 - LOTE 3', 'qtdeAnexo': 1, 'valorUnitarioAnexo': 631352.41}]",,,,,,12
01,PREFEITURA DO MUNICÍPIO DE SÃO PAULO,46597,78495,2020,9,17/09/2020 00:00:00,6012201900079650,43677822000114,SOEBE CONSTRUÇÃO E PAVIMENTAÇÃO SA,27189,2019,07,Fundo Municipal de Desenvolvimento Social,10,Fundo Municipal de Desenvolvimento Social,15,Urbanismo,452,Serviços Urbanos,3022,Requalificação e promoção da ocupação dos espaços públicos,1137,Pavimentação e Recapeamento de Vias - Programa de Metas 3.a,4,Despesas de Capital,4,Investimentos,90,Aplicações Diretas,39,Manutenção e Conservação de Bens Imóveis,08,Tesouro Municipal - Recursos Vinculados,1,Manutenção e Reformas de Bens Imóveis,1,Outros Serviços de Terceiros - Pessoa Jurídica,2829640.7,0.0,2829640.7,2829640.7,2829640.7,0.0,"[{'siglaUnidadeMedida': 'UN', 'descricaoAnexo': 'PRESTAÇÃO DE SERVIÇOS DE CONSERVAÇÃO E MANUTENÇÃO DA MALHA VIÁRIA.\n\n', 'qtdeAnexo': 1, 'valorUnitarioAnexo': 2829640.7}]",,,,,,12
01,PREFEITURA DO MUNICÍPIO DE SÃO PAULO,46597,78497,2020,9,17/09/2020 00:00:00,6012201900079900,43677822000114,SOEBE CONSTRUÇÃO E PAVIMENTAÇÃO SA,27189,2019,07,Fundo Municipal de Desenvolvimento Social,10,Fundo Municipal de Desenvolvimento Social,15,Urbanismo,452,Serviços Urbanos,3022,Requalificação e promoção da ocupação dos espaços públicos,1137,Pavimentação e Recapeamento de Vias - Programa de Metas 3.a,4,Despesas de Capital,4,Investimentos,90,Aplicações Diretas,39,Manutenção e Conservação de Bens Imóveis,08,Tesouro Municipal - Recursos Vinculados,1,Manutenção e Reformas de Bens Imóveis,1,Outros Serviços de Terceiros - Pessoa Jurídica,5922331.46,0.0,1866520.83,0.0,0.0,1866520.83,"[{'siglaUnidadeMedida': 'UN', 'descricaoAnexo': 'PRESTAÇÃO DE SERVIÇOS DE CONSERVAÇÃO E MANUTENÇÃO DA MALHA VIÁRIA.\n\n', 'qtdeAnexo': 1, 'valorUnitarioAnexo': 5922331.46}]",,,,,,12
01,PREFEITURA DO MUNICÍPIO DE SÃO PAULO,46597,78498,2020,9,17/09/2020 00:00:00,6012201900079730,66806555000133,FBS CONSTRUCAO CIVIL E PAVIMENTACAO S.A.,26744,2019,07,Fundo Municipal de Desenvolvimento Social,10,Fundo Municipal de Desenvolvimento Social,15,Urbanismo,452,Serviços Urbanos,3022,Requalificação e promoção da ocupação dos espaços públicos,1137,Pavimentação e Recapeamento de Vias - Programa de Metas 3.a,4,Despesas de Capital,4,Investimentos,90,Aplicações Diretas,39,Manutenção e Conservação de Bens Imóveis,08,Tesouro Municipal - Recursos Vinculados,1,Manutenção e Reformas de Bens Imóveis,1,Outros Serviços de Terceiros - Pessoa Jurídica,9739476.94,0.0,9739476.94,9712859.34,9712859.34,26617.6,"[{'siglaUnidadeMedida': 'UN', 'descricaoAnexo': 'PRESTAÇÃO DE SERVIÇOS DE CONSERVAÇÃO E MANUTENÇÃO DA MALHA VIÁRIA.\n\n', 'qtdeAnexo': 1, 'valorUnitarioAnexo': 9739476.94}]",,,,,,12
01,PREFEITURA DO MUNICÍPIO DE SÃO PAULO,46597,78499,2020,9,17/09/2020 00:00:00,6012201900079897,43677822000114,SOEBE CONSTRUÇÃO E PAVIMENTAÇÃO SA,26780,2019,07,Fundo Municipal de Desenvolvimento Social,10,Fundo Municipal de Desenvolvimento Social,15,Urbanismo,452,Serviços Urbanos,3022,Requalificação e promoção da ocupação dos espaços públicos,1137,Pavimentação e Recapeamento de Vias - Programa de Metas 3.a,4,Despesas de Capital,4,Investimentos,90,Aplicações Diretas,39,Manutenção e Conservação de Bens Imóveis,08,Tesouro Municipal - Recursos Vinculados,1,Manutenção e Reformas de Bens Imóveis,1,Outros Serviços de Terceiros - Pessoa Jurídica,11324490.67,0.0,6518895.82,5960642.25,5960642.25,558253.57,"[{'siglaUnidadeMedida': 'UN', 'descricaoAnexo': 'PRESTAÇÃO DE SERVIÇOS DE CONSERVAÇÃO E MANUTENÇÃO DA MALHA VIÁRIA.\n\n', 'qtdeAnexo': 1, 'valorUnitarioAnexo': 11324490.67}]",,,,,,12
01,PREFEITURA DO MUNICÍPIO DE SÃO PAULO,46597,78500,2020,9,17/09/2020 00:00:00,6012201900079692,66806555000133,FBS CONSTRUCAO CIVIL E PAVIMENTACAO S.A.,26834,2019,07,Fundo Municipal de Desenvolvimento Social,10,Fundo Municipal de Desenvolvimento Social,15,Urbanismo,452,Serviços Urbanos,3022,Requalificação e promoção da ocupação dos espaços públicos,1137,Pavimentação e Recapeamento de Vias - Programa de Metas 3.a,4,Despesas de Capital,4,Investimentos,90,Aplicações Diretas,39,Manutenção e Conservação de Bens Imóveis,08,Tesouro Municipal - Recursos Vinculados,1,Manutenção e Reformas de Bens Imóveis,1,Outros Serviços de Terceiros - Pessoa Jurídica,4835337.52,0.0,4835337.52,4835337.52,4835337.52,0.0,"[{'siglaUnidadeMedida': 'UN', 'descricaoAnexo': 'PRESTAÇÃO DE SERVIÇOS DE CONSERVAÇÃO E MANUTENÇÃO DA MALHA VIÁRIA.\n\n', 'qtdeAnexo': 1, 'valorUnitarioAnexo': 4835337.52}]",,,,,,12
01,PREFEITURA DO MUNICÍPIO DE SÃO PAULO,50015,78598,2020,9,17/09/2020 00:00:00,7910202000007639,33177148000155,BUREAU VERITAS DO BRASIL SOCIEDADE CLASSIFICADORA E CERTIFICADORA LTDA,17711,2020,07,Fundo Municipal de Desenvolvimento Social,10,Fundo Municipal de Desenvolvimento Social,15,Urbanismo,451,Infra-Estrutura Urbana,3009,Melhoria da mobilidade urbana universal,5287,Inspeção de Obras de Artes Especiais - OAE - Programa de Metas 3.b,4,Despesas de Capital,4,Investimentos,90,Aplicações Diretas,39,Serviços Técnicos Profissionais,08,Tesouro Municipal - Recursos Vinculados,0,Gerenciamento,0,Outros Serviços de Terceiros - Pessoa Jurídica,378811.45,0.0,0.0,0.0,0.0,0.0,"[{'siglaUnidadeMedida': 'UND', 'descricaoAnexo': 'Elaboração de inspeções especiais, vistorias, ensaios, laudos técnicos, verificações estruturais, projeto executivo de requalificação e concepção de recuperação estrutural das 19 obras de arte especiais (OAE) CONCORRÊNCIA nº 004/SIURB/19 - LOTE 3', 'qtdeAnexo': 1, 'valorUnitarioAnexo': 378811.45}]",,,,,,12
01,PREFEITURA DO MUNICÍPIO DE SÃO PAULO,50015,78606,2020,9,17/09/2020 00:00:00,7910202000007639,00376282000126,EGT ENGENHARIA LTDA,17801,2020,07,Fundo Municipal de Desenvolvimento Social,10,Fundo Municipal de Desenvolvimento Social,15,Urbanismo,451,Infra-Estrutura Urbana,3009,Melhoria da mobilidade urbana universal,5287,Inspeção de Obras de Artes Especiais - OAE - Programa de Metas 3.b,4,Despesas de Capital,4,Investimentos,90,Aplicações Diretas,39,Serviços Técnicos Profissionais,08,Tesouro Municipal - Recursos Vinculados,0,Gerenciamento,0,Outros Serviços de Terceiros - Pessoa Jurídica,252540.96,0.0,0.0,0.0,0.0,0.0,"[{'siglaUnidadeMedida': 'UND', 'descricaoAnexo': 'Elaboração de inspeções especiais, vistorias, ensaios, laudos técnicos, verificações estruturais, projeto executivo de requalificação e concepção de recuperação estrutural das 19 obras de arte especiais (OAE) CONCORRÊNCIA nº 004/SIURB/19 - LOTE 3', 'qtdeAnexo': 1, 'valorUnitarioAnexo': 252540.96}]",,,,,,12
01,PREFEITURA DO MUNICÍPIO DE SÃO PAULO,46597,78688,2020,9,17/09/2020 00:00:00,6012201900079579,62162847000120,JOFEGE PAVIMENTACAO E CONSTRUCAO LTDA,26814,2019,07,Fundo Municipal de Desenvolvimento Social,10,Fundo Municipal de Desenvolvimento Social,15,Urbanismo,452,Serviços Urbanos,3022,Requalificação e promoção da ocupação dos espaços públicos,1137,Pavimentação e Recapeamento de Vias - Programa de Metas 3.a,4,Despesas de Capital,4,Investimentos,90,Aplicações Diretas,39,Manutenção e Conservação de Bens Imóveis,08,Tesouro Municipal - Recursos Vinculados,1,Manutenção e Reformas de Bens Imóveis,1,Outros Serviços de Terceiros - Pessoa Jurídica,5944395.23,0.0,4403741.9,3557092.31,3557092.31,846649.59,"[{'siglaUnidadeMedida': 'UN', 'descricaoAnexo': 'PRESTAÇÃO DE SERVIÇOS DE CONSERVAÇÃO E MANUTENÇÃO DA MALHA VIÁRIA.', 'qtdeAnexo': 1, 'valorUnitarioAnexo': 5944395.23}]",,,,,,12
01,PREFEITURA DO MUNICÍPIO DE SÃO PAULO,46597,78691,2020,9,17/09/2020 00:00:00,6012201900079757,66806555000133,FBS CONSTRUCAO CIVIL E PAVIMENTACAO S.A.,26738,2019,07,Fundo Municipal de Desenvolvimento Social,10,Fundo Municipal de Desenvolvimento Social,15,Urbanismo,452,Serviços Urbanos,3022,Requalificação e promoção da ocupação dos espaços públicos,1137,Pavimentação e Recapeamento de Vias - Programa de Metas 3.a,4,Despesas de Capital,4,Investimentos,90,Aplicações Diretas,39,Manutenção e Conservação de Bens Imóveis,08,Tesouro Municipal - Recursos Vinculados,1,Manutenção e Reformas de Bens Imóveis,1,Outros Serviços de Terceiros - Pessoa Jurídica,12039099.02,0.0,5506235.83,4628819.65,4628819.65,877416.18,"[{'siglaUnidadeMedida': 'UN', 'descricaoAnexo': 'PRESTAÇÃO DE SERVIÇOS DE CONSERVAÇÃO E MANUTENÇÃO DA MALHA VIÁRIA.', 'qtdeAnexo': 1, 'valorUnitarioAnexo': 12039099.02}]",,,,,,12
01,PREFEITURA DO MUNICÍPIO DE SÃO PAULO,50015,78706,2020,9,17/09/2020 00:00:00,7910202000003234,11958828000173,SAO PAULO OBRAS  SP OBRAS,17438,2020,07,Fundo Municipal de Desenvolvimento Social,10,Fundo Municipal de Desenvolvimento Social,15,Urbanismo,451,Infra-Estrutura Urbana,3009,Melhoria da mobilidade urbana universal,5287,Inspeção de Obras de Artes Especiais - OAE - Programa de Metas 3.b,4,Despesas de Capital,4,Investimentos,90,Aplicações Diretas,39,Serviços Técnicos Profissionais,08,Tesouro Municipal - Recursos Vinculados,0,Gerenciamento,0,Outros Serviços de Terceiros - Pessoa Jurídica,849668.34,0.0,765894.31,0.0,0.0,765894.31,"[{'siglaUnidadeMedida': 'UND', 'descricaoAnexo': 'CT 058/SIURB/20 - Supervisão do Programa de Manutenção de Obras de Arte Especiais da Cidade de São Paulo', 'qtdeAnexo': 1, 'valorUnitarioAnexo': 849668.34}]",,,,,,12
01,PREFEITURA DO MUNICÍPIO DE SÃO PAULO,46597,78857,2020,9,18/09/2020 00:00:00,6012201900079889,01065014000156,FREMIX PAVIMENTACAO E CONSTRUCOES LTDA ,26925,2019,07,Fundo Municipal de Desenvolvimento Social,10,Fundo Municipal de Desenvolvimento Social,15,Urbanismo,452,Serviços Urbanos,3022,Requalificação e promoção da ocupação dos espaços públicos,1137,Pavimentação e Recapeamento de Vias - Programa de Metas 3.a,4,Despesas de Capital,4,Investimentos,90,Aplicações Diretas,39,Manutenção e Conservação de Bens Imóveis,08,Tesouro Municipal - Recursos Vinculados,1,Manutenção e Reformas de Bens Imóveis,1,Outros Serviços de Terceiros - Pessoa Jurídica,6259063.55,0.0,4555153.55,729802.17,729802.17,3825351.38,"[{'siglaUnidadeMedida': 'UN', 'descricaoAnexo': 'PRESTAÇÃO DE SERVIÇOS DE CONSERVAÇÃO E MANUTENÇÃO DA MALHA VIÁRIA.\n\n', 'qtdeAnexo': 1, 'valorUnitarioAnexo': 6259063.55}]",,,,,,12
01,PREFEITURA DO MUNICÍPIO DE SÃO PAULO,46597,79056,2020,9,21/09/2020 00:00:00,6012201900078840,01065014000156,FREMIX PAVIMENTACAO E CONSTRUCOES LTDA ,26934,2019,07,Fundo Municipal de Desenvolvimento Social,10,Fundo Municipal de Desenvolvimento Social,15,Urbanismo,452,Serviços Urbanos,3022,Requalificação e promoção da ocupação dos espaços públicos,1137,Pavimentação e Recapeamento de Vias - Programa de Metas 3.a,4,Despesas de Capital,4,Investimentos,90,Aplicações Diretas,39,Manutenção e Conservação de Bens Imóveis,08,Tesouro Municipal - Recursos Vinculados,1,Manutenção e Reformas de Bens Imóveis,1,Outros Serviços de Terceiros - Pessoa Jurídica,3707335.11,0.0,1448899.87,0.0,0.0,1448899.87,"[{'siglaUnidadeMedida': 'UN', 'descricaoAnexo': 'PRESTAÇÃO DE SERVIÇOS DE CONSERVAÇÃO E MANUTENÇÃO DA MALHA VIÁRIA.', 'qtdeAnexo': 1, 'valorUnitarioAnexo': 3707335.11}]",,,,,,12
01,PREFEITURA DO MUNICÍPIO DE SÃO PAULO,46597,79632,2020,9,23/09/2020 00:00:00,6012201900079692,66806555000133,FBS CONSTRUCAO CIVIL E PAVIMENTACAO S.A.,26834,2019,07,Fundo Municipal de Desenvolvimento Social,10,Fundo Municipal de Desenvolvimento Social,15,Urbanismo,452,Serviços Urbanos,3022,Requalificação e promoção da ocupação dos espaços públicos,1137,Pavimentação e Recapeamento de Vias - Programa de Metas 3.a,4,Despesas de Capital,4,Investimentos,90,Aplicações Diretas,39,Manutenção e Conservação de Bens Imóveis,08,Tesouro Municipal - Recursos Vinculados,1,Manutenção e Reformas de Bens Imóveis,1,Outros Serviços de Terceiros - Pessoa Jurídica,2289531.85,0.0,2289445.06,2286209.86,2286209.86,3235.2,"[{'siglaUnidadeMedida': 'UN', 'descricaoAnexo': 'PRESTAÇÃO DE SERVIÇOS DE CONSERVAÇÃO E MANUTENÇÃO DA MALHA VIÁRIA.', 'qtdeAnexo': 1, 'valorUnitarioAnexo': 2289531.85}]",,,,,,12
01,PREFEITURA DO MUNICÍPIO DE SÃO PAULO,46597,79634,2020,9,23/09/2020 00:00:00,6012201900079730,66806555000133,FBS CONSTRUCAO CIVIL E PAVIMENTACAO S.A.,26744,2019,07,Fundo Municipal de Desenvolvimento Social,10,Fundo Municipal de Desenvolvimento Social,15,Urbanismo,452,Serviços Urbanos,3022,Requalificação e promoção da ocupação dos espaços públicos,1137,Pavimentação e Recapeamento de Vias - Programa de Metas 3.a,4,Despesas de Capital,4,Investimentos,90,Aplicações Diretas,39,Manutenção e Conservação de Bens Imóveis,08,Tesouro Municipal - Recursos Vinculados,1,Manutenção e Reformas de Bens Imóveis,1,Outros Serviços de Terceiros - Pessoa Jurídica,1698740.82,0.0,845737.57,0.0,0.0,845737.57,"[{'siglaUnidadeMedida': 'UN', 'descricaoAnexo': 'PRESTAÇÃO DE SERVIÇOS DE CONSERVAÇÃO E MANUTENÇÃO DA MALHA VIÁRIA.', 'qtdeAnexo': 1, 'valorUnitarioAnexo': 1698740.82}]",,,,,,12
01,PREFEITURA DO MUNICÍPIO DE SÃO PAULO,46597,79638,2020,9,23/09/2020 00:00:00,6012201900079803,09052229000144,SOUZA COMPEC ENGENHARIA E CONSTRUÇÕES LTDA,26971,2019,07,Fundo Municipal de Desenvolvimento Social,10,Fundo Municipal de Desenvolvimento Social,15,Urbanismo,452,Serviços Urbanos,3022,Requalificação e promoção da ocupação dos espaços públicos,1137,Pavimentação e Recapeamento de Vias - Programa de Metas 3.a,4,Despesas de Capital,4,Investimentos,90,Aplicações Diretas,39,Manutenção e Conservação de Bens Imóveis,08,Tesouro Municipal - Recursos Vinculados,1,Manutenção e Reformas de Bens Imóveis,1,Outros Serviços de Terceiros - Pessoa Jurídica,9599615.41,0.0,9598878.59,9587656.62,9587656.62,11221.97,"[{'siglaUnidadeMedida': 'UN', 'descricaoAnexo': 'PRESTAÇÃO DE SERVIÇOS DE CONSERVAÇÃO E MANUTENÇÃO DA MALHA VIÁRIA.', 'qtdeAnexo': 1, 'valorUnitarioAnexo': 9599615.41}]",,,,,,12
01,PREFEITURA DO MUNICÍPIO DE SÃO PAULO,46597,79644,2020,9,23/09/2020 00:00:00,6012201900079900,43677822000114,SOEBE CONSTRUÇÃO E PAVIMENTAÇÃO SA,27189,2019,07,Fundo Municipal de Desenvolvimento Social,10,Fundo Municipal de Desenvolvimento Social,15,Urbanismo,452,Serviços Urbanos,3022,Requalificação e promoção da ocupação dos espaços públicos,1137,Pavimentação e Recapeamento de Vias - Programa de Metas 3.a,4,Despesas de Capital,4,Investimentos,90,Aplicações Diretas,39,Manutenção e Conservação de Bens Imóveis,08,Tesouro Municipal - Recursos Vinculados,1,Manutenção e Reformas de Bens Imóveis,1,Outros Serviços de Terceiros - Pessoa Jurídica,3320657.47,0.0,0.0,0.0,0.0,0.0,"[{'siglaUnidadeMedida': 'UN', 'descricaoAnexo': 'PRESTAÇÃO DE SERVIÇOS DE CONSERVAÇÃO E MANUTENÇÃO DA MALHA VIÁRIA.', 'qtdeAnexo': 1, 'valorUnitarioAnexo': 3320657.47}]",,,,,,12
01,PREFEITURA DO MUNICÍPIO DE SÃO PAULO,46597,79647,2020,9,23/09/2020 00:00:00,6012201900079579,62162847000120,JOFEGE PAVIMENTACAO E CONSTRUCAO LTDA,26814,2019,07,Fundo Municipal de Desenvolvimento Social,10,Fundo Municipal de Desenvolvimento Social,15,Urbanismo,452,Serviços Urbanos,3022,Requalificação e promoção da ocupação dos espaços públicos,1137,Pavimentação e Recapeamento de Vias - Programa de Metas 3.a,4,Despesas de Capital,4,Investimentos,90,Aplicações Diretas,39,Manutenção e Conservação de Bens Imóveis,08,Tesouro Municipal - Recursos Vinculados,1,Manutenção e Reformas de Bens Imóveis,1,Outros Serviços de Terceiros - Pessoa Jurídica,1452097.51,0.0,0.0,0.0,0.0,0.0,"[{'siglaUnidadeMedida': 'UN', 'descricaoAnexo': 'PRESTAÇÃO DE SERVIÇOS DE CONSERVAÇÃO E MANUTENÇÃO DA MALHA VIÁRIA.', 'qtdeAnexo': 1, 'valorUnitarioAnexo': 1452097.51}]",,,,,,12
01,PREFEITURA DO MUNICÍPIO DE SÃO PAULO,46597,80075,2020,9,25/09/2020 00:00:00,6012201900079854,47218979000132,ARVEK TECNICA E CONSTRUCOES LTDA,26960,2019,07,Fundo Municipal de Desenvolvimento Social,10,Fundo Municipal de Desenvolvimento Social,15,Urbanismo,452,Serviços Urbanos,3022,Requalificação e promoção da ocupação dos espaços públicos,1137,Pavimentação e Recapeamento de Vias - Programa de Metas 3.a,4,Despesas de Capital,4,Investimentos,90,Aplicações Diretas,39,Manutenção e Conservação de Bens Imóveis,08,Tesouro Municipal - Recursos Vinculados,1,Manutenção e Reformas de Bens Imóveis,1,Outros Serviços de Terceiros - Pessoa Jurídica,4105625.94,0.0,2849805.38,2518748.15,2518748.15,331057.23,"[{'siglaUnidadeMedida': 'UN', 'descricaoAnexo': 'PRESTAÇÃO DE SERVIÇOS DE CONSERVAÇÃO E MANUTENÇÃO DA MALHA VIÁRIA.', 'qtdeAnexo': 1, 'valorUnitarioAnexo': 4105625.94}]",,,,,,12
01,PREFEITURA DO MUNICÍPIO DE SÃO PAULO,46597,80764,2020,9,29/09/2020 00:00:00,6012201900079870,01065014000156,FREMIX PAVIMENTACAO E CONSTRUCOES LTDA ,26927,2019,07,Fundo Municipal de Desenvolvimento Social,10,Fundo Municipal de Desenvolvimento Social,15,Urbanismo,452,Serviços Urbanos,3022,Requalificação e promoção da ocupação dos espaços públicos,1137,Pavimentação e Recapeamento de Vias - Programa de Metas 3.a,4,Despesas de Capital,4,Investimentos,90,Aplicações Diretas,39,Manutenção e Conservação de Bens Imóveis,08,Tesouro Municipal - Recursos Vinculados,1,Manutenção e Reformas de Bens Imóveis,1,Outros Serviços de Terceiros - Pessoa Jurídica,7221957.64,0.0,5035098.06,2076961.68,2076961.68,2958136.38,"[{'siglaUnidadeMedida': 'UN', 'descricaoAnexo': 'PRESTAÇÃO DE SERVIÇOS DE CONSERVAÇÃO E MANUTENÇÃO DA MALHA VIÁRIA.\n\n', 'qtdeAnexo': 1, 'valorUnitarioAnexo': 7221957.64}]",,,,,,12
01,PREFEITURA DO MUNICÍPIO DE SÃO PAULO,57538,86945,2020,10,23/10/2020 00:00:00,6020201700017751,60498417000158,SAO PAULO TRANSPORTE SA,26735,2017,07,Fundo Municipal de Desenvolvimento Social,10,Fundo Municipal de Desenvolvimento Social,15,Urbanismo,451,Infra-Estrutura Urbana,3009,Melhoria da mobilidade urbana universal,5417,Projetos de Mobilidade Urbana Oriundos de Recursos de Desestatizações ,4,Despesas de Capital,4,Investimentos,90,Aplicações Diretas,51,Obras em Andamento - Uso Comum do Povo,08,Tesouro Municipal - Recursos Vinculados,1,Sistemas Viários ,8,Obras e Instalações,10000000.0,0.0,265555.88,0.0,0.0,265555.88,"[{'siglaUnidadeMedida': 'UN', 'descricaoAnexo': 'Convênio nº 01/201/ - SMT/SPTRANS', 'qtdeAnexo': 1, 'valorUnitarioAnexo': 10000000.0}]",,,,,,12
01,PREFEITURA DO MUNICÍPIO DE SÃO PAULO,46597,87897,2020,10,27/10/2020 00:00:00,6012202000077560,66806555000133,FBS CONSTRUCAO CIVIL E PAVIMENTACAO S.A.,22186,2019,07,Fundo Municipal de Desenvolvimento Social,10,Fundo Municipal de Desenvolvimento Social,15,Urbanismo,452,Serviços Urbanos,3022,Requalificação e promoção da ocupação dos espaços públicos,1137,Pavimentação e Recapeamento de Vias - Programa de Metas 3.a,4,Despesas de Capital,4,Investimentos,90,Aplicações Diretas,39,Manutenção e Conservação de Bens Imóveis,08,Tesouro Municipal - Recursos Vinculados,1,Manutenção e Reformas de Bens Imóveis,1,Outros Serviços de Terceiros - Pessoa Jurídica,2336.01,0.0,2336.01,2336.01,0.0,2336.01,"[{'siglaUnidadeMedida': 'UN', 'descricaoAnexo': 'PRESTAÇÃO DE SERVIÇOS DE CONSERVAÇÃO E MANUTENÇÃO DA MALHA VIÁRIA.', 'qtdeAnexo': 1, 'valorUnitarioAnexo': 2336.01}]",,,,,,12
01,PREFEITURA DO MUNICÍPIO DE SÃO PAULO,46597,90610,2020,11,09/11/2020 00:00:00,6012201900022950,43677822000114,SOEBE CONSTRUÇÃO E PAVIMENTAÇÃO SA,21962,2019,07,Fundo Municipal de Desenvolvimento Social,10,Fundo Municipal de Desenvolvimento Social,15,Urbanismo,452,Serviços Urbanos,3022,Requalificação e promoção da ocupação dos espaços públicos,1137,Pavimentação e Recapeamento de Vias - Programa de Metas 3.a,4,Despesas de Capital,4,Investimentos,90,Aplicações Diretas,39,Manutenção e Conservação de Bens Imóveis,08,Tesouro Municipal - Recursos Vinculados,1,Manutenção e Reformas de Bens Imóveis,1,Outros Serviços de Terceiros - Pessoa Jurídica,1131522.14,0.0,525.03,0.0,0.0,525.03,"[{'siglaUnidadeMedida': 'UN', 'descricaoAnexo': 'PRESTAÇÃO DE SERVIÇOS DE CONSERVAÇÃO DA MALHA VIÁRIA', 'qtdeAnexo': 1, 'valorUnitarioAnexo': 1131522.14}]",,,,,,12
01,PREFEITURA DO MUNICÍPIO DE SÃO PAULO,46597,90612,2020,11,09/11/2020 00:00:00,6012201900079650,43677822000114,SOEBE CONSTRUÇÃO E PAVIMENTAÇÃO SA,26785,2019,07,Fundo Municipal de Desenvolvimento Social,10,Fundo Municipal de Desenvolvimento Social,15,Urbanismo,452,Serviços Urbanos,3022,Requalificação e promoção da ocupação dos espaços públicos,1137,Pavimentação e Recapeamento de Vias - Programa de Metas 3.a,4,Despesas de Capital,4,Investimentos,90,Aplicações Diretas,39,Manutenção e Conservação de Bens Imóveis,08,Tesouro Municipal - Recursos Vinculados,1,Manutenção e Reformas de Bens Imóveis,1,Outros Serviços de Terceiros - Pessoa Jurídica,832110.7,0.0,832073.65,488667.66,488667.66,343405.99,"[{'siglaUnidadeMedida': 'UN', 'descricaoAnexo': 'PRESTAÇÃO DE SERVIÇOS DE CONSERVAÇÃO DA MALHA VIÁRIA', 'qtdeAnexo': 1, 'valorUnitarioAnexo': 832110.7}]",,,,,,12
01,PREFEITURA DO MUNICÍPIO DE SÃO PAULO,46597,90618,2020,11,09/11/2020 00:00:00,6012201900066337,43677822000114,SOEBE CONSTRUÇÃO E PAVIMENTAÇÃO SA,5191,2020,07,Fundo Municipal de Desenvolvimento Social,10,Fundo Municipal de Desenvolvimento Social,15,Urbanismo,452,Serviços Urbanos,3022,Requalificação e promoção da ocupação dos espaços públicos,1137,Pavimentação e Recapeamento de Vias - Programa de Metas 3.a,4,Despesas de Capital,4,Investimentos,90,Aplicações Diretas,39,Manutenção e Conservação de Bens Imóveis,08,Tesouro Municipal - Recursos Vinculados,1,Manutenção e Reformas de Bens Imóveis,1,Outros Serviços de Terceiros - Pessoa Jurídica,358012.35,358012.35,0.0,0.0,0.0,0.0,"[{'siglaUnidadeMedida': 'UN', 'descricaoAnexo': 'PRESTAÇÃO DE SERVIÇOS DE CONSERVAÇÃO DA MALHA VIÁRIA', 'qtdeAnexo': 1, 'valorUnitarioAnexo': 358012.35}]",,,,,,12
01,PREFEITURA DO MUNICÍPIO DE SÃO PAULO,46597,90624,2020,11,09/11/2020 00:00:00,6012201900055556,09052229000144,SOUZA COMPEC ENGENHARIA E CONSTRUÇÕES LTDA,21235,2019,07,Fundo Municipal de Desenvolvimento Social,10,Fundo Municipal de Desenvolvimento Social,15,Urbanismo,452,Serviços Urbanos,3022,Requalificação e promoção da ocupação dos espaços públicos,1137,Pavimentação e Recapeamento de Vias - Programa de Metas 3.a,4,Despesas de Capital,4,Investimentos,90,Aplicações Diretas,39,Manutenção e Conservação de Bens Imóveis,08,Tesouro Municipal - Recursos Vinculados,1,Manutenção e Reformas de Bens Imóveis,1,Outros Serviços de Terceiros - Pessoa Jurídica,552515.86,552515.86,0.0,0.0,0.0,0.0,"[{'siglaUnidadeMedida': 'UN', 'descricaoAnexo': 'PRESTAÇÃO DE SERVIÇOS DE CONSERVAÇÃO DA MALHA VIÁRIA', 'qtdeAnexo': 1, 'valorUnitarioAnexo': 552515.86}]",,,,,,12
01,PREFEITURA DO MUNICÍPIO DE SÃO PAULO,46597,90629,2020,11,09/11/2020 00:00:00,6012201900066310,62162847000120,JOFEGE PAVIMENTACAO E CONSTRUCAO LTDA,27330,2019,07,Fundo Municipal de Desenvolvimento Social,10,Fundo Municipal de Desenvolvimento Social,15,Urbanismo,452,Serviços Urbanos,3022,Requalificação e promoção da ocupação dos espaços públicos,1137,Pavimentação e Recapeamento de Vias - Programa de Metas 3.a,4,Despesas de Capital,4,Investimentos,90,Aplicações Diretas,39,Manutenção e Conservação de Bens Imóveis,08,Tesouro Municipal - Recursos Vinculados,1,Manutenção e Reformas de Bens Imóveis,1,Outros Serviços de Terceiros - Pessoa Jurídica,1134196.89,1134196.89,0.0,0.0,0.0,0.0,"[{'siglaUnidadeMedida': 'UN', 'descricaoAnexo': 'PRESTAÇÃO DE SERVIÇOS DE CONSERVAÇÃO DA MALHA VIÁRIA', 'qtdeAnexo': 1, 'valorUnitarioAnexo': 1134196.89}]",,,,,,12
01,PREFEITURA DO MUNICÍPIO DE SÃO PAULO,46597,94080,2020,11,16/11/2020 00:00:00,6012201900022950,43677822000114,SOEBE CONSTRUÇÃO E PAVIMENTAÇÃO SA,21962,2019,07,Fundo Municipal de Desenvolvimento Social,10,Fundo Municipal de Desenvolvimento Social,15,Urbanismo,452,Serviços Urbanos,3022,Requalificação e promoção da ocupação dos espaços públicos,1137,Pavimentação e Recapeamento de Vias - Programa de Metas 3.a,4,Despesas de Capital,4,Investimentos,90,Aplicações Diretas,39,Manutenção e Conservação de Bens Imóveis,08,Tesouro Municipal - Recursos Vinculados,1,Manutenção e Reformas de Bens Imóveis,1,Outros Serviços de Terceiros - Pessoa Jurídica,392606.59,0.0,0.0,0.0,0.0,0.0,"[{'siglaUnidadeMedida': 'UN', 'descricaoAnexo': 'PRESTAÇÃO DE SERVIÇOS DE CONSERVAÇÃO E MANUTENÇÃO DA MALHA VIÁRIA.\n\n', 'qtdeAnexo': 1, 'valorUnitarioAnexo': 392606.59}]",,,,,,12
01,PREFEITURA DO MUNICÍPIO DE SÃO PAULO,46597,94085,2020,11,16/11/2020 00:00:00,6012201900079854,47218979000132,ARVEK TECNICA E CONSTRUCOES LTDA,26960,2019,07,Fundo Municipal de Desenvolvimento Social,10,Fundo Municipal de Desenvolvimento Social,15,Urbanismo,452,Serviços Urbanos,3022,Requalificação e promoção da ocupação dos espaços públicos,1137,Pavimentação e Recapeamento de Vias - Programa de Metas 3.a,4,Despesas de Capital,4,Investimentos,90,Aplicações Diretas,39,Manutenção e Conservação de Bens Imóveis,08,Tesouro Municipal - Recursos Vinculados,1,Manutenção e Reformas de Bens Imóveis,1,Outros Serviços de Terceiros - Pessoa Jurídica,1161648.57,0.0,443727.2,0.0,0.0,443727.2,"[{'siglaUnidadeMedida': 'UN', 'descricaoAnexo': 'PRESTAÇÃO DE SERVIÇOS DE CONSERVAÇÃO E MANUTENÇÃO DA MALHA VIÁRIA.\n\n', 'qtdeAnexo': 1, 'valorUnitarioAnexo': 1161648.57}]",,,,,,12
01,PREFEITURA DO MUNICÍPIO DE SÃO PAULO,46597,94090,2020,11,16/11/2020 00:00:00,6012201900079579,62162847000120,JOFEGE PAVIMENTACAO E CONSTRUCAO LTDA,26814,2019,07,Fundo Municipal de Desenvolvimento Social,10,Fundo Municipal de Desenvolvimento Social,15,Urbanismo,452,Serviços Urbanos,3022,Requalificação e promoção da ocupação dos espaços públicos,1137,Pavimentação e Recapeamento de Vias - Programa de Metas 3.a,4,Despesas de Capital,4,Investimentos,90,Aplicações Diretas,39,Manutenção e Conservação de Bens Imóveis,08,Tesouro Municipal - Recursos Vinculados,1,Manutenção e Reformas de Bens Imóveis,1,Outros Serviços de Terceiros - Pessoa Jurídica,1385276.43,0.0,0.0,0.0,0.0,0.0,"[{'siglaUnidadeMedida': 'U', 'descricaoAnexo': 'PRESTAÇÃO DE SERVIÇOS DE CONSERVAÇÃO E MANUTENÇÃO DA MALHA VIÁRIA.\n\n', 'qtdeAnexo': 1, 'valorUnitarioAnexo': 1385276.43}]",,,,,,12
01,PREFEITURA DO MUNICÍPIO DE SÃO PAULO,46597,94095,2020,11,16/11/2020 00:00:00,6012201900079862,60862331000162,CONSTRUÇÕES ENGENHARIA E PAVIMENTAÇÃO ENPAVI LTDA,27791,2019,07,Fundo Municipal de Desenvolvimento Social,10,Fundo Municipal de Desenvolvimento Social,15,Urbanismo,452,Serviços Urbanos,3022,Requalificação e promoção da ocupação dos espaços públicos,1137,Pavimentação e Recapeamento de Vias - Programa de Metas 3.a,4,Despesas de Capital,4,Investimentos,90,Aplicações Diretas,39,Manutenção e Conservação de Bens Imóveis,08,Tesouro Municipal - Recursos Vinculados,1,Manutenção e Reformas de Bens Imóveis,1,Outros Serviços de Terceiros - Pessoa Jurídica,293751.17,0.0,0.0,0.0,0.0,0.0,"[{'siglaUnidadeMedida': 'UN', 'descricaoAnexo': 'PRESTAÇÃO DE SERVIÇOS DE CONSERVAÇÃO E MANUTENÇÃO DA MALHA VIÁRIA.\n\n', 'qtdeAnexo': 1, 'valorUnitarioAnexo': 293751.17}]",,,,,,12
01,PREFEITURA DO MUNICÍPIO DE SÃO PAULO,63238,97444,2020,11,26/11/2020 00:00:00,6020202000114930,02120261000170,SHOP SIGNS OBRAS E SERVICOS LTDA,24545,2020,07,Fundo Municipal de Desenvolvimento Social,10,Fundo Municipal de Desenvolvimento Social,15,Urbanismo,451,Infra-Estrutura Urbana,3009,Melhoria da mobilidade urbana universal,5417,Projetos de Mobilidade Urbana Oriundos de Recursos de Desestatizações ,4,Despesas de Capital,4,Investimentos,90,Aplicações Diretas,39,Manutenção e Conservação de Bens Imóveis,08,Tesouro Municipal - Recursos Vinculados,1,Manutenção e Reformas de Bens Imóveis,1,Outros Serviços de Terceiros - Pessoa Jurídica,3989999.26,0.0,798021.07,0.0,0.0,798021.07,"[{'siglaUnidadeMedida': 'UN', 'descricaoAnexo': 'Serviços de manutenção do Sistema Cicloviário da Cidade de São Paulo – LOTE 4', 'qtdeAnexo': 1, 'valorUnitarioAnexo': 3989999.26}]",,,,,,12
01,PREFEITURA DO MUNICÍPIO DE SÃO PAULO,63238,97447,2020,11,26/11/2020 00:00:00,6020202000114973,07667763000130,BELLACON CONSTRUTORA E INCORPORADORA LTDA,24548,2020,07,Fundo Municipal de Desenvolvimento Social,10,Fundo Municipal de Desenvolvimento Social,15,Urbanismo,451,Infra-Estrutura Urbana,3009,Melhoria da mobilidade urbana universal,5417,Projetos de Mobilidade Urbana Oriundos de Recursos de Desestatizações ,4,Despesas de Capital,4,Investimentos,90,Aplicações Diretas,39,Manutenção e Conservação de Bens Imóveis,08,Tesouro Municipal - Recursos Vinculados,1,Manutenção e Reformas de Bens Imóveis,1,Outros Serviços de Terceiros - Pessoa Jurídica,4683226.27,0.0,4683226.27,0.0,0.0,4683226.27,"[{'siglaUnidadeMedida': 'UN', 'descricaoAnexo': 'Serviços de manutenção do Sistema Cicloviário da Cidade de São Paulo – LOTE 5', 'qtdeAnexo': 1, 'valorUnitarioAnexo': 4683226.27}]",,,,,,12
01,PREFEITURA DO MUNICÍPIO DE SÃO PAULO,63238,97449,2020,11,26/11/2020 00:00:00,6020202000114957,02120261000170,SHOP SIGNS OBRAS E SERVICOS LTDA,24550,2020,07,Fundo Municipal de Desenvolvimento Social,10,Fundo Municipal de Desenvolvimento Social,15,Urbanismo,451,Infra-Estrutura Urbana,3009,Melhoria da mobilidade urbana universal,5417,Projetos de Mobilidade Urbana Oriundos de Recursos de Desestatizações ,4,Despesas de Capital,4,Investimentos,90,Aplicações Diretas,39,Manutenção e Conservação de Bens Imóveis,08,Tesouro Municipal - Recursos Vinculados,1,Manutenção e Reformas de Bens Imóveis,1,Outros Serviços de Terceiros - Pessoa Jurídica,3657492.53,0.0,1813046.46,0.0,0.0,1813046.46,"[{'siglaUnidadeMedida': 'UN', 'descricaoAnexo': 'Serviços de manutenção do Sistema Cicloviário da Cidade de São Paulo – LOTE 2', 'qtdeAnexo': 1, 'valorUnitarioAnexo': 3657492.53}]",,,,,,12
01,PREFEITURA DO MUNICÍPIO DE SÃO PAULO,67037,100382,2020,12,07/12/2020 00:00:00,6020201700017751,60498417000158,SAO PAULO TRANSPORTE SA,26735,2017,07,Fundo Municipal de Desenvolvimento Social,10,Fundo Municipal de Desenvolvimento Social,15,Urbanismo,451,Infra-Estrutura Urbana,3009,Melhoria da mobilidade urbana universal,5417,Projetos de Mobilidade Urbana Oriundos de Recursos de Desestatizações ,4,Despesas de Capital,4,Investimentos,90,Aplicações Diretas,51,Obras em Andamento - Uso Comum do Povo,08,Tesouro Municipal - Recursos Vinculados,1,Sistemas Viários ,8,Obras e Instalações,10000000.0,0.0,10000000.0,0.0,0.0,10000000.0,"[{'siglaUnidadeMedida': 'UN', 'descricaoAnexo': 'CONVÊNIO 01/2017 - SMT/SPTRANS', 'qtdeAnexo': 1, 'valorUnitarioAnexo': 10000000.0}]",,,,,,12
01,PREFEITURA DO MUNICÍPIO DE SÃO PAULO,63238,102212,2020,12,11/12/2020 00:00:00,6020202000123832,03643992000163,BB ENGENHARIA E CONSTRUCOES S A,27111,2020,07,Fundo Municipal de Desenvolvimento Social,10,Fundo Municipal de Desenvolvimento Social,15,Urbanismo,451,Infra-Estrutura Urbana,3009,Melhoria da mobilidade urbana universal,5417,Projetos de Mobilidade Urbana Oriundos de Recursos de Desestatizações ,4,Despesas de Capital,4,Investimentos,90,Aplicações Diretas,39,Manutenção e Conservação de Bens Imóveis,08,Tesouro Municipal - Recursos Vinculados,1,Manutenção e Reformas de Bens Imóveis,1,Outros Serviços de Terceiros - Pessoa Jurídica,2294014.74,2294014.74,0.0,0.0,0.0,0.0,"[{'siglaUnidadeMedida': 'UN', 'descricaoAnexo': 'Serviços de manutenção do Sistema Cicloviário da Cidade de São Paulo – LOTE 1', 'qtdeAnexo': 1, 'valorUnitarioAnexo': 2294014.74}]",,,,,,12
01,PREFEITURA DO MUNICÍPIO DE SÃO PAULO,63238,102215,2020,12,11/12/2020 00:00:00,6020202000095073,03643992000163,BB ENGENHARIA E CONSTRUCOES S A,27111,2020,07,Fundo Municipal de Desenvolvimento Social,10,Fundo Municipal de Desenvolvimento Social,15,Urbanismo,451,Infra-Estrutura Urbana,3009,Melhoria da mobilidade urbana universal,5417,Projetos de Mobilidade Urbana Oriundos de Recursos de Desestatizações ,4,Despesas de Capital,4,Investimentos,90,Aplicações Diretas,39,Manutenção e Conservação de Bens Imóveis,08,Tesouro Municipal - Recursos Vinculados,1,Manutenção e Reformas de Bens Imóveis,1,Outros Serviços de Terceiros - Pessoa Jurídica,2179314.0,0.0,626770.64,0.0,0.0,626770.64,"[{'siglaUnidadeMedida': 'UN', 'descricaoAnexo': ' Serviços de manutenção do Sistema Cicloviário da Cidade de São Paulo – LOTE 1', 'qtdeAnexo': 1, 'valorUnitarioAnexo': 2179314.0}]",,,,,,12
01,PREFEITURA DO MUNICÍPIO DE SÃO PAULO,63238,102985,2020,12,11/12/2020 00:00:00,6020202000095073,07667763000130,BELLACON CONSTRUTORA E INCORPORADORA LTDA,24548,2020,07,Fundo Municipal de Desenvolvimento Social,10,Fundo Municipal de Desenvolvimento Social,15,Urbanismo,451,Infra-Estrutura Urbana,3009,Melhoria da mobilidade urbana universal,5417,Projetos de Mobilidade Urbana Oriundos de Recursos de Desestatizações ,4,Despesas de Capital,4,Investimentos,90,Aplicações Diretas,39,Manutenção e Conservação de Bens Imóveis,08,Tesouro Municipal - Recursos Vinculados,1,Manutenção e Reformas de Bens Imóveis,1,Outros Serviços de Terceiros - Pessoa Jurídica,246485.59,0.0,244935.79,0.0,0.0,244935.79,"[{'siglaUnidadeMedida': 'UN', 'descricaoAnexo': 'Serviços de manutenção do Sistema Cicloviário da Cidade de São Paulo – LOTE 5', 'qtdeAnexo': 1, 'valorUnitarioAnexo': 246485.59}]",,,,,,12
