codReceita,txtDescricaoReceita,modifiedMode,usuarioOperacao
1000000000000000000000000,RECEITAS CORRENTES,5,
1100000000000000000000000,"IMPOSTOS, TAXAS E CONTRIBUIÇÕES DE MELHORIA",5,
1110000000000000000000000,IMPOSTOS,5,
1111000000000000000000000,IMPOSTOS SOBRE O COMÉRCIO EXTERIOR,5,
1111010000000000000000000,IMPOSTO SOBRE A IMPORTAÇÃO,5,
1111011000000000000000000,IMPOSTO SOBRE A IMPORTAÇÃO,5,
1111020000000000000000000,IMPOSTO SOBRE A EXPORTAÇÃO,5,
1111021000000000000000000,IMPOSTO SOBRE A EXPORTAÇÃO,5,
1112000000000000000000000,IMPOSTOS SOBRE O PATRIMÔNIO,5,
1112010000000000000000000,IMPOSTO SOBRE A PROPRIEDADE TERRITORIAL RURAL,5,
1112011000000000000000000,IMPOSTO SOBRE A PROPRIEDADE TERRITORIAL RURAL - MUNICÍPIOS CONVENIADOS,5,
1112012000000000000000000,IMPOSTO SOBRE A PROPRIEDADE TERRITORIAL RURAL - MUNICÍPIOS NÃO-CONVENIADOS,5,
1113000000000000000000000,IMPOSTOS SOBRE A RENDA E PROVENTOS DE QUALQUER NATUREZA,5,
1113010000000000000000000,IMPOSTO SOBRE A RENDA DE PESSOA FÍSICA - IRPF,5,
1113011000000000000000000,IMPOSTO SOBRE A RENDA DE PESSOA FÍSICA - IRPF,5,
1113020000000000000000000,IMPOSTO SOBRE A RENDA DE PESSOA JURÍDICA - IRPJ - LÍQUIDA DE INCENTIVOS,5,
1113021000000000000000000,IMPOSTO SOBRE A RENDA DE PESSOA JURÍDICA - IRPJ - LÍQUIDA DE INCENTIVOS,5,
1113030000000000000000000,IMPOSTO SOBRE A RENDA - RETIDO NA FONTE,5,
1113031000000000000000000,IMPOSTO SOBRE A RENDA - RETIDO NA FONTE - TRABALHO,5,
1113031100000000000000000,IMPOSTO SOBRE A RENDA - RETIDO NA FONTE - TRABALHO - PRINCIPAL,5,
1113031101000000000000000,IMPOSTO SOBRE A RENDA - RETIDO NA FONTE - TRABALHO - PRINCIPAL - PF,5,
1113031101000000001100000,IMPOSTO SOBRE A RENDA - RETIDO NA FONTE - TRABALHO - PF,5,
1113031101000000001101000,Imposto sobre a Renda - Retido na Fonte - Trabalho - PF,5,
1113031101000000001109000,TOTAL DEDUÇÕES DO IMPOSTO SOBRE A RENDA - RETIDO NA FONTE - TRABALHO - PF,5,
1113031101000000001109001,Deduções do Imposto sobre a Renda - Retido na Fonte - Trabalho - PF,5,
1113031200000000000000000,IMPOSTO SOBRE A RENDA - RETIDO NA FONTE - TRABALHO - MULTAS E JUROS,5,
1113031201000000000000000,IMPOSTO SOBRE A RENDA - RETIDO NA FONTE - TRABALHO - PF - MULTAS E JUROS,5,
1113031201000000001100000,IMPOSTO SOBRE A RENDA - RETIDO NA FONTE - TRABALHO - PF - MULTAS E JUROS,5,
1113031201000000001101000,Imposto sobre a Renda - Retido na Fonte - Trabalho - PF - Multas e Juros,5,
1113031201000000001109000,TOTAL DE DEDUÇÕES DO IMPOSTO SOBRE A RENDA - RETIDO NA FONTE - TRABALHO - PF - MULTAS E JUROS,5,
1113031201000000001109001,Deduções do Imposto sobre a Renda - Retido na Fonte - Trabalho - PF - Multas e Juros,5,
1113032000000000000000000,IMPOSTO SOBRE A RENDA - RETIDO NA FONTE - CAPITAL,5,
1113032100000000000000000,IMPOSTO SOBRE A RENDA - RETIDO NA FONTE - CAPITAL - PRINCIPAL,5,
1113032101000000000000000,IMPOSTO SOBRE A RENDA - RETIDO NA FONTE - CAPITAL - PRINCIPAL - PF,5,
1113032101000000001100000,IMPOSTO SOBRE A RENDA - RETIDO NA FONTE - CAPITAL - PRINCIPAL - PF,5,
1113032101000000001101000,Imposto sobre a Renda - Retido na Fonte - Capital - PF,5,
1113032101000000001109000,TOTAL DEDUÇÕES DO IMPOSTO SOBRE A RENDA - RETIDO NA FONTE - CAPITAL - PF,5,
1113032101000000001109001,Deduções do Imposto sobre a Renda - Retido na Fonte - Capital - PF,5,
1113033000000000000000000,IMPOSTO SOBRE A RENDA - RETIDO NA FONTE - REMESSA AO EXTERIOR,5,
1113033100000000000000000,IMPOSTO SOBRE A RENDA - RETIDO NA FONTE - REMESSA AO EXTERIOR - PRINCIPAL,5,
1113033101000000000000000,IMPOSTO SOBRE A RENDA - RETIDO NA FONTE - REMESSA AO EXTERIOR - PRINCIPAL - PF,5,
1113033101000000001100000,IMPOSTO SOBRE A RENDA - RETIDO NA FONTE - REMESSA AO EXTERIOR - PF,5,
1113033101000000001101000,Imposto sobre a Renda - Retido na Fonte - Remessa ao Exterior - PF,5,
1113033101000000001109000,TOTAL DE DEDUÇÕES DO IMPOSTO SOBRE A RENDA - RETIDO NA FONTE - REMESSA AO EXTERIOR - PF,5,
1113033101000000001109001,Deduções do Imposto sobre a Renda - Retido na Fonte - Remessa ao Exterior - PF,5,
1113033102000000000000000,IMPOSTO SOBRE A RENDA - RETIDO NA FONTE - REMESSA AO EXTERIOR - PRINCIPAL - PJ,5,
1113033102000000001100000,IMPOSTO SOBRE A RENDA - RETIDO NA FONTE - REMESSA AO EXTERIOR - PJ,5,
1113033102000000001101000,Imposto sobre a Renda - Retido na Fonte - Remessa ao Exterior - PJ,5,
1113033102000000001109000,TOTAL DE DEDUÇÕES DO IMPOSTO SOBRE A RENDA - RETIDO NA FONTE - REMESSA AO EXTERIOR - PJ,5,
1113033102000000001109001,Deduções do Imposto sobre a Renda - Retido na Fonte - Remessa ao Exterior - PJ,5,
1113033200000000000000000,IMPOSTO SOBRE A RENDA - RETIDO NA FONTE - REMESSA AO EXTERIOR - MULTAS E JUROS,5,
1113033201000000000000000,IMPOSTO SOBRE A RENDA - RETIDO NA FONTE - REMESSA AO EXTERIOR - PF - MULTAS E JUROS,5,
1113033201000000001100000,IMPOSTO SOBRE A RENDA - RETIDO NA FONTE - REMESSA AO EXTERIOR - PF - MULTAS E JUROS,5,
1113033201000000001101000,Imposto sobre a Renda - Retido na Fonte - Remessa ao Exterior - PF - Multas e Juros,5,
1113033201000000001109000,TOTAL DE DEDUÇÕES DO IMPOSTO SOBRE A RENDA - RETIDO NA FONTE - REMESSA AO EXTERIOR - PF - MULTAS E J,5,
1113033201000000001109001,Deduções do Imposto sobre a Renda - Retido na Fonte - Remessa ao Exterior - PF - Multas e Juros,5,
1113033202000000000000000,IMPOSTO SOBRE A RENDA - RETIDO NA FONTE - REMESSA AO EXTERIOR - PJ - MULTAS E JUROS,5,
1113033202000000001100000,IMPOSTO SOBRE A RENDA - RETIDO NA FONTE - REMESSA AO EXTERIOR - PJ - MULTAS E JUROS,5,
1113033202000000001101000,Imposto sobre a Renda - Retido na Fonte - Remessa ao Exterior - PJ - Multas e Juros,5,
1113033202000000001109000,TOTAL DE DEDUÇÕES DO IMPOSTO SOBRE A RENDA - RETIDO NA FONTE - REMESSA AO EXTERIOR - PJ - MULTAS E J,5,
1113033202000000001109001,Deduções do Imposto sobre a Renda - Retido na Fonte - Remessa ao Exterior - PJ - Multas e Juros,5,
1113034000000000000000000,IMPOSTO SOBRE A RENDA - RETIDO NA FONTE - OUTROS RENDIMENTOS,5,
1113034100000000000000000,IMPOSTO SOBRE A RENDA - RETIDO NA FONTE - OUTROS RENDIMENTOS - PRINCIPAL,5,
1113034101000000000000000,IMPOSTO SOBRE A RENDA - RETIDO NA FONTE - OUTROS RENDIMENTOS - PRINCIPAL - PF,5,
1113034101000000001100000,IMPOSTO SOBRE A RENDA - RETIDO NA FONTE - OUTROS RENDIMENTOS - PF,5,
1113034101000000001101000,Imposto sobre a Renda - Retido na Fonte - Outros Rendimentos - PF,5,
1113034101000000001109000,TOTAL DE DEDUÇÕES DO IMPOSTO SOBRE A RENDA - RETIDO NA FONTE - OUTROS RENDIMENTOS - PF,5,
1113034101000000001109001,Deduções do Imposto sobre a Renda - Retido na Fonte - Outros Rendimentos - PF,5,
1113034102000000000000000,IMPOSTO SOBRE A RENDA - RETIDO NA FONTE - OUTROS RENDIMENTOS - PRINCIPAL - PJ,5,
1113034102000000001100000,IMPOSTO SOBRE A RENDA - RETIDO NA FONTE - OUTROS RENDIMENTOS - PJ,5,
1113034102000000001101000,Imposto sobre a Renda - Retido na Fonte - Outros Rendimentos - PJ,5,
1113034102000000001109000,TOTAL DE DEDUÇÕES DO IMPOSTO SOBRE A RENDA - RETIDO NA FONTE - OUTROS RENDIMENTOS - PJ,5,
1113034102000000001109001,Deduções do Imposto sobre a Renda - Retido na Fonte - Outros Rendimentos - PJ,5,
1113034200000000000000000,IMPOSTO SOBRE A RENDA - RETIDO NA FONTE - OUTROS RENDIMENTOS - MULTAS E JUROS,5,
1113034201000000000000000,IMPOSTO SOBRE A RENDA - RETIDO NA FONTE - OUTROS RENDIMENTOS - PF - MULTAS E JUROS,5,
1113034201000000001100000,RECEITA DE IMPOSTO SOBRE A RENDA - RETIDO NA FONTE - OUTROS RENDIMENTOS - PF - MULTAS E JUROS,5,
1113034201000000001101000,Imposto sobre a Renda - Retido na Fonte - Outros Rendimentos - PF - Multas e Juros,5,
1113034201000000001109000,TOTAL DE DEDUÇÕES DO IMPOSTO SOBRE A RENDA - RETIDO NA FONTE - OUTROS RENDIMENTOS - PF - MULTAS E JU,5,
1113034201000000001109001,Deduções do Imposto sobre a Renda - Retido na Fonte - Outros Rendimentos - PF - Multas e Juros,5,
1113034202000000000000000,IMPOSTO SOBRE A RENDA - RETIDO NA FONTE - OUTROS RENDIMENTOS - PJ - MULTAS E JUROS,5,
1113034202000000001100000,IMPOSTO SOBRE A RENDA - RETIDO NA FONTE - OUTROS RENDIMENTOS - PJ - MULTAS E JUROS,5,
1113034202000000001101000,Imposto sobre a Renda - Retido na Fonte - Outros Rendimentos - PJ - Multas e Juros,5,
1113034202000000001109000,TOTAL DE DEDUÇÕES DO IMPOSTO SOBRE A RENDA - RETIDO NA FONTE - OUTROS RENDIMENTOS - PJ - MULTAS E JU,5,
1113034202000000001109001,Deduções do Imposto sobre a Renda - Retido na Fonte - Outros Rendimentos - PJ - Multas e Juros,5,
1114000000000000000000000,IMPOSTOS SOBRE A PRODUÇÃO,5,
1114010000000000000000000,IMPOSTO SOBRE PRODUTOS INDUSTRIALIZADOS - IPI,5,
1114011000000000000000000,IMPOSTO SOBRE PRODUTOS INDUSTRIALIZADOS - IPI - FUMO,5,
1114012000000000000000000,IMPOSTO SOBRE PRODUTOS INDUSTRIALIZADOS - IPI- BEBIDAS,5,
1114013000000000000000000,IMPOSTO SOBRE PRODUTOS INDUSTRIALIZADOS - IPI - AUTOMÓVEIS,5,
1114014000000000000000000,IMPOSTO SOBRE PRODUTOS INDUSTRIALIZADOS - IPI - VINCULADOS À IMPORTAÇÃO,5,
1114015000000000000000000,IMPOSTO SOBRE PRODUTOS INDUSTRIALIZADOS - IPI - OUTROS PRODUTOS,5,
1115000000000000000000000,"IMPOSTOS SOBRE OPERAÇÕES DE CRÉDITO, CÂMBIO E SEGURO, OU RELATIVAS A TÍTULOS OU VALORES MOBILIÁRIOS",5,
1115010000000000000000000,IMPOSTO SOBRE OPERAÇÕES FINANCEIRAS - IOF,5,
1115011000000000000000000,IMPOSTO SOBRE OPERAÇÕES FINANCEIRAS - IOF - OURO,5,
1115012000000000000000000,IMPOSTO SOBRE OPERAÇÕES FINANCEIRAS - IOF - DEMAIS OPERAÇÕES,5,
1118000000000000000000000,IMPOSTOS ESPECÍFICOS DE ESTADOS/DF MUNICÍPIOS,5,
1118010000000000000000000,IMPOSTOS SOBRE O PATRIMÔNIO PARA ESTADOS/DF/MUNICÍPIOS,5,
1118011000000000000000000,IMPOSTO SOBRE A PROPRIEDADE PREDIAL E TERRITORIAL URBANA,5,
1118011100000000000000000,IMPOSTO SOBRE A PROPRIEDADE PREDIAL E TERRITORIAL URBANA - PRINCIPAL,5,
1118011101000000000000000,IMPOSTO SOBRE A PROPRIEDADE PREDIAL E TERRITORIAL URBANA,5,
1118011101000000001100000,IMPOSTO SOBRE A PROPRIEDADE PREDIAL E TERRITORIAL URBANA,5,
1118011101000000001101000,Imposto sobre a Propriedade Predial e Territorial Urbana,5,
1118011101000000001109000,TOTAL DE DEDUÇÕES DO IMPOSTO SOBRE A PROPRIEDADE PREDIAL E TERRITORIAL URBANA,5,
1118011101000000001109001,Deduções do Imposto sobre a Propriedade Predial e Territorial Urbana,5,
1118011101000000001200000,TOTAL PARCELAMENTO IMPOSTO SOBRE A PROPRIEDADE PREDIAL E TERRITORIAL URBANA,5,
1118011101000000001201000,PARCELAMENTO IMPOSTO SOBRE A PROPRIEDADE PREDIAL E TERRITORIAL URBANA,5,
1118011101000000001201001,PPI - Imposto sobre a Propriedade Predial e Territorial Urbana,5,
1118011101000000001201002,PAT - Imposto sobre a Propriedade Predial e Territorial Urbana,5,
1118011101000000001201003,PISN - Imposto sobre a Propriedade Predial e Territorial Urbana,5,
1118011101000000001209000,TOTAL DEDUÇÕES PARCELAMENTO IMPOSTO SOBRE A PROPRIEDADE PREDIAL E TERRITORIAL URBANA,5,
1118011101000000001209001,Deduções PPI - Imposto sobre a Propriedade Predial e Territorial Urbana,5,
1118011101000000001209002,Deduções PAT - Imposto sobre a Propriedade Predial e Territorial Urbana,5,
1118011101000000001209003,Deduções PISN - Imposto sobre a Propriedade Predial e Territorial Urbana,5,
1118011200000000000000000,IMPOSTO SOBRE A PROPRIEDADE PREDIAL E TERRITORIAL URBANA - MULTAS E JUROS,5,
1118011201000000000000000,IMPOSTO SOBRE A PROPRIEDADE PREDIAL E TERRITORIAL URBANA - MULTAS E JUROS,5,
1118011201000000001100000,IMPOSTO SOBRE A PROPRIEDADE PREDIAL E TERRITORIAL URBANA - MULTAS E JUROS,5,
1118011201000000001101000,Imposto sobre a Propriedade Predial e Territorial Urbana - Multas e Juros,5,
1118011201000000001109000,TOTAL DE DEDUÇÕES IMPOSTO SOBRE A PROPRIEDADE PREDIAL E TERRITORIAL URBANA - MULTAS E JUROS,5,
1118011201000000001109001,Deduções do Imposto sobre a Propriedade Predial e Territorial Urbana - Multas e Juros,5,
1118011201000000001200000,PARCELAMENTO IMPOSTO SOBRE A PROPRIEDADE PREDIAL E TERRITORIAL URBANA - MULTAS E JUROS,5,
1118011201000000001201000,TOTAL PARCELAMENTO IMPOSTO SOBRE A PROPRIEDADE PREDIAL E TERRITORIAL URBANA - MULTAS E JUROS,5,
1118011201000000001201001,PPI - Imposto sobre a Propriedade Predial e Territorial Urbana - Multas e Juros,5,
1118011201000000001201002,PAT - Imposto sobre a Propriedade Predial e Territorial Urbana - Multas e Juros,5,
1118011201000000001201003,PISN - Imposto sobre a Propriedade Predial e Territorial Urbana - Multas e Juros,5,
1118011201000000001209000,TOTAL DEDUÇÕES PARCELAMENTO IMPOSTO SOBRE A PROPRIEDADE PREDIAL E TERRITORIAL URBANA - MULTAS E JURO,5,
1118011201000000001209001,Deduções PPI - Imposto sobre a Propriedade Predial e Territorial Urbana - Multas e Juros,5,
1118011201000000001209002,Deduções PAT - Imposto sobre a Propriedade Predial e Territorial Urbana - Multas e Juros,5,
1118011201000000001209003,Deduções PISN - Imposto sobre a Propriedade Predial e Territorial Urbana - Multas e Juros,5,
1118011300000000000000000,IMPOSTO SOBRE A PROPRIEDADE PREDIAL E TERRITORIAL URBANA - DÍVIDA ATIVA,5,
1118011301000000000000000,IMPOSTO SOBRE A PROPRIEDADE PREDIAL E TERRITORIAL URBANA - DÍVIDA ATIVA,5,
1118011301000000001100000,IMPOSTO SOBRE A PROPRIEDADE PREDIAL E TERRITORIAL URBANA - DÍVIDA ATIVA,5,
1118011301000000001101000,Imposto sobre a Propriedade Predial e Territorial Urbana - Dívida Ativa,5,
1118011301000000001109000,TOTAL DEDUÇÕES IMPOSTO SOBRE A PROPRIEDADE PREDIAL E TERRITORIAL URBANA - DÍVIDA ATIVA,5,
1118011301000000001109001,Deduções Imposto sobre a Propriedade Predial e Territorial Urbana - Dívida Ativa,5,
1118011301000000001200000,PARCELAMENTO IMPOSTO SOBRE A PROPRIEDADE PREDIAL E TERRITORIAL URBANA - DÍVIDA ATIVA,5,
1118011301000000001201000,TOTAL PARCELAMENTO IMPOSTO SOBRE A PROPRIEDADE PREDIAL E TERRITORIAL URBANA - DÍVIDA ATIVA,5,
1118011301000000001201001,PPI - Imposto sobre a Propriedade Predial e Territorial Urbana - Dívida Ativa,5,
1118011301000000001201002,PAT - Imposto sobre a Propriedade Predial e Territorial Urbana - Dívida Ativa,5,
1118011301000000001201003,PISN - Imposto sobre a Propriedade Predial e Territorial Urbana - Dívida Ativa,5,
1118011301000000001201006,PEQ - Imposto sobre a Propriedade Predial e Territorial Urbana - Dívida Ativa,5,
1118011301000000001209000,TOTAL DEDUÇÕES PARCELAMENTO IMPOSTO SOBRE A PROPRIEDADE PREDIAL E TERRITORIAL URBANA - DÍVIDA ATIVA,5,
1118011301000000001209001,Deduções PPI - Imposto sobre a Propriedade Predial e Territorial Urbana - Dívida Ativa,5,
1118011301000000001209002,Deduções PAT - Imposto sobre a Propriedade Predial e Territorial Urbana - Dívida Ativa,5,
1118011301000000001209003,Deduções PISN - Imposto sobre a Propriedade Predial e Territorial Urbana - Dívida Ativa,5,
1118011301000000001209006,PEQ - Deduções Imposto sobre a Propriedade Predial e Territorial Urbana - Dívida Ativa,5,
1118011400000000000000000,IMPOSTO SOBRE A PROPRIEDADE PREDIAL E TERRITORIAL URBANA - DÍVIDA ATIVA - MULTAS E JUROS,5,
1118011401000000000000000,IMPOSTO SOBRE A PROPRIEDADE PREDIAL E TERRITORIAL URBANA - DÍVIDA ATIVA - MULTAS E JUROS,5,
1118011401000000001100000,IMPOSTO SOBRE A PROPRIEDADE PREDIAL E TERRITORIAL URBANA - DÍVIDA ATIVA - MULTAS E JUROS,5,
1118011401000000001101000,Imposto sobre a Propriedade Predial e Territorial Urbana - Dívida Ativa - Multas e Juros,5,
1118011401000000001109000,TOTAL DEDUÇÕES IMPOSTO SOBRE A PROPRIEDADE PREDIAL E TERRITORIAL URBANA - DÍVIDA ATIVA - MULTAS E JU,5,
1118011401000000001109001,Deduções Imposto sobre a Propriedade Predial e Territorial Urbana - Dívida Ativa - Multas e Juros,5,
1118011401000000001200000,PARCELAMENTO IMPOSTO SOBRE A PROPRIEDADE PREDIAL E TERRITORIAL URBANA - DÍVIDA ATIVA - MULTAS E JURO,5,
1118011401000000001201000,TOTAL PARCELAMENTO IMPOSTO SOBRE A PROPRIEDADE PREDIAL E TERRITORIAL URBANA - DÍVIDA ATIVA - MULTAS ,5,
1118011401000000001201001,PPI - Imposto sobre a Propriedade Predial e Territorial Urbana - Dívida Ativa - Multas e Juros,5,
1118011401000000001201002,PAT - Imposto sobre a Propriedade Predial e Territorial Urbana - Dívida Ativa - Multas e Juros,5,
1118011401000000001201003,PISN - Imposto sobre a Propriedade Predial e Territorial Urbana - Dívida Ativa - Multas e Juros,5,
1118011401000000001201006,PEQ - Imposto sobre a Propriedade Predial e Territorial Urbana - Dívida Ativa - Multas e Juros,5,
1118011401000000001209000,TOTAL DEDUÇÕES PARCELAMENTO IMPOSTO SOBRE A PROPRIEDADE PREDIAL E TERRITORIAL URBANA - DÍVIDA ATIVA ,5,
1118011401000000001209001,Deduções PPI - Imposto sobre a Propriedade Predial e Territorial Urbana - Dívida Ativa - Multas e Ju,5,
1118011401000000001209002,Deduções PAT - Imposto sobre a Propriedade Predial e Territorial Urbana - Dívida Ativa - Multas e Ju,5,
1118011401000000001209003,Deduções PISN - Imposto sobre a Propriedade Predial e Territorial Urbana - Dívida Ativa - Multas e J,5,
1118011401000000001209006,PEQ - Deduções Imposto sobre a Propriedade Predial e Territorial Urbana - Dívida Ativa - Multas e Ju,5,
1118012000000000000000000,IMPOSTO SOBRE A PROPRIEDADE DE VEÍCULOS AUTOMOTORES,5,
1118013000000000000000000,"IMPOSTO SOBRE TRANSMISSÃO CAUSA MORTIS ""E DOAÇÃO DE BENS E DIREITOS""",5,
1118014000000000000000000,"IMPOSTO SOBRE TRANSMISSÃO INTER VIVOS ""DE BENS IMÓVEIS E DE DIREITOS REAIS SOBRE IMÓVEIS""",5,
1118014100000000000000000,"IMPOSTO SOBRE TRANSMISSÃO INTER VIVOS ""DE BENS IMÓVEIS E DE DIREITOS REAIS SOBRE IMÓVEIS - PRINCIPAL",5,
1118014101000000000000000,"IMPOSTO SOBRE TRANSMISSÃO INTER VIVOS ""DE BENS IMÓVEIS E DE DIREITOS REAIS SOBRE IMÓVEIS""",5,
1118014101000000001100000,"IMPOSTO SOBRE TRANSMISSÃO INTER VIVOS ""DE BENS IMÓVEIS E DE DIREITOS REAIS SOBRE IMÓVEIS""",5,
1118014101000000001101000,"Imposto sobre Transmissão Inter Vivos ""de Bens Imóveis e de Direitos Reais sobre Imóveis""",5,
1118014101000000001109000,"TOTAL DEDUÇÕES IMPOSTO SOBRE TRANSMISSÃO INTER VIVOS ""DE BENS IMÓVEIS E DE DIREITOS REAIS SOBRE IMÓV",5,
1118014101000000001109001,"Deduções Imposto sobre Transmissão Inter Vivos ""de Bens Imóveis e de Direitos Reais sobre Imóveis""",5,
1118014101000000001200000,"PARCELAMENTO IMPOSTO SOBRE TRANSMISSÃO INTER VIVOS ""DE BENS IMÓVEIS E DE DIREITOS REAIS SOBRE IMÓVEI",5,
1118014101000000001201000,"TOTAL PARCELAMENTO IMPOSTO SOBRE TRANSMISSÃO INTER VIVOS ""DE BENS IMÓVEIS E DE DIREITOS REAIS SOBRE ",5,
1118014101000000001201001,"PPI - Imposto sobre Transmissão Inter Vivos ""de Bens Imóveis e de Direitos Reais sobre Imóveis""",5,
1118014101000000001201002,"PAT - Imposto sobre Transmissão Inter Vivos ""de Bens Imóveis e de Direitos Reais sobre Imóveis""",5,
1118014101000000001201003,"PISN - Imposto sobre Transmissão Inter Vivos ""de Bens Imóveis e de Direitos Reais sobre Imóveis""",5,
1118014101000000001209000,"TOTAL DEDUÇÕES RECEITA DE PARCELAMENTO IMPOSTO SOBRE TRANSMISSÃO INTER VIVOS ""DE BENS IMÓVEIS E DE D",5,
1118014101000000001209001,"Deduções PPI - Imposto sobre Transmissão Inter Vivos ""de Bens Imóveis e de Direitos Reais sobre Imóv",5,
1118014101000000001209002,"Deduções PAT - Imposto sobre Transmissão Inter Vivos ""de Bens Imóveis e de Direitos Reais sobre Imóv",5,
1118014101000000001209003,"Deduções PISN - Imposto sobre Transmissão Inter Vivos ""de Bens Imóveis e de Direitos Reais sobre Imó",5,
1118014200000000000000000,"IMPOSTO SOBRE TRANSMISSÃO INTER VIVOS ""DE BENS IMÓVEIS E DE DIREITOS REAIS SOBRE IMÓVEIS - MULTAS E ",5,
1118014201000000000000000,"IMPOSTO SOBRE TRANSMISSÃO INTER VIVOS ""DE BENS IMÓVEIS E DE DIREITOS REAIS SOBRE IMÓVEIS - MULTAS E ",5,
1118014201000000001100000,"IMPOSTO SOBRE TRANSMISSÃO INTER VIVOS ""DE BENS IMÓVEIS E DE DIREITOS REAIS SOBRE IMÓVEIS - MULTAS E ",5,
1118014201000000001101000,"Imposto sobre Transmissão Inter Vivos ""de Bens Imóveis e de Direitos Reais sobre Imóveis - Multas e ",5,
1118014201000000001109000,"TOTAL DEDUÇÕES IMPOSTO SOBRE TRANSMISSÃO INTER VIVOS ""DE BENS IMÓVEIS E DE DIREITOS REAIS SOBRE IMÓV",5,
1118014201000000001109001,"Deduções Imposto sobre Transmissão Inter Vivos ""de Bens Imóveis e de Direitos Reais sobre Imóveis - ",5,
1118014201000000001200000,"PARCELAMENTO IMPOSTO SOBRE TRANSMISSÃO INTER VIVOS ""DE BENS IMÓVEIS E DE DIREITOS REAIS SOBRE IMÓVEI",5,
1118014201000000001201000,"TOTAL PARCELAMENTO IMPOSTO SOBRE TRANSMISSÃO INTER VIVOS ""DE BENS IMÓVEIS E DE DIREITOS REAIS SOBRE ",5,
1118014201000000001201001,"PPI - Imposto sobre Transmissão Inter Vivos ""de Bens Imóveis e de Direitos Reais sobre Imóveis - Mul",5,
1118014201000000001201002,"PAT - Imposto sobre Transmissão Inter Vivos ""de Bens Imóveis e de Direitos Reais sobre Imóveis - Mul",5,
1118014201000000001201003,"PISN - Imposto sobre Transmissão Inter Vivos ""de Bens Imóveis e de Direitos Reais sobre Imóveis . Mu",5,
1118014201000000001209000,"TOTAL DEDUÇÕES RECEITA DE PARCELAMENTO IMPOSTO SOBRE TRANSMISSÃO INTER VIVOS ""DE BENS IMÓVEIS E DE D",5,
1118014201000000001209001,"Deduções PPI - Imposto sobre Transmissão Inter Vivos ""de Bens Imóveis e de Direitos Reais sobre Imóv",5,
1118014201000000001209002,"Deduções PAT - Imposto sobre Transmissão Inter Vivos ""de Bens Imóveis e de Direitos Reais sobre Imóv",5,
1118014201000000001209003,"Deduções PISN - Imposto sobre Transmissão Inter Vivos ""de Bens Imóveis e de Direitos Reais sobre Imó",5,
1118014300000000000000000,"IMPOSTO SOBRE TRANSMISSÃO INTER VIVOS ""DE BENS IMÓVEIS E DE DIREITOS REAIS SOBRE IMÓVEIS - DÍVIDA AT",5,
1118014301000000000000000,"IMPOSTO SOBRE TRANSMISSÃO INTER VIVOS ""DE BENS IMÓVEIS E DE DIREITOS REAIS SOBRE IMÓVEIS - DÍVIDA AT",5,
1118014301000000001100000,"IMPOSTO SOBRE TRANSMISSÃO INTER VIVOS ""DE BENS IMÓVEIS E DE DIREITOS REAIS SOBRE IMÓVEIS - DÍVIDA AT",5,
1118014301000000001101000,"Imposto sobre Transmissão Inter Vivos ""de Bens Imóveis e de Direitos Reais sobre Imóveis - Dívida At",5,
1118014301000000001109000,"TOTAL DEDUÇÕES IMPOSTO SOBRE TRANSMISSÃO INTER VIVOS ""DE BENS IMÓVEIS E DE DIREITOS REAIS SOBRE IMÓV",5,
1118014301000000001109001,"Deduções Imposto sobre Transmissão Inter Vivos ""de Bens Imóveis e de Direitos Reais sobre Imóveis - ",5,
1118014301000000001200000,"PARCELAMENTO IMPOSTO SOBRE TRANSMISSÃO INTER VIVOS ""DE BENS IMÓVEIS E DE DIREITOS REAIS SOBRE IMÓVEI",5,
1118014301000000001201000,"TOTAL PARCELAMENTO IMPOSTO SOBRE TRANSMISSÃO INTER VIVOS ""DE BENS IMÓVEIS E DE DIREITOS REAIS SOBRE ",5,
1118014301000000001201001,"PPI - Imposto sobre Transmissão Inter Vivos ""de Bens Imóveis e de Direitos Reais sobre Imóveis - Dív",5,
1118014301000000001201002,"PAT - Imposto sobre Transmissão Inter Vivos ""de Bens Imóveis e de Direitos Reais sobre Imóveis - Dív",5,
1118014301000000001201003,"PISN - Imposto sobre Transmissão Inter Vivos ""de Bens Imóveis e de Direitos Reais sobre Imóveis - Dí",5,
1118014301000000001201006,PEQ - Imposto sobre Transmissão Inter Vivos de Bens Imóveis e de Direitos Reais sobre Imóveis - Dívi,5,
1118014301000000001209000,"TOTAL DEDUÇÕES PARCELAMENTO IMPOSTO SOBRE TRANSMISSÃO INTER VIVOS ""DE BENS IMÓVEIS E DE DIREITOS REA",5,
1118014301000000001209001,"Deduções PPI - Imposto sobre Transmissão Inter Vivos ""de Bens Imóveis e de Direitos Reais sobre Imóv",5,
1118014301000000001209002,"Deduções PAT - Imposto sobre Transmissão Inter Vivos ""de Bens Imóveis e de Direitos Reais sobre Imóv",5,
1118014301000000001209003,"Deduções PISN - Imposto sobre Transmissão Inter Vivos ""de Bens Imóveis e de Direitos Reais sobre Imó",5,
1118014301000000001209006,PEQ - Deduções Imposto sobre Transmissão Inter Vivos de Bens Imóveis e de Direitos Reais sobre Imóve,5,
1118014400000000000000000,"IMPOSTO SOBRE TRANSMISSÃO INTER VIVOS ""DE BENS IMÓVEIS E DE DIREITOS REAIS SOBRE IMÓVEIS - DÍVIDA AT",5,
1118014401000000000000000,"IMPOSTO SOBRE TRANSMISSÃO INTER VIVOS ""DE BENS IMÓVEIS E DE DIREITOS REAIS SOBRE IMÓVEIS - DÍVIDA AT",5,
1118014401000000001100000,"IMPOSTO SOBRE TRANSMISSÃO INTER VIVOS ""DE BENS IMÓVEIS E DE DIREITOS REAIS SOBRE IMÓVEIS - DÍVIDA AT",5,
1118014401000000001101000,"Imposto sobre Transmissão Inter Vivos ""de Bens Imóveis e de Direitos Reais sobre Imóveis - Dívida At",5,
1118014401000000001109000,"TOTAL DEDUÇÕES IMPOSTO SOBRE TRANSMISSÃO INTER VIVOS ""DE BENS IMÓVEIS E DE DIREITOS REAIS SOBRE IMÓV",5,
1118014401000000001109001,"Deduções Imposto sobre Transmissão Inter Vivos ""de Bens Imóveis e de Direitos Reais sobre Imóveis - ",5,
1118014401000000001200000,"PARCELAMENTO IMPOSTO SOBRE TRANSMISSÃO INTER VIVOS ""DE BENS IMÓVEIS E DE DIREITOS REAIS SOBRE IMÓVEI",5,
1118014401000000001201000,"TOTAL PARCELAMENTO IMPOSTO SOBRE TRANSMISSÃO INTER VIVOS ""DE BENS IMÓVEIS E DE DIREITOS REAIS SOBRE ",5,
1118014401000000001201001,"PPI - Imposto sobre Transmissão Inter Vivos ""de Bens Imóveis e de Direitos Reais sobre Imóveis - Dív",5,
1118014401000000001201002,"PAT - Imposto sobre Transmissão Inter Vivos ""de Bens Imóveis e de Direitos Reais sobre Imóveis - Dív",5,
1118014401000000001201003,"PISN - Imposto sobre Transmissão Inter Vivos ""de Bens Imóveis e de Direitos Reais sobre Imóveis - Dí",5,
1118014401000000001201006,PEQ - Imposto sobre Transmissão Inter Vivos de Bens Imóveis e de Direitos Reais sobre Imóveis - Dívi,5,
1118014401000000001209000,"TOTAL DEDUÇÕES PARCELAMENTO IMPOSTO SOBRE TRANSMISSÃO INTER VIVOS ""DE BENS IMÓVEIS E DE DIREITOS REA",5,
1118014401000000001209001,"Deduções PPI - Imposto sobre Transmissão Inter Vivos ""de Bens Imóveis e de Direitos Reais sobre Imóv",5,
1118014401000000001209002,"Deduções PAT - Imposto sobre Transmissão Inter Vivos ""de Bens Imóveis e de Direitos Reais sobre Imóv",5,
1118014401000000001209003,"Deduções PISN - Imposto sobre Transmissão Inter Vivos ""de Bens Imóveis e de Direitos Reais sobre Imó",5,
1118014401000000001209006,PEQ - Deduções Imposto sobre Transmissão Inter Vivos de Bens Imóveis e de Direitos Reais sobre Imóve,5,
1118020000000000000000000,"IMPOSTOS SOBRE A PRODUÇÃO, CIRCULAÇÃO DE MERCADORIAS E SERVIÇOS",5,
1118021000000000000000000,IMPOSTO SOBRE OPERAÇÕES RELATIVAS À CIRCULAÇÃO DE MERCADORIAS E SOBRE PRESTAÇÕES DE SERVIÇOS DE TRAN,5,
1118022000000000000000000,ADICIONAL ICMS - FUNDO ESTADUAL DE COMBATE À POBREZA,5,
1118023000000000000000000,IMPOSTO SOBRE SERVIÇOS DE QUALQUER NATUREZA,5,
1118023100000000000000000,IMPOSTO SOBRE SERVIÇOS DE QUALQUER NATUREZA - PRINCIPAL,5,
1118023101000000000000000,IMPOSTO SOBRE SERVIÇOS DE QUALQUER NATUREZA,5,
1118023101000000001100000,IMPOSTO SOBRE SERVIÇOS DE QUALQUER NATUREZA,5,
1118023101000000001101000,Imposto sobre Serviços de Qualquer Natureza,5,
1118023101000000001109000,TOTAL DEDUÇÕES IMPOSTO SOBRE SERVIÇOS DE QUALQUER NATUREZA,5,
1118023101000000001109001,Deduções Imposto sobre Serviços de Qualquer Natureza,5,
1118023101000000001200000,PARCELAMENTO IMPOSTO SOBRE SERVIÇOS DE QUALQUER NATUREZA,5,
1118023101000000001201000,TOTAL PARCELAMENTO IMPOSTO SOBRE SERVIÇOS DE QUALQUER NATUREZA,5,
1118023101000000001201001,PPI - Imposto sobre Serviços de Qualquer Natureza,5,
1118023101000000001201002,PAT - Imposto sobre Serviços de Qualquer Natureza,5,
1118023101000000001201003,PISN - Imposto sobre Serviços de Qualquer Natureza,5,
1118023101000000001201004,PRD - Imposto sobre Serviços de Qualquer Natureza,5,
1118023101000000001209000,TOTAL DEDUÇÕES PARCELAMENTO IMPOSTO SOBRE SERVIÇOS DE QUALQUER NATUREZA,5,
1118023101000000001209001,Deduções PPI - Imposto sobre Serviços de Qualquer Natureza,5,
1118023101000000001209002,Deduções PAT - Imposto sobre Serviços de Qualquer Natureza,5,
1118023101000000001209003,Deduções PISN - Imposto sobre Serviços de Qualquer Natureza,5,
1118023101000000001209004,Deduções PRD - Imposto sobre Serviços de Qualquer Natureza,5,
1118023102000000000000000,ISS - SISTEMA INTEGRADO - SIMPLES,5,
1118023102000000001100000,ISS - SISTEMA INTEGRADO - SIMPLES,5,
1118023102000000001101000,ISS - Sistema Integrado - Simples,5,
1118023102000000001109000,TOTAL DE DEDUÇÕES ISS - SISTEMA INTEGRADO - SIMPLES,5,
1118023102000000001109001,Deduções ISS - Sistema Integrado - Simples,5,
1118023103000000000000000,ISS - SIMPLES NACIONAL,5,
1118023103000000001100000,ISS - SIMPLES NACIONAL,5,
1118023103000000001101000,ISS - Simples Nacional,5,
1118023103000000001109000,TOTAL DE DEDUÇÕES ISS - SIMPLES NACIONAL,5,
1118023103000000001109001,Deduções ISS - Simples Nacional,5,
1118023200000000000000000,IMPOSTO SOBRE SERVIÇOS DE QUALQUER NATUREZA - MULTAS E JUROS,5,
1118023201000000000000000,IMPOSTO SOBRE SERVIÇOS DE QUALQUER NATUREZA - MULTAS E JUROS,5,
1118023201000000001100000,IMPOSTO SOBRE SERVIÇOS DE QUALQUER NATUREZA - MULTAS E JUROS,5,
1118023201000000001101000,Imposto sobre Serviços de Qualquer Natureza - Multas e Juros,5,
1118023201000000001109000,TOTAL DEDUÇÕES IMPOSTO SOBRE SERVIÇOS DE QUALQUER NATUREZA - MULTAS E JUROS,5,
1118023201000000001109001,Deduções Imposto sobre Serviços de Qualquer Natureza - Multas e Juros,5,
1118023201000000001200000,PARCELAMENTO IMPOSTO SOBRE SERVIÇOS DE QUALQUER NATUREZA - MULTAS E JUROS,5,
1118023201000000001201000,TOTAL PARCELAMENTO IMPOSTO SOBRE SERVIÇOS DE QUALQUER NATUREZA - MULTAS E JUROS,5,
1118023201000000001201001,PPI - Imposto sobre Serviços de Qualquer Natureza - Multas e Juros,5,
1118023201000000001201002,PAT - Imposto sobre Serviços de Qualquer Natureza - Multas e Juros,5,
1118023201000000001201003,PISN - Imposto sobre Serviços de Qualquer Natureza - Multas e Juros,5,
1118023201000000001201004,PRD - Imposto sobre Serviços de Qualquer Natureza - Multas e Juros,5,
1118023201000000001209000,TOTAL DEDUÇÕES PARCELAMENTO IMPOSTO SOBRE SERVIÇOS DE QUALQUER NATUREZA - MULTAS E JUROS,5,
1118023201000000001209001,Deduções PPI - Imposto sobre Serviços de Qualquer Natureza - Multas e Juros,5,
1118023201000000001209002,Deduções PAT - Imposto sobre Serviços de Qualquer Natureza - Multas e Juros,5,
1118023201000000001209003,Deduções PISN - Imposto sobre Serviços de Qualquer Natureza - Multas e Juros,5,
1118023201000000001209004,Deduções PRD - Imposto sobre Serviços de Qualquer Natureza - Multas e Juros,5,
1118023202000000000000000,ISS - SISTEMA INTEGRADO - SIMPLES - MULTAS E JUROS,5,
1118023202000000001100000,ISS - SISTEMA INTEGRADO - SIMPLES - MULTAS E JUROS,5,
1118023202000000001101000,ISS - Sistema Integrado - Simples - Multas e Juros,5,
1118023202000000001109000,TOTAL DEDUÇÕES ISS - SISTEMA INTEGRADO - SIMPLES - MULTAS E JUROS,5,
1118023202000000001109001,Deduções ISS - Sistema Integrado - Simples - Multas e Juros,5,
1118023203000000000000000,ISS - SIMPLES NACIONAL - MULTAS E JUROS,5,
1118023203000000001100000,ISS - SIMPLES NACIONAL - MULTAS E JUROS,5,
1118023203000000001101000,ISS - Simples Nacional - Multas e Juros,5,
1118023203000000001109000,TOTAL DEDUÇÕES ISS - SIMPLES NACIONAL - MULTAS E JUROS,5,
1118023203000000001109001,Deduções ISS - Simples Nacional - Multas e Juros,5,
1118023300000000000000000,IMPOSTO SOBRE SERVIÇOS DE QUALQUER NATUREZA - DÍVIDA ATIVA,5,
1118023301000000000000000,IMPOSTO SOBRE SERVIÇOS DE QUALQUER NATUREZA - DÍVIDA ATIVA,5,
1118023301000000001100000,IMPOSTO SOBRE SERVIÇOS DE QUALQUER NATUREZA - DÍVIDA ATIVA,5,
1118023301000000001101000,Imposto sobre Serviços de Qualquer Natureza - Dívida Ativa,5,
1118023301000000001109000,TOTAL DEDUÇÕES IMPOSTO SOBRE SERVIÇOS DE QUALQUER NATUREZA - DÍVIDA ATIVA,5,
1118023301000000001109001,Deduções Imposto sobre Serviços de Qualquer Natureza - Dívida Ativa,5,
1118023301000000001200000,PARCELAMENTO IMPOSTO SOBRE SERVIÇOS DE QUALQUER NATUREZA - DÍVIDA ATIVA,5,
1118023301000000001201000,TOTAL PARCELAMENTO IMPOSTO SOBRE SERVIÇOS DE QUALQUER NATUREZA - DÍVIDA ATIVA,5,
1118023301000000001201001,PPI - Imposto sobre Serviços de Qualquer Natureza - Dívida Ativa,5,
1118023301000000001201002,PAT - Imposto sobre Serviços de Qualquer Natureza - Dívida Ativa,5,
1118023301000000001201003,PISN - Imposto sobre Serviços de Qualquer Natureza - Dívida Ativa,5,
1118023301000000001201004,PRD - Imposto sobre Serviços de Qualquer Natureza - Dívida Ativa,5,
1118023301000000001201005,PRD - Imposto sobre Serviços de Qualquer Natureza - AII - Dívida Ativa,5,
1118023301000000001201006,PEQ - Imposto sobre Serviços de Qualquer Natureza - Dívida Ativa,5,
1118023301000000001209000,Total Deduções Parcelamento Imposto sobre Serviços de Qualquer Natureza - Dívida Ativa,5,
1118023301000000001209001,Deduções PPI - Imposto sobre Serviços de Qualquer Natureza - Dívida Ativa,5,
1118023301000000001209002,Deduções PAT - Imposto sobre Serviços de Qualquer Natureza - Dívida Ativa,5,
1118023301000000001209003,Deduções PISN - Imposto sobre Serviços de Qualquer Natureza - Dívida Ativa,5,
1118023301000000001209004,Deduções PRD - Imposto sobre Serviços de Qualquer Natureza - Dívida Ativa,5,
1118023301000000001209005,Deduções PRD - Imposto sobre Serviços de Qualquer Natureza - AII - Dívida Ativa,5,
1118023301000000001209006,PEQ - Deduções Imposto sobre Serviços de Qualquer Natureza - Dívida Ativa,5,
1118023302000000000000000,ISS - SISTEMA INTEGRADO - SIMPLES - DÍVIDA ATIVA,5,
1118023302000000001100000,ISS - SISTEMA INTEGRADO - SIMPLES - DÍVIDA ATIVA,5,
1118023302000000001101000,ISS - Sistema Integrado - Simples - Dívida Ativa,5,
1118023302000000001109000,TOTAL DEDUÇÕES ISS - SISTEMA INTEGRADO - SIMPLES - DÍVIDA ATIVA,5,
1118023302000000001109001,Deduções ISS - Sistema Integrado - Simples - Dívida Ativa,5,
1118023302000000001200000,PARCELAMENTO ISS - SISTEMA INTEGRADO - SIMPLES - DÍVIDA ATIVA,5,
1118023303000000000000000,ISS - SIMPLES NACIONAL - DÍVIDA ATIVA,5,
1118023303000000001100000,ISS - SIMPLES NACIONAL - DÍVIDA ATIVA,5,
1118023303000000001101000,ISS - Simples Nacional - Dívida Ativa,5,
1118023303000000001109000,TOTAL DEDUÇÕES ISS - SIMPLES NACIONAL - DÍVIDA ATIVA,5,
1118023303000000001109001,Deduções ISS - Simples Nacional - Dívida Ativa,5,
1118023303000000001200000,PARCELAMENTO ISS - SIMPLES NACIONAL - DÍVIDA ATIVA,5,
1118023400000000000000000,IMPOSTO SOBRE SERVIÇOS DE QUALQUER NATUREZA - DÍVIDA ATIVA - MULTAS E JUROS,5,
1118023401000000000000000,IMPOSTO SOBRE SERVIÇOS DE QUALQUER NATUREZA - DÍVIDA ATIVA - MULTAS E JUROS,5,
1118023401000000001100000,IMPOSTO SOBRE SERVIÇOS DE QUALQUER NATUREZA - DÍVIDA ATIVA - MULTAS E JUROS,5,
1118023401000000001101000,Imposto sobre Serviços de Qualquer Natureza - Dívida Ativa - Multas e Juros,5,
1118023401000000001109000,TOTAL DEDUÇÕES IMPOSTO SOBRE SERVIÇOS DE QUALQUER NATUREZA - DÍVIDA ATIVA - MULTAS E JUROS,5,
1118023401000000001109001,Deduções Imposto sobre Serviços de Qualquer Natureza - Dívida Ativa - Multas e Juros,5,
1118023401000000001200000,PARCELAMENTO IMPOSTO SOBRE SERVIÇOS DE QUALQUER NATUREZA - DÍVIDA ATIVA - MULTAS E JUROS,5,
1118023401000000001201000,TOTAL PARCELAMENTO IMPOSTO SOBRE SERVIÇOS DE QUALQUER NATUREZA - DÍVIDA ATIVA - MULTAS E JUROS,5,
1118023401000000001201001,PPI - Imposto sobre Serviços de Qualquer Natureza - Dívida Ativa - Multas e Juros,5,
1118023401000000001201002,PAT - Imposto sobre Serviços de Qualquer Natureza - Dívida Ativa - Multas e Juros,5,
1118023401000000001201003,PISN - Imposto sobre Serviços de Qualquer Natureza - Dívida Ativa - Multas e Juros,5,
1118023401000000001201004,PRD - Imposto sobre Serviços de Qualquer Natureza - Dívida Ativa - Multas e Juros,5,
1118023401000000001201006,PEQ - Imposto sobre Serviços de Qualquer Natureza - Dívida Ativa - Multas e Juros,5,
1118023401000000001209000,Total Deduções Parcelamento Imposto sobre Serviços de Qualquer Natureza - Dívida Ativa - Multas e Ju,5,
1118023401000000001209001,Deduções PPI - Imposto sobre Serviços de Qualquer Natureza - Dívida Ativa - Multas e Juros,5,
1118023401000000001209002,Deduções PAT - Imposto sobre Serviços de Qualquer Natureza - Dívida Ativa - Multas e Juros,5,
1118023401000000001209003,Deduções PISN - Imposto sobre Serviços de Qualquer Natureza - Dívida Ativa - Multas e Juros,5,
1118023401000000001209004,Deduções PRD - Imposto sobre Serviços de Qualquer Natureza - Dívida Ativa - Multas e Juros,5,
1118023401000000001209006,PEQ - Deduções Imposto sobre Serviços de Qualquer Natureza - Dívida Ativa - Multas e Juros,5,
1118023402000000000000000,ISS - SISTEMA INTEGRADO - SIMPLES - DÍVIDA ATIVA - MULTAS E JUROS,5,
1118023402000000001100000,ISS - SISTEMA INTEGRADO - SIMPLES - DÍVIDA ATIVA - MULTAS E JUROS,5,
1118023402000000001101000,ISS - Sistema Integrado - Simples - Dívida Ativa - Multas e Juros,5,
1118023402000000001109000,TOTAL DEDUÇÕES ISS - SISTEMA INTEGRADO - SIMPLES - DÍVIDA ATIVA - MULTAS E JUROS,5,
1118023402000000001109001,Deduções ISS - Sistema Integrado - Simples - Dívida Ativa - Multas e Juros,5,
1118023403000000000000000,ISS - SIMPLES NACIONAL - DÍVIDA ATIVA - MULTAS E JUROS,5,
1118023403000000001100000,ISS - SIMPLES NACIONAL - DÍVIDA ATIVA - MULTAS E JUROS,5,
1118023403000000001101000,ISS - Simples Nacional - Dívida Ativa - Multas e Juros,5,
1118023403000000001109000,TOTAL DEDUÇÕES ISS - SIMPLES NACIONAL - DÍVIDA ATIVA - MULTAS E JUROS,5,
1118023403000000001109001,Deduções ISS - Simples Nacional - Dívida Ativa - Multas e Juros,5,
1118024000000000000000000,ADICIONAL ISS - FUNDO MUNICIPAL DE COMBATE À POBREZA,5,
1118025000000000000000000,Imposto sobre Vendas a Varejo de Combustíveis Líquidos e Gasosos (IVVC),5,
1118025100000000000000000,IMPOSTO SOBRE VENDA A VAREJO DE COMBUSTÍVEIS LÍQUIDOS E GASOSOS - IVVC ,5,
1118025101000000000000000,IMPOSTO SOBRE VENDA A VAREJO DE COMBUSTÍVEIS LÍQUIDOS E GASOSOS - IVV,5,
1118025101000000001100000,IMPOSTO S/ VENDA A VAREJO DE COMBUSTÍVEIS LÍQUIDOS E GASOSOS - IVV,5,
1118025101000000001101000,Imposto s/ Venda a Varejo de Combustíveis Líquidos e Gasosos - IVV,5,
1118025101000000001109000,TOTAL DEDUÇÕES IMPOSTO SOBRE A VENDA A VAREJO DE COMBUSTÍVEIS LÍQUIDOS E GASOSOS - IVV,5,
1118025101000000001109001,Deduções Imposto sobre a Venda a Varejo de Combustíveis Líquidos e Gasosos - IVV,5,
1118025101000000001200000,PARCELAMENTO IMPOSTO SOBRE A VENDA A VAREJO DE COMBUSTÍVEIS LÍQUIDOS E GASOSOS - IVV,5,
1118025101000000001201000,TOTAL PARCELAMENTO IMPOSTO SOBRE A VENDA A VAREJO DE COMBUSTÍVEIS LÍQUIDOS E GASOSOS - IVV,5,
1118025101000000001201001,PPI - Imposto sobre a Venda a Varejo de Combustíveis Líquidos e Gasosos - IVV,5,
1118025101000000001201002,PAT - Imposto sobre a Venda a Varejo de Combustíveis Líquidos e Gasosos - IVV,5,
1118025101000000001201003,PISN - Imposto sobre a Venda a Varejo de Combustíveis Líquidos e Gasosos - IVV,5,
1118025101000000001209000,TOTAL DEDUÇÕES PARCELAMENTO IMPOSTO SOBRE A VENDA A VAREJO DE COMBUSTÍVEIS LÍQUIDOS E GASOSOS - IVV,5,
1118025101000000001209001,Deduções PPI - Imposto sobre a Venda a Varejo de Combustíveis Líquidos e Gasosos - IVV,5,
1118025101000000001209002,Deduções PAT - Imposto sobre a Venda a Varejo de Combustíveis Líquidos e Gasosos - IVV,5,
1118025101000000001209003,Deduções PISN - Imposto sobre a Venda a Varejo de Combustíveis Líquidos e Gasosos - IVV,5,
1118025200000000000000000,IMPOSTO SOBRE VENDA A VAREJO DE COMBUSTÍVEIS LÍQUIDOS E GASOSOS - IVVC - MULTAS E JUROS,5,
1118025201000000000000000,IMPOSTO SOBRE VENDA A VAREJO DE COMBUSTÍVEIS LÍQUIDOS E GASOSOS - IVVC - MULTAS E JUROS,5,
1118025201000000001100000,IMPOSTO SOBRE VENDA A VAREJO DE COMBUSTÍVEIS LÍQUIDOS E GASOSOS - IVVC - MULTAS E JUROS,5,
1118025201000000001101000,Imposto sobre a Venda a Varejo de Combustíveis Líquidos e Gasosos - IVVC - Multas e Juros,5,
1118025201000000001109000,TOTAL DEDUÇÕES IMPOSTO SOBRE A VENDA A VAREJO DE COMBUSTÍVEIS LÍQUIDOS E GASOSOS - IVV - MULTAS E JU,5,
1118025201000000001109001,Deduções Imposto sobre a Venda a Varejo de Combustíveis Líquidos e Gasosos - IVV - Multas e Juros,5,
1118025201000000001200000,PARCELAMENTO IMPOSTO SOBRE A VENDA A VAREJO DE COMBUSTÍVEIS LÍQUIDOS E GASOSOS - IVV - MULTAS E JURO,5,
1118025201000000001201000,TOTAL PARCELAMENTO IMPOSTO SOBRE A VENDA A VAREJO DE COMBUSTÍVEIS LÍQUIDOS E GASOSOS - IVV - MULTAS ,5,
1118025201000000001201001,PPI - Imposto sobre a Venda a Varejo de Combustíveis Líquidos e Gasosos - IVV - Multas e Juros,5,
1118025201000000001201002,PAT - Imposto sobre a Venda a Varejo de Combustíveis Líquidos e Gasosos - IVV - Multas e Juros,5,
1118025201000000001201003,PISN - Imposto sobre a Venda a Varejo de Combustíveis Líquidos e Gasosos - IVV - Multas e Juros,5,
1118025201000000001209000,TOTAL DEDUÇÕES PARCELAMENTO IMPOSTO SOBRE A VENDA A VAREJO DE COMBUSTÍVEIS LÍQUIDOS E GASOSOS - IVV ,5,
1118025201000000001209001,Deduções PPI - Imposto sobre a Venda a Varejo de Combustíveis Líquidos e Gasosos - IVV - Multas e Ju,5,
1118025201000000001209002,Deduções PAT - Imposto sobre a Venda a Varejo de Combustíveis Líquidos e Gasosos - IVV - Multas e Ju,5,
1118025201000000001209003,Deduções PISN - Imposto sobre a Venda a Varejo de Combustíveis Líquidos e Gasosos - IVV - Multas e J,5,
1118025300000000000000000,IMPOSTO SOBRE A VENDA A VAREJO DE COMBUSTÍVEIS LÍQUIDOS E GASOSOS - IVV - DÍVIDA ATIVA,5,
1118025301000000000000000,IMPOSTO SOBRE A VENDA A VAREJO DE COMBUSTÍVEIS LÍQUIDOS E GASOSOS - IVV - DÍVIDA ATIVA,5,
1118025301000000001100000,IMPOSTO SOBRE A VENDA A VAREJO DE COMBUSTÍVEIS LÍQUIDOS E GASOSOS - IVV - DÍVIDA ATIVA,5,
1118025301000000001101000,Imposto sobre a Venda a Varejo de Combustíveis Líquidos e Gasosos - IVV - Dívida Ativa,5,
1118025301000000001109000,TOTAL DEDUÇÕES IMPOSTO SOBRE A VENDA A VAREJO DE COMBUSTÍVEIS LÍQUIDOS E GASOSOS - IVV - DÍVIDA ATIV,5,
1118025301000000001109001,Deduções Imposto sobre a Venda a Varejo de Combustíveis Líquidos e Gasosos - IVV - Dívida Ativa,5,
1118025301000000001200000,PARCELAMENTO IMPOSTO SOBRE A VENDA A VAREJO DE COMBUSTÍVEIS LÍQUIDOS E GASOSOS - IVV - DÍVIDA ATIVA,5,
1118025301000000001201000,TOTAL PARCELAMENTO IMPOSTO SOBRE A VENDA A VAREJO DE COMBUSTÍVEIS LÍQUIDOS E GASOSOS - IVV - DÍVIDA ,5,
1118025301000000001201001,PPI - Imposto sobre a Venda a Varejo de Combustíveis Líquidos e Gasosos - IVV - Dívida Ativa,5,
1118025301000000001201002,PAT - Imposto sobre a Venda a Varejo de Combustíveis Líquidos e Gasosos - IVV - Dívida Ativa,5,
1118025301000000001201003,PISN - Imposto sobre a Venda a Varejo de Combustíveis Líquidos e Gasosos - IVV - Dívida Ativa,5,
1118025301000000001201006,PEQ - Imposto sobre a Venda a Varejo de Combustíveis Líquidos e Gasosos - IVV - Dívida Ativa,5,
1118025301000000001209000,Total Deduções Parcelamento Imposto sobre a Venda a Varejo de Combustíveis Líquidos e Gasosos - IVV ,5,
1118025301000000001209001,Deduções PPI - Imposto sobre a Venda a Varejo de Combustíveis Líquidos e Gasosos - IVV - Dívida Ativ,5,
1118025301000000001209002,Deduções PAT - Imposto sobre a Venda a Varejo de Combustíveis Líquidos e Gasosos - IVV - Dívida Ativ,5,
1118025301000000001209003,Deduções PISN - Imposto sobre a Venda a Varejo de Combustíveis Líquidos e Gasosos - IVV - Dívida Ati,5,
1118025301000000001209006,PEQ - Deduções Imposto sobre a Venda a Varejo de Combustíveis Líquidos e Gasosos - IVV - Dívida Ativ,5,
1118025400000000000000000,IMPOSTO SOBRE A VENDA A VAREJO DE COMBUSTÍVEIS LÍQUIDOS E GASOSOS - IVV - DÍVIDA ATIVA - MULTAS E JU,5,
1118025401000000000000000,IMPOSTO SOBRE A VENDA A VAREJO DE COMBUSTÍVEIS LÍQUIDOS E GASOSOS - IVV - DÍVIDA ATIVA - MULTAS E JU,5,
1118025401000000001100000,IMPOSTO SOBRE A VENDA A VAREJO DE COMBUSTÍVEIS LÍQUIDOS E GASOSOS - IVV - DÍVIDA ATIVA - MULTAS E JU,5,
1118025401000000001101000,Imposto sobre a Venda a Varejo de Combustíveis Líquidos e Gasosos - IVV - Dívida Ativa - Multas e Ju,5,
1118025401000000001109000,TOTAL DEDUÇÕES IMPOSTO SOBRE A VENDA A VAREJO DE COMBUSTÍVEIS LÍQUIDOS E GASOSOS - IVV - DÍVIDA ATIV,5,
1118025401000000001109001,Deduções Imposto sobre a Venda a Varejo de Combustíveis Líquidos e Gasosos - IVV - Dívida Ativa - Mu,5,
1118025401000000001200000,PARCELAMENTO IMPOSTO SOBRE A VENDA A VAREJO DE COMBUSTÍVEIS LÍQUIDOS E GASOSOS - IVV - DÍVIDA ATIVA ,5,
1118025401000000001201000,TOTAL PARCELAMENTO IMPOSTO SOBRE A VENDA A VAREJO DE COMBUSTÍVEIS LÍQUIDOS E GASOSOS - IVV - DÍVIDA ,5,
1118025401000000001201001,PPI - Imposto sobre a Venda a Varejo de Combustíveis Líquidos e Gasosos - IVV - Dívida Ativa - Multa,5,
1118025401000000001201002,PAT - Imposto sobre a Venda a Varejo de Combustíveis Líquidos e Gasosos - IVV - Dívida Ativa - Multa,5,
1118025401000000001201003,PISN - Imposto sobre a Venda a Varejo de Combustíveis Líquidos e Gasosos - IVV - Dívida Ativa - Mult,5,
1118025401000000001201006,PEQ - Imposto sobre a Venda a Varejo de Combustíveis Líquidos e Gasosos - IVV - Dívida Ativa - Multa,5,
1118025401000000001209000,Total Deduções Parcelamento Imposto sobre a Venda a Varejo de Combustíveis Líquidos e Gasosos - IVV ,5,
1118025401000000001209001,Deduções PPI - Imposto sobre a Venda a Varejo de Combustíveis Líquidos e Gasosos - IVV - Dívida Ativ,5,
1118025401000000001209002,Deduções PAT - Imposto sobre a Venda a Varejo de Combustíveis Líquidos e Gasosos - IVV - Dívida Ativ,5,
1118025401000000001209003,Deduções PISN - Imposto sobre a Venda a Varejo de Combustíveis Líquidos e Gasosos - IVV - Dívida Ati,5,
1118025401000000001209006,PEQ - Deduções Imposto sobre a Venda a Varejo de Combustíveis Líquidos e Gasosos - IVV - Dívida Ativ,5,
1119000000000000000000000,OUTROS IMPOSTOS,5,
1119010000000000000000000,OUTROS IMPOSTOS,5,
1119011000000000000000000,OUTROS IMPOSTOS,5,
1119011100000000000000000,OUTROS IMPOSTOS - PRINCIPAL,5,
1119011102000000000000000,FISC,5,
1119011103000000000000000,RECEITAS A CLASSIFICAR - DAMSP,5,
1119011103000000001100000,RECEITAS A CLASSIFICAR - DAMSP,5,
1119011103000000001101000,RECEITAS A CLASSIFICAR - DAMSP,5,
1119011104000000000000000,RECEITA DA DÍVIDA ATIVA DE OUTROS TRIBUTOS - PRINCIPAL - PMSP,5,
1119011200000000000000000,OUTROS IMPOSTOS - MULTAS E JUROS,5,
1119011202000000000000000,MULTAS E JUROS - FISC,5,
1119011203000000000000000,MULTAS E JUROS - RECEITA DA DÍVIDA ATIVA DE OUTROS TRIBUTOS - PRINCIPAL - PMSP,5,
1119011300000000000000000,OUTROS IMPOSTOS - DÍVIDA ATIVA,5,
1119011302000000000000000,FISC - DÍVIDA ATIVA,5,
1119011302000000001100000,FISC - DÍVIDA ATIVA,5,
1119011302000000001101000,FISC - Dívida Ativa,5,
1119011302000000001109000,TOTAL DEDUÇÕES FISC - DÍVIDA ATIVA,5,
1119011302000000001109001,Deduções FISC - Dívida Ativa,5,
1119011303000000000000000,OUTROS TRIBUTOS - PMSP - DÍVIDA ATIVA,5,
1119011303000000001100000,OUTROS TRIBUTOS - PMSP - DÍVIDA ATIVA,5,
1119011303000000001101000,Outros Tributos - PMSP - Dívida Ativa,5,
1119011303000000001109000,TOTAL DEDUÇÕES OUTROS TRIBUTOS - PMSP - DÍVIDA ATIVA,5,
1119011303000000001109001,Deduções Outros Tributos - PMSP - Dívida Ativa,5,
1119011303000000001200000,PARCELAMENTO OUTROS TRIBUTOS - PMSP - DÍVIDA ATIVA,5,
1119011303000000001201000,TOTAL PARCELAMENTO OUTROS TRIBUTOS - PMSP - DÍVIDA ATIVA,5,
1119011303000000001201001,PPI -  Outros Tributos - PMSP - Dívida Ativa,5,
1119011303000000001201002,PAT -  Outros Tributos - PMSP - Dívida Ativa,5,
1119011303000000001201003,PISN -  Outros Tributos - PMSP - Dívida Ativa,5,
1119011303000000001209000,Total Deduções Parcelamento Outros Tributos - PMSP - Dívida Ativa,5,
1119011303000000001209001,Deduções PPI -  Outros Tributos - PMSP - Dívida Ativa,5,
1119011303000000001209002,Deduções PAT -  Outros Tributos - PMSP - Dívida Ativa,5,
1119011303000000001209003,Deduções PISN -  Outros Tributos - PMSP - Dívida Ativa,5,
1119011400000000000000000,OUTROS IMPOSTOS - DÍVIDA ATIVA - MULTAS E JUROS,5,
1119011402000000000000000,FISC - DÍVIDA ATIVA - MULTAS E JUROS,5,
1119011403000000000000000,MULTAS E JUROS DE MORA DA DÍVIDA ATIVA DE OUTROS TRIBUTOS,5,
1119011403000000001100000,MULTAS E JUROS DE MORA DA DÍVIDA ATIVA DE OUTROS TRIBUTOS,5,
1119011403000000001101000,Multas e Juros de Mora da Dívida Ativa de Outros Tributos,5,
1119011403000000001109000,TOTAL DE DEDUÇÕES MULTAS E JUROS DE MORA DA DÍVIDA ATIVA DE OUTROS TRIBUTOS,5,
1119011403000000001109001,Deduções Multas e Juros de Mora da Dívida Ativa de Outros Tributos,5,
1119011403000000001200000,PARCELAMENTO MULTAS E JUROS DE MORA DA DÍVIDA ATIVA DE OUTROS TRIBUTOS,5,
1119011403000000001201000,TOTAL PARCELAMENTO MULTAS E JUROS DE MORA DA DÍVIDA ATIVA DE OUTROS TRIBUTOS,5,
1119011403000000001201001,PPI - Multas e Juros de Mora da Dívida Ativa de Outros Tributos,5,
1119011403000000001201002,PAT - Multas e Juros de Mora da Dívida Ativa de Outros Tributos,5,
1119011403000000001201003,PISN - Multas e Juros de Mora da Dívida Ativa de Outros Tributos,5,
1119011403000000001201004,PRD - Multas e Juros de Mora da Dívida Ativa de Outros Tributos,5,
1119011403000000001209000,Total Deduções Parcelamento Multas e Juros de Mora da Dívida Ativa de Outros Tributos,5,
1119011403000000001209001,Deduções PPI - Multas e Juros de Mora da Dívida Ativa de Outros Tributos,5,
1119011403000000001209002,Deduções PAT - Multas e Juros de Mora da Dívida Ativa de Outros Tributos,5,
1119011403000000001209003,Deduções PISN - Multas e Juros de Mora da Dívida Ativa de Outros Tributos,5,
1119011403000000001209004,Deduções PRD - Multas e Juros de Mora da Dívida Ativa de Outros Tributos,5,
1120000000000000000000000,TAXAS,5,
1121000000000000000000000,TAXAS PELO EXERCÍCIO DO PODER DE POLÍCIA,5,
1121010000000000000000000,"TAXAS DE INSPEÇÃO, CONTROLE E FISCALIZAÇÃO",5,
1121011000000000000000000,"TAXAS DE INSPEÇÃO, CONTROLE E FISCALIZAÇÃO",5,
1121011100000000000000000,"TAXAS DE INSPEÇÃO, CONTROLE E FISCALIZAÇÃO - PRINCIPAL",5,
1121011101000000000000000,"TAXA DE LICENÇA P/ LOCALIZAÇÃO, INSTALAÇÃO E FUNCIONAMENTO",5,
1121011101000000001100000,"TAXA DE LICENÇA P/ LOCALIZAÇÃO, INSTALAÇÃO E FUNCIONAMENTO",5,
1121011101000000001101000,"Taxa de Licença p/ Localização, Instalação e Funcionamento",5,
1121011101000000001109000,"TOTAL DEDUÇÕES TAXA DE LICENÇA P/ LOCALIZAÇÃO, INSTALAÇÃO E FUNCIONAMENTO",5,
1121011101000000001109001,"Deduções Taxa de Licença p/ Localização, Instalação e Funcionamento",5,
1121011101000000001200000,"PARCELAMENTO TAXA DE LICENÇA P/ LOCALIZAÇÃO, INSTALAÇÃO E FUNCIONAMENTO",5,
1121011101000000001201000,"TOTAL PARCELAMENTO TAXA DE LICENÇA P/ LOCALIZAÇÃO, INSTALAÇÃO E FUNCIONAMENTO",5,
1121011101000000001201001,"PPI - Taxa de Licença p/ Localização, Instalação e Funcionamento",5,
1121011101000000001201002,"PAT - Taxa de Licença p/ Localização, Instalação e Funcionamento",5,
1121011101000000001201003,"PISN - Taxa de Licença p/ Localização, Instalação e Funcionamento",5,
1121011101000000001209000,"TOTAL DEDUÇÕES PARCELAMENTO TAXA DE LICENÇA P/ LOCALIZAÇÃO, INSTALAÇÃO E FUNCIONAMENTO",5,
1121011101000000001209001,"Deduções PPI - Taxa de Licença p/ Localização, Instalação e Funcionamento",5,
1121011101000000001209002,"Deduções PAT - Taxa de Licença p/ Localização, Instalação e Funcionamento",5,
1121011101000000001209003,"Deduções PISN - Taxa de Licença p/ Localização, Instalação e Funcionamento",5,
1121011102000000000000000,TAXA DE VISTORIA DE NORMAS DE SEGURANÇA,5,
1121011102000000001100000,TAXA DE VISTORIA DE NORMAS DE SEGURANÇA,5,
1121011102000000001101000,Taxa de Vistoria de Normas de Segurança,5,
1121011102000000001109000,TOTAL DEDUÇÕES TAXA DE VISTORIA DE NORMAS DE SEGURANÇA,5,
1121011102000000001109001,Deduções da Taxa de Vistoria de Normas de Segurança,5,
1121011103000000000000000,TAXA DE FISCALIZAÇÃO DE ESTABELECIMENTOS - TFE,5,
1121011103000000001100000,TAXA DE FISCALIZAÇÃO DE ESTABELECIMENTOS - TFE,5,
1121011103000000001101000,Taxa de Fiscalização de Estabelecimentos - TFE,5,
1121011103000000001109000,TOTAL DEDUÇÕES TAXA FISCALIZAÇÃO DE ESTABELECIMENTOS - TFE,5,
1121011103000000001109001,Deduções Taxa de Fiscalização de Estabelecimentos  - TFE,5,
1121011103000000001200000,PARCELAMENTO TAXA  FISCALIZAÇÃO DE ESTABELECIMENTOS - TFE,5,
1121011103000000001201000,TOTAL PARCELAMENTO TAXA DE FISCALIZAÇÃO DE ESTABELECIMENTOS - TFE,5,
1121011103000000001201001,PPI - Taxa de Fiscalização de Estabelecimentos - TFE,5,
1121011103000000001201002,PAT - Taxa de Fiscalização de Estabelecimentos - TFE,5,
1121011103000000001201003,PISN - Taxa de Fiscalização de Estabelecimentos - TFE,5,
1121011103000000001209000,TOTAL DEDUÇÕES PARCELAMENTO TAXA DE FISCALIZAÇÃO DE ESTABELECIMENTOS - TFE,5,
1121011103000000001209001,Deduções PPI - Taxa de Fiscalização de Estabelecimentos - TFE,5,
1121011103000000001209002,Deduções PAT - Taxa de Fiscalização de Estabelecimentos - TFE,5,
1121011103000000001209003,Deduções PISN - Taxa de Fiscalização de Estabelecimentos - TFE,5,
1121011104000000000000000,TAXA DE FISCALIZAÇÃO DE ANÚNCIOS - TFA,5,
1121011104000000001100000,TAXA DE FISCALIZAÇÃO DE ANÚNCIOS - TFA,5,
1121011104000000001101000,Taxa de Fiscalização de Anúncios - TFA,5,
1121011104000000001109000,TOTAL DEDUÇÕES TAXA DE FISCALIZAÇÃO DE ANÚNCIOS - TFA,5,
1121011104000000001109001,Deduções Taxa de Fiscalização de Anúncios - TFA,5,
1121011104000000001200000,PARCELAMENTO TAXA DE FISCALIZAÇÃO DE ANÚNCIOS - TFA,5,
1121011104000000001201000,TOTAL PARCELAMENTO TAXA DE FISCALIZAÇÃO DE ANÚNCIOS - TFA,5,
1121011104000000001201001,PPI - Taxa de Fiscalização de Anúncios - TFA,5,
1121011104000000001201002,PAT - Taxa de Fiscalização de Anúncios - TFA,5,
1121011104000000001201003,PISN - Taxa de Fiscalização de Anúncios - TFA,5,
1121011104000000001209000,TOTAL DEDUÇÕES PARCELAMENTO TAXA DE FISCALIZAÇÃO DE ANÚNCIOS - TFA,5,
1121011104000000001209001,Deduções PPI - Taxa de Fiscalização de Anúncios - TFA,5,
1121011104000000001209002,Deduções PAT - Taxa de Fiscalização de Anúncios - TFA,5,
1121011104000000001209003,Deduções PISN - Taxa de Fiscalização de Anúncios - TFA,5,
1121011105000000000000000,TAXA P/ EXAME E VERIFICAÇÃO DE  PROJETOS E CONSTRUÇÕES,5,
1121011105000000001100000,TAXA P/ EXAME E VERIFICAÇÃO DE  PROJETOS E CONSTRUÇÕES,5,
1121011105000000001101000,Taxa p/ Exame e Verificação de  Projetos e Construções,5,
1121011105000000001109000,TOTAL DEDUÇÕES TAXA P/ EXAME E VERIFICAÇÃO DE  PROJETOS E CONSTRUÇÕES,5,
1121011105000000001109001,Deduções Taxa p/ Exame e Verificação de  Projetos e Construções,5,
1121011105000000001200000,PARCELAMENTO TAXA P/ EXAME E VERIFICAÇÃO DE  PROJETOS E CONSTRUÇÕES,5,
1121011105000000001201000,TOTAL PARCELAMENTO TAXA P/ EXAME E VERIFICAÇÃO DE  PROJETOS E CONSTRUÇÕES,5,
1121011105000000001201001,PPI - Taxa p/ Exame e Verificação de  Projetos e Construções,5,
1121011105000000001201002,PAT - Taxa p/ Exame e Verificação de  Projetos e Construções,5,
1121011105000000001201003,PISN - Taxa p/ Exame e Verificação de  Projetos e Construções,5,
1121011105000000001209000,TOTAL DEDUÇÕES PARCELAMENTO TAXA P/ EXAME E VERIFICAÇÃO DE  PROJETOS E CONSTRUÇÕES,5,
1121011105000000001209001,Deduções PPI - Taxa p/ Exame e Verificação de  Projetos e Construções,5,
1121011105000000001209002,Deduções PAT - Taxa p/ Exame e Verificação de  Projetos e Construções,5,
1121011105000000001209003,Deduções PISN - Taxa p/ Exame e Verificação de  Projetos e Construções,5,
1121011106000000000000000,TAXA DE VISTORIA DE APARELHOS DE TRANSPORTE VERTICAL E HORIZONTAL,5,
1121011106000000001100000,TAXA DE VISTORIA DE APARELHOS DE TRANSPORTE VERTICAL E HORIZONTAL,5,
1121011106000000001101000,Taxa de Vistoria de Aparelhos de Transporte Vertical e Horizontal,5,
1121011106000000001109000,TOTAL DEDUÇÕES TAXA DE VISTORIA DE APARELHOS DE TRANSPORTE VERTICAL E HORIZONTAL,5,
1121011106000000001109001,Deduções Taxa de Vistoria de Aparelhos de Transporte Vertical e Horizontal,5,
1121011106000000001200000,PARCELAMENTO TAXA DE VISTORIA DE APARELHOS DE TRANSPORTE VERTICAL E HORIZONTAL,5,
1121011106000000001201000,TOTAL PARCELAMENTO TAXA DE VISTORIA DE APARELHOS DE TRANSPORTE VERTICAL E HORIZONTAL,5,
1121011106000000001201001,PPI - Taxa de Vistoria de Aparelhos de Transporte Vertical e Horizontal,5,
1121011106000000001201002,PAT - Taxa de Vistoria de Aparelhos de Transporte Vertical e Horizontal,5,
1121011106000000001201003,PISN - Taxa de Vistoria de Aparelhos de Transporte Vertical e Horizontal,5,
1121011106000000001209000,TOTAL DEDUÇÕES PARCELAMENTO TAXA DE VISTORIA DE APARELHOS DE TRANSPORTE VERTICAL E HORIZONTAL,5,
1121011106000000001209001,Deduções PPI - Taxa de Vistoria de Aparelhos de Transporte Vertical e Horizontal,5,
1121011106000000001209002,Deduções PAT - Taxa de Vistoria de Aparelhos de Transporte Vertical e Horizontal,5,
1121011106000000001209003,Deduções PISN - Taxa de Vistoria de Aparelhos de Transporte Vertical e Horizontal,5,
1121011107000000000000000,TAXA DE LICENÇA P/ TRÁFEGO DE VEÍCULOS,5,
1121011107000000001100000,TAXA DE LICENÇA P/ TRÁFEGO DE VEÍCULOS,5,
1121011107000000001101000,Taxa de Licença p/ Tráfego de Veículos,5,
1121011107000000001109000,TOTAL DE DEDUÇÕES TAXA DE LICENÇA P/ TRÁFEGO DE VEÍCULOS,5,
1121011107000000001109001,Deduções da Taxa de Licença p/ Tráfego de Veículos,5,
1121011108000000000000000,TAXA DE LICENÇA P/ ARRUAMENTOS E LOTEAMENTOS,5,
1121011108000000001100000,TAXA DE LICENÇA P/ ARRUAMENTOS E LOTEAMENTOS,5,
1121011108000000001101000,Taxa de Licença p/ Arruamentos e Loteamentos,5,
1121011108000000001109000,TOTAL DE DEDUÇÕES TAXA DE LICENÇA P/ ARRUAMENTOS E LOTEAMENTOS,5,
1121011108000000001109001,Deduções da Taxa de Licença p/ Arruamentos e Loteamentos,5,
1121011109000000000000000,TAXA DE FISCALIZAÇÃO DOS SERVIÇOS DE LIMPEZA URBANA - FISLURB,5,
1121011109000000001100000,TAXA DE FISCALIZAÇÃO DOS SERVIÇOS DE LIMPEZA URBANA - FISLURB,5,
1121011109000000001101000,Taxa de Fiscalização dos Serviços de Limpeza Urbana - FISLURB,5,
1121011109000000001109000,TOTAL DE DEDUÇÕES TAXA DE FISCALIZAÇÃO DOS SERVIÇOS DE LIMPEZA URBANA - FISLURB,5,
1121011109000000001109001,Deduções da Taxa de Fiscalização dos Serviços de Limpeza Urbana - FISLURB,5,
1121011110000000000000000,TAXA DE REMOÇÃO - CET,5,
1121011110000000001100000,TAXA DE REMOÇÃO - CET,5,
1121011110000000001101000,Taxa de Remoção - CET,5,
1121011110000000001109000,TOTAL DE DEDUÇÕES TAXA DE REMOÇÃO - CET,5,
1121011110000000001109001,Deduções da Taxa de Remoção - CET,5,
1121011111000000000000000,TAXA DE FISCALIZAÇÃO DE CEMITÉRIOS,5,
1121011111000000001100000,TAXA DE FISCALIZAÇÃO DE CEMITÉRIOS,5,
1121011111000000001101000,Taxa de Fiscalização de Cemitérios,5,
1121011111000000001109000,TOTAL DE DEDUÇÕES TAXA DE FISCALIZAÇÃO DE CEMITÉRIOS,5,
1121011111000000001109001,Deduções da Taxa de Fiscalização de Cemitérios,5,
1121011200000000000000000,"TAXAS DE INSPEÇÃO, CONTROLE E FISCALIZAÇÃO - MULTAS E JUROS",5,
1121011201000000000000000,"TAXA DE LICENÇA P/ LOCALIZAÇÃO, INSTALAÇÃO E FUNCIONAMENTO - MULTAS E JUROS",5,
1121011201000000001100000,"TAXA DE LICENÇA P/ LOCALIZAÇÃO, INSTALAÇÃO E FUNCIONAMENTO - MULTAS E JUROS",5,
1121011201000000001101000,"Taxa de Licença p/ Localização, Instalação e Funcionamento - Multas e Juros",5,
1121011201000000001109000,"TOTAL DEDUÇÕES TAXA LICENÇA P/ LOCALIZAÇÃO, INSTALAÇÃO E FUNCIONAMENTO - MULTAS E JUROS",5,
1121011201000000001109001,"Deduções da Taxa de Licença p/ Localização, Instalação e Funcionamento - Multas e Juros",5,
1121011201000000001200000,"PARCELAMENTO TAXA DE LICENÇA P/ LOCALIZAÇÃO, INSTALAÇÃO E FUNCIONAMENTO - MULTAS E JUROS",5,
1121011201000000001201000,"TOTAL PARCELAMENTO TAXA DE LICENÇA P/ LOCALIZAÇÃO, INSTALAÇÃO E FUNCIONAMENTO - MULTAS E JUROS",5,
1121011201000000001201001,"PPI - Taxa de Licença p/ Localização, Instalação e Funcionamento - Multas e Juros",5,
1121011201000000001201002,"PAT - Taxa de Licença p/ Localização, Instalação e Funcionamento - Multas e Juros",5,
1121011201000000001201003,"PISN - Taxa de Licença p/ Localização, Instalação e Funcionamento - Multas e Juros",5,
1121011201000000001209000,"TOTAL DEDUÇÕES PARCELAMENTO TAXA DE LICENÇA P/ LOCALIZAÇÃO, INSTALAÇÃO E FUNCIONAMENTO - MULTAS E JU",5,
1121011201000000001209001,"Deduções PPI - Taxa de Licença p/ Localização, Instalação e Funcionamento - Multas e Juros",5,
1121011201000000001209002,"Deduções PAT - Taxa de Licença p/ Localização, Instalação e Funcionamento - Multas e Juros",5,
1121011201000000001209003,"Deduções PISN - Taxa de Licença p/ Localização, Instalação e Funcionamento - Multas e Juros",5,
1121011202000000000000000,TAXA DE VISTORIA DE NORMAS DE SEGURANÇA - MULTAS E JUROS,5,
1121011202000000001100000,TAXA DE VISTORIA DE NORMAS DE SEGURANÇA - MULTAS E JUROS,5,
1121011202000000001101000,Taxa de Vistoria de Normas de Segurança - Multas e Juros,5,
1121011202000000001109000,TOTAL DEDUÇÕES TAXA DE VISTORIA DE NORMAS DE SEGURANÇA - MULTAS E JUROS,5,
1121011202000000001109001,Deduções Taxa de Vistoria de Normas de Segurança - Multas e Juros,5,
1121011203000000000000000,TAXA DE FISCALIZAÇÃO DE ESTABELECIMENTOS - TFE - MULTAS E JUROS,5,
1121011203000000001100000,TAXA DE FISCALIZAÇÃO DE ESTABELECIMENTOS - TFE - MULTAS E JUROS,5,
1121011203000000001101000,Taxa de Fiscalização de Estabelecimentos - TFE - Multas e Juros,5,
1121011203000000001109000,TOTAL DEDUÇÕES TAXA DE FISCALIZAÇÃO DE ESTABELECIMENTOS - TFE - MULTAS E JUROS,5,
1121011203000000001109001,Deduções da Taxa de Fiscalização de Estabelecimentos - TFE - Multas e Juros,5,
1121011203000000001200000,PARCELAMENTO TAXA DE FISCALIZAÇÃO DE ESTABELECIMENTOS - TFE - MULTAS E JUROS,5,
1121011203000000001201000,TOTAL PARCELAMENTO TAXA DE FISCALIZAÇÃO DE ESTABELECIMENTOS - TFE - MULTAS E JUROS,5,
1121011203000000001201001,PPI - TAXA DE FISCALIZAÇÃO DE ESTABELECIMENTOS - TFE - MULTAS E JUROS,5,
1121011203000000001201002,PAT - Taxa de Fiscalização de Estabelecimentos - TFE - Multas e Juros,5,
1121011203000000001201003,PISN - TAXA DE FISCALIZAÇÃO DE ESTABELECIMENTOS - TFE - MULTAS E JUROS,5,
1121011203000000001209000,TOTAL DEDUÇÕES PARCELAMENTO TAXA DE FISCALIZAÇÃO DE ESTABELECIMENTOS - TFE - MULTAS E JUROS,5,
1121011203000000001209001,Deduções PPI - Taxa de Fiscalização de Estabelecimentos - TFE - Multas e Juros,5,
1121011203000000001209002,Deduções PAT - Taxa de Fiscalização de Estabelecimentos - TFE - Multas e Juros,5,
1121011203000000001209003,Deduções PISN - Taxa de Fiscalização de Estabelecimentos - TFE - Multas e Juros,5,
1121011204000000000000000,TAXA DE FISCALIZAÇÃO DE ANÚNCIOS - TFA - MULTAS E JUROS,5,
1121011204000000001100000,TAXA DE FISCALIZAÇÃO DE ANÚNCIOS - TFA - MULTAS E JUROS,5,
1121011204000000001101000,Taxa de Fiscalização de Anúncios - TFA - Multas e Juros,5,
1121011204000000001109000,TOTAL DEDUÇÕES TAXA DE FISCALIZAÇÃO DE ANÚNCIOS - TFA - MULTAS E JUROS,5,
1121011204000000001109001,Deduções da Taxa de Fiscalização de Anúncios - TFA - Multas e Juros,5,
1121011204000000001200000,PARCELAMENTO TAXA DE FISCALIZAÇÃO DE ANÚNCIOS - TFA - MULTAS E JUROS,5,
1121011204000000001201000,TOTAL PARCELAMENTO TAXA DE FISCALIZAÇÃO DE ANÚNCIOS - TFA - MULTAS E JUROS,5,
1121011204000000001201001,PPI - TAXA DE FISCALIZAÇÃO DE ANÚNCIOS - TFA - MULTAS E JUROS,5,
1121011204000000001201002,PAT - Taxa de Fiscalização de Anúncios - TFA - Multas e Juros,5,
1121011204000000001201003,PISN - TAXA DE FISCALIZAÇÃO DE ANÚNCIOS - TFA - MULTAS E JUROS,5,
1121011204000000001209000,TOTAL DEDUÇÕES PARCELAMENTO TAXA DE FISCALIZAÇÃO DE ANÚNCIOS - TFA - MULTAS E JUROS,5,
1121011204000000001209001,Deduções PPI - Taxa de Fiscalização de Anúncios - TFA - Multas e Juros,5,
1121011204000000001209002,Deduções PAT - Taxa de Fiscalização de Anúncios - TFA - Multas e Juros,5,
1121011204000000001209003,Deduções PISN - Taxa de Fiscalização de Anúncios - TFA - Multas e Juros,5,
1121011205000000000000000,TAXA P/ EXAME E VERIFICAÇÃO DE  PROJETOS E CONSTRUÇÕES - MULTA E JUROS,5,
1121011205000000001100000,TAXA P/ EXAME E VERIFICAÇÃO DE  PROJETOS E CONSTRUÇÕES - MULTAS E JUROS,5,
1121011205000000001101000,Taxa p/ Exame e Verificação de  Projetos e Construções - Multas e Juros,5,
1121011205000000001109000,TOTAL DEDUÇÕES TAXA P/ EXAME E VERIFICAÇÃO DE  PROJETOS E CONSTRUÇÕES - MULTAS E JUROS,5,
1121011205000000001109001,Deduções da Taxa p/ Exame e Verificação de  Projetos e Construções - Multas e Juros,5,
1121011205000000001200000,PARCELAMENTO TAXA P/ EXAME E VERIFICAÇÃO DE  PROJETOS E CONSTRUÇÕES - MULTAS E JUROS,5,
1121011205000000001201000,TOTAL PARCELAMENTO TAXA P/ EXAME E VERIFICAÇÃO DE  PROJETOS E CONSTRUÇÕES - MULTAS E JUROS,5,
1121011205000000001201001,PPI - TAXA P/ EXAME E VERIFICAÇÃO DE  PROJETOS E CONSTRUÇÕES - MULTAS E JUROS,5,
1121011205000000001201002,PAT - Taxa p/ Exame e Verificação de  Projetos e Construções - Multas e Juros,5,
1121011205000000001201003,PISN - TAXA P/ EXAME E VERIFICAÇÃO DE  PROJETOS E CONSTRUÇÕES - MULTAS E JUROS,5,
1121011205000000001209000,TOTAL DEDUÇÕES PARCELAMENTO TAXA P/ EXAME E VERIFICAÇÃO DE  PROJETOS E CONSTRUÇÕES - MULTAS E JUROS,5,
1121011205000000001209001,Deduções PPI - Taxa p/ Exame e Verificação de  Projetos e Construções - Multas e Juros,5,
1121011205000000001209002,Deduções PAT - Taxa p/ Exame e Verificação de  Projetos e Construções - Multas e Juros,5,
1121011205000000001209003,Deduções PISN - Taxa p/ Exame e Verificação de  Projetos e Construções - Multas e Juros,5,
1121011206000000000000000,TAXA DE VISTORIA DE APARELHOS DE TRANSPORTE VERTICAL E HORIZONTAL - MULTAS E JUROS,5,
1121011206000000001100000,TAXA DE VISTORIA DE APARELHOS DE TRANSPORTE VERTICAL E HORIZONTAL - MULTAS E JUROS,5,
1121011206000000001101000,Taxa de Vistoria de Aparelhos de Transporte Vertical e Horizontal - Multas e Juros,5,
1121011206000000001109000,TOTAL DEDUÇÕES TAXA DE VISTORIA DE APARELHOS DE TRANSPORTE VERTICAL E HORIZONTAL - MULTAS E JUROS,5,
1121011206000000001109001,Deduções da Taxa de Vistoria de Aparelhos de Transporte Vertical e Horizontal - Multas e Juros,5,
1121011206000000001200000,PARCELAMENTO TAXA DE VISTORIA DE APARELHOS DE TRANSPORTE VERTICAL E HORIZONTAL - MULTAS E JUROS,5,
1121011206000000001201000,TOTAL PARCELAMENTO TAXA DE VISTORIA DE APARELHOS DE TRANSPORTE VERTICAL E HORIZONTAL - MULTAS E JURO,5,
1121011206000000001201001,PPI - TAXA DE VISTORIA DE APARELHOS DE TRANSPORTE VERTICAL E HORIZONTAL - MULTAS E JUROS,5,
1121011206000000001201002,PAT - Taxa de Vistoria de Aparelhos de Transporte Vertical e Horizontal - Multas e Juros,5,
1121011206000000001201003,PISN - TAXA DE VISTORIA DE APARELHOS DE TRANSPORTE VERTICAL E HORIZONTAL - MULTAS E JUROS,5,
1121011206000000001209000,TOTAL DEDUÇÕES PARCELAMENTO TAXA DE VISTORIA DE APARELHOS DE TRANSPORTE VERTICAL E HORIZONTAL - MULT,5,
1121011206000000001209001,Deduções PPI - Taxa de Vistoria de Aparelhos de Transporte Vertical e Horizontal - Multas e Juros,5,
1121011206000000001209002,Deduções PAT - Taxa de Vistoria de Aparelhos de Transporte Vertical e Horizontal - Multas e Juros,5,
1121011206000000001209003,Deduções PISN - Taxa de Vistoria de Aparelhos de Transporte Vertical e Horizontal - Multas e Juros,5,
1121011207000000000000000,TAXA DE LICENÇA P/ TRÁFEGO DE VEÍCULOS - MULTAS E JUROS,5,
1121011207000000001100000,TAXA DE LICENÇA P/ TRÁFEGO DE VEÍCULOS - MULTAS E JUROS,5,
1121011207000000001101000,Taxa de Licença p/ Tráfego de Veículos - Multas e Juros,5,
1121011207000000001109000,TOTAL DE DEDUÇÕES TAXA DE LICENÇA P/ TRÁFEGO DE VEÍCULOS - MULTAS E JUROS,5,
1121011207000000001109001,Deduções da Taxa de Licença p/ Tráfego de Veículos - Multas e Juros,5,
1121011208000000000000000, TAXA DE LICENÇA P/ ARRUAMENTOS E LOTEAMENTOS - MULTAS E JUROS,5,
1121011208000000001100000,TAXA DE LICENÇA P/ ARRUAMENTOS E LOTEAMENTOS - MULTAS E JUROS,5,
1121011208000000001101000,Taxa de Licença p/ Arruamentos e Loteamentos - Multas e Juros,5,
1121011208000000001109000,TOTAL DE DEDUÇÕES TAXA DE LICENÇA P/ ARRUAMENTOS E LOTEAMENTOS - MULTAS E JUROS,5,
1121011208000000001109001,Deduções da Taxa de Licença p/ Arruamentos e Loteamentos - Multas e Juros,5,
1121011209000000000000000,TAXA DE FISCALIZAÇÃO DOS SERVIÇOS DE LIMPEZA URBANA - FISLURB - MULTAS E JUROS,5,
1121011209000000001100000,TAXA DE FISCALIZAÇÃO DOS SERVIÇOS DE LIMPEZA URBANA - FISLURB - MULTAS E JUROS,5,
1121011209000000001101000,Taxa de Fiscalização dos Serviços de Limpeza Urbana - FISLURB - Multas e Juros,5,
1121011209000000001109000,TOTAL DE DEDUÇÕES TAXA DE FISCALIZAÇÃO DOS SERVIÇOS DE LIMPEZA URBANA - FISLURB - MULTAS E JUROS,5,
1121011209000000001109001,Deduções da Taxa de Fiscalização dos Serviços de Limpeza Urbana - FISLURB - Multas e Juros,5,
1121011210000000000000000,TAXA DE REMOÇÃO - CET - MULTAS E JUROS,5,
1121011210000000001100000,TAXA DE REMOÇÃO - CET - MULTAS E JUROS,5,
1121011210000000001101000,Taxa de Remoção - CET - Multas e Juros,5,
1121011210000000001109000,TOTAL DE DEDUÇÕES TAXA DE REMOÇÃO - CET - MULTAS E JUROS,5,
1121011210000000001109001,Deduções da Taxa de Remoção - CET - Multas e Juros,5,
1121011211000000000000000,TAXA DE FISCALIZAÇÃO DE CEMITÉRIOS - MULTAS E JUROS,5,
1121011211000000001100000,TAXA DE FISCALIZAÇÃO DE CEMITÉRIOS - MULTAS E JUROS,5,
1121011211000000001101000,Taxa de Fiscalização de Cemitérios - Multas e Juros,5,
1121011211000000001109000,TOTAL DE DEDUÇÕES TAXA DE FISCALIZAÇÃO DE CEMITÉRIOS - MULTAS E JUROS,5,
1121011211000000001109001,Deduções da Taxa de Fiscalização de Cemitérios - Multas e Juros,5,
1121011300000000000000000,"TAXAS DE INSPEÇÃO, CONTROLE E FISCALIZAÇÃO - DÍVIDA ATIVA
",5,
1121011301000000000000000,"TAXA DE LICENÇA P/ LOCALIZAÇÃO, INSTALAÇÃO E FUNCIONAMENTO - DÍVIDA ATIVA
",5,
1121011301000000001100000,"TAXA DE LICENÇA P/ LOCALIZAÇÃO, INSTALAÇÃO E FUNCIONAMENTO - DÍVIDA ATIVA
",5,
1121011301000000001101000,"Taxa de Licença p/ Localização, Instalação e Funcionamento - Dívida Ativa
",5,
1121011301000000001109000,"TOTAL DEDUÇÕES TAXA DE LICENÇA P/ LOCALIZAÇÃO, INSTALAÇÃO E FUNCIONAMENTO - DÍVIDA ATIVA
",5,
1121011301000000001109001,"Deduções Taxa de Licença p/ Localização, Instalação e Funcionamento - Dívida Ativa
",5,
1121011301000000001200000,"PARCELAMENTO TAXA DE LICENÇA P/ LOCALIZAÇÃO, INSTALAÇÃO E FUNCIONAMENTO - DÍVIDA ATIVA
",5,
1121011301000000001201000,"TOTAL PARCELAMENTO TAXA DE LICENÇA P/ LOCALIZAÇÃO, INSTALAÇÃO E FUNCIONAMENTO - DÍVIDA ATIVA
",5,
1121011301000000001201001,"PPI - Taxa de Licença p/ Localização, Instalação e Funcionamento - Dívida Ativa
",5,
1121011301000000001201002,"PAT - Taxa de Licença p/ Localização, Instalação e Funcionamento - Dívida Ativa
",5,
1121011301000000001201003,"PISN - Taxa de Licença p/ Localização, Instalação e Funcionamento - Dívida Ativa
",5,
1121011301000000001201006,"PEQ - Taxa de Licença p/ Localização, Instalação e Funcionamento - Dívida Ativa
",5,
1121011301000000001209000,"TOTAL DEDUÇÕES PARCELAMENTO TAXA DE LICENÇA P/ LOCALIZAÇÃO, INSTALAÇÃO E FUNCIONAMENTO - DÍVIDA ATIV",5,
1121011301000000001209001,"Deduções PPI - Taxa de Licença p/ Localização, Instalação e Funcionamento - Dívida Ativa
",5,
1121011301000000001209002,"Deduções PAT - Taxa de Licença p/ Localização, Instalação e Funcionamento - Dívida Ativa
",5,
1121011301000000001209003,"Deduções PISN - Taxa de Licença p/ Localização, Instalação e Funcionamento - Dívida Ativa
",5,
1121011301000000001209006,"PEQ - Deduções Taxa de Licença p/ Localização, Instalação e Funcionamento - Dívida Ativa",5,
1121011303000000000000000,"TAXA DE FISCALIZAÇÃO DE ESTABELECIMENTOS - TFE - DÍVIDA ATIVA
",5,
1121011303000000001100000,"TAXA DE FISCALIZAÇÃO DE ESTABELECIMENTOS - TFE - DÍVIDA ATIVA
",5,
1121011303000000001101000,"Taxa de Fiscalização de Estabelecimentos - TFE - Dívida Ativa
",5,
1121011303000000001109000,"TOTAL DEDUÇÕES TAXA FISCALIZAÇÃO DE ESTABELECIMENTOS - TFE - DÍVIDA ATIVA
",5,
1121011303000000001109001,"Deduções Taxa Fiscalização de Estabelecimentos - TFE - Dívida Ativa
",5,
1121011303000000001200000,"PARCELAMENTO TAXA  FISCALIZAÇÃO DE ESTABELECIMENTOS - TFE - DÍVIDA ATIVA
",5,
1121011303000000001201000,"TOTAL PARCELAMENTO TAXA DE FISCALIZAÇÃO DE ESTABELECIMENTOS - TFE - DÍVIDA ATIVA
",5,
1121011303000000001201001,"PPI - Taxa de Fiscalização de Estabelecimentos - TFE - Dívida Ativa
",5,
1121011303000000001201002,"PAT - Taxa de Fiscalização de Estabelecimentos - TFE - Dívida Ativa
",5,
1121011303000000001201003,"PISN - Taxa de Fiscalização de Estabelecimentos - TFE - Dívida Ativa
",5,
1121011303000000001201006,"PEQ - Taxa de Fiscalização de Estabelecimentos - TFE - Dívida Ativa
",5,
1121011303000000001209000,"TOTAL DEDUÇÕES PARCELAMENTO TAXA DE FISCALIZAÇÃO DE ESTABELECIMENTOS - TFE - DÍVIDA ATIVA
",5,
1121011303000000001209001,"Deduções PPI - Taxa de Fiscalização de Estabelecimentos - TFE - Dívida Ativa
",5,
1121011303000000001209002,"Deduções PAT - Taxa de Fiscalização de Estabelecimentos - TFE - Dívida Ativa
",5,
1121011303000000001209003,"Deduções PISN - Taxa de Fiscalização de Estabelecimentos - TFE - Dívida Ativa
",5,
1121011303000000001209006,PEQ - Deduções Taxa Fiscalização de Estabelecimentos - TFE - Dívida Ativa,5,
1121011304000000000000000,"TAXA DE FISCALIZAÇÃO DE ANÚNCIOS - TFA - DÍVIDA ATIVA
",5,
1121011304000000001100000,"TAXA DE FISCALIZAÇÃO DE ANÚNCIOS - TFA - DÍVIDA ATIVA
",5,
1121011304000000001101000,"Taxa de Fiscalização de Anúncios - TFA - Dívida Ativa
",5,
1121011304000000001109000,"TOTAL DEDUÇÕES TAXA DE FISCALIZAÇÃO DE ANÚNCIOS - TFA - DÍVIDA ATIVA
",5,
1121011304000000001109001,"Deduções Taxa de Fiscalização de Anúncios - TFA - Dívida Ativa
",5,
1121011304000000001200000,PARCELAMENTO TAXA DE FISCALIZAÇÃO DE ANÚNCIOS - TFA - DÍVIDA ATIVA,5,
1121011304000000001201000,"TOTAL PARCELAMENTO TAXA DE FISCALIZAÇÃO DE ANÚNCIOS - TFA - DÍVIDA ATIVA
",5,
1121011304000000001201001,"PPI - Taxa de Fiscalização de Anúncios - TFA - Dívida Ativa
",5,
1121011304000000001201002,"PAT - Taxa de Fiscalização de Anúncios - TFA - Dívida Ativa
",5,
1121011304000000001201003,"PISN - Taxa de Fiscalização de Anúncios - TFA - Dívida Ativa
",5,
1121011304000000001201006,PEQ - Taxa de Fiscalização de Anúncios - TFA - Dívida Ativa,5,
1121011304000000001209000,"TOTAL DEDUÇÕES PARCELAMENTO TAXA DE FISCALIZAÇÃO DE ANÚNCIOS - TFA - DÍVIDA ATIVA
",5,
1121011304000000001209001,"Deduções PPI - Taxa de Fiscalização de Anúncios - TFA - Dívida Ativa
",5,
1121011304000000001209002,"Deduções PAT - Taxa de Fiscalização de Anúncios - TFA - Dívida Ativa
",5,
1121011304000000001209003,"Deduções PISN - Taxa de Fiscalização de Anúncios - TFA - Dívida Ativa
",5,
1121011304000000001209006,PEQ - Deduções Taxa de Fiscalização de Anúncios - TFA - Dívida Ativa,5,
1121011305000000000000000,"TAXA P/ EXAME E VERIFICAÇÃO DE  PROJETOS E CONSTRUÇÕES - DÍVIDA ATIVA
",5,
1121011305000000001100000,"TAXA P/ EXAME E VERIFICAÇÃO DE  PROJETOS E CONSTRUÇÕES - DÍVIDA ATIVA
",5,
1121011305000000001101000,"Taxa p/ Exame e Verificação de  Projetos e Construções - Dívida Ativa
",5,
1121011305000000001109000,"TOTAL DEDUÇÕES TAXA P/ EXAME E VERIFICAÇÃO DE  PROJETOS E CONSTRUÇÕES - DÍVIDA ATIVA
",5,
1121011305000000001109001,"Deduções Taxa p/ Exame e Verificação de  Projetos e Construções - Dívida Ativa
",5,
1121011305000000001200000,"PARCELAMENTO TAXA P/ EXAME E VERIFICAÇÃO DE  PROJETOS E CONSTRUÇÕES - DÍVIDA ATIVA
",5,
1121011305000000001201000,"TOTAL PARCELAMENTO TAXA P/ EXAME E VERIFICAÇÃO DE  PROJETOS E CONSTRUÇÕES - DÍVIDA ATIVA
",5,
1121011305000000001201001,"PPI - Taxa p/ Exame e Verificação de  Projetos e Construções - Dívida Ativa
",5,
1121011305000000001201002,"PAT - Taxa p/ Exame e Verificação de  Projetos e Construções - Dívida Ativa
",5,
1121011305000000001201003,"PISN - Taxa p/ Exame e Verificação de  Projetos e Construções - Dívida Ativa
",5,
1121011305000000001201006,PEQ - Taxa p/ Exame e Verificação de  Projetos e Construções - Dívida Ativa,5,
1121011305000000001209000,"TOTAL DEDUÇÕES PARCELAMENTO TAXA P/ EXAME E VERIFICAÇÃO DE  PROJETOS E CONSTRUÇÕES - DÍVIDA ATIVA
",5,
1121011305000000001209001,"Deduções PPI - Taxa p/ Exame e Verificação de  Projetos e Construções - Dívida Ativa
",5,
1121011305000000001209002,"Deduções PAT - Taxa p/ Exame e Verificação de  Projetos e Construções - Dívida Ativa
",5,
1121011305000000001209003,"Deduções PISN - Taxa p/ Exame e Verificação de  Projetos e Construções - Dívida Ativa
",5,
1121011305000000001209006,"PEQ - Deduções Taxa p/ Exame e Verificação de  Projetos e Construções - Dívida Ativa
",5,
1121011306000000000000000,"TAXA DE VISTORIA DE APARELHOS DE TRANSPORTE VERTICAL E HORIZONTAL - DÍVIDA ATIVA
",5,
1121011306000000001100000,"TAXA DE VISTORIA DE APARELHOS DE TRANSPORTE VERTICAL E HORIZONTAL - DÍVIDA ATIVA
",5,
1121011306000000001101000,"Taxa de Vistoria de Aparelhos de Transporte Vertical e Horizontal - Dívida Ativa
",5,
1121011306000000001109000,"TOTAL DEDUÇÕES TAXA DE VISTORIA DE APARELHOS DE TRANSPORTE VERTICAL E HORIZONTAL - DÍVIDA ATIVA
",5,
1121011306000000001109001,"Deduções Taxa de Vistoria de Aparelhos de Transporte Vertical e Horizontal - Dívida Ativa
",5,
1121011306000000001200000,"PARCELAMENTO TAXA DE VISTORIA DE APARELHOS DE TRANSPORTE VERTICAL E HORIZONTAL - DÍVIDA ATIVA
",5,
1121011306000000001201000,"TOTAL PARCELAMENTO TAXA DE VISTORIA DE APARELHOS DE TRANSPORTE VERTICAL E HORIZONTAL - DÍVIDA ATIVA",5,
1121011306000000001201001,"PPI - Taxa de Vistoria de Aparelhos de Transporte Vertical e Horizontal - Dívida Ativa
",5,
1121011306000000001201002,"PAT - Taxa de Vistoria de Aparelhos de Transporte Vertical e Horizontal - Dívida Ativa
",5,
1121011306000000001201003,"PISN - Taxa de Vistoria de Aparelhos de Transporte Vertical e Horizontal - Dívida Ativa
",5,
1121011306000000001201006,PEQ - Taxa de Vistoria de Aparelhos de Transporte Vertical e Horizontal - Dívida Ativa,5,
1121011306000000001209000,TOTAL DEDUÇÕES PARCELAMENTO TAXA DE VISTORIA DE APARELHOS DE TRANSPORTE VERTICAL E HORIZONTAL - DÍVI,5,
1121011306000000001209001,"Deduções PPI - Taxa de Vistoria de Aparelhos de Transporte Vertical e Horizontal - Dívida Ativa
",5,
1121011306000000001209002,"Deduções PAT - Taxa de Vistoria de Aparelhos de Transporte Vertical e Horizontal - Dívida Ativa
",5,
1121011306000000001209003,"Deduções PISN - Taxa de Vistoria de Aparelhos de Transporte Vertical e Horizontal - Dívida Ativa
",5,
1121011306000000001209006,PEQ - Deduções Taxa de Vistoria de Aparelhos de Transporte Vertical e Horizontal - Dívida Ativa,5,
1121011309000000000000000,TAXA DE FISCALIZAÇÃO DOS SERVIÇOS DE LIMPEZA URBANA - FISLURB - DÍVIDA ATIVA,5,
1121011309000000001100000,TAXA DE FISCALIZAÇÃO DOS SERVIÇOS DE LIMPEZA URBANA - FISLURB - DÍVIDA ATIVA,5,
1121011309000000001101000,Taxa de Fiscalização dos Serviços de Limpeza Urbana - FISLURB - Dívida Ativa,5,
1121011309000000001109000,"TOTAL DE DEDUÇÕES TAXA DE FISCALIZAÇÃO DOS SERVIÇOS DE LIMPEZA URBANA - FISLURB - DÍVIDA ATIVA
",5,
1121011309000000001109001,Deduções da Taxa de Fiscalização dos Serviços de Limpeza Urbana - FISLURB - Dívida Ativa,5,
1121011400000000000000000,"TAXAS DE INSPEÇÃO, CONTROLE E FISCALIZAÇÃO - DÍVIDA ATIVA - MULTAS E JUROS
",5,
1121011401000000000000000,"TAXA DE LICENÇA P/ LOCALIZAÇÃO, INSTALAÇÃO E FUNCIONAMENTO - DÍVIDA ATIVA - MULTAS E JUROS
",5,
1121011401000000001100000,"TAXA DE LICENÇA P/ LOCALIZAÇÃO, INSTALAÇÃO E FUNCIONAMENTO - DÍVIDA ATIVA - MULTAS E JUROS
",5,
1121011401000000001101000,"Taxa de Licença p/ Localização, Instalação e Funcionamento - Dívida Ativa - Multas e Juros
",5,
1121011401000000001109000,"TOTAL DEDUÇÕES TAXA DE LICENÇA P/ LOCALIZAÇÃO, INSTALAÇÃO E FUNCIONAMENTO - DÍVIDA ATIVA - MULTAS E ",5,
1121011401000000001109001,"Deduções Taxa de Licença p/ Localização, Instalação e Funcionamento - Dívida Ativa - Multas e Juros",5,
1121011401000000001200000,"PARCELAMENTO TAXA DE LICENÇA P/ LOCALIZAÇÃO, INSTALAÇÃO E FUNCIONAMENTO - DÍVIDA ATIVA - MULTAS E JU",5,
1121011401000000001201000,"TOTAL PARCELAMENTO TAXA DE LICENÇA P/ LOCALIZAÇÃO, INSTALAÇÃO E FUNCIONAMENTO - DÍVIDA ATIVA - MULTA",5,
1121011401000000001201001,"PPI - Taxa de Licença p/ Localização, Instalação e Funcionamento - Dívida Ativa - Multas e Juros
",5,
1121011401000000001201002,"PAT - Taxa de Licença p/ Localização, Instalação e Funcionamento - Dívida Ativa - Multas e Juros
",5,
1121011401000000001201003,"PISN - Taxa de Licença p/ Localização, Instalação e Funcionamento - Dívida Ativa - Multas e Juros
",5,
1121011401000000001201006,"PEQ - Taxa de Licença p/ Localização, Instalação e Funcionamento - Dívida Ativa - Multas e Juros
",5,
1121011401000000001209000,"TOTAL DEDUÇÕES PARCELAMENTO TAXA DE LICENÇA P/ LOCALIZAÇÃO, INSTALAÇÃO E FUNCIONAMENTO - DÍVIDA ATIV",5,
1121011401000000001209001,"Deduções PPI - Taxa de Licença p/ Localização, Instalação e Funcionamento - Dívida Ativa - Multas e ",5,
1121011401000000001209002,"Deduções PAT - Taxa de Licença p/ Localização, Instalação e Funcionamento - Dívida Ativa - Multas e ",5,
1121011401000000001209003,"Deduções PISN - Taxa de Licença p/ Localização, Instalação e Funcionamento - Dívida Ativa - Multas e",5,
1121011401000000001209006,"PEQ - Deduções Taxa de Licença p/ Localização, Instalação e Funcionamento - Dívida Ativa - Multas e ",5,
1121011403000000000000000,"TAXA DE FISCALIZAÇÃO DE ESTABELECIMENTOS - TFE - DÍVIDA ATIVA - MULTAS E JUROS
",5,
1121011403000000001100000,"TAXA DE FISCALIZAÇÃO DE ESTABELECIMENTOS - TFE - DÍVIDA ATIVA - MULTAS E JUROS
",5,
1121011403000000001101000,"Taxa de Fiscalização de Estabelecimentos - TFE - Dívida Ativa - Multas e Juros
",5,
1121011403000000001109000,"TOTAL DEDUÇÕES TAXA FISCALIZAÇÃO DE ESTABELECIMENTOS - TFE - DÍVIDA ATIVA - MULTAS E JUROS
",5,
1121011403000000001109001,"Deduções Taxa Fiscalização de Estabelecimentos - TFE - Dívida Ativa - Multas e Juros
",5,
1121011403000000001200000,"PARCELAMENTO TAXA  FISCALIZAÇÃO DE ESTABELECIMENTOS - TFE - DÍVIDA ATIVA - MULTAS E JUROS
",5,
1121011403000000001201000,"TOTAL PARCELAMENTO TAXA DE FISCALIZAÇÃO DE ESTABELECIMENTOS - TFE - DÍVIDA ATIVA - MULTAS E JUROS
",5,
1121011403000000001201001,"PPI - Taxa de Fiscalização de Estabelecimentos - TFE - Dívida Ativa - Multas e Juros
",5,
1121011403000000001201002,"PAT - Taxa de Fiscalização de Estabelecimentos - TFE - Dívida Ativa - Multas e Juros
",5,
1121011403000000001201003,"PISN - Taxa de Fiscalização de Estabelecimentos - TFE - Dívida Ativa - Multas e Juros
",5,
1121011403000000001201006,PEQ - Taxa de Fiscalização de Estabelecimentos - TFE - Dívida Ativa - Multas e Juros,5,
1121011403000000001209000,TOTAL DEDUÇÕES PARCELAMENTO TAXA DE FISCALIZAÇÃO DE ESTABELECIMENTOS - TFE - DÍVIDA ATIVA - MULTAS E,5,
1121011403000000001209001,"Deduções PPI - Taxa de Fiscalização de Estabelecimentos - TFE - Dívida Ativa - Multas e Juros
",5,
1121011403000000001209002,"Deduções PAT - Taxa de Fiscalização de Estabelecimentos - TFE - Dívida Ativa - Multas e Juros
",5,
1121011403000000001209003,"Deduções PISN - Taxa de Fiscalização de Estabelecimentos - TFE - Dívida Ativa - Multas e Juros
",5,
1121011403000000001209006,"PEQ - Deduções Taxa Fiscalização de Estabelecimentos - TFE - Dívida Ativa - Multas e Juros
",5,
1121011404000000000000000,"TAXA DE FISCALIZAÇÃO DE ANÚNCIOS - TFA - DÍVIDA ATIVA - MULTAS E JUROS
",5,
1121011404000000001100000,"TAXA DE FISCALIZAÇÃO DE ANÚNCIOS - TFA - DÍVIDA ATIVA - MULTAS E JUROS
",5,
1121011404000000001101000,"Taxa de Fiscalização de Anúncios - TFA - Dívida Ativa - Multas e Juros
",5,
1121011404000000001109000,"TOTAL DEDUÇÕES TAXA DE FISCALIZAÇÃO DE ANÚNCIOS - TFA - DÍVIDA ATIVA - MULTAS E JUROS
",5,
1121011404000000001109001,"Deduções Taxa de Fiscalização de Anúncios - TFA - Dívida Ativa - Multas e Juros
",5,
1121011404000000001200000,"PARCELAMENTO TAXA DE FISCALIZAÇÃO DE ANÚNCIOS - TFA - DÍVIDA ATIVA - MULTAS E JUROS
",5,
1121011404000000001201000,"TOTAL PARCELAMENTO TAXA DE FISCALIZAÇÃO DE ANÚNCIOS - TFA - DÍVIDA ATIVA - MULTAS E JUROS
",5,
1121011404000000001201001,"PPI - Taxa de Fiscalização de Anúncios - TFA - Dívida Ativa - Multas e Juros
",5,
1121011404000000001201002,"PAT - Taxa de Fiscalização de Anúncios - TFA - Dívida Ativa - Multas e Juros
",5,
1121011404000000001201003,"PISN - Taxa de Fiscalização de Anúncios - TFA - Dívida Ativa - Multas e Juros
",5,
1121011404000000001201006,"PEQ - Taxa de Fiscalização de Anúncios - TFA - Dívida Ativa - Multas e Juros
",5,
1121011404000000001209000,"TOTAL DEDUÇÕES PARCELAMENTO TAXA DE FISCALIZAÇÃO DE ANÚNCIOS - TFA - DÍVIDA ATIVA - MULTAS E JUROS
",5,
1121011404000000001209001,"Deduções PPI - Taxa de Fiscalização de Anúncios - TFA - Dívida Ativa - Multas e Juros
",5,
1121011404000000001209002,"Deduções PAT - Taxa de Fiscalização de Anúncios - TFA - Dívida Ativa - Multas e Juros
",5,
1121011404000000001209003,"Deduções PISN - Taxa de Fiscalização de Anúncios - TFA - Dívida Ativa - Multas e Juros
",5,
1121011404000000001209006,PEQ - Deduções Taxa de Fiscalização de Anúncios - TFA - Dívida Ativa - Multas e Juros,5,
1121011405000000000000000,"TAXA P/ EXAME E VERIFICAÇÃO DE  PROJETOS E CONSTRUÇÕES - DÍVIDA ATIVA - MULTAS E JUROS
",5,
1121011405000000001100000,"TAXA P/ EXAME E VERIFICAÇÃO DE  PROJETOS E CONSTRUÇÕES - DÍVIDA ATIVA - MULTAS E JUROS
",5,
1121011405000000001101000,"Taxa p/ Exame e Verificação de  Projetos e Construções - Dívida Ativa - Multas e Juros
",5,
1121011405000000001109000,TOTAL DEDUÇÕES TAXA P/ EXAME E VERIFICAÇÃO DE  PROJETOS E CONSTRUÇÕES - DÍVIDA ATIVA - MULTAS E JURO,5,
1121011405000000001109001,"Deduções Taxa p/ Exame e Verificação de  Projetos e Construções - Dívida Ativa - Multas e Juros
",5,
1121011405000000001200000,"PARCELAMENTO TAXA P/ EXAME E VERIFICAÇÃO DE  PROJETOS E CONSTRUÇÕES - DÍVIDA ATIVA - MULTAS E JUROS",5,
1121011405000000001201000,TOTAL PARCELAMENTO TAXA P/ EXAME E VERIFICAÇÃO DE  PROJETOS E CONSTRUÇÕES - DÍVIDA ATIVA - MULTAS E ,5,
1121011405000000001201001,"PPI - Taxa p/ Exame e Verificação de  Projetos e Construções - Dívida Ativa - Multas e Juros
",5,
1121011405000000001201002,"PAT - Taxa p/ Exame e Verificação de  Projetos e Construções - Dívida Ativa - Multas e Juros
",5,
1121011405000000001201003,"PISN - Taxa p/ Exame e Verificação de  Projetos e Construções - Dívida Ativa - Multas e Juros
",5,
1121011405000000001201006,PEQ - Taxa p/ Exame e Verificação de  Projetos e Construções - Dívida Ativa - Multas e Juros,5,
1121011405000000001209000,TOTAL DEDUÇÕES PARCELAMENTO TAXA P/ EXAME E VERIFICAÇÃO DE  PROJETOS E CONSTRUÇÕES - DÍVIDA ATIVA - ,5,
1121011405000000001209001,Deduções PPI - Taxa p/ Exame e Verificação de  Projetos e Construções - Dívida Ativa - Multas e Juro,5,
1121011405000000001209002,Deduções PAT - Taxa p/ Exame e Verificação de  Projetos e Construções - Dívida Ativa - Multas e Juro,5,
1121011405000000001209003,Deduções PISN - Taxa p/ Exame e Verificação de  Projetos e Construções - Dívida Ativa - Multas e Jur,5,
1121011405000000001209006,PEQ - Deduções Taxa p/ Exame e Verificação de  Projetos e Construções - Dívida Ativa - Multas e Juro,5,
1121011406000000000000000,"TAXA DE VISTORIA DE APARELHOS DE TRANSPORTE VERTICAL E HORIZONTAL - DÍVIDA ATIVA - MULTAS E JUROS
",5,
1121011406000000001100000,"TAXA DE VISTORIA DE APARELHOS DE TRANSPORTE VERTICAL E HORIZONTAL - DÍVIDA ATIVA - MULTAS E JUROS
",5,
1121011406000000001101000,"Taxa de Vistoria de Aparelhos de Transporte Vertical e Horizontal - Dívida Ativa - Multas e Juros
",5,
1121011406000000001109000,TOTAL DEDUÇÕES TAXA DE VISTORIA DE APARELHOS DE TRANSPORTE VERTICAL E HORIZONTAL - DÍVIDA ATIVA - MU,5,
1121011406000000001109001,Deduções Taxa de Vistoria de Aparelhos de Transporte Vertical e Horizontal - Dívida Ativa - Multas e,5,
1121011406000000001200000,PARCELAMENTO TAXA DE VISTORIA DE APARELHOS DE TRANSPORTE VERTICAL E HORIZONTAL - DÍVIDA ATIVA - MULT,5,
1121011406000000001201000,TOTAL PARCELAMENTO TAXA DE VISTORIA DE APARELHOS DE TRANSPORTE VERTICAL E HORIZONTAL - DÍVIDA ATIVA ,5,
1121011406000000001201001,PPI - Taxa de Vistoria de Aparelhos de Transporte Vertical e Horizontal - Dívida Ativa - Multas e Ju,5,
1121011406000000001201002,PAT - Taxa de Vistoria de Aparelhos de Transporte Vertical e Horizontal - Dívida Ativa - Multas e Ju,5,
1121011406000000001201003,PISN - Taxa de Vistoria de Aparelhos de Transporte Vertical e Horizontal - Dívida Ativa - Multas e J,5,
1121011406000000001201006,PEQ - Taxa de Vistoria de Aparelhos de Transporte Vertical e Horizontal - Dívida Ativa - Multas e Ju,5,
1121011406000000001209000,TOTAL DEDUÇÕES PARCELAMENTO TAXA DE VISTORIA DE APARELHOS DE TRANSPORTE VERTICAL E HORIZONTAL - DÍVI,5,
1121011406000000001209001,Deduções PPI - Taxa de Vistoria de Aparelhos de Transporte Vertical e Horizontal - Dívida Ativa - Mu,5,
1121011406000000001209002,Deduções PAT - Taxa de Vistoria de Aparelhos de Transporte Vertical e Horizontal - Dívida Ativa - Mu,5,
1121011406000000001209003,Deduções PISN - Taxa de Vistoria de Aparelhos de Transporte Vertical e Horizontal - Dívida Ativa - M,5,
1121011406000000001209006,PEQ - Deduções Taxa de Vistoria de Aparelhos de Transporte Vertical e Horizontal - Dívida Ativa - Mu,5,
1121011409000000000000000,"TAXA DE FISCALIZAÇÃO DOS SERVIÇOS DE LIMPEZA URBANA - FISLURB - DÍVIDA ATIVA - MULTAS E JUROS
",5,
1121011409000000001100000,"TAXA DE FISCALIZAÇÃO DOS SERVIÇOS DE LIMPEZA URBANA - FISLURB - DÍVIDA ATIVA - MULTAS E JUROS
",5,
1121011409000000001101000,"Taxa de Fiscalização dos Serviços de Limpeza Urbana - FISLURB - Dívida Ativa - Multas e Juros
",5,
1121011409000000001109000,TOTAL DE DEDUÇÕES TAXA DE FISCALIZAÇÃO DOS SERVIÇOS DE LIMPEZA URBANA - FISLURB - DÍVIDA ATIVA - MUL,5,
1121011409000000001109001,Deduções da Taxa de Fiscalização dos Serviços de Limpeza Urbana - FISLURB - Dívida Ativa - Multas e ,5,
1121020000000000000000000,TAXAS DE FISCALIZAÇÃO DAS TELECOMUNICAÇÕES,5,
1121021000000000000000000,TAXA DE FISCALIZAÇÃO DE INSTALAÇÃO - TFI,5,
1121022000000000000000000,TAXA DE FISCALIZAÇÃO DE FUNCIONAMENTO - TFF,5,
1121030000000000000000000,TAXA DE CONTROLE E FISCALIZAÇÃO DE PRODUTOS QUÍMICOS,5,
1121031000000000000000000,TAXA DE CONTROLE E FISCALIZAÇÃO DE PRODUTOS QUÍMICOS,5,
1121040000000000000000000,TAXA DE CONTROLE E FISCALIZAÇÃO AMBIENTAL,5,
1121041000000000000000000,TAXA DE CONTROLE E FISCALIZAÇÃO AMBIENTAL,5,
1121050000000000000000000,TAXA DE CONTROLE E FISCALIZAÇÃO DA PESCA E AQUICULTURA,5,
1121051000000000000000000,TAXA DE CONTROLE E FISCALIZAÇÃO DA PESCA E AQUICULTURA,5,
1122000000000000000000000,TAXAS PELA PRESTAÇÃO DE SERVIÇOS,5,
1122010000000000000000000,TAXAS PELA PRESTAÇÃO DE SERVIÇOS,5,
1122011000000000000000000,TAXAS PELA PRESTAÇÃO DE SERVIÇOS,5,
1122011100000000000000000,TAXAS PELA PRESTAÇÃO DE SERVIÇOS - PRINCIPAL,5,
1122011101000000000000000,TAXA DE CONSERVAÇÃO DE VIAS E LOGRADOUROS PÚBLICOS,5,
1122011101000000001100000,TAXA DE CONSERVAÇÃO DE VIAS E LOGRADOUROS PÚBLICOS,5,
1122011101000000001101000,Taxa de Conservação de Vias e Logradouros Públicos,5,
1122011101000000001109000,TOTAL DE DEDUÇÕES DA TAXA DE CONSERVAÇÃO DE VIAS E LOGRADOUROS PÚBLICOS,5,
1122011101000000001109001,Deduções da Taxa de Conservação de Vias e Logradouros Públicos,5,
1122011101000000001200000,PARCELAMENTO TAXA DE CONSERVAÇÃO DE VIAS E LOGRADOUROS PÚBLICOS,5,
1122011101000000001201000,TOTAL PARCELAMENTO TAXA DE CONSERVAÇÃO DE VIAS E LOGRADOUROS PÚBLICOS,5,
1122011101000000001201001,PPI - TAXA DE CONSERVAÇÃO DE VIAS E LOGRADOUROS PÚBLICOS,5,
1122011101000000001201002,PAT - Taxa de Conservação de Vias e Logradouros Públicos,5,
1122011101000000001201003,PISN - Taxa de Conservação de Vias e Logradouros Públicos,5,
1122011101000000001209000,TOTAL DEDUÇÕES PARCELAMENTO TAXA DE CONSERVAÇÃO DE VIAS E LOGRADOUROS PÚBLICOS,5,
1122011101000000001209001,Deduções PPI - Taxa de Conservação de Vias e Logradouros Públicos,5,
1122011101000000001209002,Deduções PAT - Taxa de Conservação de Vias e Logradouros Públicos,5,
1122011101000000001209003,Deduções PISN - Taxa de Conservação de Vias e Logradouros Públicos,5,
1122011102000000000000000,TAXA DE ESTUDOS P/ FIXAÇÃO DE DIRETRIZES,5,
1122011102000000001100000,TAXA DE ESTUDOS P/ FIXAÇÃO DE DIRETRIZES,5,
1122011102000000001101000,Taxa de Estudos p/ Fixação de Diretrizes,5,
1122011102000000001109000,TOTAL DE DEDUÇÕES DA TAXA DE ESTUDOS P/ FIXAÇÃO DE DIRETRIZES,5,
1122011102000000001109001,Deduções da Taxa de Estudos p/ Fixação de Diretrizes,5,
1122011103000000000000000,TAXA DE COMBATE A SINISTROS,5,
1122011103000000001100000,TAXA DE COMBATE A SINISTROS,5,
1122011103000000001101000,Taxa de Combate a Sinistros,5,
1122011103000000001109000,TOTAL DEDUÇÕES TAXA DE COMBATE A SINISTROS,5,
1122011103000000001109001,Deduções da Taxa de Combate a Sinistros,5,
1122011103000000001200000,PARCELAMENTO TAXA DE COMBATE A SINISTROS,5,
1122011103000000001201000,TOTAL PARCELAMENTO TAXA DE COMBATE A SINISTROS,5,
1122011103000000001201001,PPI - Taxa de Combate a Sinistros,5,
1122011103000000001201002,PAT - Taxa de Combate a Sinistros,5,
1122011103000000001201003,PISN - Taxa de Combate a Sinistros,5,
1122011103000000001209000,TOTAL DEDUÇÕES PARCELAMENTO TAXA DE COMBATE A SINISTROS,5,
1122011103000000001209001,Deduções PPI - Taxa de Combate a Sinistros,5,
1122011103000000001209002,Deduções PAT - Taxa de Combate a Sinistros,5,
1122011103000000001209003,Deduções PISN - Taxa de Combate a Sinistros,5,
1122011104000000000000000,TAXA DE LIMPEZA PÚBLICA,5,
1122011104000000001100000,TAXA DE LIMPEZA PÚBLICA,5,
1122011104000000001101000,Taxa de Limpeza Pública,5,
1122011104000000001109000,TOTAL DE DEDUÇÕES TAXA DE LIMPEZA PÚBLICA,5,
1122011104000000001109001,Deduções da Taxa de Limpeza Pública,5,
1122011104000000001200000,PARCELAMENTO TAXA DE LIMPEZA PÚBLICA,5,
1122011104000000001201000,TOTAL PARCELAMENTO TAXA DE LIMPEZA PÚBLICA,5,
1122011104000000001201001,PPI - Taxa de Limpeza Pública,5,
1122011104000000001201002,PAT - Taxa de Limpeza Pública,5,
1122011104000000001201003,PISN - Taxa de Limpeza Pública,5,
1122011104000000001209000,TOTAL DEDUÇÕES PARCELAMENTO TAXA DE LIMPEZA PÚBLICA,5,
1122011104000000001209001,Deduções PPI - Taxa de Limpeza Pública,5,
1122011104000000001209002,Deduções PAT - Taxa de Limpeza Pública,5,
1122011104000000001209003,Deduções PISN - Taxa de Limpeza Pública,5,
1122011105000000000000000,TAXA DE RESÍDUOS SÓLIDOS DOMICILIARES - TRSD,5,
1122011105000000001100000,TAXA DE RESÍDUOS SÓLIDOS DOMICILIARES - TRSD,5,
1122011105000000001101000,Taxa de Resíduos Sólidos Domiciliares - TRSD,5,
1122011105000000001109000,TOTAL DEDUÇÕES TAXA RESÍDUOS SÓLIDOS DOMICILIARES - TRSD,5,
1122011105000000001109001,Deduções da Taxa de Resíduos Sólidos Domiciliares - TRSD,5,
1122011105000000001200000,PARCELAMENTO TAXA DE RESÍDUOS SÓLIDOS DOMICILIARES - TRSD,5,
1122011105000000001201000,TOTAL PARCELAMENTO TAXA DE RESÍDUOS SÓLIDOS DOMICILIARES - TRSD,5,
1122011105000000001201001,PPI - Taxa de Resíduos Sólidos Domiciliares - TRSD,5,
1122011105000000001201002,PAT - Taxa de Resíduos Sólidos Domiciliares - TRSD,5,
1122011105000000001201003,PISN - Taxa de Resíduos Sólidos Domiciliares - TRSD,5,
1122011105000000001209000,TOTAL DEDUÇÕES PARCELAMENTO TAXA DE RESÍDUOS SÓLIDOS DOMICILIARES - TRSD,5,
1122011105000000001209001,Deduções PPI - Taxa de Resíduos Sólidos Domiciliares - TRSD,5,
1122011105000000001209002,Deduções PAT - Taxa de Resíduos Sólidos Domiciliares - TRSD,5,
1122011105000000001209003,Deduções PISN - Taxa de Resíduos Sólidos Domiciliares - TRSD,5,
1122011106000000000000000,TAXA DE RESÍDUOS SÓLIDOS DE SERVIÇOS DE SAÚDE - TRSS,5,
1122011106000000001100000,TAXA DE RESÍDUOS SÓLIDOS DE SERVIÇOS DE SAÚDE - TRSS,5,
1122011106000000001101000,Taxa de Resíduos Sólidos de Serviços de Saúde - TRSS,5,
1122011106000000001109000,TOTAL DEDUÇÕES TAXA DE RESÍDUOS SÓLIDOS DE SERVIÇOS DE SAÚDE - TRSS,5,
1122011106000000001109001,Deduções Taxa de Resíduos Sólidos de Serviços de Saúde - TRSS,5,
1122011106000000001200000,RECEITA PARCELAMENTO TAXA DE RESÍDUOS SÓLIDOS DE SERVIÇOS DE SAÚDE - TRSS,5,
1122011106000000001201000,TOTAL PARCELAMENTO TAXA DE RESÍDUOS SÓLIDOS DE SERVIÇOS DE SAÚDE - TRSS,5,
1122011106000000001201001,PPI - Taxa de Resíduos Sólidos de Serviços de Saúde - TRSS,5,
1122011106000000001201002,PAT - Taxa de Resíduos Sólidos de Serviços de Saúde - TRSS,5,
1122011106000000001201003,PISN - Taxa de Resíduos Sólidos de Serviços de Saúde - TRSS,5,
1122011106000000001209000,TOTAL DEDUÇÕES PARCELAMENTO TAXA DE RESÍDUOS SÓLIDOS DE SERVIÇOS DE SAÚDE - TRSS,5,
1122011106000000001209001,Deduções PPI - Taxa de Resíduos Sólidos de Serviços de Saúde - TRSS,5,
1122011106000000001209002,Deduções PAT - Taxa de Resíduos Sólidos de Serviços de Saúde - TRSS,5,
1122011106000000001209003,Deduções PISN - Taxa de Resíduos Sólidos de Serviços de Saúde - TRSS,5,
1122011200000000000000000,TAXAS PELA PRESTAÇÃO DE SERVIÇOS - MULTAS E JUROS,5,
1122011201000000000000000,TAXA DE CONSERVAÇÃO DE VIAS E LOGRADOUROS PÚBLICOS - MULTAS E JUROS,5,
1122011201000000001100000,TAXA DE CONSERVAÇÃO DE VIAS E LOGRADOUROS PÚBLICOS - MULTAS E JUROS,5,
1122011201000000001101000,Taxa de Conservação de Vias e Logradouros Públicos - Multas e Juros,5,
1122011201000000001109000,TOTAL DE DEDUÇÕES DE TAXA DE CONSERVAÇÃO DE VIAS E LOGRADOUROS PÚBLICOS - MULTAS E JUROS,5,
1122011201000000001109001,Deduções de Taxa de Conservação de Vias e Logradouros Públicos - Multas e Juros,5,
1122011201000000001200000,PARCELAMENTO DEDUÇÕES DE TAXA DE CONSERVAÇÃO DE VIAS E LOGRADOUROS PÚBLICOS - MULTAS E JUROS,5,
1122011201000000001201000,TOTAL PARCELAMENTO DEDUÇÕES DE TAXA DE CONSERVAÇÃO DE VIAS E LOGRADOUROS PÚBLICOS - MULTAS E JUROS,5,
1122011201000000001201001,PPI - Taxa de Conservação de Vias e Logradouros Públicos - Multas e Juros,5,
1122011201000000001201002,PAT - Taxa de Conservação de Vias e Logradouros Públicos - Multas e Juros,5,
1122011201000000001201003,PISN - Taxa de Conservação de Vias e Logradouros Públicos - Multas e Juros,5,
1122011201000000001209000,TOTAL DEDUÇÕES PARCELAMENTO DEDUÇÕES DE TAXA DE CONSERVAÇÃO DE VIAS E LOGRADOUROS PÚBLICOS - MULTAS ,5,
1122011201000000001209001,Deduções PPI - Taxa de Conservação de Vias e Logradouros Públicos - Multas e Juros,5,
1122011201000000001209002,Deduções PAT - Taxa de Conservação de Vias e Logradouros Públicos - Multas e Juros,5,
1122011201000000001209003,Deduções PISN - Taxa de Conservação de Vias e Logradouros Públicos - Multas e Juros,5,
1122011202000000000000000,TAXA DE ESTUDOS P/ FIXAÇÃO DE DIRETRIZES - MULTAS E JUROS,5,
1122011202000000001100000,TAXA DE ESTUDOS P/ FIXAÇÃO DE DIRETRIZES - MULTAS E JUROS,5,
1122011202000000001101000,Taxa de Estudos p/ Fixação de Diretrizes - Multas e Juros,5,
1122011202000000001109000,TOTAL DE DEDUÇÕES DE TAXA DE ESTUDOS P/ FIXAÇÃO DE DIRETRIZES - MULTAS E JUROS,5,
1122011202000000001109001,Deduções de Taxa de Estudos p/ Fixação de Diretrizes - Multas e Juros,5,
1122011203000000000000000,TAXA DE COMBATE A SINISTROS - MULTAS E JUROS,5,
1122011203000000001100000,TAXA DE COMBATE A SINISTROS - MULTAS E JUROS,5,
1122011203000000001101000,Taxa de Combate a Sinistros - Multas e Juros,5,
1122011203000000001109000,TOTAL DEDUÇÕES TAXA DE COMBATE A SINISTROS - MULTAS E JUROS,5,
1122011203000000001109001,Deduções da Taxa de Combate a Sinistros - Multas e Juros,5,
1122011203000000001200000,PARCELAMENTO TAXA DE COMBATE A SINISTROS - MULTAS E JUROS,5,
1122011203000000001201000,TOTAL PARCELAMENTO TAXA DE COMBATE A SINISTROS - MULTAS E JUROS,5,
1122011203000000001201001,PPI - Taxa de Combate a Sinistros - Multas e Juros,5,
1122011203000000001201002,PAT - Taxa de Combate a Sinistros - Multas e Juros,5,
1122011203000000001201003,PISN - Taxa de Combate a Sinistros - Multas e Juros,5,
1122011203000000001209000,TOTAL DEDUÇÕES PARCELAMENTO TAXA DE COMBATE A SINISTROS - MULTAS E JUROS,5,
1122011203000000001209001,Deduções PPI - Taxa de Combate a Sinistros - Multas e Juros,5,
1122011203000000001209002,Deduções PAT - Taxa de Combate a Sinistros - Multas e Juros,5,
1122011203000000001209003,Deduções PISN - Taxa de Combate a Sinistros - Multas e Juros,5,
1122011204000000000000000,TAXA DE LIMPEZA PÚBLICA - MULTAS E JUROS,5,
1122011204000000001100000,TAXA DE LIMPEZA PÚBLICA - MULTAS E JUROS,5,
1122011204000000001101000,Taxa de Limpeza Pública - Multas e Juros,5,
1122011204000000001109000,TOTAL DEDUÇÕES TAXA DE LIMPEZA PÚBLICA - MULTAS E JUROS,5,
1122011204000000001109001,Deduções da Taxa de Limpeza Pública - Multas e Juros,5,
1122011204000000001200000,PARCELAMENTO TAXA DE LIMPEZA PÚBLICA - MULTAS E JUROS,5,
1122011204000000001201000,TOTAL PARCELAMENTO TAXA DE LIMPEZA PÚBLICA - MULTAS E JUROS,5,
1122011204000000001201001,PPI - Taxa de Limpeza Pública - Multas e Juros,5,
1122011204000000001201002,PAT - Taxa de Limpeza Pública - Multas e Juros,5,
1122011204000000001201003,PISN - Taxa de Limpeza Pública - Multas e Juros,5,
1122011204000000001209000,TOTAL DEDUÇÕES PARCELAMENTO TAXA DE LIMPEZA PÚBLICA - MULTAS E JUROS,5,
1122011204000000001209001,Deduções PPI - Taxa de Limpeza Pública - Multas e Juros,5,
1122011204000000001209002,Deduções PAT - Taxa de Limpeza Pública - Multas e Juros,5,
1122011204000000001209003,Deduções PISN - Taxa de Limpeza Pública - Multas e Juros,5,
1122011205000000000000000,TAXA DE RESÍDUOS SÓLIDOS DOMICILIARES - TRSD - MULTAS E JUROS,5,
1122011205000000001100000,TAXA DE RESÍDUOS SÓLIDOS DOMICILIARES - TRSD - MULTAS E JUROS,5,
1122011205000000001101000,Taxa de Resíduos Sólidos Domiciliares - TRSD - Multas e Juros,5,
1122011205000000001109000,TOTAL DE DEDUÇÕES TAXA DE RESÍDUOS SÓLIDOS DOMICILIARES - TRSD - MULTAS E JUROS,5,
1122011205000000001109001,Deduções da Taxa de Resíduos Sólidos Domiciliares - TRSD - Multas e Juros,5,
1122011205000000001200000,PARCELAMENTO TAXA DE RESÍDUOS SÓLIDOS DOMICILIARES - TRSD - MULTAS E JUROS,5,
1122011205000000001201000,TOTAL PARCELAMENTO TAXA DE RESÍDUOS SÓLIDOS DOMICILIARES - TRSD - MULTAS E JUROS,5,
1122011205000000001201001,PPI - Taxa de Resíduos Sólidos Domiciliares - TRSD - Multas e Juros,5,
1122011205000000001201002,PAT - Taxa de Resíduos Sólidos Domiciliares - TRSD - Multas e Juros,5,
1122011205000000001201003,PISN - Taxa de Resíduos Sólidos Domiciliares - TRSD - Multas e Juros,5,
1122011205000000001209000,TOTAL DEDUÇÕES PARCELAMENTO TAXA DE RESÍDUOS SÓLIDOS DOMICILIARES - TRSD - MULTAS E JUROS,5,
1122011205000000001209001,Deduções PPI - Taxa de Resíduos Sólidos Domiciliares - TRSD - Multas e Juros,5,
1122011205000000001209002,Deduções PAT - Taxa de Resíduos Sólidos Domiciliares - TRSD - Multas e Juros,5,
1122011205000000001209003,Deduções PISN - Taxa de Resíduos Sólidos Domiciliares - TRSD - Multas e Juros,5,
1122011206000000000000000,TAXA DE RESÍDUOS SÓLIDOS DE SERVIÇOS DE SAÚDE - TRSS - MULTAS E JUROS,5,
1122011206000000001100000,TAXA DE RESÍDUOS SÓLIDOS DE SERVIÇOS DE SAÚDE - TRSS - MULTAS E JUROS,5,
1122011206000000001101000,Taxa de Resíduos Sólidos de Serviços de Saúde - TRSS - Multas e Juros,5,
1122011206000000001109000,TOTAL DE DEDUÇÕES TAXA DE RESÍDUOS SÓLIDOS DE SERVIÇOS DE SAÚDE - TRSS - MULTAS E JUROS,5,
1122011206000000001109001,Deduções Taxa de Resíduos Sólidos de Serviços de Saúde - TRSS - Multas e Juros,5,
1122011206000000001200000,PARCELAMENTO TAXA DE RESÍDUOS SÓLIDOS DE SERVIÇOS DE SAÚDE - TRSS - MULTAS E JUROS,5,
1122011206000000001201000,TOTAL PARCELAMENTO TAXA DE RESÍDUOS SÓLIDOS DE SERVIÇOS DE SAÚDE - TRSS - MULTAS E JUROS,5,
1122011206000000001201001,PPI - Taxa de Resíduos Sólidos de Serviços de Saúde - TRSS - Multas e Juros,5,
1122011206000000001201002,PAT - Taxa de Resíduos Sólidos de Serviços de Saúde - TRSS - Multas e Juros,5,
1122011206000000001201003,PISN - Taxa de Resíduos Sólidos de Serviços de Saúde - TRSS - Multas e Juros,5,
1122011206000000001209000,TOTAL DEDUÇÕES PARCELAMENTO TAXA DE RESÍDUOS SÓLIDOS DE SERVIÇOS DE SAÚDE - TRSS - MULTAS E JUROS,5,
1122011206000000001209001,Deduções PPI - Taxa de Resíduos Sólidos de Serviços de Saúde - TRSS - Multas e Juros,5,
1122011206000000001209002,Deduções PAT - Taxa de Resíduos Sólidos de Serviços de Saúde - TRSS - Multas e Juros,5,
1122011206000000001209003,Deduções PISN - Taxa de Resíduos Sólidos de Serviços de Saúde - TRSS - Multas e Juros,5,
1122011206000000001209004,Deduções PRD - Taxa de Resíduos Sólidos de Serviços de Saúde - TRSS - Multas e Juros,5,
1122011300000000000000000,"TAXAS PELA PRESTAÇÃO DE SERVIÇOS - DÍVIDA ATIVA
",5,
1122011303000000000000000,"TAXA DE COMBATE A SINISTROS - DÍVIDA ATIVA
",5,
1122011303000000001100000,"TAXA DE COMBATE A SINISTROS - DÍVIDA ATIVA
",5,
1122011303000000001101000,"Taxa de Combate a Sinistros - Dívida Ativa
",5,
1122011303000000001109000,"TOTAL DEDUÇÕES TAXA DE COMBATE A SINISTROS - DÍVIDA ATIVA
",5,
1122011303000000001109001,"Deduções da Taxa de Combate a Sinistros - Dívida Ativa
",5,
1122011303000000001200000,"PARCELAMENTO TAXA DE COMBATE A SINISTROS - DÍVIDA ATIVA
",5,
1122011303000000001201000,"TOTAL PARCELAMENTO TAXA DE COMBATE A SINISTROS - DÍVIDA ATIVA
",5,
1122011303000000001201001,"PPI - Taxa de Combate a Sinistros - Dívida Ativa
",5,
1122011303000000001201002,"PAT - Taxa de Combate a Sinistros - Dívida Ativa
",5,
1122011303000000001201003,"PISN - Taxa de Combate a Sinistros - Dívida Ativa
",5,
1122011303000000001201006,PEQ - Taxa de Combate a Sinistros - Dívida Ativa,5,
1122011303000000001209000,"TOTAL DEDUÇÕES PARCELAMENTO TAXA DE COMBATE A SINISTROS - DÍVIDA ATIVA
",5,
1122011303000000001209001,"Deduções PPI - Taxa de Combate a Sinistros - Dívida Ativa
",5,
1122011303000000001209002,"Deduções PAT - Taxa de Combate a Sinistros - Dívida Ativa
",5,
1122011303000000001209003,"Deduções PISN - Taxa de Combate a Sinistros - Dívida Ativa
",5,
1122011303000000001209006,"PEQ - Deduções da Taxa de Combate a Sinistros - Dívida Ativa
",5,
1122011305000000000000000,TAXA DE RESÍDUOS SÓLIDOS DOMICILIARES - TRSD - DÍVIDA ATIVA,5,
1122011305000000001100000,TAXA DE RESÍDUOS SÓLIDOS DOMICILIARES - TRSD - DÍVIDA ATIVA,5,
1122011305000000001101000,Taxa de Resíduos Sólidos Domiciliares - TRSD - Dívida Ativa,5,
1122011305000000001109000,TOTAL DEDUÇÕES TAXA RESÍDUOS SÓLIDOS DOMICILIARES - TRSD - DÍVIDA ATIVA,5,
1122011305000000001109001,Deduções da Taxa de Resíduos Sólidos Domiciliares - TRSD - Dívida Ativa,5,
1122011305000000001200000,PARCELAMENTO TAXA DE RESÍDUOS SÓLIDOS DOMICILIARES - TRSD - DÍVIDA ATIVA,5,
1122011305000000001201000,TOTAL PARCELAMENTO TAXA DE RESÍDUOS SÓLIDOS DOMICILIARES - TRSD - DÍVIDA ATIVA,5,
1122011305000000001201001,PPI - Taxa de Resíduos Sólidos Domiciliares - TRSD - Dívida Ativa,5,
1122011305000000001201006,PEQ - Taxa de Resíduos Sólidos Domiciliares - TRSD - Dívida Ativa,5,
1122011305000000001209000,TOTAL DEDUÇÕES PARCELAMENTO TAXA DE RESÍDUOS SÓLIDOS DOMICILIARES - TRSD - DÍVIDA ATIVA,5,
1122011305000000001209001,Deduções PPI - Taxa de Resíduos Sólidos Domiciliares - TRSD - Dívida Ativa,5,
1122011305000000001209006,PEQ - Deduções da Taxa de Resíduos Sólidos Domiciliares - TRSD - Dívida Ativa,5,
1122011306000000000000000,TAXA DE RESÍDUOS SÓLIDOS DE SERVIÇOS DE SAÚDE - TRSS - DÍVIDA ATIVA,5,
1122011306000000001100000,TAXA DE RESÍDUOS SÓLIDOS DE SERVIÇOS DE SAÚDE - TRSS - DÍVIDA ATIVA,5,
1122011306000000001101000,Taxa de Resíduos Sólidos de Serviços de Saúde - TRSS - Dívida Ativa,5,
1122011306000000001109000,TOTAL DEDUÇÕES TAXA DE RESÍDUOS SÓLIDOS DE SERVIÇOS DE SAÚDE - TRSS - DÍVIDA ATIVA,5,
1122011306000000001109001,Deduções Taxa de Resíduos Sólidos de Serviços de Saúde - TRSS - Dívida Ativa,5,
1122011306000000001200000,RECEITA PARCELAMENTO TAXA DE RESÍDUOS SÓLIDOS DE SERVIÇOS DE SAÚDE - TRSS - DÍVIDA ATIVA,5,
1122011306000000001201000,TOTAL PARCELAMENTO TAXA DE RESÍDUOS SÓLIDOS DE SERVIÇOS DE SAÚDE - TRSS - DÍVIDA ATIVA,5,
1122011306000000001201001,PPI - Taxa de Resíduos Sólidos de Serviços de Saúde - TRSS - Dívida Ativa,5,
1122011306000000001201002,PAT - Taxa de Resíduos Sólidos de Serviços de Saúde - TRSS - Dívida Ativa,5,
1122011306000000001201006,PEQ - Taxa de Resíduos Sólidos de Serviços de Saúde - TRSS - Dívida Ativa,5,
1122011306000000001209000,TOTAL DEDUÇÕES PARCELAMENTO TAXA DE RESÍDUOS SÓLIDOS DE SERVIÇOS DE SAÚDE - TRSS - DÍVIDA ATIVA,5,
1122011306000000001209001,Deduções PPI - Taxa de Resíduos Sólidos de Serviços de Saúde - TRSS - Dívida Ativa,5,
1122011306000000001209002,"Deduções PAT - Taxa de Resíduos Sólidos de Serviços de Saúde - TRSS - Dívida Ativa.
",5,
1122011306000000001209006,PEQ - Deduções Taxa de Resíduos Sólidos de Serviços de Saúde - TRSS - Dívida Ativa,5,
1122011400000000000000000,"TAXAS PELA PRESTAÇÃO DE SERVIÇOS - DÍVIDA ATIVA - MULTAS E JUROS
",5,
1122011403000000000000000,"TAXA DE COMBATE A SINISTROS - DÍVIDA ATIVA - MULTAS E JUROS
",5,
1122011403000000001100000,"TAXA DE COMBATE A SINISTROS - DÍVIDA ATIVA - MULTAS E JUROS
",5,
1122011403000000001101000,"Taxa de Combate a Sinistros - Dívida Ativa - Multas e Juros
",5,
1122011403000000001109000,"TOTAL DEDUÇÕES TAXA DE COMBATE A SINISTROS - DÍVIDA ATIVA - MULTAS E JUROS
",5,
1122011403000000001109001,"Deduções da Taxa de Combate a Sinistros - Dívida Ativa - Multas e Juros
",5,
1122011403000000001200000,"PARCELAMENTO TAXA DE COMBATE A SINISTROS - DÍVIDA ATIVA - MULTAS E JUROS
",5,
1122011403000000001201000,"TOTAL PARCELAMENTO TAXA DE COMBATE A SINISTROS - DÍVIDA ATIVA - MULTAS E JUROS
",5,
1122011403000000001201001,"PPI - Taxa de Combate a Sinistros - Dívida Ativa - Multas e Juros
",5,
1122011403000000001201002,"PAT - Taxa de Combate a Sinistros - Dívida Ativa - Multas e Juros
",5,
1122011403000000001201003,"PISN - Taxa de Combate a Sinistros - Dívida Ativa - Multas e Juros
",5,
1122011403000000001201006,PEQ - Taxa de Combate a Sinistros - Dívida Ativa - Multas e Juros,5,
1122011403000000001209000,"TOTAL DEDUÇÕES PARCELAMENTO TAXA DE COMBATE A SINISTROS - DÍVIDA ATIVA - MULTAS E JUROS
",5,
1122011403000000001209001,"Deduções PPI - Taxa de Combate a Sinistros - Dívida Ativa - Multas e Juros
",5,
1122011403000000001209002,"Deduções PAT - Taxa de Combate a Sinistros - Dívida Ativa - Multas e Juros
",5,
1122011403000000001209003,"Deduções PISN - Taxa de Combate a Sinistros - Dívida Ativa - Multas e Juros
",5,
1122011403000000001209006,PEQ - Deduções da Taxa de Combate a Sinistros - Dívida Ativa - Multas e Juros,5,
1122011405000000000000000,TAXA DE RESÍDUOS SÓLIDOS DOMICILIARES - TRSD - DÍVIDA ATIVA - MULTAS E JUROS,5,
1122011405000000001100000,TAXA DE RESÍDUOS SÓLIDOS DOMICILIARES - TRSD - DÍVIDA ATIVA - MULTAS E JUROS,5,
1122011405000000001101000,Taxa de Resíduos Sólidos Domiciliares - TRSD - Dívida Ativa - Multas e Juros,5,
1122011405000000001109000,"TOTAL DEDUÇÕES TAXA RESÍDUOS SÓLIDOS DOMICILIARES - TRSD - DÍVIDA ATIVA - MULTAS E JUROS
",5,
1122011405000000001109001,Deduções da Taxa de Resíduos Sólidos Domiciliares - TRSD - Dívida Ativa - Multas e Juros,5,
1122011405000000001200000,PARCELAMENTO TAXA DE RESÍDUOS SÓLIDOS DOMICILIARES - TRSD - DÍVIDA ATIVA - MULTAS E JUROS,5,
1122011405000000001201000,TOTAL PARCELAMENTO TAXA DE RESÍDUOS SÓLIDOS DOMICILIARES - TRSD - DÍVIDA ATIVA - MULTAS E JUROS,5,
1122011405000000001201001,PPI - Taxa de Resíduos Sólidos Domiciliares - TRSD - Dívida Ativa - Multas e Juros,5,
1122011405000000001201006,PEQ - Taxa de Resíduos Sólidos Domiciliares - TRSD - Dívida Ativa - Multas e Juros,5,
1122011405000000001209000,TOTAL DEDUÇÕES PARCELAMENTO TAXA DE RESÍDUOS SÓLIDOS DOMICILIARES - TRSD - DÍVIDA ATIVA - MULTAS E J,5,
1122011405000000001209001,Deduções PPI - Taxa de Resíduos Sólidos Domiciliares - TRSD - Dívida Ativa - Multas e Juros,5,
1122011405000000001209006,PEQ - Deduções da Taxa de Resíduos Sólidos Domiciliares - TRSD - Dívida Ativa - Multas e Juros,5,
1122011406000000000000000,TAXA DE RESÍDUOS SÓLIDOS DE SERVIÇOS DE SAÚDE - TRSS - DÍVIDA ATIVA - MULTAS E JUROS,5,
1122011406000000001100000,TAXA DE RESÍDUOS SÓLIDOS DE SERVIÇOS DE SAÚDE - TRSS - DÍVIDA ATIVA - MULTAS E JUROS,5,
1122011406000000001101000,Taxa de Resíduos Sólidos de Serviços de Saúde - TRSS - Dívida Ativa - Multas e Juros,5,
1122011406000000001109000,TOTAL DEDUÇÕES TAXA DE RESÍDUOS SÓLIDOS DE SERVIÇOS DE SAÚDE - TRSS - DÍVIDA ATIVA - MULTAS E JUROS,5,
1122011406000000001109001,Deduções Taxa de Resíduos Sólidos de Serviços de Saúde - TRSS - Dívida Ativa - Multas e Juros,5,
1122011406000000001200000,RECEITA PARCELAMENTO TAXA DE RESÍDUOS SÓLIDOS DE SERVIÇOS DE SAÚDE - TRSS - DÍVIDA ATIVA - MULTAS E ,5,
1122011406000000001201000,TOTAL PARCELAMENTO TAXA DE RESÍDUOS SÓLIDOS DE SERVIÇOS DE SAÚDE - TRSS - DÍVIDA ATIVA - MULTAS E JU,5,
1122011406000000001201001,PPI - Taxa de Resíduos Sólidos de Serviços de Saúde - TRSS - Dívida Ativa - Multas e Juros,5,
1122011406000000001201002,PAT - Taxa de Resíduos Sólidos de Serviços de Saúde - TRSS - Dívida Ativa - Multas e Juros,5,
1122011406000000001201006,PEQ - Taxa de Resíduos Sólidos de Serviços de Saúde - TRSS - Dívida Ativa - Multas e Juros,5,
1122011406000000001209000,TOTAL DEDUÇÕES PARCELAMENTO TAXA DE RESÍDUOS SÓLIDOS DE SERVIÇOS DE SAÚDE - TRSS - DÍVIDA ATIVA - MU,5,
1122011406000000001209001,Deduções PPI - Taxa de Resíduos Sólidos de Serviços de Saúde - TRSS - Dívida Ativa - Multas e Juros,5,
1122011406000000001209002,"Deduções PAT - Taxa de Resíduos Sólidos de Serviços de Saúde - TRSS - Dívida Ativa - Multas e Juros
",5,
1122011406000000001209006,PEQ - Deduções Taxa de Resíduos Sólidos de Serviços de Saúde - TRSS - Dívida Ativa - Multas e Juros,5,
1122020000000000000000000,EMOLUMENTOS E CUSTAS JUDICIAIS,5,
1122021000000000000000000,EMOLUMENTOS E CUSTAS JUDICIAIS,5,
1130000000000000000000000,CONTRIBUIÇÃO DE MELHORIA,5,
1130001000000000000000000,CONTRIBUIÇÃO DE MELHORIA,5,
1138000000000000000000000,CONTRIBUIÇÃO DE MELHORIA - ESPECÍFICA E/M,5,
1138010000000000000000000,CONTRIBUIÇÃO DE MELHORIA PARA EXPANSÃO DA REDE DE ÁGUA POTÁVEL E ESGOTO SANITÁRIO,5,
1138011000000000000000000,CONTRIBUIÇÃO DE MELHORIA PARA EXPANSÃO DA REDE DE ÁGUA POTÁVEL E ESGOTO SANITÁRIO,5,
1138020000000000000000000,CONTRIBUIÇÃO DE MELHORIA PARA EXPANSÃO DA REDE DE ILUMINAÇÃO PÚBLICA NA CIDADE,5,
1138021000000000000000000,CONTRIBUIÇÃO DE MELHORIA PARA EXPANSÃO DA REDE DE ILUMINAÇÃO PÚBLICA NA CIDADE,5,
1138030000000000000000000,CONTRIBUIÇÃO DE MELHORIA PARA EXPANSÃO DE REDE DE ILUMINAÇÃO PÚBLICA RURAL,5,
1138031000000000000000000,CONTRIBUIÇÃO DE MELHORIA PARA EXPANSÃO DE REDE DE ILUMINAÇÃO PÚBLICA RURAL,5,
1138040000000000000000000,CONTRIBUIÇÃO DE MELHORIA PARA PAVIMENTAÇÃO E OBRAS COMPLEMENTARES,5,
1138041000000000000000000,CONTRIBUIÇÃO DE MELHORIA PARA PAVIMENTAÇÃO E OBRAS COMPLEMENTARES,5,
1138041100000000000000000,CONTRIBUIÇÃO DE MELHORIA PARA PAVIMENTAÇÃO E OBRAS COMPLEMENTARES - PRINCIPAL,5,
1138041101000000000000000,CONTRIBUIÇÃO DE MELHORIA PARA PAVIMENTAÇÃO E OBRAS COMPLEMENTARES,5,
1138041101000000001100000,CONTRIBUIÇÃO DE MELHORIA PARA PAVIMENTAÇÃO E OBRAS COMPLEMENTARES,5,
1138041101000000001101000,Contribuição de Melhoria para Pavimentação e Obras Complementares,5,
1138041101000000001109000,TOTAL DEDUÇÕES CONTRIBUIÇÃO DE MELHORIA PARA PAVIMENTAÇÃO E OBRAS COMPLEMENTARES,5,
1138041101000000001109001,Deduções da Contribuição de Melhoria para Pavimentação e Obras Complementares,5,
1138041101000000001200000,PARCELAMENTO CONTRIBUIÇÃO DE MELHORIA PARA PAVIMENTAÇÃO E OBRAS COMPLEMENTARES,5,
1138041101000000001201000,TOTAL PARCELAMENTO CONTRIBUIÇÃO DE MELHORIA PARA PAVIMENTAÇÃO E OBRAS COMPLEMENTARES,5,
1138041101000000001201001,PPI - Contribuição de Melhoria para Pavimentação e Obras Complementares,5,
1138041101000000001201002,PAT - Contribuição de Melhoria para Pavimentação e Obras Complementares,5,
1138041101000000001201003,PISN - Contribuição de Melhoria para Pavimentação e Obras Complementares,5,
1138041101000000001209000,TOTAL DEDUÇÕES PARCELAMENTO CONTRIBUIÇÃO DE MELHORIA PARA PAVIMENTAÇÃO E OBRAS COMPLEMENTARES,5,
1138041101000000001209001,Deduções PPI - Contribuição de Melhoria para Pavimentação e Obras Complementares,5,
1138041101000000001209002,Deduções PAT - Contribuição de Melhoria para Pavimentação e Obras Complementares,5,
1138041101000000001209003,Deduções PISN - Contribuição de Melhoria para Pavimentação e Obras Complementares,5,
1138041200000000000000000,CONTRIBUIÇÃO DE MELHORIA PARA PAVIMENTAÇÃO E OBRAS COMPLEMENTARES - MULTAS E JUROS,5,
1138041201000000000000000,CONTRIBUIÇÃO DE MELHORIA PARA PAVIMENTAÇÃO E OBRAS COMPLEMENTARES - MULTAS E JUROS,5,
1138041201000000001100000,CONTRIBUIÇÃO DE MELHORIA PARA PAVIMENTAÇÃO E OBRAS COMPLEMENTARES - MULTAS E JUROS,5,
1138041201000000001101000,Contribuição de Melhoria para Pavimentação e Obras Complementares - Multas e Juros,5,
1138041201000000001109000,TOTAL DEDUÇÕES CONTRIBUIÇÃO DE MELHORIA PARA PAVIMENTAÇÃO E OBRAS COMPLEMENTARES - MULTAS E JUROS,5,
1138041201000000001109001,Deduções Contribuição de Melhoria para Pavimentação e Obras Complementares - Multas e Juros,5,
1138041201000000001200000,PARCELAMENTO CONTRIBUIÇÃO DE MELHORIA PARA PAVIMENTAÇÃO E OBRAS COMPLEMENTARES - MULTAS E JUROS,5,
1138041201000000001201000,TOTAL PARCELAMENTO CONTRIBUIÇÃO DE MELHORIA PARA PAVIMENTAÇÃO E OBRAS COMPLEMENTARES - MULTAS E JURO,5,
1138041201000000001201001,PPI - Contribuição de Melhoria para Pavimentação e Obras Complementares - Multas e Juros,5,
1138041201000000001201002,PAT - Contribuição de Melhoria para Pavimentação e Obras Complementares - Multas e Juros,5,
1138041201000000001201003,PISN - Contribuição de Melhoria para Pavimentação e Obras Complementares - Multas e Juros,5,
1138041201000000001209000,TOTAL DEDUÇÕES PARCELAMENTO CONTRIBUIÇÃO DE MELHORIA PARA PAVIMENTAÇÃO E OBRAS COMPLEMENTARES - MULT,5,
1138041201000000001209001,Deduções PPI - Contribuição de Melhoria para Pavimentação e Obras Complementares - Multas e Juros,5,
1138041201000000001209002,Deduções PAT - Contribuição de Melhoria para Pavimentação e Obras Complementares - Multas e Juros,5,
1138041201000000001209003,Deduções PISN - Contribuição de Melhoria para Pavimentação e Obras Complementares - Multas e Juros,5,
1138041300000000000000000,CONTRIBUIÇÃO DE MELHORIA PARA PAVIMENTAÇÃO E OBRAS COMPLEMENTARES - DÍVIDA ATIVA,5,
1138041301000000000000000,CONTRIBUIÇÃO DE MELHORIA PARA PAVIMENTAÇÃO E OBRAS COMPLEMENTARES  - DÍVIDA ATIVA,5,
1138041301000000001100000,CONTRIBUIÇÃO DE MELHORIA PARA PAVIMENTAÇÃO E OBRAS COMPLEMENTARES - DÍVIDA ATIVA,5,
1138041301000000001101000,Contribuição de Melhoria para Pavimentação e Obras Complementares - Dívida Ativa,5,
1138041301000000001109000,TOTAL DEDUÇÕES CONTRIBUIÇÃO DE MELHORIA PARA PAVIMENTAÇÃO E OBRAS COMPLEMENTARES - DÍVIDA ATIVA,5,
1138041301000000001109001,Deduções Contribuição de Melhoria para Pavimentação e Obras Complementares - Dívida Ativa,5,
1138041301000000001200000,PARCELAMENTO CONTRIBUIÇÃO DE MELHORIA PARA PAVIMENTAÇÃO E OBRAS COMPLEMENTARES - DÍVIDA ATIVA,5,
1138041301000000001201000,TOTAL PARCELAMENTO CONTRIBUIÇÃO DE MELHORIA PARA PAVIMENTAÇÃO E OBRAS COMPLEMENTARES - DÍVIDA ATIVA,5,
1138041301000000001201001,PPI - Contribuição de Melhoria para Pavimentação e Obras Complementares - Dívida Ativa,5,
1138041301000000001201002,PAT - Contribuição de Melhoria para Pavimentação e Obras Complementares - Dívida Ativa,5,
1138041301000000001201003,PISN - Contribuição de Melhoria para Pavimentação e Obras Complementares - Dívida Ativa,5,
1138041301000000001201006,PEQ - Contribuição de Melhoria para Pavimentação e Obras Complementares - Dívida Ativa,5,
1138041301000000001209000,TOTAL DEDUÇÕES PARCELAMENTO CONTRIBUIÇÃO DE MELHORIA PARA PAVIMENTAÇÃO E OBRAS COMPLEMENTARES - DÍVI,5,
1138041301000000001209001,Deduções PPI - Contribuição de Melhoria para Pavimentação e Obras Complementares - Dívida Ativa,5,
1138041301000000001209002,Deduções PAT - Contribuição de Melhoria para Pavimentação e Obras Complementares - Dívida Ativa,5,
1138041301000000001209003,Deduções PISN - Contribuição de Melhoria para Pavimentação e Obras Complementares - Dívida Ativa,5,
1138041301000000001209006,PEQ - Deduções Contribuição de Melhoria para Pavimentação e Obras Complementares - Dívida Ativa,5,
1138041400000000000000000,CONTRIBUIÇÃO DE MELHORIA PARA PAVIMENTAÇÃO E OBRAS COMPLEMENTARES - DÍVIDA ATIVA - MULTAS E JUROS,5,
1138041401000000000000000,MULTAS E JUROS DE MORA DA DÍVIDA ATIVA DAS CONTRIBUIÇÃO DE MELHORIA PARA PAVIMENTAÇÃO E OBRAS COMPLE,5,
1138041401000000001100000,CONTRIBUIÇÃO DE MELHORIA PARA PAVIMENTAÇÃO E OBRAS COMPLEMENTARES - DÍVIDA ATIVA - MULTAS E JUROS,5,
1138041401000000001101000,Contribuição de Melhoria para Pavimentação e Obras Complementares - Dívida Ativa - Multas e Juros,5,
1138041401000000001109000,TOTAL DEDUÇÕES CONTRIBUIÇÃO DE MELHORIA PARA PAVIMENTAÇÃO E OBRAS COMPLEMENTARES - DÍVIDA ATIVA - MU,5,
1138041401000000001109001,Deduções Contribuição de Melhoria para Pavimentação e Obras Complementares - Dívida Ativa - Multas e,5,
1138041401000000001200000,PARCELAMENTO CONTRIBUIÇÃO DE MELHORIA PARA PAVIMENTAÇÃO E OBRAS COMPLEMENTARES - DÍVIDA ATIVA - MULT,5,
1138041401000000001201000,TOTAL PARCELAMENTO CONTRIBUIÇÃO DE MELHORIA PARA PAVIMENTAÇÃO E OBRAS COMPLEMENTARES - DÍVIDA ATIVA ,5,
1138041401000000001201001,PPI - Contribuição de Melhoria para Pavimentação e Obras Complementares - Dívida Ativa - Multas e Ju,5,
1138041401000000001201002,PAT - Contribuição de Melhoria para Pavimentação e Obras Complementares - Dívida Ativa - Multas e Ju,5,
1138041401000000001201003,PISN - Contribuição de Melhoria para Pavimentação e Obras Complementares - Dívida Ativa - Multas e J,5,
1138041401000000001201006,PEQ - Contribuição de Melhoria para Pavimentação e Obras Complementares - Dívida Ativa - Multas e Ju,5,
1138041401000000001209000,TOTAL DEDUÇÕES PARCELAMENTO CONTRIBUIÇÃO DE MELHORIA PARA PAVIMENTAÇÃO E OBRAS COMPLEMENTARES - DÍVI,5,
1138041401000000001209001,Deduções PPI - Contribuição de Melhoria para Pavimentação e Obras Complementares - Dívida Ativa - Mu,5,
1138041401000000001209002,Deduções PAT - Contribuição de Melhoria para Pavimentação e Obras Complementares - Dívida Ativa - Mu,5,
1138041401000000001209003,Deduções PISN - Contribuição de Melhoria para Pavimentação e Obras Complementares - Dívida Ativa - M,5,
1138041401000000001209006,PEQ - Deduções Contribuição de Melhoria para Pavimentação e Obras Complementares - Dívida Ativa - Mu,5,
1138990000000000000000000,OUTRAS CONTRIBUIÇÕES DE MELHORIA,5,
1138991000000000000000000,OUTRAS CONTRIBUIÇÕES DE MELHORIA,5,
1200000000000000000000000,CONTRIBUIÇÕES,5,
1210000000000000000000000,CONTRIBUIÇÕES SOCIAIS,5,
1210010000000000000000000,CONTRIBUIÇÃO PARA O FINANCIAMENTO DA SEGURIDADE SOCIAL - COFINS,5,
1210011000000000000000000,CONTRIBUIÇÃO PARA O FINANCIAMENTO DA SEGURIDADE SOCIAL - COFINS,5,
1210020000000000000000000,CONTRIBUIÇÃO SOCIAL SOBRE O LUCRO LÍQUIDO - CSLL,5,
1210021000000000000000000,CONTRIBUIÇÃO SOCIAL SOBRE O LUCRO LÍQUIDO - CSLL,5,
1210030000000000000000000,CONTRIBUIÇÕES PARA O REGIME GERAL DE PREVIDÊNCIA SOCIAL - RGPS,5,
1210031000000000000000000,CONTRIBUIÇÕES PARA O REGIME GERAL DE PREVIDÊNCIA SOCIAL - RGPS,5,
1210040000000000000000000,CONTRIBUIÇÃO PARA O REGIME PRÓPRIO DE PREVIDÊNCIA SOCIAL - RPPS,5,
1210041000000000000000000,CONTRIBUIÇÃO PATRONAL DE SERVIDOR ATIVO CIVIL PARA O RPPS,5,
1210041100000000000000000,CONTRIBUIÇÃO PATRONAL DE SERVIDOR ATIVO CIVIL PARA O RPPS - PRINCIPAL,5,
1210041101000000000000000,CONTRIBUIÇÃO PATRONAL DE SERVIDOR ATIVO CIVIL PARA O RPPS - OUTROS,5,
1210041101000000001100000,CONTRIBUIÇÃO PATRONAL DE SERVIDOR ATIVO CIVIL PARA O RPPS - OUTROS,5,
1210041101000000001101000,Receita de Contribuição Patronal de Servidor Ativo Civil para o RPPS - Outros,5,
1210041101000000001109000,TOTAL DEDUÇÕES RECEITA DE CONTRIBUIÇÃO PATRONAL DE SERVIDOR ATIVO CIVIL PARA O RPPS - OUTROS,5,
1210041101000000001109001,Deduções Receita de Contribuição Patronal de Servidor Ativo Civil para o RPPS - Outros,5,
1210041200000000000000000,CONTRIBUIÇÃO PATRONAL DE SERVIDOR ATIVO CIVIL PARA O RPPS - MULTAS E JUROS,5,
1210041201000000000000000,CONTRIBUIÇÃO PATRONAL DE SERVIDOR ATIVO CIVIL PARA O RPPS - OUTROS - MULTAS E JUROS,5,
1210041201000000001100000,CONTRIBUIÇÃO PATRONAL DE SERVIDOR ATIVO CIVIL PARA O RPPS - OUTROS - MULTAS E JUROS,5,
1210041201000000001101000,Receita de Contribuição Patronal de Servidor Ativo Civil para o RPPS - Outros - Multas e Juros,5,
1210041201000000001109000,TOTAL DEDUÇÕES RECEITA DE CONTRIBUIÇÃO PATRONAL DE SERVIDOR ATIVO CIVIL PARA O RPPS - OUTROS - MULTA,5,
1210041201000000001109001,Deduções Receita de Contribuição Patronal de Servidor Ativo Civil para o RPPS - Outros - Multas e Ju,5,
1210042000000000000000000,CONTRIBUIÇÃO DO SERVIDOR ATIVO CIVIL PARA O RPPS,5,
1210042100000000000000000,CONTRIBUIÇÃO DO SERVIDOR ATIVO CIVIL PARA O RPPS - PRINCIPAL,5,
1210042101000000000000000,CONTRIBUIÇÃO DO SERVIDOR ATIVO CIVIL PARA O RPPS - PMSP,5,
1210042101000000001100000,CONTRIBUIÇÃO DO SERVIDOR ATIVO CIVIL PARA O RPPS - PMSP,5,
1210042101000000001101000,Contribuição do Servidor Ativo Civil para o RPPS - PMSP,5,
1210042101000000001109000,TOTAL DEDUÇÕES  CONTRIBUIÇÃO DO SERVIDOR ATIVO CIVIL PARA O RPPS - PMSP,5,
1210042101000000001109001,Deduções Contribuição do Servidor Ativo Civil para o RPPS - PMSP,5,
1210042102000000000000000,CONTRIBUIÇÃO DO SERVIDOR ATIVO CIVIL PARA O RPPS - CMSP,5,
1210042102000000001100000,CONTRIBUIÇÃO DO SERVIDOR ATIVO CIVIL PARA O RPPS - CMSP,5,
1210042102000000001101000,Contribuição do Servidor Ativo Civil para o RPPS - CMSP,5,
1210042102000000001109000,TOTAL DEDUÇÕES CONTRIBUIÇÃO DO SERVIDOR ATIVO CIVIL PARA O RPPS - CMSP,5,
1210042102000000001109001,Deduções Contribuição do Servidor Ativo Civil para o RPPS - CMSP,5,
1210042103000000000000000,CONTRIBUIÇÃO DO SERVIDOR ATIVO CIVIL PARA O RPPS - TCMSP,5,
1210042103000000001100000,CONTRIBUIÇÃO DO SERVIDOR ATIVO CIVIL PARA O RPPS - TCMSP,5,
1210042103000000001101000,Contribuição do Servidor Ativo Civil para o RPPS - TCMSP,5,
1210042103000000001109000,TOTAL DEDUÇÕES  CONTRIBUIÇÃO DO SERVIDOR ATIVO CIVIL PARA O RPPS - TCMSP,5,
1210042103000000001109001,Deduções Contribuição do Servidor Ativo Civil para o RPPS - TCMSP,5,
1210042104000000000000000,CONTRIBUIÇÃO DO SERVIDOR ATIVO CIVIL PARA O RPPS- HSPM,5,
1210042104000000001100000,CONTRIBUIÇÃO DO SERVIDOR ATIVO CIVIL PARA O RPPS - HSPM,5,
1210042104000000001101000,Contribuição do Servidor Ativo Civil para o RPPS - HSPM,5,
1210042104000000001109000,TOTAL DEDUÇÕES CONTRIBUIÇÃO DO SERVIDOR ATIVO CIVIL PARA O RPPS - HSPM,5,
1210042104000000001109001,Deduções Contribuição do Servidor Ativo Civil para o RPPS - HSPM,5,
1210042105000000000000000,CONTRIBUIÇÃO DO SERVIDOR ATIVO CIVIL PARA O RPPS - SFMSP,5,
1210042105000000001100000,CONTRIBUIÇÃO DO SERVIDOR ATIVO CIVIL PARA O RPPS - SFMSP,5,
1210042105000000001101000,Contribuição do Servidor Ativo Civil para o RPPS - SFMSP,5,
1210042105000000001109000,TOTAL DEDUÇÕES CONTRIBUIÇÃO DO SERVIDOR ATIVO CIVIL PARA O RPPS - SFMSP,5,
1210042105000000001109001,Deduções Contribuição do Servidor Ativo Civil para o RPPS - SFMSP,5,
1210042106000000000000000,CONTRIBUIÇÃO DO SERVIDOR ATIVO CIVIL PARA O RPPS - IPREM,5,
1210042106000000001100000,CONTRIBUIÇÃO DO SERVIDOR ATIVO CIVIL PARA O RPPS - IPREM,5,
1210042106000000001101000,Contribuição do Servidor Ativo Civil para o RPPS - IPREM,5,
1210042106000000001109000,DEDUÇÕES CONTRIBUIÇÃO DO SERVIDOR ATIVO CIVIL PARA O RPPS - IPREM,5,
1210042106000000001109001,Deduções Contribuição do Servidor Ativo Civil para o RPPS - IPREM,5,
1210042107000000000000000,CONTRIBUIÇÃO DO SERVIDOR ATIVO CIVIL PARA O RPPS - OUTROS,5,
1210042107000000001100000,CONTRIBUIÇÃO DO SERVIDOR ATIVO CIVIL PARA O RPPS - OUTROS,5,
1210042107000000001101000,Contribuição do Servidor Ativo Civil para o RPPS - OUTROS,5,
1210042107000000001109000,TOTAL DEDUÇÕES CONTRIBUIÇÃO DO SERVIDOR ATIVO CIVIL PARA O RPPS - OUTROS,5,
1210042107000000001109001,Deduções Contribuição do Servidor Ativo Civil para o RPPS - OUTROS,5,
1210042108000000000000000,CONTRIBUIÇÃO DO SERVIDOR ATIVO CIVIL PARA O RPPS - AHM,5,
1210042108000000001100000,CONTRIBUIÇÃO DO SERVIDOR ATIVO CIVIL PARA O RPPS - AHM,5,
1210042108000000001101000,Contribuição do Servidor Ativo Civil para o RPPS - AHM,5,
1210042108000000001109000,TOTAL DEDUÇÕES CONTRIBUIÇÃO DO SERVIDOR ATIVO CIVIL PARA O RPPS - AHM,5,
1210042108000000001109001,Deduções Contribuição do Servidor Ativo Civil para o RPPS - AHM,5,
1210042109000000000000000,CONTRIBUIÇÃO DO SERVIDOR ATIVO CIVIL PARA O RPPS - AMLURB,5,
1210042109000000001100000,CONTRIBUIÇÃO DO SERVIDOR ATIVO CIVIL PARA O RPPS - AMLURB,5,
1210042109000000001101000,Contribuição do Servidor Ativo Civil para o RPPS - AMLURB,5,
1210042109000000001109000,TOTAL DEDUÇÕES CONTRIBUIÇÃO DO SERVIDOR ATIVO CIVIL PARA O RPPS - AMLURB ,5,
1210042109000000001109001,Deduções Contribuição do Servidor Ativo Civil para o RPPS - AMLURB ,5,
1210042110000000000000000,CONTRIBUIÇÃO DO SERVIDOR ATIVO CIVIL PARA O RPPS - FTMSP,5,
1210042110000000001100000,CONTRIBUIÇÃO DO SERVIDOR ATIVO CIVIL PARA O RPPS - FTMSP,5,
1210042110000000001101000,Contribuição do Servidor Ativo Civil para o RPPS - FTMSP,5,
1210042110000000001109000,TOTAL DEDUÇÕES CONTRIBUIÇÃO DO SERVIDOR ATIVO CIVIL PARA O RPPS - FTMSP,5,
1210042110000000001109001,Deduções Contribuição do Servidor Ativo Civil para o RPPS - FTMSP,5,
1210042111000000000000000,CONTRIBUIÇÃO DO SERVIDOR ATIVO CIVIL PARA O RPPS - FUNDATEC,5,
1210042111000000001100000,CONTRIBUIÇÃO DO SERVIDOR ATIVO CIVIL PARA O RPPS - FUNDATEC,5,
1210042111000000001101000,Contribuição do Servidor Ativo Civil para o RPPS - FUNDATEC,5,
1210042111000000001109000,TOTAL DEDUÇÕES CONTRIBUIÇÃO DO SERVIDOR ATIVO CIVIL PARA O RPPS - FUNDATEC ,5,
1210042111000000001109001,Deduções Contribuição do Servidor Ativo Civil para o RPPS - FUNDATEC ,5,
1210042112000000000000000,CONTRIBUIÇÃO DO SERVIDOR ATIVO CIVIL PARA O RPPS - COHAB,5,
1210042112000000001100000,CONTRIBUIÇÃO DO SERVIDOR ATIVO CIVIL PARA O RPPS - COHAB,5,
1210042112000000001101000,Contribuição do Servidor Ativo Civil para o RPPS - COHAB,5,
1210042112000000001109000,TOTAL DEDUÇÕES CONTRIBUIÇÃO DO SERVIDOR ATIVO CIVIL PARA O RPPS - COHAB ,5,
1210042112000000001109001,Deduções Contribuição do Servidor Ativo Civil para o RPPS - COHAB ,5,
1210042113000000000000000,CONTRIBUIÇÃO DO SERVIDOR ATIVO CIVIL PARA O RPPS – EXECUÇÃO ,5,
1210042113000000001100000,CONTRIBUIÇÃO DO SERVIDOR ATIVO CIVIL PARA O RPPS – EXECUÇÃO,5,
1210042113000000001101000,Contribuição do Servidor Ativo Civil para o RPPS – Execução,5,
1210042114000000000000000,CONTRIBUIÇÃO DO SERVIDOR ATIVO CIVIL PARA O RPPS – INSCRITOS,5,
1210042114000000001100000,CONTRIBUIÇÃO DO SERVIDOR ATIVO CIVIL PARA O RPPS – INSCRITOS,5,
1210042114000000001101000,Contribuição do Servidor Ativo Civil para o RPPS – Inscritos,5,
1210042200000000000000000,CONTRIBUIÇÃO DO SERVIDOR ATIVO CIVIL PARA O RPPS - MULTAS E JUROS,5,
1210042201000000000000000,MULTAS E JUROS - CONTRIBUIÇÃO DO SERVIDOR ATIVO CIVIL PARA O RPPS - PMSP,5,
1210042201000000001100000,MULTAS E JUROS - CONTRIBUIÇÃO DO SERVIDOR ATIVO CIVIL PARA O RPPS - PMSP,5,
1210042201000000001101000,Multas e Juros - Contribuição do Servidor Ativo Civil para o RPPS - PMSP,5,
1210042201000000001109000,TOTAL DEDUÇÕES CONTRIBUIÇÃO DO SERVIDOR ATIVO CIVIL PARA O RPPS - PMSP - MULTAS E JUROS,5,
1210042201000000001109001,Deduções Contribuição do Servidor Ativo Civil para o RPPS- PMSP - Multas e Juros,5,
1210042202000000000000000,MULTAS E JUROS - CONTRIBUIÇÃO DO SERVIDOR ATIVO CIVIL PARA O RPPS - CMSP,5,
1210042202000000001100000,MULTAS E JUROS - CONTRIBUIÇÃO DO SERVIDOR ATIVO CIVIL PARA O RPPS - CMSP,5,
1210042202000000001101000,Multas e Juros - Contribuição do Servidor Ativo Civil para o RPPS - CMSP,5,
1210042202000000001109000,TOTAL DEDUÇÕES CONTRIBUIÇÃO DO SERVIDOR ATIVO CIVIL PARA O RPPS - CMSP - MULTAS E JUROS,5,
1210042202000000001109001,Deduções Contribuição do Servidor Ativo Civil para o RPPS - CMSP - Multas e Juros,5,
1210042203000000000000000,MULTAS E JUROS - CONTRIBUIÇÃO DO SERVIDOR ATIVO CIVIL PARA O RPPS - TCMSP,5,
1210042203000000001100000,MULTAS E JUROS - CONTRIBUIÇÃO DO SERVIDOR ATIVO CIVIL PARA O RPPS - TCMSP,5,
1210042203000000001101000,Multas e Juros - Contribuição do Servidor Ativo Civil para o RPPS - TCMSP,5,
1210042203000000001109000,TOTAL DEDUÇÕES CONTRIBUIÇÃO DO SERVIDOR ATIVO CIVIL PARA O RPPS - TCMSP - MULTAS E JUROS,5,
1210042203000000001109001,Deduções Contribuição do Servidor Ativo Civil para o RPPS - TCMSP - Multas e Juros,5,
1210042204000000000000000,MULTAS E JUROS - CONTRIBUIÇÃO DO SERVIDOR ATIVO CIVIL PARA O RPPS - HSPM,5,
1210042204000000001100000,MULTAS E JUROS - CONTRIBUIÇÃO DO SERVIDOR ATIVO CIVIL PARA O RPPS - HSPM,5,
1210042204000000001101000,Multas e Juros - Contribuição do Servidor Ativo Civil para o RPPS - HSPM,5,
1210042204000000001109000,TOTAL DEDUÇÕES CONTRIBUIÇÃO DO SERVIDOR ATIVO CIVIL PARA O RPPS - HSPM - MULTAS E JUROS,5,
1210042204000000001109001,Deduções  Contribuição do Servidor Ativo Civil para o RPPS - HSPM - Multas e Juros,5,
1210042205000000000000000,MULTAS E JUROS - CONTRIBUIÇÃO DO SERVIDOR ATIVO CIVIL PARA O RPPS - SFMSP,5,
1210042205000000001100000,MULTAS E JUROS - CONTRIBUIÇÃO DO SERVIDOR ATIVO CIVIL PARA O RPPS - SFMSP,5,
1210042205000000001101000,Multas e Juros - Contribuição do Servidor Ativo Civil para o RPPS - SFMSP,5,
1210042205000000001109000,TOTAL DEDUÇÕES CONTRIBUIÇÃO DO SERVIDOR ATIVO CIVIL PARA O RPPS - SFMSP - MULTAS E JUROS,5,
1210042205000000001109001,Deduções Contribuição do Servidor Ativo Civil para o RPPS - SFMSP - Multas e Juros,5,
1210042206000000000000000,MULTAS E JUROS - CONTRIBUIÇÃO DO SERVIDOR ATIVO CIVIL PARA O RPPS - IPREM,5,
1210042206000000001100000,MULTAS E JUROS - CONTRIBUIÇÃO DO SERVIDOR ATIVO CIVIL PARA O RPPS - IPREM,5,
1210042206000000001101000,Multas e Juros - Contribuição do Servidor Ativo Civil para o RPPS - IPREM,5,
1210042206000000001109000,TOTAL DEDUÇÕES CONTRIBUIÇÃO DO SERVIDOR ATIVO CIVIL PARA O RPPS - IPREM - MULTAS E JUROS,5,
1210042206000000001109001,Deduções Contribuição do Servidor Ativo Civil para o RPPS - IPREM - Multas e Juros,5,
1210042207000000000000000,MULTAS E JUROS - CONTRIBUIÇÃO DO SERVIDOR ATIVO CIVIL PARA O RPPS - OUTROS,5,
1210042207000000001100000,MULTAS E JUROS - CONTRIBUIÇÃO DO SERVIDOR ATIVO CIVIL PARA O RPPS - OUTROS,5,
1210042207000000001101000,Multas e Juros - Contribuição do Servidor Ativo Civil para o RPPS - OUTROS,5,
1210042207000000001109000,TOTAL DEDUÇÕES  CONTRIBUIÇÃO DO SERVIDOR ATIVO CIVIL PARA O RPPS - OUTROS - MULTAS E JUROS,5,
1210042207000000001109001,Deduções  Contribuição do Servidor Ativo Civil para o RPPS - OUTROS - Multas e Juros,5,
1210042208000000000000000,MULTAS E JUROS - CONTRIBUIÇÃO DO SERVIDOR ATIVO CIVIL PARA O RPPS - AHM,5,
1210042208000000001100000,MULTAS E JUROS - CONTRIBUIÇÃO DO SERVIDOR ATIVO CIVIL PARA O RPPS - AHM,5,
1210042208000000001101000,Multas e Juros - Contribuição do Servidor Ativo Civil para o RPPS - AHM,5,
1210042208000000001109000,TOTAL DEDUÇÕES  CONTRIBUIÇÃO DO SERVIDOR ATIVO CIVIL PARA O RPPS - AHM - MULTAS E JUROS,5,
1210042208000000001109001,Deduções  Contribuição do Servidor Ativo Civil para o RPPS - AHM - Multas e Juros,5,
1210042209000000000000000,MULTAS E JUROS - CONTRIBUIÇÃO DO SERVIDOR ATIVO CIVIL PARA O RPPS - AMLURB,5,
1210042209000000001100000,MULTAS E JUROS - CONTRIBUIÇÃO DO SERVIDOR ATIVO CIVIL PARA O RPPS - AMLURB,5,
1210042209000000001101000,Multas e Juros - Contribuição do Servidor Ativo Civil para o RPPS - AMLURB,5,
1210042209000000001109000,TOTAL DEDUÇÕES CONTRIBUIÇÃO DO SERVIDOR ATIVO CIVIL PARA O RPPS - AMLURB - MULTAS E JUROS ,5,
1210042209000000001109001,Deduções Contribuição do Servidor Ativo Civil para o RPPS - AMLURB - Multas e Juros,5,
1210042210000000000000000,MULTAS E JUROS - CONTRIBUIÇÃO DO SERVIDOR ATIVO CIVIL PARA O RPPS - FTMSP,5,
1210042210000000001100000,MULTAS E JUROS - CONTRIBUIÇÃO DO SERVIDOR ATIVO CIVIL PARA O RPPS - FTMSP,5,
1210042210000000001101000,Multas e Juros - Contribuição do Servidor Ativo Civil para o RPPS - FTMSP,5,
1210042210000000001109000,TOTAL DEDUÇÕES CONTRIBUIÇÃO DO SERVIDOR ATIVO CIVIL PARA O RPPS - FTMSP - MULTAS E JUROS,5,
1210042210000000001109001,Deduções Contribuição do Servidor Ativo Civil para o RPPS - FTMSP - Multas e Juros,5,
1210042211000000000000000,MULTAS E JUROS - CONTRIBUIÇÃO DO SERVIDOR ATIVO CIVIL PARA O RPPS - FUNDATEC,5,
1210042211000000001100000,MULTAS E JUROS - CONTRIBUIÇÃO DO SERVIDOR ATIVO CIVIL PARA O RPPS - FUNDATEC,5,
1210042211000000001101000,Multas e Juros - Contribuição do Servidor Ativo Civil para o RPPS - FUNDATEC,5,
1210042211000000001109000,TOTAL DEDUÇÕES CONTRIBUIÇÃO DO SERVIDOR ATIVO CIVIL PARA O RPPS - FUNDATEC - MULTAS E JUROS,5,
1210042211000000001109001,Deduções Contribuição do Servidor Ativo Civil para o RPPS - FUNDATEC - Multas e Juros,5,
1210042212000000000000000,MULTAS E JUROS - CONTRIBUIÇÃO DO SERVIDOR ATIVO CIVIL PARA O RPPS - COHAB,5,
1210042212000000001100000,MULTAS E JUROS - CONTRIBUIÇÃO DO SERVIDOR ATIVO CIVIL PARA O RPPS - COHAB,5,
1210042212000000001101000,Multas e Juros - Contribuição do Servidor Ativo Civil para o RPPS - COHAB,5,
1210042212000000001109000,TOTAL DEDUÇÕES CONTRIBUIÇÃO DO SERVIDOR ATIVO CIVIL PARA O RPPS - COHAB - MULTAS E JUROS,5,
1210042212000000001109001,Deduções Contribuição do Servidor Ativo Civil para o RPPS - COHAB - Multas e Juros,5,
1210042300000000000000000,CONTRIBUIÇÃO DO SERVIDOR ATIVO CIVIL PARA O RPPS - DÍVIDA ATIVA,5,
1210042301000000000000000,CONTRIBUIÇÃO DO SERVIDOR ATIVO CIVIL PARA O RPPS - PMSP - DÍVIDA ATIVA,5,
1210042301000000001100000,CONTRIBUIÇÃO DO SERVIDOR ATIVO CIVIL PARA O RPPS - PMSP - DÍVIDA ATIVA,5,
1210042301000000001101000,Contribuição do Servidor Ativo Civil para o RPPS - PMSP - Dívida Ativa,5,
1210042302000000000000000,CONTRIBUIÇÃO DO SERVIDOR ATIVO CIVIL PARA O RPPS - CMSP - DÍVIDA ATIVA,5,
1210042302000000001100000,CONTRIBUIÇÃO DO SERVIDOR ATIVO CIVIL PARA O RPPS - CMSP - DÍVIDA ATIVA,5,
1210042302000000001101000,Contribuição do Servidor Ativo Civil para o RPPS - CMSP - Dívida Ativa,5,
1210042303000000000000000,CONTRIBUIÇÃO DO SERVIDOR ATIVO CIVIL PARA O RPPS - TCMSP - DÍVIDA ATIVA,5,
1210042303000000001100000,CONTRIBUIÇÃO DO SERVIDOR ATIVO CIVIL PARA O RPPS - TCMSP - DÍVIDA ATIVA,5,
1210042303000000001101000,"Contribuição do Servidor Ativo Civil para o RPPS - TCMSP - Dívida Ativa
",5,
1210042304000000000000000,CONTRIBUIÇÃO DO SERVIDOR ATIVO CIVIL PARA O RPPS- HSPM - DÍVIDA ATIVA,5,
1210042304000000001100000,CONTRIBUIÇÃO DO SERVIDOR ATIVO CIVIL PARA O RPPS - HSPM - DÍVIDA ATIVA,5,
1210042304000000001101000,Contribuição do Servidor Ativo Civil para o RPPS - HSPM - Dívida Ativa,5,
1210042305000000000000000,CONTRIBUIÇÃO DO SERVIDOR ATIVO CIVIL PARA O RPPS - SFMSP - DÍVIDA ATIVA,5,
1210042305000000001100000,CONTRIBUIÇÃO DO SERVIDOR ATIVO CIVIL PARA O RPPS - SFMSP - DÍVIDA ATIVA,5,
1210042305000000001101000,Contribuição do Servidor Ativo Civil para o RPPS - SFMSP - Dívida Ativa,5,
1210042306000000000000000,CONTRIBUIÇÃO DO SERVIDOR ATIVO CIVIL PARA O RPPS - IPREM - DÍVIDA ATIVA,5,
1210042306000000001100000,CONTRIBUIÇÃO DO SERVIDOR ATIVO CIVIL PARA O RPPS - IPREM - DÍVIDA ATIVA,5,
1210042306000000001101000,Contribuição do Servidor Ativo Civil para o RPPS - IPREM - Dívida Ativa,5,
1210042307000000000000000,CONTRIBUIÇÃO DO SERVIDOR ATIVO CIVIL PARA O RPPS - OUTROS - DÍVIDA ATIVA,5,
1210042307000000001100000,CONTRIBUIÇÃO DO SERVIDOR ATIVO CIVIL PARA O RPPS - OUTROS - DÍVIDA ATIVA,5,
1210042307000000001101000,Contribuição do Servidor Ativo Civil para o RPPS - OUTROS - Dívida Ativa,5,
1210042308000000000000000,CONTRIBUIÇÃO DO SERVIDOR ATIVO CIVIL PARA O RPPS - AHM - DÍVIDA ATIVA,5,
1210042308000000001100000,CONTRIBUIÇÃO DO SERVIDOR ATIVO CIVIL PARA O RPPS - AHM - DÍVIDA ATIVA,5,
1210042308000000001101000,Contribuição do Servidor Ativo Civil para o RPPS - AHM - Dívida Ativa,5,
1210042309000000000000000,CONTRIBUIÇÃO DO SERVIDOR ATIVO CIVIL PARA O RPPS - AMLURB - DÍVIDA ATIVA,5,
1210042309000000001100000,CONTRIBUIÇÃO DO SERVIDOR ATIVO CIVIL PARA O RPPS - AMLURB - DÍVIDA ATIVA,5,
1210042309000000001101000,Contribuição do Servidor Ativo Civil para o RPPS - AMLURB - Dívida Ativa,5,
1210042310000000000000000,CONTRIBUIÇÃO DO SERVIDOR ATIVO CIVIL PARA O RPPS - FTMSP - DÍVIDA ATIVA,5,
1210042310000000001100000,CONTRIBUIÇÃO DO SERVIDOR ATIVO CIVIL PARA O RPPS - FTMSP - DÍVIDA ATIVA,5,
1210042310000000001101000,Contribuição do Servidor Ativo Civil para o RPPS - FTMSP - Dívida Ativa,5,
1210042311000000000000000,CONTRIBUIÇÃO DO SERVIDOR ATIVO CIVIL PARA O RPPS - FUNDATEC - DÍVIDA ATIVA,5,
1210042311000000001100000,CONTRIBUIÇÃO DO SERVIDOR ATIVO CIVIL PARA O RPPS - FUNDATEC - DÍVIDA ATIVA,5,
1210042311000000001101000,Contribuição do Servidor Ativo Civil para o RPPS - FUNDATEC - Dívida Ativa,5,
1210042312000000000000000,CONTRIBUIÇÃO DO SERVIDOR ATIVO CIVIL PARA O RPPS - COHAB - DÍVIDA ATIVA,5,
1210042312000000001100000,CONTRIBUIÇÃO DO SERVIDOR ATIVO CIVIL PARA O RPPS - COHAB - DÍVIDA ATIVA,5,
1210042312000000001101000,Contribuição do Servidor Ativo Civil para o RPPS - COHAB - Dívida Ativa,5,
1210042400000000000000000,CONTRIBUIÇÃO DO SERVIDOR ATIVO CIVIL PARA O RPPS - DÍVIDA ATIVA - MULTAS E JUROS,5,
1210042401000000000000000,CONTRIBUIÇÃO DO SERVIDOR ATIVO CIVIL PARA O RPPS - PMSP - DÍVIDA ATIVA - MULTAS E JUROS,5,
1210042401000000001100000,CONTRIBUIÇÃO DO SERVIDOR ATIVO CIVIL PARA O RPPS - PMSP - DÍVIDA ATIVA - MULTAS E JUROS,5,
1210042401000000001101000,Contribuição do Servidor Ativo Civil para o RPPS - PMSP - Dívida Ativa - Multas e Juros,5,
1210042402000000000000000,CONTRIBUIÇÃO DO SERVIDOR ATIVO CIVIL PARA O RPPS - CMSP - DÍVIDA ATIVA - MULTAS E JUROS,5,
1210042402000000001100000,CONTRIBUIÇÃO DO SERVIDOR ATIVO CIVIL PARA O RPPS - CMSP - DÍVIDA ATIVA - MULTAS E JUROS,5,
1210042402000000001101000,Contribuição do Servidor Ativo Civil para o RPPS - CMSP - Dívida Ativa - Multas e Juros,5,
1210042403000000000000000,CONTRIBUIÇÃO DO SERVIDOR ATIVO CIVIL PARA O RPPS - TCMSP - DÍVIDA ATIVA - MULTAS E JUROS,5,
1210042403000000001100000,CONTRIBUIÇÃO DO SERVIDOR ATIVO CIVIL PARA O RPPS - TCMSP - DÍVIDA ATIVA - MULTAS E JUROS,5,
1210042403000000001101000,Contribuição do Servidor Ativo Civil para o RPPS - TCMSP - Dívida Ativa - Multas e Juros,5,
1210042404000000000000000,CONTRIBUIÇÃO DO SERVIDOR ATIVO CIVIL PARA O RPPS- HSPM - DÍVIDA ATIVA - MULTAS E JUROS,5,
1210042404000000001100000,CONTRIBUIÇÃO DO SERVIDOR ATIVO CIVIL PARA O RPPS - HSPM - DÍVIDA ATIVA - MULTAS E JUROS,5,
1210042404000000001101000,Contribuição do Servidor Ativo Civil para o RPPS - HSPM - Dívida Ativa - Multas e Juros,5,
1210042405000000000000000,CONTRIBUIÇÃO DO SERVIDOR ATIVO CIVIL PARA O RPPS - SFMSP - DÍVIDA ATIVA - MULTAS E JUROS,5,
1210042405000000001100000,CONTRIBUIÇÃO DO SERVIDOR ATIVO CIVIL PARA O RPPS - SFMSP - DÍVIDA ATIVA - MULTAS E JUROS,5,
1210042405000000001101000,Contribuição do Servidor Ativo Civil para o RPPS - SFMSP - Dívida Ativa - Multas e Juros,5,
1210042406000000000000000,CONTRIBUIÇÃO DO SERVIDOR ATIVO CIVIL PARA O RPPS - IPREM - DÍVIDA ATIVA - MULTAS E JUROS,5,
1210042406000000001100000,CONTRIBUIÇÃO DO SERVIDOR ATIVO CIVIL PARA O RPPS - IPREM - DÍVIDA ATIVA - MULTAS E JUROS,5,
1210042406000000001101000,Contribuição do Servidor Ativo Civil para o RPPS - IPREM - Dívida Ativa - Multas e Juros,5,
1210042407000000000000000,CONTRIBUIÇÃO DO SERVIDOR ATIVO CIVIL PARA O RPPS - OUTROS - DÍVIDA ATIVA - MULTAS E JUROS,5,
1210042407000000001100000,CONTRIBUIÇÃO DO SERVIDOR ATIVO CIVIL PARA O RPPS - OUTROS - DÍVIDA ATIVA - MULTAS E JUROS,5,
1210042407000000001101000,Contribuição do Servidor Ativo Civil para o RPPS - OUTROS - Dívida Ativa - Multas e Juros,5,
1210042408000000000000000,CONTRIBUIÇÃO DO SERVIDOR ATIVO CIVIL PARA O RPPS - AHM - DÍVIDA ATIVA - MULTAS E JUROS,5,
1210042408000000001100000,"CONTRIBUIÇÃO DO SERVIDOR ATIVO CIVIL PARA O RPPS - AHM - DÍVIDA ATIVA - MULTAS E JUROS
",5,
1210042408000000001101000,Contribuição do Servidor Ativo Civil para o RPPS - AHM - Dívida Ativa - Multas e Juros,5,
1210042409000000000000000,CONTRIBUIÇÃO DO SERVIDOR ATIVO CIVIL PARA O RPPS - AMLURB - DÍVIDA ATIVA - MULTAS E JUROS,5,
1210042409000000001100000,CONTRIBUIÇÃO DO SERVIDOR ATIVO CIVIL PARA O RPPS - AMLURB - DÍVIDA ATIVA - MULTAS E JUROS,5,
1210042409000000001101000,Contribuição do Servidor Ativo Civil para o RPPS - AMLURB - Dívida Ativa - Multas e Juros,5,
1210042410000000000000000,CONTRIBUIÇÃO DO SERVIDOR ATIVO CIVIL PARA O RPPS - FTMSP - DÍVIDA ATIVA - MULTAS E JUROS,5,
1210042410000000001100000,CONTRIBUIÇÃO DO SERVIDOR ATIVO CIVIL PARA O RPPS - FTMSP - DÍVIDA ATIVA - MULTAS E JUROS,5,
1210042410000000001101000,Contribuição do Servidor Ativo Civil para o RPPS - FTMSP - Dívida Ativa - Multas e Juros,5,
1210042411000000000000000,CONTRIBUIÇÃO DO SERVIDOR ATIVO CIVIL PARA O RPPS - FUNDATEC - DÍVIDA ATIVA - MULTAS E JUROS,5,
1210042411000000001100000,CONTRIBUIÇÃO DO SERVIDOR ATIVO CIVIL PARA O RPPS - FUNDATEC - DÍVIDA ATIVA - MULTAS E JUROS,5,
1210042411000000001101000,Contribuição do Servidor Ativo Civil para o RPPS - FUNDATEC - Dívida Ativa - Multas e Juros,5,
1210042412000000000000000,CONTRIBUIÇÃO DO SERVIDOR ATIVO CIVIL PARA O RPPS - COHAB - DÍVIDA ATIVA - MULTAS E JUROS,5,
1210042412000000001100000,CONTRIBUIÇÃO DO SERVIDOR ATIVO CIVIL PARA O RPPS - COHAB - DÍVIDA ATIVA - MULTAS E JUROS,5,
1210042412000000001101000,Contribuição do Servidor Ativo Civil para o RPPS - COHAB - Dívida Ativa - Multas e Juros,5,
1210043000000000000000000,CONTRIBUIÇÃO DOS SERVIDORES INATIVOS CIVIS PARA O RPPS,5,
1210043100000000000000000,CONTRIBUIÇÃO DO SERVIDORES INATIVOS CIVIS PARA O RPPS - PRINCIPAL,5,
1210043101000000000000000,CONTRIBUIÇÃO DOS SERVIDORES INATIVOS CIVIS PARA O RPPS - PMSP,5,
1210043101000000001100000,CONTRIBUIÇÃO DOS SERVIDORES INATIVOS CIVIS PARA O RPPS - PMSP,5,
1210043101000000001101000,Contribuição dos Servidores Inativos Civis para o RPPS - PMSP,5,
1210043101000000001109000,TOTAL DEDUÇÕES CONTRIBUIÇÃO DOS SERVIDORES INATIVOS CIVIS PARA O RPPS - PMSP ,5,
1210043101000000001109001,Deduções Contribuição dos Servidores Inativos Civis para o RPPS - PMSP ,5,
1210043102000000000000000,CONTRIBUIÇÃO DOS SERVIDORES INATIVOS CIVIS PARA O RPPS - CMSP,5,
1210043102000000001100000,CONTRIBUIÇÃO DOS SERVIDORES INATIVOS CIVIS PARA O RPPS - CMSP,5,
1210043102000000001101000,Contribuição dos Servidores Inativos Civis para o RPPS- CMSP,5,
1210043102000000001109000,TOTAL DEDUÇÕES CONTRIBUIÇÃO DOS SERVIDORES INATIVOS CIVIS PARA O RPPS - CMSP ,5,
1210043102000000001109001,Deduções Contribuição dos Servidores Inativos Civis para o RPPS - CMSP ,5,
1210043103000000000000000,CONTRIBUIÇÃO DOS SERVIDORES INATIVOS CIVIS PARA O RPPS - TCMSP,5,
1210043103000000001100000,CONTRIBUIÇÃO DOS SERVIDORES INATIVOS CIVIS PARA O RPPS - TCMSP,5,
1210043103000000001101000,Contribuição dos Servidores Inativos Civis para o RPPS - TCMSP,5,
1210043103000000001109000,TOTAL DEDUÇÕES CONTRIBUIÇÃO DOS SERVIDORES INATIVOS CIVIS PARA O RPPS - TCMSP ,5,
1210043103000000001109001,Deduções Contribuição dos Servidores Inativos Civis para o RPPS - TCMSP ,5,
1210043104000000000000000,CONTRIBUIÇÃO DOS SERVIDORES INATIVOS CIVIS PARA O RPPS - SFMSP,5,
1210043104000000001100000,CONTRIBUIÇÃO DOS SERVIDORES INATIVOS CIVIS PARA O RPPS - SFMSP,5,
1210043104000000001101000,Contribuição dos Servidores Inativos Civis para o RPPS - SFMSP,5,
1210043104000000001109000,TOTAL DEDUÇÕES CONTRIBUIÇÃO DOS SERVIDORES INATIVOS CIVIS PARA O RPPS - SFMSP ,5,
1210043104000000001109001,Deduções Contribuição dos Servidores Inativos Civis para o RPPS - SFMSP ,5,
1210043105000000000000000,CONTRIBUIÇÃO DOS SERVIDORES INATIVOS CIVIS PARA O RPPS - IPREM,5,
1210043105000000001100000,CONTRIBUIÇÃO DOS SERVIDORES INATIVOS CIVIS PARA O RPPS - IPREM,5,
1210043105000000001101000,Contribuição dos Servidores Inativos Civis para o RPPS - IPREM,5,
1210043105000000001109000,TOTAL DEDUÇÕES CONTRIBUIÇÃO DOS SERVIDORES INATIVOS CIVIS PARA O RPPS - IPREM ,5,
1210043105000000001109001,Deduções Contribuição dos Servidores Inativos Civis para o RPPS - IPREM ,5,
1210043200000000000000000,CONTRIBUIÇÃO DO SERVIDORES INATIVOS CIVIS PARA O RPPS - MULTAS E JUROS,5,
1210043201000000000000000,MULTAS E JUROS - CONTRIBUIÇÃO DO SERVIDORES INATIVOS CIVIS PARA O RPPS - PMSP,5,
1210043201000000001100000,MULTAS E JUROS - CONTRIBUIÇÃO DO SERVIDORES INATIVOS CIVIS PARA O RPPS - PMSP,5,
1210043201000000001101000,Multas e Juros - Contribuição do Servidores Inativos Civis para o RPPS - PMSP,5,
1210043201000000001109000,TOTAL DEDUÇÕES CONTRIBUIÇÃO DO SERVIDORES INATIVOS CIVIS PARA O RPPS - PMSP  - MULTAS E JUROS,5,
1210043201000000001109001,Multas e Juros Deduções Contribuição do Servidores Inativos Civis para o RPPS - PMSP ,5,
1210043202000000000000000,MULTAS E JUROS - CONTRIBUIÇÃO DO SERVIDORES INATIVOS CIVIS PARA O RPPS - CMSP,5,
1210043202000000001100000,MULTAS E JUROS - CONTRIBUIÇÃO DO SERVIDORES INATIVOS CIVIS PARA O RPPS - CMSP,5,
1210043202000000001101000,Multas e Juros - Contribuição do Servidores Inativos Civis para o RPPS - CMSP,5,
1210043202000000001109000,TOTAL DEDUÇÕES CONTRIBUIÇÃO DO SERVIDORES INATIVOS CIVIS PARA O RPPS - CMSP  - MULTAS E JUROS,5,
1210043202000000001109001,Multas e Juros Deduções Contribuição do Servidores Inativos Civis para o RPPS - CMSP ,5,
1210043203000000000000000,MULTAS E JUROS - CONTRIBUIÇÃO DO SERVIDORES INATIVOS CIVIS PARA O RPPS - TCMSP,5,
1210043203000000001100000,MULTAS E JUROS - CONTRIBUIÇÃO DO SERVIDORES INATIVOS CIVIS PARA O RPPS - TCMSP,5,
1210043203000000001101000,Multas e Juros - Contribuição do Servidores Inativos Civis para o RPPS - TCMSP,5,
1210043203000000001109000,TOTAL DEDUÇÕES CONTRIBUIÇÃO DO SERVIDORES INATIVOS CIVIS PARA O RPPS - TCMSP  - MULTAS E JUROS,5,
1210043203000000001109001,Deduções Contribuição do Servidores Inativos Civis para o RPPS - TCMSP - Multas e Juros,5,
1210043204000000000000000,MULTAS E JUROS - CONTRIBUIÇÃO DO SERVIDORES INATIVOS CIVIS PARA O RPPS - SFMSP,5,
1210043204000000001100000,MULTAS E JUROS - CONTRIBUIÇÃO DO SERVIDORES INATIVOS CIVIS PARA O RPPS - SFMSP,5,
1210043204000000001101000,Multas e Juros - Contribuição do Servidores Inativos Civis para o RPPS - SFMSP,5,
1210043204000000001109000,TOTAL DEDUÇÕES CONTRIBUIÇÃO DO SERVIDORES INATIVOS CIVIS PARA O RPPS - SFMSP  - MULTAS E JUROS,5,
1210043204000000001109001,Deduções Contribuição do Servidores Inativos Civis para o RPPS - SFMSP - Multas e Juros,5,
1210043205000000000000000,MULTAS E JUROS - CONTRIBUIÇÃO DO SERVIDORES INATIVOS CIVIS PARA O RPPS - IPREM,5,
1210043205000000001100000,MULTAS E JUROS - CONTRIBUIÇÃO DO SERVIDORES INATIVOS CIVIS PARA O RPPS - IPREM,5,
1210043205000000001101000,Multas e Juros - Contribuição do Servidores Inativos Civis para o RPPS - IPREM,5,
1210043205000000001109000,TOTAL DEDUÇÕES CONTRIBUIÇÃO DE SERVIDOR INATIVO CIVIL - IPREM  - MULTAS E JUROS,5,
1210043205000000001109001,Deduções Contribuição de Servidor Inativo Civil - IPREM - Multas e Juros,5,
1210044000000000000000000,CONTRIBUIÇÃO DOS PENSIONISTAS CIVIS PARA O RPPS,5,
1210044100000000000000000,CONTRIBUIÇÃO DOS PENSIONISTAS CIVIS PARA O RPPS - PRINCIPAL,5,
1210044101000000000000000,CONTRIBUIÇÃO DOS PENSIONISTAS CIVIS PARA O RPPS,5,
1210044101000000001100000,CONTRIBUIÇÃO DOS PENSIONISTAS CIVIS PARA O RPPS,5,
1210044101000000001101000,Contribuição dos Pensionistas Civis para o RPPS,5,
1210044101000000001109000,TOTAL DEDUÇÕES CONTRIBUIÇÃO DOS PENSIONISTAS CIVIS PARA O RPPS,5,
1210044101000000001109001,Deduções Contribuição dos Pensionistas Civis para o RPPS,5,
1210044102000000000000000,CONTRIBUIÇÕES DE PENSIONISTAS CIVIS PARA O RPPS - PMSP,5,
1210044102000000001100000,"CONTRIBUIÇÕES DE PENSIONISTAS CIVIS PARA O RPPS - PMSP
",5,
1210044102000000001101000,"Contribuições de Pensionistas Civis para o RPPS – PMSP
",5,
1210044103000000000000000,"CONTRIBUIÇÕES DE PENSIONISTAS CIVIS PARA O RPPS - CMSP
",5,
1210044103000000001100000,"CONTRIBUIÇÕES DE PENSIONISTAS CIVIS PARA O RPPS - CMSP
",5,
1210044103000000001101000,"Contribuições de Pensionistas Civis para o RPPS - CMSP
",5,
1210044104000000000000000,"CONTRIBUIÇÕES DE PENSIONISTAS CIVIS PARA O RPPS - TCMSP
",5,
1210044104000000001100000,"CONTRIBUIÇÕES DE PENSIONISTAS CIVIS PARA O RPPS - TCMSP
",5,
1210044104000000001101000,"Contribuições de Pensionistas Civis para o RPPS - TCMSP
",5,
1210044105000000000000000,"CONTRIBUIÇÕES DE PENSIONISTAS CIVIS PARA O RPPS - HSPM
",5,
1210044105000000001100000,"CONTRIBUIÇÕES DE PENSIONISTAS CIVIS PARA O RPPS - HSPM
",5,
1210044105000000001101000,"Contribuições de Pensionistas Civis para o RPPS - HSPM
",5,
1210044106000000000000000,"CONTRIBUIÇÕES DE PENSIONISTAS CIVIS PARA O RPPS - SFMSP
",5,
1210044106000000001100000,"CONTRIBUIÇÕES DE PENSIONISTAS CIVIS PARA O RPPS - SFMSP
",5,
1210044106000000001101000,"Contribuições de Pensionistas Civis para o RPPS - SFMSP
",5,
1210044107000000000000000,"CONTRIBUIÇÕES DE PENSIONISTAS CIVIS PARA O RPPS - IPREM
",5,
1210044107000000001100000,"CONTRIBUIÇÕES DE PENSIONISTAS CIVIS PARA O RPPS - IPREM
",5,
1210044107000000001101000,"Contribuições de Pensionistas Civis para o RPPS - IPREM
",5,
1210044108000000000000000,"CONTRIBUIÇÕES DE PENSIONISTAS CIVIS PARA O RPPS - AHM
",5,
1210044108000000001100000,"CONTRIBUIÇÕES DE PENSIONISTAS CIVIS PARA O RPPS - AHM
",5,
1210044108000000001101000,"Contribuições de Pensionistas Civis para o RPPS - AHM
",5,
1210044200000000000000000,MULTAS E JUROS - CONTRIBUIÇÃO DOS PENSIONISTAS CIVIS PARA O RPPS,5,
1210044201000000000000000,MULTAS E JUROS - CONTRIBUIÇÃO DOS PENSIONISTAS CIVIS PARA O RPPS,5,
1210044201000000001100000,MULTAS E JUROS - CONTRIBUIÇÃO DOS PENSIONISTAS CIVIS PARA O RPPS,5,
1210044201000000001101000,Multas e Juros - Contribuição dos Pensionistas Civis para o RPPS,5,
1210044201000000001109000,TOTAL DEDUÇÕES CONTRIBUIÇÃO DOS PENSIONISTAS CIVIS PARA O RPPS - MULTAS E JUROS,5,
1210044201000000001109001,Deduções Contribuição dos Pensionistas Civis para o RPPS - Multas e Juros,5,
1210044202000000000000000,"MULTAS E JUROS - CONTRIBUIÇÃO DOS PENSIONISTAS CIVIS PARA O RPPS - PMSP
",5,
1210044202000000001100000,"MULTAS E JUROS - CONTRIBUIÇÃO DOS PENSIONISTAS CIVIS PARA O RPPS - PMSP
",5,
1210044202000000001101000,"Multas e Juros - Contribuição dos Pensionistas Civis para o RPPS - PMSP
",5,
1210044203000000000000000,"MULTAS E JUROS - CONTRIBUIÇÃO DOS PENSIONISTAS CIVIS PARA O RPPS - CMSP
",5,
1210044203000000001100000,"MULTAS E JUROS - CONTRIBUIÇÃO DOS PENSIONISTAS CIVIS PARA O RPPS - CMSP
",5,
1210044203000000001101000,"Multas e Juros - Contribuição dos Pensionistas Civis para o RPPS - CMSP
",5,
1210044204000000000000000,"MULTAS E JUROS - CONTRIBUIÇÃO DOS PENSIONISTAS CIVIS PARA O RPPS - TCMSP
",5,
1210044204000000001100000,"MULTAS E JUROS - CONTRIBUIÇÃO DOS PENSIONISTAS CIVIS PARA O RPPS - TCMSP
",5,
1210044204000000001101000,"Multas e Juros - Contribuição dos Pensionistas Civis para o RPPS - TCMSP
",5,
1210044205000000000000000,"MULTAS E JUROS - CONTRIBUIÇÃO DOS PENSIONISTAS CIVIS PARA O RPPS - HSPM
",5,
1210044205000000001100000,"MULTAS E JUROS - CONTRIBUIÇÃO DOS PENSIONISTAS CIVIS PARA O RPPS - HSPM
",5,
1210044205000000001101000,"Multas e Juros - Contribuição dos Pensionistas Civis para o RPPS - HSPM
",5,
1210044206000000000000000,"MULTAS E JUROS - CONTRIBUIÇÃO DOS PENSIONISTAS CIVIS PARA O RPPS - SFMSP
",5,
1210044206000000001100000,"MULTAS E JUROS - CONTRIBUIÇÃO DOS PENSIONISTAS CIVIS PARA O RPPS - SFMSP
",5,
1210044206000000001101000,"Multas e Juros - Contribuição dos Pensionistas Civis para o RPPS - SFMSP
",5,
1210044207000000000000000,"MULTAS E JUROS - CONTRIBUIÇÃO DOS PENSIONISTAS CIVIS PARA O RPPS - IPREM
",5,
1210044207000000001100000,"MULTAS E JUROS - CONTRIBUIÇÃO DOS PENSIONISTAS CIVIS PARA O RPPS - IPREM
",5,
1210044207000000001101000,"Multas e Juros - Contribuição dos Pensionistas Civis para o RPPS - IPREM
",5,
1210044208000000000000000,"MULTAS E JUROS - CONTRIBUIÇÃO DOS PENSIONISTAS CIVIS PARA O RPPS - AHM
",5,
1210044208000000001100000,"MULTAS E JUROS - CONTRIBUIÇÃO DOS PENSIONISTAS CIVIS PARA O RPPS - AHM
",5,
1210044208000000001101000,"Multas e Juros - Contribuição dos Pensionistas Civis para o RPPS - AHM
",5,
1210045000000000000000000,CONTRIBUIÇÃO PATRONAL PARA O RPPS ORIUNDA DE SENTENÇAS JUDICIAIS,5,
1210046000000000000000000,CONTRIBUIÇÃO DO SERVIDOR ATIVO CIVIL AO RPPS ORIUNDA DE SENTENÇAS JUDICIAIS,5,
1210047000000000000000000,CONTRIBUIÇÃO DO SERVIDOR INATIVO CIVIL AO RPPS ORIUNDA DE SENTENÇAS JUDICIAIS,5,
1210048000000000000000000,CONTRIBUIÇÃO DO PENSIONISTA CIVIL AO RPPS ORIUNDA DE SENTENÇAS JUDICIAIS,5,
1210050000000000000000000,CONTRIBUIÇÃO PARA O CUSTEIO DAS PENSÕES MILITARES,5,
1210051000000000000000000,CONTRIBUIÇÃO PARA O CUSTEIO DAS PENSÕES MILITARES,5,
1210060000000000000000000,CONTRIBUIÇÃO PARA OS FUNDOS DE ASSISTÊNCIA MÉDICA,5,
1210061000000000000000000,CONTRIBUIÇÃO PARA FUNDOS DE ASSISTÊNCIA MÉDICA -POLICIAIS MILITARES,5,
1210062000000000000000000,CONTRIBUIÇÃO PARA FUNDOS DE ASSISTÊNCIA MÉDICA DOS BOMBEIROS MILITARES,5,
1210063000000000000000000,CONTRIBUIÇÃO PARA FUNDOS DE ASSISTÊNCIA MÉDICA DOS SERVIDORES CIVIS,5,
1210069000000000000000000,CONTRIBUIÇÃO PARA FUNDOS DE ASSISTÊNCIA MÉDICA DE OUTROS BENEFICIÁRIOS,5,
1210070000000000000000000,CONTRIBUIÇÕES SOBRE CONCURSOS DE PROGNÓSTICOS E SORTEIOS,5,
1210071000000000000000000,CONTRIBUIÇÃO SOBRE A LOTERIA FEDERAL,5,
1210072000000000000000000,CONTRIBUIÇÃO SOBRE LOTERIAS ESPORTIVAS,5,
1210073000000000000000000,CONTRIBUIÇÃO SOBRE CONCURSOS ESPECIAIS DE LOTERIAS ESPORTIVAS,5,
1210074000000000000000000,CONTRIBUIÇÃO SOBRE LOTERIAS DE NÚMEROS,5,
1210075000000000000000000,CONTRIBUIÇÃO SOBRE LOTERIA INSTANTÂNEA,5,
1210076000000000000000000,CONTRIBUIÇÃO SOBRE CONCURSOS DE PROGNÓSTICO - MODALIDADE FUTEBOL,5,
1210080000000000000000000,CONTRIBUIÇÃO SOBRE SORTEIOS REALIZADOS POR ENTIDADES FILANTRÓPICAS,5,
1210081000000000000000000,CONTRIBUIÇÃO SOBRE SORTEIOS REALIZADOS POR ENTIDADES FILANTRÓPICAS,5,
1210090000000000000000000,CONTRIBUIÇÃO PARA OS PROGRAMAS DE INTEGRAÇÃO SOCIAL E DE FORMAÇÃO DO PATRIMÔNIO DO SERVIDOR PÚBLICO ,5,
1210091000000000000000000,CONTRIBUIÇÃO PARA OS PROGRAMAS DE INTEGRAÇÃO SOCIAL E DE FORMAÇÃO DO PATRIMÔNIO DO SERVIDOR PÚBLICO ,5,
1210100000000000000000000,COTA-PARTE DA CONTRIBUIÇÃO SINDICAL,5,
1210101000000000000000000,COTA-PARTE DA CONTRIBUIÇÃO SINDICAL,5,
1210110000000000000000000,CONTRIBUIÇÕES REFERENTES AO FUNDO DE GARANTIA DO TEMPO DE SERVIÇO - FGTS,5,
1210111000000000000000000,CONTRIBUIÇÃO RELATIVA À DESPEDIDA DE EMPREGADO SEM JUSTA CAUSA,5,
1210112000000000000000000,CONTRIBUIÇÃO SOBRE A REMUNERAÇÃO DEVIDA AO TRABALHADOR,5,
1210120000000000000000000,CONTRIBUIÇÃO SOCIAL DO SALÁRIO-EDUCAÇÃO,5,
1210121000000000000000000,CONTRIBUIÇÃO SOCIAL DO SALÁRIO-EDUCAÇÃO,5,
1210130000000000000000000,CONTRIBUIÇÃO PARA O ENSINO AEROVIÁRIO,5,
1210131000000000000000000,CONTRIBUIÇÃO PARA O ENSINO AEROVIÁRIO,5,
1210140000000000000000000,CONTRIBUIÇÃO PARA O DESENVOLVIMENTO DO ENSINO PROFISSIONAL MARÍTIMO,5,
1210141000000000000000000,CONTRIBUIÇÃO PARA O DESENVOLVIMENTO DO ENSINO PROFISSIONAL MARÍTIMO,5,
1210150000000000000000000,CONTRIBUIÇÃO SOBRE A ARRECADAÇÃO DOS FUNDOS DE INVESTIMENTOS REGIONAIS,5,
1210151000000000000000000,CONTRIBUIÇÃO SOBRE A ARRECADAÇÃO DOS FUNDOS DE INVESTIMENTOS REGIONAIS,5,
1210160000000000000000000,CONTRIBUIÇÃO INDUSTRIAL RURAL,5,
1210161000000000000000000,CONTRIBUIÇÃO INDUSTRIAL RURAL,5,
1210170000000000000000000,ADICIONAL À CONTRIBUIÇÃO PREVIDENCIÁRIA RURAL,5,
1210171000000000000000000,ADICIONAL À CONTRIBUIÇÃO PREVIDENCIÁRIA RURAL,5,
1210180000000000000000000,CONTRIBUIÇÃO SOBRE MOVIMENTAÇÃO OU TRANSMISSÃO DE VALORES E DE CRÉDITOS E DIREITOS DE NATUREZA FINAN,5,
1210181000000000000000000,CONTRIBUIÇÃO SOBRE MOVIMENTAÇÃO OU TRANSMISSÃO DE VALORES E DE CRÉDITOS E DIREITOS DE NATUREZA FINAN,5,
1210990000000000000000000,OUTRAS CONTRIBUIÇÕES SOCIAIS,5,
1210991000000000000000000,OUTRAS CONTRIBUIÇÕES SOCIAIS,5,
1218000000000000000000000,"CONTRIBUIÇÕES SOCIAIS ESPECÍFICAS DE ESTADOS, DF, MUNICÍPIOS",5,
1218010000000000000000000,CONTRIBUIÇÃO DO SERVIDOR CIVIL PARA O PLANO DE SEGURIDADE SOCIAL - CPSSS - ESPECÍFICO DE EST/DF/MUN,5,
1218011000000000000000000,CPSSS DO SERVIDOR CIVIL ATIVO,5,
1218011100000000000000000,CPSSS DO SERVIDOR CIVIL ATIVO - PRINCIPAL,5,
1218011101000000000000000,CPSSS DO SERVIDOR CIVIL ATIVO - PMSP - PRINCIPAL,5,
1218011101000000001100000,CPSSS DO SERVIDOR CIVIL ATIVO - PMSP - PRINCIPAL,5,
1218011101000000001101000,CPSSS do Servidor Civil Ativo - PMSP - Principal,5,
1218011102000000000000000,CPSSS DO SERVIDOR CIVIL ATIVO - CMSP - PRINCIPAL,5,
1218011102000000001100000,CPSSS DO SERVIDOR CIVIL ATIVO - CMSP - PRINCIPAL,5,
1218011102000000001101000,CPSSS do Servidor Civil Ativo - CMSP - Principal,5,
1218011103000000000000000,CPSSS DO SERVIDOR CIVIL ATIVO - TCMSP - PRINCIPAL,5,
1218011103000000001100000,CPSSS DO SERVIDOR CIVIL ATIVO - TCMSP - PRINCIPAL,5,
1218011103000000001101000,CPSSS do Servidor Civil Ativo - TCMSP - Principal,5,
1218011104000000000000000,CPSSS DO SERVIDOR CIVIL ATIVO - HSPM - PRINCIPAL,5,
1218011104000000001100000,CPSSS DO SERVIDOR CIVIL ATIVO - HSPM - PRINCIPAL,5,
1218011104000000001101000,CPSSS do Servidor Civil Ativo - HSPM - Principal,5,
1218011105000000000000000,CPSSS DO SERVIDOR CIVIL ATIVO - SFMSP - PRINCIPAL,5,
1218011105000000001100000,CPSSS DO SERVIDOR CIVIL ATIVO - SFMSP - PRINCIPAL,5,
1218011105000000001101000,CPSSS do Servidor Civil Ativo - SFMSP - Principal,5,
1218011106000000000000000,CPSSS DO SERVIDOR CIVIL ATIVO - IPREM - PRINCIPAL,5,
1218011106000000001100000,CPSSS DO SERVIDOR CIVIL ATIVO - IPREM - PRINCIPAL,5,
1218011106000000001101000,CPSSS do Servidor Civil Ativo - IPREM - Principal,5,
1218011107000000000000000,CPSSS DO SERVIDOR CIVIL ATIVO - OUTROS - PRINCIPAL,5,
1218011107000000001100000,CPSSS DO SERVIDOR CIVIL ATIVO - OUTROS - PRINCIPAL,5,
1218011107000000001101000,CPSSS do Servidor Civil Ativo - OUTROS - Principal,5,
1218011108000000000000000,CPSSS DO SERVIDOR CIVIL ATIVO - AHM - PRINCIPAL,5,
1218011108000000001100000,CPSSS DO SERVIDOR CIVIL ATIVO - AHM - PRINCIPAL,5,
1218011108000000001101000,CPSSS do Servidor Civil Ativo - AHM - Principal,5,
1218011109000000000000000,CPSSS DO SERVIDOR CIVIL ATIVO - AMLURB - PRINCIPAL,5,
1218011109000000001100000,CPSSS DO SERVIDOR CIVIL ATIVO - AMLURB - PRINCIPAL,5,
1218011109000000001101000,CPSSS do Servidor Civil Ativo - AMLURB - Principal,5,
1218011110000000000000000,CPSSS DO SERVIDOR CIVIL ATIVO - FTMSP - PRINCIPAL,5,
1218011110000000001100000,CPSSS DO SERVIDOR CIVIL ATIVO - FTMSP - PRINCIPAL,5,
1218011110000000001101000,CPSSS do Servidor Civil Ativo - FTMSP - Principal,5,
1218011111000000000000000,CPSSS DO SERVIDOR CIVIL ATIVO - FUNDATEC - PRINCIPAL,5,
1218011111000000001100000,CPSSS DO SERVIDOR CIVIL ATIVO - FUNDATEC - PRINCIPAL,5,
1218011111000000001101000,CPSSS do Servidor Civil Ativo - FUNDATEC - Principal,5,
1218011112000000000000000,CPSSS DO SERVIDOR CIVIL ATIVO - COHAB - PRINCIPAL,5,
1218011112000000001100000,CPSSS DO SERVIDOR CIVIL ATIVO - COHAB - PRINCIPAL,5,
1218011112000000001101000,CPSSS do Servidor Civil Ativo - COHAB - Principal,5,
1218011113000000000000000,CPSSS DO SERVIDOR CIVIL ATIVO - EXECUÇÃO - PRINCIPAL,5,
1218011113000000001100000,CPSSS DO SERVIDOR CIVIL ATIVO - EXECUÇÃO - PRINCIPAL,5,
1218011113000000001101000,CPSSS do Servidor Civil Ativo - Execução - Principal,5,
1218011114000000000000000,CPSSS DO SERVIDOR CIVIL ATIVO - INSCRITOS - PRINCIPAL,5,
1218011114000000001100000,CPSSS DO SERVIDOR CIVIL ATIVO - INSCRITOS - PRINCIPAL,5,
1218011114000000001101000,CPSSS do Servidor Civil Ativo - Inscritos - Principal,5,
1218011200000000000000000,CPSSS DO SERVIDOR CIVIL ATIVO - MULTAS E JUROS,5,
1218011201000000000000000,CPSSS DO SERVIDOR CIVIL ATIVO - PMSP - MULTAS E JUROS,5,
1218011201000000001100000,CPSSS DO SERVIDOR CIVIL ATIVO - PMSP - MULTAS E JUROS,5,
1218011201000000001101000,CPSSS do Servidor Civil Ativo - PMSP - Multas e Juros,5,
1218011202000000000000000,CPSSS DO SERVIDOR CIVIL ATIVO - CMSP- MULTAS E JUROS,5,
1218011202000000001100000,CPSSS DO SERVIDOR CIVIL ATIVO - CMSP- MULTAS E JUROS,5,
1218011202000000001101000,CPSSS do Servidor Civil Ativo - CMSP- Multas e Juros,5,
1218011203000000000000000,CPSSS DO SERVIDOR CIVIL ATIVO - TCMSP- MULTAS E JUROS,5,
1218011203000000001100000,CPSSS DO SERVIDOR CIVIL ATIVO - TCMSP- MULTAS E JUROS,5,
1218011203000000001101000,CPSSS do Servidor Civil Ativo - TCMSP- Multas e Juros,5,
1218011204000000000000000,CPSSS DO SERVIDOR CIVIL ATIVO - HSPM- MULTAS E JUROS,5,
1218011204000000001100000,CPSSS DO SERVIDOR CIVIL ATIVO - HSPM- MULTAS E JUROS,5,
1218011204000000001101000,CPSSS do Servidor Civil Ativo - HSPM- Multas e Juros,5,
1218011205000000000000000,CPSSS DO SERVIDOR CIVIL ATIVO - SFMSP- MULTAS E JUROS,5,
1218011205000000001100000,CPSSS DO SERVIDOR CIVIL ATIVO - SFMSP- MULTAS E JUROS,5,
1218011205000000001101000,CPSSS do Servidor Civil Ativo - SFMSP- Multas e Juros,5,
1218011206000000000000000,CPSSS DO SERVIDOR CIVIL ATIVO - IPREM- MULTAS E JUROS,5,
1218011206000000001100000,CPSSS DO SERVIDOR CIVIL ATIVO - IPREM- MULTAS E JUROS,5,
1218011206000000001101000,CPSSS do Servidor Civil Ativo - IPREM- Multas e Juros,5,
1218011207000000000000000,CPSSS DO SERVIDOR CIVIL ATIVO - OUTROS- MULTAS E JUROS,5,
1218011207000000001100000,CPSSS DO SERVIDOR CIVIL ATIVO - OUTROS- MULTAS E JUROS,5,
1218011207000000001101000,CPSSS do Servidor Civil Ativo - OUTROS- Multas e Juros,5,
1218011208000000000000000,CPSSS DO SERVIDOR CIVIL ATIVO - AHM- MULTAS E JUROS,5,
1218011208000000001100000,CPSSS DO SERVIDOR CIVIL ATIVO - AHM- MULTAS E JUROS,5,
1218011208000000001101000,CPSSS do Servidor Civil Ativo - AHM- Multas e Juros,5,
1218011209000000000000000,CPSSS DO SERVIDOR CIVIL ATIVO - AMLURB- MULTAS E JUROS,5,
1218011209000000001100000,CPSSS DO SERVIDOR CIVIL ATIVO - AMLURB- MULTAS E JUROS,5,
1218011209000000001101000,CPSSS do Servidor Civil Ativo - AMLURB- Multas e Juros,5,
1218011210000000000000000,CPSSS DO SERVIDOR CIVIL ATIVO - FTMSP- MULTAS E JUROS,5,
1218011210000000001100000,CPSSS DO SERVIDOR CIVIL ATIVO - FTMSP- MULTAS E JUROS,5,
1218011210000000001101000,CPSSS do Servidor Civil Ativo - FTMSP- Multas e Juros,5,
1218011211000000000000000,CPSSS DO SERVIDOR CIVIL ATIVO - FUNDATEC- MULTAS E JUROS,5,
1218011211000000001100000,CPSSS DO SERVIDOR CIVIL ATIVO - FUNDATEC- MULTAS E JUROS,5,
1218011211000000001101000,CPSSS do Servidor Civil Ativo - FUNDATEC- Multas e Juros,5,
1218011212000000000000000,CPSSS DO SERVIDOR CIVIL ATIVO - COHAB- MULTAS E JUROS,5,
1218011212000000001100000,CPSSS DO SERVIDOR CIVIL ATIVO - COHAB- MULTAS E JUROS,5,
1218011212000000001101000,CPSSS do Servidor Civil Ativo - COHAB- Multas e Juros,5,
1218011300000000000000000,CPSSS DO SERVIDOR CIVIL ATIVO - DÍVIDA ATIVA,5,
1218011301000000000000000,CPSSS DO SERVIDOR CIVIL ATIVO - PMSP - DÍVIDA ATIVA,5,
1218011301000000001100000,CPSSS DO SERVIDOR CIVIL ATIVO - PMSP - DÍVIDA ATIVA,5,
1218011301000000001101000,CPSSS do Servidor Civil Ativo - PMSP - Dívida Ativa,5,
1218011302000000000000000,CPSSS DO SERVIDOR CIVIL ATIVO - CMSP- DÍVIDA ATIVA,5,
1218011302000000001100000,CPSSS DO SERVIDOR CIVIL ATIVO - CMSP- DÍVIDA ATIVA,5,
1218011302000000001101000,CPSSS do Servidor Civil Ativo - CMSP- Dívida Ativa,5,
1218011303000000000000000,CPSSS DO SERVIDOR CIVIL ATIVO - TCMSP- DÍVIDA ATIVA,5,
1218011303000000001100000,CPSSS DO SERVIDOR CIVIL ATIVO - TCMSP- DÍVIDA ATIVA,5,
1218011303000000001101000,CPSSS do Servidor Civil Ativo - TCMSP- Dívida Ativa,5,
1218011304000000000000000,CPSSS DO SERVIDOR CIVIL ATIVO - HSPM- DÍVIDA ATIVA,5,
1218011304000000001100000,CPSSS DO SERVIDOR CIVIL ATIVO - HSPM- DÍVIDA ATIVA,5,
1218011304000000001101000,CPSSS do Servidor Civil Ativo - HSPM- Dívida Ativa,5,
1218011305000000000000000,CPSSS DO SERVIDOR CIVIL ATIVO - SFMSP- DÍVIDA ATIVA,5,
1218011305000000001100000,CPSSS DO SERVIDOR CIVIL ATIVO - SFMSP- DÍVIDA ATIVA,5,
1218011305000000001101000,CPSSS do Servidor Civil Ativo - SFMSP- Dívida Ativa,5,
1218011306000000000000000,CPSSS DO SERVIDOR CIVIL ATIVO - IPREM- DÍVIDA ATIVA,5,
1218011306000000001100000,CPSSS DO SERVIDOR CIVIL ATIVO - IPREM- DÍVIDA ATIVA,5,
1218011306000000001101000,CPSSS do Servidor Civil Ativo - IPREM- Dívida Ativa,5,
1218011307000000000000000,CPSSS DO SERVIDOR CIVIL ATIVO - OUTROS- DÍVIDA ATIVA,5,
1218011307000000001100000,CPSSS DO SERVIDOR CIVIL ATIVO - OUTROS- DÍVIDA ATIVA,5,
1218011307000000001101000,CPSSS do Servidor Civil Ativo - OUTROS- Dívida Ativa,5,
1218011308000000000000000,CPSSS DO SERVIDOR CIVIL ATIVO - AHM- DÍVIDA ATIVA,5,
1218011308000000001100000,CPSSS DO SERVIDOR CIVIL ATIVO - AHM- DÍVIDA ATIVA,5,
1218011308000000001101000,CPSSS do Servidor Civil Ativo - AHM- Dívida Ativa,5,
1218011309000000000000000,CPSSS DO SERVIDOR CIVIL ATIVO - AMLURB- DÍVIDA ATIVA,5,
1218011309000000001100000,CPSSS DO SERVIDOR CIVIL ATIVO - AMLURB- DÍVIDA ATIVA,5,
1218011309000000001101000,CPSSS do Servidor Civil Ativo - AMLURB- Dívida Ativa,5,
1218011310000000000000000,CPSSS DO SERVIDOR CIVIL ATIVO - FTMSP- DÍVIDA ATIVA,5,
1218011310000000001100000,CPSSS DO SERVIDOR CIVIL ATIVO - FTMSP- DÍVIDA ATIVA,5,
1218011310000000001101000,CPSSS do Servidor Civil Ativo - FTMSP- Dívida Ativa,5,
1218011311000000000000000,CPSSS DO SERVIDOR CIVIL ATIVO - FUNDATEC- DÍVIDA ATIVA,5,
1218011311000000001100000,CPSSS DO SERVIDOR CIVIL ATIVO - FUNDATEC- DÍVIDA ATIVA,5,
1218011311000000001101000,CPSSS do Servidor Civil Ativo - FUNDATEC- Dívida Ativa,5,
1218011312000000000000000,CPSSS DO SERVIDOR CIVIL ATIVO - COHAB- DÍVIDA ATIVA,5,
1218011312000000001100000,CPSSS DO SERVIDOR CIVIL ATIVO - COHAB- DÍVIDA ATIVA,5,
1218011312000000001101000,CPSSS do Servidor Civil Ativo - COHAB- Dívida Ativa,5,
1218011400000000000000000,CPSSS DO SERVIDOR CIVIL ATIVO -DÍVIDA ATIVA - MULTAS E JUROS,5,
1218011401000000000000000,CPSSS DO SERVIDOR CIVIL ATIVO - PMSP - DÍVIDA ATIVA - MULTAS E JUROS,5,
1218011401000000001100000,CPSSS DO SERVIDOR CIVIL ATIVO - PMSP - DÍVIDA ATIVA - MULTAS E JUROS,5,
1218011401000000001101000,CPSSS DO SERVIDOR CIVIL ATIVO - DÍVIDA ATIVA - MULTAS E JUROS,5,
1218011402000000000000000,CPSSS DO SERVIDOR CIVIL ATIVO - CMSP- DÍVIDA ATIVA - MULTAS E JUROS,5,
1218011402000000001100000,CPSSS DO SERVIDOR CIVIL ATIVO - CMSP- DÍVIDA ATIVA - MULTAS E JUROS,5,
1218011402000000001101000,CPSSS do Servidor Civil Ativo - CMSP- Dívida Ativa - Multas e Juros,5,
1218011403000000000000000,CPSSS DO SERVIDOR CIVIL ATIVO - TCMSP- DÍVIDA ATIVA - MULTAS E JUROS,5,
1218011403000000001100000,CPSSS DO SERVIDOR CIVIL ATIVO - TCMSP- DÍVIDA ATIVA - MULTAS E JUROS,5,
1218011403000000001101000,CPSSS do Servidor Civil Ativo - TCMSP- Dívida Ativa - Multas e Juros,5,
1218011404000000000000000,CPSSS DO SERVIDOR CIVIL ATIVO - HSPM- DÍVIDA ATIVA - MULTAS E JUROS,5,
1218011404000000001100000,CPSSS DO SERVIDOR CIVIL ATIVO - HSPM- DÍVIDA ATIVA - MULTAS E JUROS,5,
1218011404000000001101000,CPSSS do Servidor Civil Ativo - HSPM- Dívida Ativa - Multas e Juros,5,
1218011405000000000000000,CPSSS DO SERVIDOR CIVIL ATIVO - SFMSP- DÍVIDA ATIVA - MULTAS E JUROS,5,
1218011405000000001100000,CPSSS DO SERVIDOR CIVIL ATIVO - SFMSP- DÍVIDA ATIVA - MULTAS E JUROS,5,
1218011405000000001101000,CPSSS do Servidor Civil Ativo - SFMSP- Dívida Ativa - Multas e Juros,5,
1218011406000000000000000,CPSSS DO SERVIDOR CIVIL ATIVO - IPREM- DÍVIDA ATIVA - MULTAS E JUROS,5,
1218011406000000001100000,CPSSS DO SERVIDOR CIVIL ATIVO - IPREM- DÍVIDA ATIVA - MULTAS E JUROS,5,
1218011406000000001101000,CPSSS do Servidor Civil Ativo - IPREM- Dívida Ativa - Multas e Juros,5,
1218011407000000000000000,CPSSS DO SERVIDOR CIVIL ATIVO - OUTROS- DÍVIDA ATIVA - MULTAS E JUROS,5,
1218011407000000001100000,CPSSS DO SERVIDOR CIVIL ATIVO - OUTROS- DÍVIDA ATIVA - MULTAS E JUROS,5,
1218011407000000001101000,CPSSS do Servidor Civil Ativo - OUTROS- Dívida Ativa - Multas e Juros,5,
1218011408000000000000000,CPSSS DO SERVIDOR CIVIL ATIVO - AHM- DÍVIDA ATIVA - MULTAS E JUROS,5,
1218011408000000001100000,CPSSS DO SERVIDOR CIVIL ATIVO - AHM- DÍVIDA ATIVA - MULTAS E JUROS,5,
1218011408000000001101000,CPSSS do Servidor Civil Ativo - AHM- Dívida Ativa - Multas e Juros,5,
1218011409000000000000000,CPSSS DO SERVIDOR CIVIL ATIVO - AMLURB- DÍVIDA ATIVA - MULTAS E JUROS,5,
1218011409000000001100000,CPSSS DO SERVIDOR CIVIL ATIVO - AMLURB- DÍVIDA ATIVA - MULTAS E JUROS,5,
1218011409000000001101000,CPSSS do Servidor Civil Ativo - AMLURB- Dívida Ativa - Multas e Juros,5,
1218011410000000000000000,CPSSS DO SERVIDOR CIVIL ATIVO - FTMSP- DÍVIDA ATIVA - MULTAS E JUROS,5,
1218011410000000001100000,CPSSS DO SERVIDOR CIVIL ATIVO - FTMSP- DÍVIDA ATIVA - MULTAS E JUROS,5,
1218011410000000001101000,CPSSS do Servidor Civil Ativo - FTMSP- Dívida Ativa - Multas e Juros,5,
1218011411000000000000000,CPSSS DO SERVIDOR CIVIL ATIVO - FUNDATEC- DÍVIDA ATIVA - MULTAS E JUROS,5,
1218011411000000001100000,CPSSS DO SERVIDOR CIVIL ATIVO - FUNDATEC- DÍVIDA ATIVA - MULTAS E JUROS,5,
1218011411000000001101000,CPSSS do Servidor Civil Ativo - FUNDATEC- Dívida Ativa - Multas e Juros,5,
1218011412000000000000000,CPSSS DO SERVIDOR CIVIL ATIVO - COHAB- DÍVIDA ATIVA - MULTAS E JUROS,5,
1218011412000000001100000,CPSSS DO SERVIDOR CIVIL ATIVO - COHAB- DÍVIDA ATIVA - MULTAS E JUROS,5,
1218011412000000001101000,CPSSS do Servidor Civil Ativo - COHAB- Dívida Ativa - Multas e Juros,5,
1218012000000000000000000,CPSSS DO SERVIDOR CIVIL INATIVO,5,
1218012100000000000000000,CPSSS DO SERVIDOR CIVIL INATIVO - PRINCIPAL,5,
1218012101000000000000000,CPSSS DO SERVIDOR CIVIL INATIVO - PMSP - PRINCIPAL,5,
1218012101000000001100000,CPSSS DO SERVIDOR CIVIL INATIVO - PMSP - PRINCIPAL,5,
1218012101000000001101000,CPSSS do Servidor Civil Inativo - PMSP - Principal,5,
1218012102000000000000000,CPSSS DO SERVIDOR CIVIL INATIVO- CMSP - PRINCIPAL,5,
1218012102000000001100000,CPSSS DO SERVIDOR CIVIL INATIVO- CMSP - PRINCIPAL,5,
1218012102000000001101000,CPSSS do Servidor Civil Inativo- CMSP - Principal,5,
1218012103000000000000000,CPSSS DO SERVIDOR CIVIL INATIVO - TCMSP - PRINCIPAL,5,
1218012103000000001100000,CPSSS DO SERVIDOR CIVIL INATIVO - TCMSP - PRINCIPAL,5,
1218012103000000001101000,CPSSS do Servidor Civil Inativo - TCMSP - Principal,5,
1218012104000000000000000,CPSSS DO SERVIDOR CIVIL INATIVO - SFMSP - PRINCIPAL,5,
1218012104000000001100000,CPSSS DO SERVIDOR CIVIL INATIVO - SFMSP - PRINCIPAL,5,
1218012104000000001101000,CPSSS do Servidor Civil Inativo - SFMSP - Principal,5,
1218012105000000000000000,CPSSS DO SERVIDOR CIVIL INATIVO - IPREM - PRINCIPAL,5,
1218012105000000001100000,CPSSS DO SERVIDOR CIVIL INATIVO - IPREM - PRINCIPAL,5,
1218012105000000001101000,CPSSS do Servidor Civil Inativo - IPREM - Principal,5,
1218012106000000000000000,"CPSSS DO SERVIDOR CIVIL INATIVO - HSPM - PRINCIPAL
",5,
1218012106000000001100000,"CPSSS DO SERVIDOR CIVIL INATIVO - HSPM - PRINCIPAL
",5,
1218012106000000001101000,"CPSSS do Servidor Civil Inativo - HSPM - Principal
",5,
1218012107000000000000000,"CPSSS DO SERVIDOR CIVIL INATIVO - AHM - PRINCIPAL
",5,
1218012107000000001100000,"CPSSS DO SERVIDOR CIVIL INATIVO - AHM - PRINCIPAL
",5,
1218012107000000001101000,"CPSSS do Servidor Civil Inativo - AHM - Principal
",5,
1218012200000000000000000,CPSSS DO SERVIDOR CIVIL INATIVO - MULTAS E JUROS,5,
1218012201000000000000000,CPSSS DO SERVIDOR CIVIL INATIVO - PMSP - MULTAS E JUROS,5,
1218012201000000001100000,CPSSS DO SERVIDOR CIVIL INATIVO - PMSP - MULTAS E JUROS,5,
1218012201000000001101000,CPSSS do Servidor Civil Inativo - PMSP - Multas e Juros,5,
1218012202000000000000000,CPSSS DO SERVIDOR CIVIL INATIVO - CMSP - MULTAS E JUROS,5,
1218012202000000001100000,CPSSS DO SERVIDOR CIVIL INATIVO - CMSP - MULTAS E JUROS,5,
1218012202000000001101000,CPSSS do Servidor Civil Inativo - CMSP - Multas e Juros,5,
1218012203000000000000000,CPSSS DO SERVIDOR CIVIL INATIVO - TCMSP - MULTAS E JUROS,5,
1218012203000000001100000,CPSSS DO SERVIDOR CIVIL INATIVO - TCMSP - MULTAS E JUROS,5,
1218012203000000001101000,CPSSS do Servidor Civil Inativo - TCMSP - Multas e Juros,5,
1218012204000000000000000,CPSSS DO SERVIDOR CIVIL INATIVO - SFMSP - MULTAS E JUROS,5,
1218012204000000001100000,CPSSS DO SERVIDOR CIVIL INATIVO - SFMSP - MULTAS E JUROS,5,
1218012204000000001101000,CPSSS do Servidor Civil Inativo - SFMSP - Multas e Juros,5,
1218012205000000000000000,CPSSS DO SERVIDOR CIVIL INATIVO - IPREM - MULTAS E JUROS,5,
1218012205000000001100000,CPSSS DO SERVIDOR CIVIL INATIVO - IPREM - MULTAS E JUROS,5,
1218012205000000001101000,CPSSS do Servidor Civil Inativo - IPREM - Multas e Juros,5,
1218012206000000000000000,"CPSSS DO SERVIDOR CIVIL INATIVO - HSPM - MULTAS E JUROS
",5,
1218012206000000001100000,"CPSSS DO SERVIDOR CIVIL INATIVO - HSPM - MULTAS E JUROS
",5,
1218012206000000001101000,"CPSSS do Servidor Civil Inativo - HSPM - Multas e Juros
",5,
1218012207000000000000000,"CPSSS DO SERVIDOR CIVIL INATIVO - AHM - MULTAS E JUROS
",5,
1218012207000000001100000,"CPSSS DO SERVIDOR CIVIL INATIVO - AHM - MULTAS E JUROS
",5,
1218012207000000001101000,"CPSSS do Servidor Civil Inativo - AHM - Multas e Juros
",5,
1218013000000000000000000,CPSSS DO SERVIDOR CIVIL - PENSIONISTAS,5,
1218013100000000000000000,CPSSS DO SERVIDOR CIVIL - PENSIONISTAS,5,
1218013101000000000000000,CPSSS DO SERVIDOR CIVIL - PENSIONISTAS - PRINCIPAL,5,
1218013101000000001100000,CPSSS DO SERVIDOR CIVIL - PENSIONISTAS - PRINCIPAL,5,
1218013101000000001101000,CPSSS do Servidor Civil - Pensionistas - Principal,5,
1218013102000000000000000,"CPSSS DO SERVIDOR CIVIL - PENSIONISTAS - PMSP -  PRINCIPAL
",5,
1218013102000000001100000,"CPSSS DO SERVIDOR CIVIL - PENSIONISTAS - PMSP - PRINCIPAL
",5,
1218013102000000001101000,"CPSSS do Servidor Civil - Pensionistas - PMSP - Principal
",5,
1218013103000000000000000,"CPSSS DO SERVIDOR CIVIL - PENSIONISTAS - CMSP -  PRINCIPAL
",5,
1218013103000000001100000,"CPSSS DO SERVIDOR CIVIL - PENSIONISTAS - CMSP - PRINCIPAL
",5,
1218013103000000001101000,"CPSSS do Servidor Civil - Pensionistas - CMSP - Principal
",5,
1218013104000000000000000,"CPSSS DO SERVIDOR CIVIL - PENSIONISTAS - TCMSP -  PRINCIPAL
",5,
1218013104000000001100000,"CPSSS DO SERVIDOR CIVIL - PENSIONISTAS - TCMSP - PRINCIPAL
",5,
1218013104000000001101000,"CPSSS do Servidor Civil - Pensionistas - TCMSP - Principal
",5,
1218013105000000000000000,"CPSSS DO SERVIDOR CIVIL - PENSIONISTAS - HSPM -  PRINCIPAL
",5,
1218013105000000001100000,"CPSSS DO SERVIDOR CIVIL - PENSIONISTAS - HSPM - PRINCIPAL
",5,
1218013105000000001101000,"CPSSS do Servidor Civil - Pensionistas - HSPM - Principal
",5,
1218013106000000000000000,"CPSSS DO SERVIDOR CIVIL - PENSIONISTAS - SFMSP -  PRINCIPAL
",5,
1218013106000000001100000,"CPSSS DO SERVIDOR CIVIL - PENSIONISTAS - SFMSP - PRINCIPAL
",5,
1218013106000000001101000,"CPSSS do Servidor Civil - Pensionistas - SFMSP - Principal
",5,
1218013107000000000000000,"CPSSS DO SERVIDOR CIVIL - PENSIONISTAS - IPREM -  PRINCIPAL
",5,
1218013107000000001100000,"CPSSS DO SERVIDOR CIVIL - PENSIONISTAS - IPREM - PRINCIPAL
",5,
1218013107000000001101000,"CPSSS do Servidor Civil - Pensionistas - IPREM - Principal
",5,
1218013108000000000000000,"CPSSS DO SERVIDOR CIVIL - PENSIONISTAS - AHM -  PRINCIPAL
",5,
1218013108000000001100000,"CPSSS DO SERVIDOR CIVIL - PENSIONISTAS - AHM - PRINCIPAL
",5,
1218013108000000001101000,"CPSSS do Servidor Civil - Pensionistas - AHM - Principal
",5,
1218013200000000000000000,CPSSS DO SERVIDOR CIVIL - PENSIONISTAS - PRINCIPAL - MULTAS E JUROS,5,
1218013201000000000000000,CPSSS DO SERVIDOR CIVIL - PENSIONISTAS - PRINCIPAL - MULTAS E JUROS,5,
1218013201000000001100000,CPSSS DO SERVIDOR CIVIL - PENSIONISTAS - PRINCIPAL - MULTAS E JUROS,5,
1218013201000000001101000,CPSSS do Servidor Civil - Pensionistas - Principal - Multas e Juros,5,
1218013202000000000000000,"CPSSS DO SERVIDOR CIVIL - PENSIONISTAS - PRINCIPAL - PMSP - MULTAS E JUROS
",5,
1218013202000000001100000,"CPSSS DO SERVIDOR CIVIL - PENSIONISTAS - PRINCIPAL - PMSP - MULTAS E JUROS
",5,
1218013202000000001101000,"CPSSS do Servidor Civil - Pensionistas - Principal - PMSP - Multas e Juros
",5,
1218013203000000000000000,"CPSSS DO SERVIDOR CIVIL - PENSIONISTAS - PRINCIPAL - CMSP - MULTAS E JUROS
",5,
1218013203000000001100000,"CPSSS DO SERVIDOR CIVIL - PENSIONISTAS - PRINCIPAL - CMSP - MULTAS E JUROS
",5,
1218013203000000001101000,"CPSSS do Servidor Civil - Pensionistas - Principal - CMSP - Multas e Juros
",5,
1218013204000000000000000,"CPSSS DO SERVIDOR CIVIL - PENSIONISTAS - PRINCIPAL - TCMSP - MULTAS E JUROS
",5,
1218013204000000001100000,"CPSSS DO SERVIDOR CIVIL - PENSIONISTAS - PRINCIPAL - TCMSP - MULTAS E JUROS
",5,
1218013204000000001101000,"CPSSS do Servidor Civil - Pensionistas - Principal - TCMSP - Multas e Juros
",5,
1218013205000000000000000,"CPSSS DO SERVIDOR CIVIL - PENSIONISTAS - PRINCIPAL - HSPM - MULTAS E JUROS
",5,
1218013205000000001100000,"CPSSS DO SERVIDOR CIVIL - PENSIONISTAS - PRINCIPAL - HSPM - MULTAS E JUROS
",5,
1218013205000000001101000,"CPSSS do Servidor Civil - Pensionistas - Principal - HSPM - Multas e Juros
",5,
1218013206000000000000000,"CPSSS DO SERVIDOR CIVIL - PENSIONISTAS - PRINCIPAL - SFMSP - MULTAS E JUROS
",5,
1218013206000000001100000,"CPSSS DO SERVIDOR CIVIL - PENSIONISTAS - PRINCIPAL - SFMSP - MULTAS E JUROS
",5,
1218013206000000001101000,"CPSSS do Servidor Civil - Pensionistas - Principal - SFMSP - Multas e Juros
",5,
1218013207000000000000000,"CPSSS DO SERVIDOR CIVIL - PENSIONISTAS - PRINCIPAL - IPREM - MULTAS E JUROS
",5,
1218013207000000001100000,"CPSSS DO SERVIDOR CIVIL - PENSIONISTAS - PRINCIPAL - IPREM - MULTAS E JUROS
",5,
1218013207000000001101000,"CPSSS do Servidor Civil - Pensionistas - Principal - IPREM - Multas e Juros
",5,
1218013208000000000000000,"CPSSS DO SERVIDOR CIVIL - PENSIONISTAS - PRINCIPAL - AHM - MULTAS E JUROS
",5,
1218013208000000001100000,"CPSSS DO SERVIDOR CIVIL - PENSIONISTAS - PRINCIPAL - AHM - MULTAS E JUROS
",5,
1218013208000000001101000,"CPSSS do Servidor Civil - Pensionistas - Principal - AHM - Multas e Juros
",5,
1218014000000000000000000,CPSSS ORIUNDA DE SENTENÇAS JUDICIAIS - SERVIDOR CIVIL ATIVO,5,
1218015000000000000000000,CPSSS ORIUNDA DE SENTENÇAS JUDICIAIS - SERVIDOR CIVIL INATIVO,5,
1218016000000000000000000,CPSSS ORIUNDA DE SENTENÇAS JUDICIAIS - SERVIDOR CIVIL - PENSIONISTAS,5,
1218020000000000000000000,CPSSS - PARCELAMENTOS - ESPECÍFICO DE EST/DF/MUN,5,
1218021000000000000000000,CPSSS  - PARCELAMENTOS - DO SERVIDOR CIVIL ATIVO,5,
1218021100000000000000000,CPSSS - PARCELAMENTOS - DO SERVIDOR CIVIL ATIVO,5,
1218021101000000000000000,CPSSS - PARCELAMENTOS - DO SERVIDOR CIVIL ATIVO - EXECUÇÃO,5,
1218021101000000001200000,CPSSS - PARCELAMENTOS - DO SERVIDOR CIVIL ATIVO - EXECUÇÃO,5,
1218021101000000001201000,CPSSS Parcelamentos - do Servidor Civil Ativo - Execução,5,
1218021102000000000000000,CPSSS - PARCELAMENTOS - DO SERVIDOR CIVIL ATIVO - INSCRITOS,5,
1218021102000000001200000,CPSSS - PARCELAMENTOS - DO SERVIDOR CIVIL ATIVO - INSCRITOS,5,
1218021102000000001201000,CPSSS Parcelamentos - do Servidor Civil Ativo - Inscritos,5,
1218022000000000000000000,CPSSS  - PARCELAMENTOS - DO SERVIDOR CIVIL INATIVO,5,
1218023000000000000000000,CPSSS  - PARCELAMENTOS - PENSIONISTAS,5,
1218024000000000000000000,CPSSS  - PARCELAMENTOS - ORIUNDA DE SENTENÇAS JUDICIAIS - SERVIDOR CIVIL ATIVO,5,
1218025000000000000000000,CPSSS  - PARCELAMENTOS - ORIUNDA DE SENTENÇAS JUDICIAIS - SERVIDOR CIVIL INATIVO,5,
1218026000000000000000000,CPSSS  - PARCELAMENTOS - ORIUNDA DE SENTENÇAS JUDICIAIS - SERVIDOR CIVIL - PENSIONISTAS,5,
1218030000000000000000000,CPSSS PATRONAL - SERVIDOR CIVIL - ESPECÍFICO DE EST/DF/MUN,5,
1218031000000000000000000,CPSSS PATRONAL - SERVIDOR CIVIL ATIVO,5,
1218031100000000000000000,CPSSS PATRONAL - SERVIDOR CIVIL ATIVO - PRINCIPAL,5,
1218031101000000000000000,CPSSS PATRONAL - SERVIDOR CIVIL ATIVO - OUTROS - PRINCIPAL,5,
1218031101000000001100000,CPSSS PATRONAL - SERVIDOR CIVIL ATIVO - OUTROS - PRINCIPAL,5,
1218031101000000001101000,CPSSS Patronal - Servidor Civil Ativo - Outros - Principal,5,
1218031200000000000000000,CPSSS PATRONAL - SERVIDOR CIVIL ATIVO - MULTAS E JUROS,5,
1218031201000000000000000,CPSSS PATRONAL - SERVIDOR CIVIL ATIVO - OUTROS - MULTAS E JUROS,5,
1218031201000000001100000,CPSSS PATRONAL - SERVIDOR CIVIL ATIVO - OUTROS - MULTAS E JUROS,5,
1218031201000000001101000,CPSSS Patronal - Servidor Civil Ativo - Outros - Multas e Juros,5,
1218032000000000000000000,CPSSS PATRONAL - SERVIDOR CIVIL INATIVO,5,
1218033000000000000000000,CPSSS PATRONAL - SERVIDOR CIVIL - PENSIONISTAS,5,
1218034000000000000000000,CPSSS PATRONAL - ORIUNDA DE SENTENÇAS JUDICIAIS - SERVIDOR CIVIL ATIVO,5,
1218035000000000000000000,CPSSS PATRONAL - ORIUNDA DE SENTENÇAS JUDICIAIS - SERVIDOR CIVIL INATIVO,5,
1218036000000000000000000,CPSSS PATRONAL - ORIUNDA DE SENTENÇAS JUDICIAIS - SERVIDOR CIVIL - PENSIONISTAS,5,
1218040000000000000000000,CPSSS PATRONAL - PARCELAMENTOS - ESPECÍFICO DE EST/DF/MUN,5,
1218041000000000000000000,CPSSS PATRONAL - PARCELAMENTOS - SERVIDOR CIVIL ATIVO,5,
1218042000000000000000000,CPSSS PATRONAL - PARCELAMENTOS - SERVIDOR CIVIL INATIVO,5,
1218043000000000000000000,CPSSS PATRONAL - PARCELAMENTOS - SERVIDOR CIVIL - PENSIONISTAS,5,
1218044000000000000000000,CPSSS PATRONAL - PARCELAMENTOS - ORIUNDA DE SENTENÇAS JUDICIAIS - SERVIDOR CIVIL ATIVO,5,
1218045000000000000000000,CPSSS PATRONAL - PARCELAMENTOS - ORIUNDA DE SENTENÇAS JUDICIAIS - SERVIDOR CIVIL INATIVO,5,
1218046000000000000000000,CPSSS PATRONAL - PARCELAMENTOS - ORIUNDA DE SENTENÇAS JUDICIAIS - SERVIDOR CIVIL - PENSIONISTAS,5,
1218050000000000000000000,CONTRIBUIÇÃO DOS MILITARES E PENSIONISTAS PARA PREVIDÊNCIA MILITAR DE ESTADOS E DF,5,
1218051000000000000000000,CONTRIBUIÇÃO DO MILITAR ATIVO,5,
1218052000000000000000000,CONTRIBUIÇÃO DO MILITAR INATIVO,5,
1218053000000000000000000,CONTRIBUIÇÃO DOS PENSIONISTAS MILITARES,5,
1218060000000000000000000,CONTRIBUIÇÃO DOS MILITARES E PENSIONISTAS PARA PREVIDÊNCIA MILITAR - PARCELAMENTOS - ESPECÍFICO DE E,5,
1218061000000000000000000,CONTRIBUIÇÃO DOS MILITARES E PENSIONISTAS PARA PREVIDÊNCIA MILITAR - PARCELAMENTOS - MILITAR ATIVO,5,
1218062000000000000000000,CONTRIBUIÇÃO DOS MILITARES E PENSIONISTAS PARA PREVIDÊNCIA MILITAR - PARCELAMENTOS - MILITAR INATIVO,5,
1218063000000000000000000,CONTRIBUIÇÃO DOS MILITARES E PENSIONISTAS PARA PREVIDÊNCIA MILITAR - PARCELAMENTOS - PENSIONISTAS MI,5,
1218070000000000000000000,CONTRIBUIÇÃO PATRONAL PARA PREVIDÊNCIA MILITAR DE ESTADOS E DF,5,
1218071000000000000000000,CONTRIBUIÇÃO PATRONAL - MILITAR ATIVO,5,
1218072000000000000000000,CONTRIBUIÇÃO PATRONAL - MILITAR INATIVO,5,
1218073000000000000000000,CONTRIBUIÇÃO PATRONAL - PENSIONISTAS MILITARES,5,
1218080000000000000000000,CONTRIBUIÇÃO PATRONAL PARA PREVIDÊNCIA MILITAR DE ESTADOS E DF - PARCELAMENTOS,5,
1218081000000000000000000,CONTRIBUIÇÃO PATRONAL - PARCELAMENTOS - MILITAR ATIVO,5,
1218082000000000000000000,CONTRIBUIÇÃO PATRONAL - PARCELAMENTOS - MILITAR INATIVO,5,
1218083000000000000000000,CONTRIBUIÇÃO PATRONAL - PARCELAMENTOS - PENSIONISTAS MILITARES,5,
1220000000000000000000000,CONTRIBUIÇÕES ECONÔMICAS,5,
1220010000000000000000000,CONTRIBUIÇÕES PARA O PROGRAMA DE INTEGRAÇÃO NACIONAL - PIN E PARA O PROGRAMA DE REDISTRIBUIÇÃO DE TE,5,
1220011000000000000000000,CONTRIBUIÇÃO PARA O PROGRAMA DE INTEGRAÇÃO NACIONAL - PIN,5,
1220012000000000000000000,CONTRIBUIÇÃO PARA O PROGRAMA DE REDISTRIBUIÇÃO DE TERRAS E DE ESTÍMULO À AGROINDÚSTRIA DO NORTE E DO,5,
1220020000000000000000000,"CONTRIBUIÇÃO DE LOJAS FRANCAS, ENTREPOSTOS ADUANEIROS E DEPÓSITOS ALFANDEGÁRIOS",5,
1220021000000000000000000,"CONTRIBUIÇÃO DE LOJAS FRANCAS, ENTREPOSTOS ADUANEIROS E DEPÓSITOS ALFANDEGÁRIOS",5,
1220030000000000000000000,CONTRIBUIÇÃO SOBRE APOSTAS EM COMPETIÇÕES HÍPICAS,5,
1220031000000000000000000,CONTRIBUIÇÃO SOBRE APOSTAS EM COMPETIÇÕES HÍPICAS,5,
1220040000000000000000000,CONTRIBUIÇÃO PARA O DESENVOLVIMENTO DA INDÚSTRIA CINEMATOGRÁFICA NACIONAL - CONDECINE,5,
1220041000000000000000000,CONTRIBUIÇÃO PARA O DESENVOLVIMENTO DA INDÚSTRIA CINEMATOGRÁFICA NACIONAL - CONDECINE,5,
1220050000000000000000000,COTA-PARTE DO ADICIONAL AO FRETE PARA A RENOVAÇÃO DA MARINHA MERCANTE - AFRMM,5,
1220051000000000000000000,COTA-PARTE DO ADICIONAL AO FRETE PARA A RENOVAÇÃO DA MARINHA MERCANTE - AFRMM,5,
1220060000000000000000000,CONTRIBUIÇÃO SOBRE AS RECEITAS DE CONCESSIONÁRIAS E PERMISSIONÁRIAS DE ENERGIA ELÉTRICA,5,
1220061000000000000000000,CONTRIBUIÇÃO SOBRE AS RECEITAS DE CONCESSIONÁRIAS E PERMISSIONÁRIAS DE ENERGIA ELÉTRICA,5,
1220070000000000000000000,"CONTRIBUIÇÃO PELA LICENÇA DE USO, AQUISIÇÃO OU TRANSFERÊNCIA DE TECNOLOGIA - CIDE - REMESSAS AO EXTE",5,
1220071000000000000000000,"CONTRIBUIÇÃO PELA LICENÇA DE USO, AQUISIÇÃO OU TRANSFERÊNCIA DE TECNOLOGIA - CIDE - REMESSAS AO EXTE",5,
1220080000000000000000000,"CONTRIBUIÇÃO RELATIVA ÀS ATIVIDADES DE IMPORTAÇÃO E COMERCIALIZAÇÃO DE PETRÓLEO E SEUS DERIVADOS, GÁ",5,
1220081000000000000000000,CONTRIBUIÇÃO DE INTERVENÇÃO NO DOMÍNIO ECONÔMICO - CIDE-COMBUSTÍVEIS - IMPORTAÇÃO,5,
1220082000000000000000000,CONTRIBUIÇÃO DE INTERVENÇÃO NO DOMÍNIO ECONÔMICO - CIDE-COMBUSTÍVEIS - COMERCIALIZAÇÃO,5,
1220090000000000000000000,CONTRIBUIÇÃO SOBRE A RECEITA DAS EMPRESAS PRESTADORAS DE SERVIÇOS DE TELECOMUNICAÇÕES,5,
1220091000000000000000000,CONTRIBUIÇÃO SOBRE A RECEITA OPERACIONAL BRUTA DECORRENTE DE PRESTAÇÃO DE SERVIÇOS DE TELECOMUNICAÇÕ,5,
1220092000000000000000000,CONTRIBUIÇÃO SOBRE A RECEITA BRUTA DAS EMPRESAS PRESTADORAS DE SERVIÇOS DE TELECOMUNICAÇÕES,5,
1220100000000000000000000,CONTRIBUIÇÃO PARA O FOMENTO DA RADIODIFUSÃO PÚBLICA,5,
1220101000000000000000000,CONTRIBUIÇÃO PARA O FOMENTO DA RADIODIFUSÃO PÚBLICA,5,
1220990000000000000000000,OUTRAS CONTRIBUIÇÕES ECONÔMICAS,5,
1220991000000000000000000,OUTRAS CONTRIBUIÇÕES ECONÔMICAS,5,
1228000000000000000000000,CONTRIBUIÇÕES ECONÔMICAS ESPECÍFICAS DE ESTADOS E MUNICÍPIOS,5,
1228010000000000000000000,CONTRIBUIÇÕES ECONÔMICAS SOBRE COMMODITIES,5,
1228011000000000000000000,CONTRIBUIÇÃO ECONÔMICA DESTINDA AO FETHAB,5,
1230000000000000000000000,CONTRIBUIÇÕES PARA ENTIDADES PRIVADAS DE SERVIÇO SOCIAL E DE FORMAÇÃO PROFISSIONAL,5,
1230010000000000000000000,CONTRIBUIÇÕES PARA ENTIDADES PRIVADAS DE SERVIÇO SOCIAL E DE FORMAÇÃO PROFISSIONAL,5,
1230011000000000000000000,CONTRIBUIÇÕES PARA ENTIDADES PRIVADAS DE SERVIÇO SOCIAL E DE FORMAÇÃO PROFISSIONAL,5,
1240000000000000000000000,CONTRIBUIÇÃO PARA O CUSTEIO DO SERVIÇO DE ILUMINAÇÃO PÚBLICA,5,
1240001000000000000000000,CONTRIBUIÇÃO PARA O CUSTEIO DO SERVIÇO DE ILUMINAÇÃO PÚBLICA,5,
1240001100000000000000000,CONTRIBUIÇÃO PARA O CUSTEIO DO SERVIÇO DE ILUMINAÇÃO PÚBLICA - PRINCIPAL,5,
1240001101000000000000000,CONTRIBUIÇÃO PARA O CUSTEIO DO SERVIÇO DE ILUMINAÇÃO PÚBLICA,5,
1240001101000000001100000,CONTRIBUIÇÃO PARA O CUSTEIO DO SERVIÇO DE ILUMINAÇÃO PÚBLICA,5,
1240001101000000001101000,Contribuição para o Custeio do Serviço de Iluminação Pública,5,
1240001101000000001109000,TOTAL DEDUÇÕES CONTRIBUIÇÃO PARA O CUSTEIO DO SERVIÇO DE ILUMINAÇÃO PÚBLICA,5,
1240001101000000001109001,Deduções Contribuição para o Custeio do Serviço de Iluminação Pública,5,
1240001101000000001200000,TOTAL PARCELAMENTO CONTRIBUIÇÃO PARA O CUSTEIO DO SERVIÇO DE ILUMINAÇÃO PÚBLICA,5,
1240001101000000001201000,PARCELAMENTO CONTRIBUIÇÃO PARA O CUSTEIO DO SERVIÇO DE ILUMINAÇÃO PÚBLICA,5,
1240001101000000001201001,PPI - Contribuição para o Custeio do Serviço de Iluminação Pública,5,
1240001101000000001201002,PAT - Contribuição para o Custeio do Serviço de Iluminação Pública,5,
1240001101000000001209000,TOTAL DEDUÇÕES PARCELAMENTO CONTRIBUIÇÃO PARA O CUSTEIO DO SERVIÇO DE ILUMINAÇÃO PÚBLICA,5,
1240001101000000001209001,Deduções PPI - Contribuição para o Custeio do Serviço de Iluminação Pública,5,
1240001101000000001209002,Deduções PAT - Contribuição para o Custeio do Serviço de Iluminação Pública,5,
1240001200000000000000000,CONTRIBUIÇÃO PARA O CUSTEIO DO SERVIÇO DE ILUMINAÇÃO PÚBLICA - MULTA E JUROS,5,
1240001201000000000000000,MULTA E JUROS - CONTRIBUIÇÃO PARA O CUSTEIO DO SERVIÇO DE ILUMINAÇÃO PÚBLICA,5,
1240001201000000001100000,MULTAS E JUROS - CONTRIBUIÇÃO PARA O CUSTEIO DO SERVIÇO DE ILUMINAÇÃO PÚBLICA,5,
1240001201000000001101000,Multas e Juros - Contribuição para o Custeio do Serviço de Iluminação Pública,5,
1240001201000000001109000,TOTAL DEDUÇÕES CONTRIBUIÇÃO PARA O CUSTEIO DO SERVIÇO DE ILUMINAÇÃO PÚBLICA - MULTAS E JUROS,5,
1240001201000000001109001,Deduções Contribuição para o Custeio do Serviço de Iluminação Pública - Multas e Juros,5,
1240001201000000001200000,TOTAL PARCELAMENTO CONTRIBUIÇÃO PARA O CUSTEIO DO SERVIÇO DE ILUMINAÇÃO PÚBLICA  - MULTAS E JUROS,5,
1240001201000000001201000,PARCELAMENTO CONTRIBUIÇÃO PARA O CUSTEIO DO SERVIÇO DE ILUMINAÇÃO PÚBLICA  - MULTAS E JUROS,5,
1240001201000000001201001,PPI - Contribuição para o Custeio do Serviço de Iluminação Pública - Multas e Juros,5,
1240001201000000001201002,PAT - Contribuição para o Custeio do Serviço de Iluminação Pública - Multas e Juros,5,
1240001201000000001209000,TOTAL DEDUÇÕES PARCELAMENTO CONTRIBUIÇÃO PARA O CUSTEIO DO SERVIÇO DE ILUMINAÇÃO PÚBLICA  - MULTAS E,5,
1240001201000000001209001,Deduções PPI - Contribuição para o Custeio do Serviço de Iluminação Pública - Multas e Juros,5,
1240001201000000001209002,Deduções PAT - Contribuição para o Custeio do Serviço de Iluminação Pública - Multas e Juros,5,
1240001300000000000000000,CONTRIBUIÇÃO PARA O CUSTEIO DO SERVIÇO DE ILUMINAÇÃO PÚBLICA - DÍVIDA ATIVA,5,
1240001301000000000000000,CONTRIBUIÇÃO PARA O CUSTEIO DO SERVIÇO DE ILUMINAÇÃO PÚBLICA - DÍVIDA ATIVA,5,
1240001301000000001100000,CONTRIBUIÇÃO PARA O CUSTEIO DO SERVIÇO DE ILUMINAÇÃO PÚBLICA - DÍVIDA ATIVA,5,
1240001301000000001101000,Contribuição para o Custeio do Serviço de Iluminação Pública - Dívida Ativa,5,
1240001301000000001109000,TOTAL DEDUÇÕES CONTRIBUIÇÃO PARA O CUSTEIO DO SERVIÇO DE ILUMINAÇÃO PÚBLICA - DÍVIDA ATIVA,5,
1240001301000000001109001,Deduções Contribuição para o Custeio do Serviço de Iluminação Pública - Dívida Ativa,5,
1240001301000000001200000,TOTAL PARCELAMENTO CONTRIBUIÇÃO PARA O CUSTEIO DO SERVIÇO DE ILUMINAÇÃO PÚBLICA - DÍVIDA ATIVA,5,
1240001301000000001201000,PARCELAMENTO CONTRIBUIÇÃO PARA O CUSTEIO DO SERVIÇO DE ILUMINAÇÃO PÚBLICA  - DÍVIDA ATIVA,5,
1240001301000000001201001,PPI - Contribuição para o Custeio do Serviço de Iluminação Pública - Dívida Ativa,5,
1240001301000000001201002,PAT - Contribuição para o Custeio do Serviço de Iluminação Pública - Dívida Ativa,5,
1240001301000000001201006,PEQ - Contribuição para o Custeio do Serviço de Iluminação Pública - Dívida Ativa,5,
1240001301000000001209000,TOTAL DEDUÇÕES PARCELAMENTO CONTRIBUIÇÃO PARA O CUSTEIO DO SERVIÇO DE ILUMINAÇÃO PÚBLICA - DÍVIDA AT,5,
1240001301000000001209001,Deduções PPI - Contribuição para o Custeio do Serviço de Iluminação Pública - Dívida Ativa,5,
1240001301000000001209002,Deduções PAT - Contribuição para o Custeio do Serviço de Iluminação Pública - Dívida Ativa,5,
1240001301000000001209006,PEQ - Deduções Contribuição para o Custeio do Serviço de Iluminação Pública - Dívida Ativa,5,
1240001400000000000000000,CONTRIBUIÇÃO PARA O CUSTEIO DO SERVIÇO DE ILUMINAÇÃO PÚBLICA - DÍVIDA ATIVA - MULTAS E JUROS,5,
1240001401000000000000000,CONTRIBUIÇÃO PARA O CUSTEIO DO SERVIÇO DE ILUMINAÇÃO PÚBLICA - DÍVIDA ATIVA - MULTAS E JUROS,5,
1240001401000000001100000,CONTRIBUIÇÃO PARA O CUSTEIO DO SERVIÇO DE ILUMINAÇÃO PÚBLICA - DÍVIDA ATIVA - MULTAS E JUROS,5,
1240001401000000001101000,Contribuição para o Custeio do Serviço de Iluminação Pública - Dívida Ativa - Multas e Juros,5,
1240001401000000001109000,TOTAL DEDUÇÕES CONTRIBUIÇÃO PARA O CUSTEIO DO SERVIÇO DE ILUMINAÇÃO PÚBLICA - DÍVIDA ATIVA - MULTAS ,5,
1240001401000000001109001,Deduções Contribuição para o Custeio do Serviço de Iluminação Pública - Dívida Ativa - Multas e Juro,5,
1240001401000000001200000,TOTAL PARCELAMENTO CONTRIBUIÇÃO PARA O CUSTEIO DO SERVIÇO DE ILUMINAÇÃO PÚBLICA  - DÍVIDA ATIVA - MU,5,
1240001401000000001201000,PARCELAMENTO CONTRIBUIÇÃO PARA O CUSTEIO DO SERVIÇO DE ILUMINAÇÃO PÚBLICA  - DÍVIDA ATIVA - MULTAS E,5,
1240001401000000001201001,PPI - Contribuição para o Custeio do Serviço de Iluminação Pública - Dívida Ativa - Multas e Juros,5,
1240001401000000001201002,PAT - Contribuição para o Custeio do Serviço de Iluminação Pública - Dívida Ativa - Multas e Juros,5,
1240001401000000001201006,PEQ - Contribuição para o Custeio do Serviço de Iluminação Pública - Dívida Ativa - Multas e Juros,5,
1240001401000000001209000,TOTAL DEDUÇÕES PARCELAMENTO CONTRIBUIÇÃO PARA O CUSTEIO DO SERVIÇO DE ILUMINAÇÃO PÚBLICA - DÍVIDA AT,5,
1240001401000000001209001,Deduções PPI - Contribuição para o Custeio do Serviço de Iluminação Pública - Dívida Ativa - Multas ,5,
1240001401000000001209002,Deduções PAT - Contribuição para o Custeio do Serviço de Iluminação Pública - Dívida Ativa - Multas ,5,
1240001401000000001209006,PEQ - Deduções Contribuição para o Custeio do Serviço de Iluminação Pública - Dívida Ativa - Multas ,5,
1300000000000000000000000,RECEITA PATRIMONIAL,5,
1310000000000000000000000,EXPLORAÇÃO DO PATRIMÔNIO IMOBILIÁRIO DO ESTADO,5,
1310010000000000000000000,"ALUGUÉIS, ARRENDAMENTOS, FOROS, LAUDÊMIOS, TARIFAS DE OCUPAÇÃO",5,
1310011000000000000000000,ALUGUÉIS E ARRENDAMENTOS,5,
1310011100000000000000000,ALUGUÉIS E ARRENDAMENTOS - PRINCIPAL,5,
1310011101000000000000000,RECEITAS DE ALUGUÉIS,5,
1310011101000000001100000,RECEITAS DE ALUGUÉIS,5,
1310011101000000001101000,Receitas de Aluguéis,5,
1310011101000000001109000,TOTAL DEDUÇÕES RECEITAS DE ALUGUÉIS,5,
1310011101000000001109001,Deduções Receitas de Aluguéis,5,
1310011102000000000000000,RECEITAS DE ALUGUÉIS - CMSP,5,
1310011102000000001100000,RECEITAS DE ALUGUÉIS - CMSP,5,
1310011102000000001101000,Receitas de Aluguéis - CMSP,5,
1310011103000000000000000,RECEITAS DE ALUGUÉIS - FECAM,5,
1310011103000000001100000,RECEITAS DE ALUGUÉIS - FECAM,5,
1310011103000000001101000,Receitas de Aluguéis - FECAM,5,
1310011200000000000000000,ALUGUÉIS E ARRENDAMENTOS - MULTAS E JUROS,5,
1310011201000000000000000,MULTAS E JUROS - RECEITAS DE ALUGUÉIS,5,
1310011201000000001100000,MULTAS E JUROS - RECEITAS DE ALUGUÉIS,5,
1310011201000000001101000,Multas e Juros - Receitas de Aluguéis,5,
1310011201000000001109000,TOTAL DEDUÇÕES RECEITAS DE ALUGUÉIS - MULTAS E JUROS,5,
1310011201000000001109001,Deduções Receitas de Aluguéis - Multas e Juros,5,
1310012000000000000000000,"FOROS, LAUDÊMIOS E TARIFAS DE OCUPAÇÃO",5,
1310020000000000000000000,"CONCESSÃO, PERMISSÃO, AUTORIZAÇÃO OU CESSÃO DO DIREITO DE USO DE BENS IMÓVEIS PÚBLICOS",5,
1310021000000000000000000,"CONCESSÃO, PERMISSÃO, AUTORIZAÇÃO OU CESSÃO DO DIREITO DE USO DE BENS IMÓVEIS PÚBLICOS",5,
1310021100000000000000000,"CONCESSÃO, PERMISSÃO, AUTORIZAÇÃO OU CESSÃO DO DIREITO DE USO DE BENS IMÓVEIS PÚBLICOS - PRINCIPAL",5,
1310021101000000000000000,RETRIBUIÇÃO PELO USO DE UNIDADES HABITACIONAIS,5,
1310021101010000000000000,CARTEIRA - COHAB,5,
1310021101010000001100000,CARTEIRA - COHAB,5,
1310021101010000001101000,Carteira - COHAB,5,
1310021101010000001109000,TOTAL DEDUÇÕES CARTEIRA - COHAB,5,
1310021101010000001109001,Deduções Carteira - COHAB,5,
1310021101020000000000000,CARTEIRA FMH,5,
1310021101020000001100000,CARTEIRA - FMH,5,
1310021101020000001101000,Carteira - FMH,5,
1310021101020000001109000,TOTAL DEDUÇÕES CARTEIRA - FMH,5,
1310021101020000001109001,Deduções Carteira - FMH,5,
1310021101030000000000000,CARTEIRA PSH,5,
1310021101030000001100000,CARTEIRA - PSH,5,
1310021101030000001101000,Carteira - PSH,5,
1310021101030000001109000,TOTAL DEDUÇÕES CARTEIRA - PSH,5,
1310021101030000001109001,Deduções Carteira - PSH,5,
1310021101040000000000000,CARTEIRA LOCAÇÃO SOCIAL,5,
1310021101040000001100000,CARTEIRA - LOCAÇÃO SOCIAL,5,
1310021101040000001101000,Carteira - LOCAÇÃO SOCIAL,5,
1310021101040000001109000,TOTAL DEDUÇÕES CARTEIRA - LOCAÇÃO SOCIAL,5,
1310021101040000001109001,Deduções Carteira - LOCAÇÃO SOCIAL,5,
1310021101050000000000000,AUTORIZAÇÃO DE USO DE BEM IMÓVEL (TOP-C),5,
1310021101050000001100000,AUTORIZAÇÃO DE USO DE BEM IMÓVEL (TOP-C),5,
1310021101050000001101000,Autorização de Uso de Bem Imóvel (TOP-C),5,
1310021102000000000000000,RETRIBUIÇÃO PELO USO DE UNIDADES COMERCIAIS,5,
1310021102010000000000000,CARTEIRA - COHAB,5,
1310021102010000001100000,CARTEIRA - COHAB,5,
1310021102010000001101000,Carteira - COHAB,5,
1310021102010000001109000,TOTAL DEDUÇÕES CARTEIRA - COHAB,5,
1310021102010000001109001,Deduções Carteira - COHAB,5,
1310021102020000000000000,CARTEIRA FMH,5,
1310021102020000001100000,CARTEIRA - FMH,5,
1310021102020000001101000,Carteira - FMH,5,
1310021102020000001109000,TOTAL DEDUÇÕES CARTEIRA - FMH,5,
1310021102020000001109001,Deduções Carteira - FMH,5,
1310021102030000000000000,CARTEIRA PSH,5,
1310021102030000001100000,CARTEIRA - PSH,5,
1310021102030000001101000,Carteira - PSH,5,
1310021102030000001109000,TOTAL DEDUÇÕES CARTEIRA - PSH,5,
1310021102030000001109001,Deduções Carteira - PSH,5,
1310021102040000000000000,CARTEIRA LOCAÇÃO SOCIAL,5,
1310021102040000001100000,CARTEIRA - LOCAÇÃO SOCIAL,5,
1310021102040000001101000,Carteira - LOCAÇÃO SOCIAL,5,
1310021102040000001109000,TOTAL DEDUÇÕES CARTEIRA - LOCAÇÃO SOCIAL,5,
1310021102040000001109001,Deduções Carteira - LOCAÇÃO SOCIAL,5,
1310021103000000000000000,OUTRAS RECEITAS DE CONCESSÕES E PERMISSÕES,5,
1310021103010000000000000,"RENDAS DE MERCADOS, FEIRAS E FRIGORÍFICOS (ANT. MAT.) - SISTEMA VELHO",5,
1310021103010000001100000,"RENDAS DE MERCADOS, FEIRAS E FRIGORÍFICOS (ANT. MAT.) - SISTEMA VELHO",5,
1310021103010000001101000,"Rendas de Mercados, Feiras e Frigoríficos (ant. Mat.) - Sistema Velho",5,
1310021103010000001109000,"TOTAL DEDUÇÕES RENDAS DE MERCADOS, FEIRAS E FRIGORÍFICOS (ANT. MAT.) - SISTEMA VELHO",5,
1310021103010000001109001,"Deduções Rendas de Mercados, Feiras e Frigoríficos (ant. Mat.) - Sistema Velho",5,
1310021103020000000000000,"RENDAS DE MERCADOS, FEIRAS E FRIGORÍFICOS (ANT. MAT.) - SISTEMA NOVO",5,
1310021103020000001100000,"RENDAS DE MERCADOS, FEIRAS E FRIGORÍFICOS (ANT. MAT.) - SISTEMA NOVO",5,
1310021103020000001101000,"Rendas de Mercados, Feiras e Frigoríficos (ant. Mat.) - Sistema Novo",5,
1310021103020000001109000,"TOTAL DEDUÇÕES RENDAS DE MERCADOS, FEIRAS E FRIGORÍFICOS (ANT. MAT.) - SISTEMA NOVO",5,
1310021103020000001109001,"Deduções Rendas de Mercados, Feiras e Frigoríficos (ant. Mat.) - Sistema Novo",5,
1310021103030000000000000,ESTÁDIO MUNICIPAL,5,
1310021103030000001100000,ESTÁDIO MUNICIPAL,5,
1310021103030000001101000,Estádio Municipal,5,
1310021103030000001109000,TOTAL DEDUÇÕES ESTÁDIO MUNICIPAL,5,
1310021103030000001109001,Deduções Estádio Municipal,5,
1310021103040000000000000,CENTROS ESPORTIVOS - UNIDADES EDUCACIONAIS E ESPORTIVAS,5,
1310021103040000001100000,CENTROS ESPORTIVOS - UNIDADES EDUCACIONAIS E ESPORTIVAS,5,
1310021103040000001101000,Centros Esportivos - Unidades Educacionais e Esportivas,5,
1310021103040000001109000,TOTAL DEDUÇÕES CENTROS ESPORTIVOS - UNIDADES EDUCACIONAIS E ESPORTIVAS,5,
1310021103040000001109001,Deduções Centros Esportivos - Unidades Educacionais e Esportivas,5,
1310021103050000000000000,CENTROS CULTURAIS - TEATROS/PMSP,5,
1310021103050000001100000,CENTROS CULTURAIS - TEATROS/PMSP,5,
1310021103050000001101000,Centros Culturais - Teatros/PMSP,5,
1310021103050000001109000,TOTAL DEDUÇÕES CENTROS CULTURAIS - TEATROS/PMSP,5,
1310021103050000001109001,Deduções Centros Culturais - Teatros/PMSP,5,
1310021103060000000000000,CENTROS CULTURAIS - TEATROS/FEPAC,5,
1310021103060000001100000,CENTROS CULTURAIS - TEATROS/FEPAC,5,
1310021103060000001101000,Centros Culturais - Teatros/FEPAC,5,
1310021103060000001109000,TOTAL DEDUÇÕES CENTROS CULTURAIS - TEATROS/FEPAC,5,
1310021103060000001109001,Deduções Centros Culturais - Teatros/FEPAC,5,
1310021103070000000000000,PERMISSÃO DE ATIVIDADES AMBULANTES,5,
1310021103070000001100000,PERMISSÃO DE ATIVIDADES AMBULANTES,5,
1310021103070000001101000,Permissão de Atividades Ambulantes,5,
1310021103070000001109000,TOTAL DEDUÇÕES PERMISSÃO DE ATIVIDADES AMBULANTES,5,
1310021103070000001109001,Deduções Permissão de Atividades Ambulantes,5,
1310021103080000000000000,TARIFA DE PEDÁGIO P/ INGRESSO NAS RUAS DE PEDESTRES,5,
1310021103080000001100000,TARIFA DE PEDÁGIO P/ INGRESSO NAS RUAS DE PEDESTRES,5,
1310021103080000001101000,Tarifa de Pedágio p/ Ingresso nas Ruas de Pedestres,5,
1310021103080000001109000,TOTAL DEDUÇÕES TARIFA DE PEDÁGIO P/ INGRESSO NAS RUAS DE PEDESTRES,5,
1310021103080000001109001,Deduções Tarifa de Pedágio p/ Ingresso nas Ruas de Pedestres,5,
1310021103090000000000000,CONCESSÃO P/ EXPLORAÇÃO COMERCIAL EM ESTACIONAMENTO SUBTERRÂNEO - SMT,5,
1310021103090000001100000,CONCESSÃO P/ EXPLORAÇÃO COMERCIAL EM ESTACIONAMENTO SUBTERRÂNEO - SMT,5,
1310021103090000001101000,Concessão p/ Exploração Comercial em Estacionamento Subterrâneo - SMT,5,
1310021103090000001109000,TOTAL DEDUÇÕES CONCESSÃO P/ EXPLORAÇÃO COMERCIAL EM ESTACIONAMENTO SUBTERRÂNEO - SMT,5,
1310021103090000001109001,Deduções Concessão p/ Exploração Comercial em Estacionamento Subterrâneo - SMT,5,
1310021103100000000000000,"IMPLANTAÇÃO, INSTALAÇÃO E PASSAGEM DE EQUIPAMENTOS URBANOS - CONVIAS",5,
1310021103100000001100000,"IMPLANTAÇÃO, INSTALAÇÃO E PASSAGEM DE EQUIPAMENTOS URBANOS - CONVIAS",5,
1310021103100000001101000,"Implantação, Instalação e Passagem de Equipamentos Urbanos - CONVIAS",5,
1310021103100000001109000,"TOTAL DEDUÇÕES IMPLANTAÇÃO, INSTALAÇÃO E PASSAGEM DE EQUIPAMENTOS URBANOS - CONVIAS",5,
1310021103100000001109001,"Deduções Implantação, Instalação e Passagem de Equipamentos Urbanos - CONVIAS",5,
1310021103110000000000000,OUTORGA ONEROSA - PRESTAÇÃO DE SERVIÇOS DE LIMPEZA URBANA EM REGIME PÚBLICO,5,
1310021103110000001100000,OUTORGA ONEROSA - PRESTAÇÃO DE SERVIÇOS DE LIMPEZA URBANA EM REGIME PÚBLICO,5,
1310021103110000001101000,Outorga Onerosa - Prestação de Serviços de Limpeza Urbana em Regime Público,5,
1310021103110000001109000,TOTAL DEDUÇÕES OUTORGA ONEROSA - PRESTAÇÃO DE SERVIÇOS DE LIMPEZA URBANA EM REGIME PÚBLICO,5,
1310021103110000001109001,Deduções Outorga Onerosa - Prestação de Serviços de Limpeza Urbana em Regime Público,5,
1310021103120000000000000,CONTRATOS DE CONCESSÃO E PERMISSÃO DOS SERVIÇOS DE LIMPEZA URBANA - FMLU,5,
1310021103120000001100000,CONTRATOS DE CONCESSÃO E PERMISSÃO DOS SERVIÇOS DE LIMPEZA URBANA - FMLU,5,
1310021103120000001101000,Contratos de Concessão e Permissão dos Serviços de Limpeza Urbana - FMLU,5,
1310021103120000001109000,TOTAL DEDUÇÕES CONTRATOS DE CONCESSÃO E PERMISSÃO DOS SERVIÇOS DE LIMPEZA URBANA - FMLU,5,
1310021103120000001109001,Deduções Contratos de Concessão e Permissão dos Serviços de Limpeza Urbana - FMLU,5,
1310021103130000000000000,OUTRAS RECEITAS DE CONCESSÕES E PERMISSÕES,5,
1310021103130000001100000,OUTRAS RECEITAS DE CONCESSÕES E PERMISSÕES,5,
1310021103130000001101000,Outras Receitas de Concessões e Permissões,5,
1310021103130000001109000,TOTAL DEDUÇÕES OUTRAS RECEITAS DE CONCESSÕES E PERMISSÕES,5,
1310021103130000001109001,Deduções Outras Receitas de Concessões e Permissões,5,
1310021103140000000000000,UNIDADES ESPORTIVAS DA SEME,5,
1310021103140000001100000,UNIDADES ESPORTIVAS DA SEME,5,
1310021103140000001101000,Unidades Esportivas da SEME,5,
1310021103140000001109000,TOTAL DEDUÇÕES UNIDADES ESPORTIVAS DA SEME,5,
1310021103140000001109001,Deduções Unidades Esportivas da SEME,5,
1310021103150000000000000,CONCESSÃO PARA EXPLORAÇÃO COMERCIAL EM ESPAÇOS PÚBLICOS,5,
1310021103150000001100000,CONCESSÃO PARA EXPLORAÇÃO COMERCIAL EM ESPAÇOS PÚBLICOS,5,
1310021103150000001101000,Concessão para Exploração Comercial em Espaços Públicos,5,
1310021103150000001109000,TOTAL DEDUÇÕES CONCESSÃO PARA EXPLORAÇÃO COMERCIAL EM ESPAÇOS PÚBLICOS,5,
1310021103150000001109001,Deduções Concessão para Exploração Comercial em Espaços Públicos,5,
1310021103160000000000000,TERMO DE PERMISSÃO DE USO - DECRETO 56.905/2016,5,
1310021103160000001100000,TERMO DE PERMISSÃO DE USO - DECRETO 56.905/2016,5,
1310021103160000001101000,Termo de Permissão de Uso - Decreto 56.905/2016,5,
1310021103160000001109000,TOTAL DEDUÇÕES TERMO DE PERMISSÃO DE USO - DECRETO 56.905/2016,5,
1310021103160000001109001,Deduções Termo de Permissão de Uso - Decreto 56.905/2016,5,
1310021103170000000000000,"PERMISSÃO DE USO - FED
",5,
1310021103170000001100000,"PERMISSÃO DE USO - FED
",5,
1310021103170000001101000,Permissão de Uso - FED/ TCM,5,
1310021103180000000000000,"TERMO DE PERMISSÃO DE USO - FUNDATEC
",5,
1310021103180000001100000,"TERMO DE PERMISSÃO DE USO - FUNDATEC
",5,
1310021103180000001101000,"Termo de Permissão de Uso - FUNDATEC
",5,
1310021103190000000000000,RECEITA DE CONCESSÃO - CIRCUITO DAS COMPRAS - PATIO DO PARI,5,
1310021103190000001100000,RECEITA DE CONCESSÃO - CIRCUITO DAS COMPRAS - PATIO DO PARI,5,
1310021103190000001101000,Receita de Concessão - Circuito das Compras - Patio do Pari,5,
1310021103200000000000000,CESSÃO DE USO A TÍTULO ONEROSO DO AUTÓDROMO MUNICIPAL “JOSÉ CARLOS PACE”,5,
1310021103200000001100000,CESSÃO DE USO A TÍTULO ONEROSO DO AUTÓDROMO MUNICIPAL “JOSÉ CARLOS PACE”,5,
1310021103200000001101000,Cessão de Uso à Título Oneroso do Autódromo Municipal “José Carlos Pace”,5,
1310021103200000001109000,"TOTAL DEDUÇÕES CESSÃO DE USO À TÍTULO ONEROSO DO AUTÓDROMO MUNICIPAL ""JOSÉ CARLOS PACE""
",5,
1310021103200000001109001,"Deduções Cessão de Uso à Título Oneroso do Autódromo Municipal ""José Carlos Pace""

",5,
1310021103210000000000000,TERMO DE PERMISSÃO DE USO - DECRETO 58.727/2019 – FMD,5,
1310021103210000001100000,TERMO DE PERMISSÃO DE USO - DECRETO 58.727/2019 – FMD,5,
1310021103210000001101000,Termo de Permissão de Uso - Decreto 58.727/2019 – FMD,5,
1310021200000000000000000,"CONCESSÃO, PERMISSÃO, AUTORIZAÇÃO OU CESSÃO DO DIREITO DE USO DE BENS IMÓVEIS PÚBLICOS - MULTAS E JU",5,
1310021203000000000000000,"OUTRAS RECEITAS DE CONCESSÕES E PERMISSÕES  - MULTAS E JUROS
",5,
1310021203020000000000000,"RENDAS DE MERCADOS, FEIRAS E FRIGORÍFICOS (ANT. MAT.) - SISTEMA NOVO - MULTAS E JUROS
",5,
1310021203020000001100000,"RENDAS DE MERCADOS, FEIRAS E FRIGORÍFICOS (ANT. MAT.) - SISTEMA NOVO  - MULTAS E JUROS",5,
1310021203020000001101000,"Rendas de Mercados, Feiras e Frigoríficos (ant. Mat.) - Sistema Novo - Multas e Juros
",5,
1310021203130000000000000,MULTAS E JUROS OUTRAS RECEITAS DE CONCESSÕES E PERMISSÕES,5,
1310021203130000001100000,MULTAS E JUROS OUTRAS RECEITAS DE CONCESSÕES E PERMISSÕES,5,
1310021203130000001101000,Multas e Juros Outras Receitas de Concessões e Permissões,5,
1310021203150000000000000,CONCESSÃO PARA EXPLORAÇÃO COMERCIAL EM ESPAÇOS PÚBLICOS - MULTAS E JUROS,5,
1310021203150000001100000,CONCESSÃO PARA EXPLORAÇÃO COMERCIAL EM ESPAÇOS PÚBLICOS - MULTAS E JUROS,5,
1310021203150000001101000,Concessão para Exploração Comercial em Espaços Públicos - Multas e Juros,5,
1310021203200000000000000,CESSÃO DE USO A TÍTULO ONEROSO DO AUTÓDROMO MUNICIPAL “JOSÉ CARLOS PACE” - MULTAS E JUROS,5,
1310021203200000001100000,CESSÃO DE USO A TÍTULO ONEROSO DO AUTÓDROMO MUNICIPAL “JOSÉ CARLOS PACE” - MULTAS E JUROS,5,
1310021203200000001101000,Cessão de Uso à Título Oneroso do Autódromo Municipal “José Carlos Pace” - Multas e Juros,5,
1310021203200000001109000,"TOTAL DEDUÇÕES CESSÃO DE USO À TÍTULO ONEROSO DO AUTÓDROMO MUNICIPAL ""JOSÉ CARLOS PACE"" - MULTAS E J",5,
1310021203200000001109001,"Deduções Cessão de Uso à Título Oneroso do Autódromo Municipal ""José Carlos Pace"" - Multas e juros
",5,
1310021203210000000000000,TERMO DE PERMISSÃO DE USO - DECRETO 58.727/2019 – FMD – MULTAS E JUROS,5,
1310021203210000001100000,TERMO DE PERMISSÃO DE USO - DECRETO 58.727/2019 – FMD – MULTAS E JUROS,5,
1310021203210000001101000,Termo de Permissão de Uso - Decreto 58.727/2019 – FMD – Multas e Juros,5,
1310990000000000000000000,OUTRAS RECEITAS IMOBILIÁRIAS,5,
1310991000000000000000000,OUTRAS RECEITAS IMOBILIÁRIAS,5,
1310991100000000000000000,OUTRAS RECEITAS IMOBILIÁRIAS - PRINCIPAL,5,
1310991101000000000000000,OUTRAS RECEITAS IMOBILIÁRIAS,5,
1310991101000000001100000,OUTRAS RECEITAS IMOBILIÁRIAS,5,
1310991101000000001101000,Outras Receitas Imobiliárias,5,
1310991101000000001109000,TOTAL DEDUÇÕES OUTRAS RECEITAS IMOBILIÁRIAS,5,
1310991101000000001109001,Deduções Outras Receitas Imobiliárias,5,
1320000000000000000000000,VALORES MOBILIÁRIOS,5,
1321000000000000000000000,JUROS E CORREÇÕES MONETÁRIAS,5,
1321001000000000000000000,REMUNERAÇÃO DE DEPÓSITOS BANCÁRIOS,5,
1321001100000000000000000,REMUNERAÇÃO DE DEPÓSITOS BANCÁRIOS - PRINCIPAL,5,
1321001101000000000000000,REMUNERAÇÃO DE DEPÓSITOS DE RECURSOS VINCULADOS,5,
1321001101010000000000000,REMUNERAÇÃO DE DEPÓSITOS DE RECURSOS VINCULADOS - FUNDO DE SAÚDE (SMS/FMS),5,
1321001101010010000000000,REMUNERAÇÃO DE DEPÓSITOS DE RECURSOS VINCULADOS - FUNDO DE SAÚDE (SMS/FMS) - UNIÃO,5,
1321001101010010010000000,SMS X UNIÃO,5,
1321001101010010011100000,SMS X UNIÃO,5,
1321001101010010011101000,SMS x União,5,
1321001101010010011109000,TOTAL DEDUÇÕES SMS X UNIÃO,5,
1321001101010010011109001,Deduções SMS x União,5,
1321001101010010020000000,FMS X UNIÃO,5,
1321001101010010021100000,FMS X UNIÃO,5,
1321001101010010021101000,FMS x União,5,
1321001101010010021109000,TOTAL DEDUÇÕES FMS X UNIÃO,5,
1321001101010010021109001,Deduções FMS x União,5,
1321001101010020000000000,REMUNERAÇÃO DE DEPÓSITOS DE RECURSOS VINCULADOS - FUNDO DE SAÚDE (SMS/FMS) - ESTADO,5,
1321001101010020010000000,REMUNERAÇÃO DE DEPÓSITOS DE RECURSOS VINCULADOS REPASSADOS PELO ESTADO ATRAVÉS DO FUNDO ESTADUAL DE ,5,
1321001101010020011100000,REMUNERAÇÃO DE DEPÓSITOS DE RECURSOS VINCULADOS REPASSADOS PELO ESTADO ATRAVÉS DO FUNDO ESTADUAL DE ,5,
1321001101010020011101000,Remuneração de Depósitos de Recursos Vinculados Repassados pelo Estado através do Fundo Estadual de ,5,
1321001101010020011109000,TOTAL DEDUÇÕES REMUNERAÇÃO DE DEPÓSITOS DE RECURSOS VINCULADOS REPASSADOS PELO ESTADO ATRAVÉS DO FUN,5,
1321001101010020011109001,Deduções Remuneração de Depósitos de Recursos Vinculados Repassados pelo Estado através do Fundo Est,5,
1321001101010020020000000,REMUNERAÇÃO DE DEPÓSITOS DE RECURSOS VINCULADOS REPASSADOS PELO ESTADO ATRAVÉS DE CONVÊNIO - FMS,5,
1321001101010020021100000,REMUNERAÇÃO DE DEPÓSITOS DE RECURSOS VINCULADOS REPASSADOS PELO ESTADO ATRAVÉS DE CONVÊNIO - FMS,5,
1321001101010020021101000,Remuneração de Depósitos de Recursos Vinculados Repassados pelo Estado através de Convênio - FMS,5,
1321001101010020021109000,TOTAL DEDUÇÕES REMUNERAÇÃO DE DEPÓSITOS DE RECURSOS VINCULADOS REPASSADOS PELO ESTADO ATRAVÉS DE CON,5,
1321001101010020021109001,Deduções Remuneração de Depósitos de Recursos Vinculados Repassados pelo Estado através de Convênio ,5,
1321001101010030000000000,REMUNERAÇÃO DE DEPÓSITOS DE RECURSOS VINCULADOS - FUNDO DE SAÚDE (SMS/FMS) - INSTITUIÇÕES PRIVADAS,5,
1321001101010030010000000,INSTITUIÇÕES PRIVADAS X SMS/FMS,5,
1321001101010030011100000,INSTITUIÇÕES PRIVADAS X SMS/FMS,5,
1321001101010030011101000,Instituições Privadas X SMS/FMS,5,
1321001101010030011109000,TOTAL DEDUÇÕES INSTITUIÇÕES PRIVADAS X SMS/FMS,5,
1321001101010030011109001,Deduções Instituições Privadas X SMS/FMS,5,
1321001101010040000000000,REMUNERAÇÃO DE DEPÓSITOS DE RECURSOS VINCULADOS - FUNDO DE SAÚDE (SMS/FMS) - OUTROS,5,
1321001101020000000000000,REMUNERAÇÃO DE DEPÓSITOS DE RECURSOS VINCULADOS - EDUCAÇÃO,5,
1321001101020010000000000,REMUNERAÇÃO DE DEPÓSITOS DE RECURSOS VINCULADOS - EDUCAÇÃO - UNIÃO,5,
1321001101020010010000000,PMSP-SME/FNDE-MANUTENÇÃO,5,
1321001101020010011100000,PMSP-SME/FNDE-MANUTENÇÃO,5,
1321001101020010011101000,PMSP-SME/FNDE-Manutenção,5,
1321001101020010011109000,TOTAL DEDUÇÕES PMSP-SME/FNDE-MANUTENÇÃO,5,
1321001101020010011109001,Deduções PMSP-SME/FNDE-Manutenção,5,
1321001101020010020000000,SME X FNDE,5,
1321001101020010021100000,SME X FNDE,5,
1321001101020010021101000,SME X FNDE,5,
1321001101020010021109000,TOTAL DEDUÇÕES SME X FNDE,5,
1321001101020010021109001,Deduções SME X FNDE,5,
1321001101020020000000000,REMUNERAÇÃO DE DEPÓSITOS DE RECURSOS VINCULADOS - EDUCAÇÃO - ESTADO,5,
1321001101020030000000000,REMUNERAÇÃO DE DEPÓSITOS DE RECURSOS VINCULADOS - EDUCAÇÃO - INSTITUIÇÕES PRIVADAS,5,
1321001101020040000000000,REMUNERAÇÃO DE DEPÓSITOS DE RECURSOS VINCULADOS - EDUCAÇÃO - OUTROS,5,
1321001101020040010000000,REMUNERAÇÃO DE DEPÓSITOS DE RECURSOS VINCULADOS - FUNDEB,5,
1321001101020040011100000,REMUNERAÇÃO DE DEPÓSITOS DE RECURSOS VINCULADOS - FUNDEB,5,
1321001101020040011101000,Remuneração de Depósitos de Recursos Vinculados - FUNDEB,5,
1321001101020040011109000,TOTAL DEDUÇÕES REMUNERAÇÃO DE DEPÓSITOS DE RECURSOS VINCULADOS - FUNDEB,5,
1321001101020040011109001,Deduções Remuneração de Depósitos de Recursos Vinculados - FUNDEB,5,
1321001101020040020000000,REMUNERAÇÃO DE DEPÓSITOS DE RECURSOS VINCULADOS - MANUTENÇÃO E DESENVOLVIMENTO DO ENSINO - MDE,5,
1321001101020040021100000,REMUNERAÇÃO DE DEPÓSITOS DE RECURSOS VINCULADOS - MANUTENÇÃO E DESENVOLVIMENTO DO ENSINO - MDE,5,
1321001101020040021101000,Remuneração de Depósitos de Recursos Vinculados - Manutenção e Desenvolvimento do Ensino - MDE,5,
1321001101020040021109000,TOTAL DEDUÇÕES REMUNERAÇÃO DE DEPÓSITOS DE RECURSOS VINCULADOS - MANUTENÇÃO E DESENVOLVIMENTO DO ENS,5,
1321001101020040021109001,Deduções Remuneração de Depósitos de Recursos Vinculados - Manutenção e Desenvolvimento do Ensino - ,5,
1321001101030000000000000,REMUNERAÇÃO DE DEPÓSITOS DE RECURSOS VINCULADOS - ASSISTÊNCIA SOCIAL,5,
1321001101030010000000000,REMUNERAÇÃO DE DEPÓSITOS DE RECURSOS VINCULADOS - ASSISTÊNCIA SOCIAL - UNIÃO,5,
1321001101030010010000000,SMADS X UNIÃO,5,
1321001101030010011100000,SMADS X UNIÃO,5,
1321001101030010011101000,SMADS X União,5,
1321001101030010011109000,TOTAL DEDUÇÕES SMADS X UNIÃO,5,
1321001101030010011109001,Deduções SMADS X União,5,
1321001101030010020000000,FMAS - PROTEÇÃO SOCIAL BÁSICA/COFINACIAMENTO DO FNAS,5,
1321001101030010021100000,FMAS - PROTEÇÃO SOCIAL BÁSICA/COFINACIAMENTO DO FNAS,5,
1321001101030010021101000,FMAS - Proteção Social Básica/Cofinaciamento do FNAS,5,
1321001101030010021109000,TOTAL DEDUÇÕES FMAS - PROTEÇÃO SOCIAL BÁSICA/COFINACIAMENTO DO FNAS,5,
1321001101030010021109001,Deduções FMAS - Proteção Social Básica/Cofinaciamento do FNAS,5,
1321001101030010030000000,FMAS - PROTEÇÃO SOCIAL ESPECIAL/COFINACIAMENTO DO FNAS,5,
1321001101030010031100000,FMAS - PROTEÇÃO SOCIAL ESPECIAL/COFINACIAMENTO DO FNAS,5,
1321001101030010031101000,FMAS - Proteção Social Especial/Cofinanciamento do FNAS,5,
1321001101030010031109000,TOTAL DEDUÇÕES FMAS - PROTEÇÃO SOCIAL ESPECIAL/COFINACIAMENTO DO FNAS,5,
1321001101030010031109001,Deduções FMAS - Proteção Social Especial/Cofinaciamento do FNAS,5,
1321001101030010040000000,APOIO À GESTÃO DESCENTRALIZADA/FNAS,5,
1321001101030010041100000,APOIO À GESTÃO DESCENTRALIZADA/FNAS,5,
1321001101030010041101000,Apoio à Gestão Descentralizada/FNAS,5,
1321001101030010041109000,TOTAL DEDUÇÕES APOIO À GESTÃO DESCENTRALIZADA/FNAS,5,
1321001101030010041109001,Deduções Apoio à Gestão Descentralizada/FNAS,5,
1321001101030020000000000,REMUNERAÇÃO DE DEPÓSITOS DE RECURSOS VINCULADOS - ASSISTÊNCIA SOCIAL - ESTADO,5,
1321001101030020010000000,ESTAÇÃO CIDADANIA,5,
1321001101030020011100000,ESTAÇÃO CIDADANIA,5,
1321001101030020011101000,Estação Cidadania,5,
1321001101030020011109000,TOTAL DEDUÇÕES ESTAÇÃO CIDADANIA,5,
1321001101030020011109001,Deduções Estação Cidadania,5,
1321001101030020020000000,FMAS,5,
1321001101030020021100000,FMAS,5,
1321001101030020021101000,FMAS,5,
1321001101030020021109000,TOTAL DEDUÇÕES FMAS,5,
1321001101030020021109001,Deduções FMAS,5,
1321001101030030000000000,REMUNERAÇÃO DE DEPÓSITOS DE RECURSOS VINCULADOS - ASSISTÊNCIA SOCIAL - INSTITUIÇÕES PRIVADAS,5,
1321001101030040000000000,REMUNERAÇÃO DE DEPÓSITOS DE RECURSOS VINCULADOS - ASSISTÊNCIA SOCIAL - OUTROS,5,
1321001101040000000000000,REMUNERAÇÃO DE DEPÓSITOS DE RECURSOS VINCULADOS - OUTROS,5,
1321001101040010000000000,REMUNERAÇÃO DE DEPÓSITOS DE RECURSOS VINCULADOS - OUTROS - UNIÃO,5,
1321001101040010010000000,CONVÊNIO PMSP/SUB-CS X UNIÃO,5,
1321001101040010011100000,CONVÊNIO PMSP/SUB-CS X UNIÃO,5,
1321001101040010011101000,Convênio PMSP/SUB-CS x União,5,
1321001101040010011109000,TOTAL DEDUÇÕES CONVÊNIO PMSP/SUB-CS X UNIÃO,5,
1321001101040010011109001,Deduções Convênio PMSP/SUB-CS x União,5,
1321001101040010020000000,SIURB X UNIÃO,5,
1321001101040010021100000,SIURB X UNIÃO,5,
1321001101040010021101000,SIURB X União,5,
1321001101040010021109000,TOTAL DEDUÇÕES SIURB X UNIÃO,5,
1321001101040010021109001,Deduções SIURB X União,5,
1321001101040010030000000,PMSP/SEHAB X COHAB,5,
1321001101040010031100000,PMSP/SEHAB X COHAB,5,
1321001101040010031101000,PMSP/SEHAB X COHAB,5,
1321001101040010031109000,TOTAL DEDUÇÕES PMSP/SEHAB X COHAB,5,
1321001101040010031109001,Deduções PMSP/SEHAB X COHAB,5,
1321001101040010040000000,CONVÊNIO AMLURB X UNIÃO,5,
1321001101040010041100000,CONVÊNIO AMLURB X UNIÃO,5,
1321001101040010041101000,Convênio AMLURB X União,5,
1321001101040010041109000,TOTAL DEDUÇÕES CONVÊNIO AMLURB X UNIÃO,5,
1321001101040010041109001,Deduções Convênio AMLURB X União,5,
1321001101040010050000000,CONVÊNIO SGM X UNIÃO,5,
1321001101040010051100000,CONVÊNIO SGM X UNIÃO,5,
1321001101040010051101000,Convênio SGM X União,5,
1321001101040010051109000,TOTAL DEDUÇÕES CONVÊNIO SGM X UNIÃO,5,
1321001101040010051109001,Deduções Convênio SGM X União,5,
1321001101040010060000000,CONVÊNIO SMPED X UNIÃO,5,
1321001101040010061100000,CONVÊNIO SMPED X UNIÃO,5,
1321001101040010061101000,Convênio SMPED X União,5,
1321001101040010061109000,TOTAL DEDUÇÕES CONVÊNIO SMPED X UNIÃO,5,
1321001101040010061109001,Deduções Convênio SMPED X União,5,
1321001101040010070000000,SEHAB X UNIÃO,5,
1321001101040010071100000,SEHAB X UNIÃO,5,
1321001101040010071101000,SEHAB X União,5,
1321001101040010071109000,TOTAL DEDUÇÕES SEHAB X UNIÃO,5,
1321001101040010071109001,Deduções SEHAB X União,5,
1321001101040010080000000,AHM X UNIÃO,5,
1321001101040010081100000,AHM X UNIÃO,5,
1321001101040010081101000,AHM X União,5,
1321001101040010081109000,TOTAL DEDUÇÕES AHM X UNIÃO,5,
1321001101040010081109001,Deduções AHM X União,5,
1321001101040010090000000,SMDHC X UNIÃO,5,
1321001101040010091100000,SMDHC X UNIÃO,5,
1321001101040010091101000,SMDHC x União,5,
1321001101040010091109000,TOTAL DEDUÇÕES SMDHC X UNIÃO,5,
1321001101040010091109001,Deduções SMDHC x União,5,
1321001101040010100000000,SMC X UNIÃO,5,
1321001101040010101100000,SMC X UNIÃO,5,
1321001101040010101101000,SMC x União,5,
1321001101040010101109000,TOTAL DEDUÇÕES SMC X UNIÃO,5,
1321001101040010101109001,Deduções SMC x União,5,
1321001101040010110000000,SEME X UNIÃO,5,
1321001101040010111100000,SEME X UNIÃO,5,
1321001101040010111101000,SEME X União,5,
1321001101040010111109000,TOTAL DEDUÇÕES SEME X UNIÃO,5,
1321001101040010111109001,Deduções SEME X União,5,
1321001101040010120000000,FUNDATEC X UNIÃO,5,
1321001101040010121100000,FUNDATEC X UNIÃO,5,
1321001101040010121101000,FUNDATEC X União,5,
1321001101040010121109000,TOTAL DEDUÇÕES FUNDATEC X UNIÃO,5,
1321001101040010121109001,Deduções FUNDATEC X União,5,
1321001101040010130000000,SMSU X UNIÃO,5,
1321001101040010131100000,SMSU X UNIÃO,5,
1321001101040010131101000,SMSU x União,5,
1321001101040010131109000,TOTAL DEDUÇÕES SMSU X UNIÃO,5,
1321001101040010131109001,Deduções SMSU x União,5,
1321001101040010140000000,SMDET X UNIÃO,5,
1321001101040010141100000,SMDET X UNIÃO,5,
1321001101040010141101000,SMDET x União,5,
1321001101040010141109000,TOTAL DEDUÇÕES SMDET X UNIÃO,5,
1321001101040010141109001,Deduções SMDET x União,5,
1321001101040020000000000,REMUNERAÇÃO DE DEPÓSITOS DE RECURSOS VINCULADOS - OUTROS - ESTADO,5,
1321001101040020010000000,PMSP-SVMA/COFEHIDRO-CAPAC. AGENTES CONT. AMBIENTAL,5,
1321001101040020011100000,PMSP-SVMA/COFEHIDRO-CAPAC. AGENTES CONT. AMBIENTAL,5,
1321001101040020011101000,PMSP-SVMA/COFEHIDRO-Capac. Agentes Cont. Ambiental,5,
1321001101040020011109000,TOTAL DEDUÇÕES PMSP-SVMA/COFEHIDRO-CAPAC. AGENTES CONT. AMBIENTAL,5,
1321001101040020011109001,Deduções PMSP-SVMA/COFEHIDRO-Capac. Agentes Cont. Ambiental,5,
1321001101040020020000000,FEHIDRO - SUB-MB,5,
1321001101040020021100000,FEHIDRO - SUB-MB,5,
1321001101040020021101000,FEHIDRO - SUB-MB,5,
1321001101040020021109000,TOTAL DEDUÇÕES FEHIDRO - SUB-MB,5,
1321001101040020021109001,Deduções FEHIDRO - SUB-MB,5,
1321001101040020030000000,CONVÊNIO SIURB X ESTADO,5,
1321001101040020031100000,CONVÊNIO SIURB X ESTADO,5,
1321001101040020031101000,Convênio SIURB x Estado,5,
1321001101040020031109000,TOTAL DEDUÇÕES CONVÊNIO SIURB X ESTADO,5,
1321001101040020031109001,Deduções Convênio SIURB x Estado,5,
1321001101040020040000000,CONVÊNIO SEHAB X ESTADO,5,
1321001101040020041100000,CONVÊNIO SEHAB X ESTADO,5,
1321001101040020041101000,Convênio SEHAB x Estado,5,
1321001101040020041109000,TOTAL DEDUÇÕES CONVÊNIO SEHAB X ESTADO,5,
1321001101040020041109001,Deduções Convênio SEHAB x Estado,5,
1321001101040020050000000,PMSP-SEHAB/FUNDO MUNICIPAL DE SANEAMENTO AMBIENTAL E INFRAESTRUTURA- LEI 14934/2009,5,
1321001101040020051100000,PMSP-SEHAB/FUNDO MUNICIPAL DE SANEAMENTO AMBIENTAL E INFRAESTRUTURA- LEI 14934/2009,5,
1321001101040020051101000,PMSP-SEHAB/Fundo Municipal de Saneamento Ambiental e Infraestrutura- Lei 14934/2009,5,
1321001101040020051109000,TOTAL DEDUÇÕES PMSP-SEHAB/FUNDO MUNICIPAL DE SANEAMENTO AMBIENTAL E INFRAESTRUTURA- LEI 14934/2009,5,
1321001101040020051109001,Deduções PMSP-SEHAB/Fundo Municipal de Saneamento Ambiental e Infraestrutura- Lei 14934/2009,5,
1321001101040030000000000,REMUNERAÇÃO DE DEPÓSITOS DE RECURSOS VINCULADOS - OUTROS - INSTITUIÇÕES PRIVADAS,5,
1321001101040040000000000,REMUNERAÇÃO DE DEPÓSITOS DE RECURSOS VINCULADOS - OUTROS - OUTROS,5,
1321001101040040010000000,REMUNERAÇÃO DE DEPÓSITOS DE RECURSOS VINCULADOS - AHM,5,
1321001101040040011100000,REMUNERAÇÃO DE DEPÓSITOS DE RECURSOS VINCULADOS - AHM,5,
1321001101040040011101000,Remuneração de Depósitos de Recursos Vinculados - AHM,5,
1321001101040040011109000,TOTAL DEDUÇÕES REMUNERAÇÃO DE DEPÓSITOS DE RECURSOS VINCULADOS - AHM,5,
1321001101040040011109001,Deduções Remuneração de Depósitos de Recursos Vinculados - AHM,5,
1321001101040040020000000,PMSP-SEME/FUNDO MUNICIPAL DE ESPORTES,5,
1321001101040040021100000,PMSP-SEME/FUNDO MUNICIPAL DE ESPORTES,5,
1321001101040040021101000,PMSP-SEME/Fundo Municipal de Esportes,5,
1321001101040040021109000,TOTAL DEDUÇÕES PMSP-SEME/FUNDO MUNICIPAL DE ESPORTES,5,
1321001101040040021109001,Deduções PMSP-SEME/Fundo Municipal de Esportes,5,
1321001101040040030000000,RECEITA DE REMUNERAÇÃO DE DEPÓSITOS BANCÁRIOS - FEMA,5,
1321001101040040031100000,RECEITA DE REMUNERAÇÃO DE DEPÓSITOS BANCÁRIOS - FEMA,5,
1321001101040040031101000,Receita de Remuneração de Depósitos Bancários - FEMA,5,
1321001101040040031109000,TOTAL DEDUÇÕES RECEITA DE REMUNERAÇÃO DE DEPÓSITOS BANCÁRIOS - FEMA,5,
1321001101040040031109001,Deduções Receita de Remuneração de Depósitos Bancários - FEMA,5,
1321001101040040040000000,CONVÊNIO PMSP X FUNDATEC,5,
1321001101040040041100000,CONVÊNIO PMSP X FUNDATEC,5,
1321001101040040041101000,Convênio PMSP x Fundatec,5,
1321001101040040041109000,TOTAL DEDUÇÕES CONVÊNIO PMSP X FUNDATEC,5,
1321001101040040041109001,Deduções Convênio PMSP x Fundatec,5,
1321001101040040050000000,RECEITA DE REMUNERAÇÃO DE DEPÓSITOS BANCÁRIOS - FUNDURB,5,
1321001101040040051100000,RECEITA DE REMUNERAÇÃO DE DEPÓSITOS BANCÁRIOS - FUNDURB,5,
1321001101040040051101000,Receita de Remuneração de Depósitos Bancários - FUNDURB,5,
1321001101040040051109000,TOTAL DEDUÇÕES RECEITA DE REMUNERAÇÃO DE DEPÓSITOS BANCÁRIOS - FUNDURB,5,
1321001101040040051109001,Deduções Receita de Remuneração de Depósitos Bancários - FUNDURB,5,
1321001101040040060000000,RECEITA DE REMUNERAÇÃO DEPÓSITOS BANCÁRIOS - HONORÁRIOS DE ADVOGADOS,5,
1321001101040040061100000,RECEITA DE REMUNERAÇÃO DEPÓSITOS BANCÁRIOS - HONORÁRIOS DE ADVOGADOS,5,
1321001101040040061101000,Receita de Remuneração Depósitos Bancários - Honorários de Advogados,5,
1321001101040040061109000,TOTAL DEDUÇÕES RECEITA DE REMUNERAÇÃO DEPÓSITOS BANCÁRIOS - HONORÁRIOS DE ADVOGADOS,5,
1321001101040040061109001,Deduções Receita de Remuneração Depósitos Bancários - Honorários de Advogados,5,
1321001101040040070000000,RECEITA DE REMUNERAÇÃO DE OUTROS DEPÓSITOS BANCÁRIOS DE RECURSOS VINCULADOS,5,
1321001101040040071100000,RECEITA DE REMUNERAÇÃO DE OUTROS DEPÓSITOS BANCÁRIOS DE RECURSOS VINCULADOS,5,
1321001101040040071101000,Receita de Remuneração de Outros Depósitos Bancários de Recursos Vinculados,5,
1321001101040040071109000,TOTAL DEDUÇÕES RECEITA DE REMUNERAÇÃO DE OUTROS DEPÓSITOS BANCÁRIOS DE RECURSOS VINCULADOS,5,
1321001101040040071109001,Deduções Receita de Remuneração de Outros Depósitos Bancários de Recursos Vinculados,5,
1321001101040040080000000,PMSP - CONCESSÃO IMOBILIÁRIO URBANO - LEI 15.465/2011,5,
1321001101040040081100000,PMSP - CONCESSÃO IMOBILIÁRIO URBANO - LEI 15.465/2011,5,
1321001101040040081101000,PMSP - Concessão Imobiliário Urbano - LEI 15.465/2011,5,
1321001101040040081109000,TOTAL DEDUÇÕES PMSP - CONCESSÃO IMOBILIÁRIO URBANO - LEI 15.465/2011,5,
1321001101040040081109001,Deduções PMSP - Concessão Imobiliário Urbano - LEI 15.465/2011,5,
1321001101040040090000000,RECEITA DE REMUNERAÇÃO DE DEPÓSITOS BANCÁRIOS - OPERAÇÃO URBANA ÁGUA ESPRAIADA,5,
1321001101040040091100000,RECEITA DE REMUNERAÇÃO DE DEPÓSITOS BANCÁRIOS - OPERAÇÃO URBANA ÁGUA ESPRAIADA,5,
1321001101040040091101000,Receita de Remuneração de Depósitos Bancários - Operação Urbana Água Espraiada,5,
1321001101040040091109000,TOTAL DEDUÇÕES RECEITA DE REMUNERAÇÃO DE DEPÓSITOS BANCÁRIOS - OPERAÇÃO URBANA ÁGUA ESPRAIADA,5,
1321001101040040091109001,Deduções Receita de Remuneração de Depósitos Bancários - Operação Urbana Água Espraiada,5,
1321001101040040100000000,RECEITA DE REMUNERAÇÃO DE DEPÓSITOS BANCÁRIOS - OPERAÇÃO URBANA FARIA LIMA,5,
1321001101040040101100000,RECEITA DE REMUNERAÇÃO DE DEPÓSITOS BANCÁRIOS - OPERAÇÃO URBANA FARIA LIMA,5,
1321001101040040101101000,Receita de Remuneração de Depósitos Bancários - Operação Urbana Faria Lima,5,
1321001101040040101109000,TOTAL DEDUÇÕES RECEITA DE REMUNERAÇÃO DE DEPÓSITOS BANCÁRIOS - OPERAÇÃO URBANA FARIA LIMA,5,
1321001101040040101109001,Deduções Receita de Remuneração de Depósitos Bancários - Operação Urbana Faria Lima,5,
1321001101040040110000000,RENDIMENTOS DECORRENTES DE APLICAÇÃO FINANCEIRA ORIUNDOS DE DEPÓSITOS JUDICIAIS - COHAB,5,
1321001101040040111100000,RENDIMENTOS DECORRENTES DE APLICAÇÃO FINANCEIRA ORIUNDOS DE DEPÓSITOS JUDICIAIS - COHAB,5,
1321001101040040111101000,Rendimentos Decorrentes de Aplicação Financeira Oriundos de Depósitos Judiciais - COHAB,5,
1321001101040040120000000,RECEITA DE REMUNERAÇÃO DE DEPÓSITOS BANCÁRIOS - FMDT,5,
1321001101040040121100000,RECEITA DE REMUNERAÇÃO DE DEPÓSITOS BANCÁRIOS - FMDT,5,
1321001101040040121101000,Receita de Remuneração de Depósitos Bancários - FMDT,5,
1321001101040040130000000,RECEITA DE REMUNERAÇÃO DE DEPÓSITOS BANCÁRIOS - FMSAI,5,
1321001101040040131100000,RECEITA DE REMUNERAÇÃO DE DEPÓSITOS BANCÁRIOS - FMSAI,5,
1321001101040040131101000,Receita de Remuneração de Depósitos Bancários - FMSAI,5,
1321001101040040140000000,REMUNERAÇÃO DE DEPÓSITOS BANCÁRIOS - SMSUB,5,
1321001101040040141100000,REMUNERAÇÃO DE DEPÓSITOS BANCÁRIOS - SMSUB,5,
1321001101040040141101000,Remuneração de Depósitos Bancários - SMSUB,5,
1321001101040040150000000,REMUNERAÇÃO DE DEPÓSITOS BANCÁRIOS - SEHAB,5,
1321001101040040151100000,REMUNERAÇÃO DE DEPÓSITOS BANCÁRIOS - SEHAB,5,
1321001101040040151101000,Remuneração de Depósitos Bancários - SEHAB,5,
1321001101040040160000000,"REMUNERAÇÃO DE DEPÓSITOS BANCÁRIOS - ALIENAÇÃO DOS BENS - COHAB
",5,
1321001101040040161100000,"REMUNERAÇÃO DE DEPÓSITOS BANCÁRIOS - ALIENAÇÃO DOS BENS - COHAB
",5,
1321001101040040161101000,"Remuneração de Depósitos Bancários - Alienação dos bens - COHAB  
",5,
1321001101040040170000000,"REMUNERAÇÃO DE DEPÓSITOS BANCÁRIOS - FUNDATEC
",5,
1321001101040040171100000,"REMUNERAÇÃO DE DEPÓSITOS BANCÁRIOS - FUNDATEC
",5,
1321001101040040171101000,"Receita de Remuneração de Depósitos de Poupança - FUNDATEC
",5,
1321001101040040180000000,RECEITA DE REMUNERAÇÃO DE DEPÓSITOS BANCÁRIOS - OPERAÇÃO URBANA ÁGUA BRANCA,5,
1321001101040040181100000,RECEITA DE REMUNERAÇÃO DE DEPÓSITOS BANCÁRIOS - OPERAÇÃO URBANA ÁGUA BRANCA,5,
1321001101040040181101000,Receita de Remuneração de Depósitos Bancários - Operação Urbana Água Branca,5,
1321001102000000000000000,REMUNERAÇÃO DE DEPÓSITOS DE RECURSOS NÃO VINCULADOS,5,
1321001102010000000000000,PREFEITURA DO MUNICÍPIO DE SÃO PAULO,5,
1321001102010010000000000,RECEITA DE REMUNERAÇÃO DE DEPÓSITOS DE POUPANÇA,5,
1321001102010010001100000,RECEITA DE REMUNERAÇÃO DE DEPÓSITOS DE POUPANÇA,5,
1321001102010010001101000,Receita de Remuneração de Depósitos de Poupança,5,
1321001102010010001109000,TOTAL DEDUÇÕES RECEITA DE REMUNERAÇÃO DE DEPÓSITOS DE POUPANÇA,5,
1321001102010010001109001,Deduções Receita de Remuneração de Depósitos de Poupança,5,
1321001102010020000000000,RENDIMENTOS DECORRENTES DE APLICAÇÃO FINANCEIRA ORIUNDOS DE DEPÓSITOS JUDICIAIS ,5,
1321001102010020001100000,RENDIMENTOS DECORRENTES DE APLICAÇÃO FINANCEIRA ORIUNDOS DE DEPÓSITOS JUDICIAIS ,5,
1321001102010020001101000,Rendimentos Decorrentes de Aplicação Financeira Oriundos de Depósitos Judiciais ,5,
1321001102010020001109000,TOTAL DEDUÇÕES RENDIMENTOS DECORRENTES DE APLICAÇÃO FINANCEIRA ORIUNDOS DE DEPÓSITOS JUDICIAIS ,5,
1321001102010020001109001,Deduções Rendimentos Decorrentes de Aplicação Financeira Oriundos de Depósitos Judiciais ,5,
1321001102010030000000000,RENDIMENTOS DECORRENTES DE MULTAS DE SENTENÇAS JUDICIAIS,5,
1321001102010030001100000,RENDIMENTOS DECORRENTES MULTAS DE SENTENÇAS JUDICIAIS,5,
1321001102010030001101000,Rendimentos decorrentes de Multas de Sentenças Judiciais,5,
1321001102020000000000000,CÂMARA MUNICIPAL DE SÃO PAULO,5,
1321001102030000000000000,CONTROLADORIA GERAL DO MUNICÍPIO DE SÃO PAULO,5,
1321001102040000000000000,ENCARGOS GERAIS DO MUNICÍPIO,5,
1321001102050000000000000,FUNDAÇÃO THEATRO MUNICIPAL DE SÃO PAULO,5,
1321001102060000000000000,FUNDAÇÃO PAULISTANA DE EDUCAÇÃO E TECNOLOGIA,5,
1321001102070000000000000,FUNDO DE DESENVOLVIMENTO URBANO,5,
1321001102080000000000000,FUNDO DE PRESERVAÇÃO DO PATRIMÔNIO HISTÓRICO E CULTURAL,5,
1321001102090000000000000,FUNDO DE PROTEÇÃO DO PATRIMÔNIO CULTURAL E AMBIENTAL PAULISTANO,5,
1321001102100000000000000,FUNDO ESPECIAL DE PROMOÇÃO DE ATIVIDADES CULTURAIS,5,
1321001102110000000000000,FUNDO ESPECIAL DO MEIO AMBIENTE E DESENVOLVIMENTO SUSTENTÁVEL,5,
1321001102120000000000000,FUNDO MUN. DO SIST. DOS CORREDORES SEGREGADOS EXCLUS. P/ TRÁFEGO,5,
1321001102130000000000000,FUNDO MUNICIPAL DE ASSISTÊNCIA SOCIAL,5,
1321001102140000000000000,FUNDO MUNICIPAL DE DESENVOLVIMENTO DE TRÂNSITO,5,
1321001102150000000000000,"FUNDO MUNICIPAL DE ESPORTES, LAZER E RECREAÇÃO",5,
1321001102160000000000000,FUNDO MUNICIPAL DE HABITAÇÃO,5,
1321001102170000000000000,FUNDO MUNICIPAL DE ILUMINAÇÃO PÚBLICA,5,
1321001102180000000000000,FUNDO MUNICIPAL DE PARQUES,5,
1321001102190000000000000,FUNDO MUNICIPAL DE SANEAMENTO AMBIENTAL E INFRAESTRUTURA,5,
1321001102200000000000000,FUNDO MUNICIPAL DE SAÚDE,5,
1321001102210000000000000,FUNDO MUNICIPAL DE TURISMO,5,
1321001102220000000000000,FUNDO MUNICIPAL DOS DIREITOS DA CRIANÇA E DO ADOLESCENTE,5,
1321001102230000000000000,FUNDO MUNICIPAL DE HABITAÇÃO,5,
1321001102240000000000000,SECRETARIA DO GOVERNO MUNICIPAL,5,
1321001102250000000000000,"SECRETARIA MUNICIPAL  DE MODERNIZAÇÃO, GESTÃO E DESBUROCRATIZAÇÃO",5,
1321001102260000000000000,SECRETARIA MUNICIPAL DA PESSOA COM DEFICIÊNCIA,5,
1321001102270000000000000,SECRETARIA MUNICIPAL DA SAÚDE,5,
1321001102280000000000000,SECRETARIA MUNICIPAL DE ABASTECIMENTO,5,
1321001102290000000000000,SECRETARIA MUNICIPAL DE ASSISTÊNCIA E DESENVOLVIMENTO SOCIAL,5,
1321001102300000000000000,SECRETARIA MUNICIPAL DAS SUBPREFEITURAS,5,
1321001102310000000000000,SECRETARIA MUNICIPAL DE CULTURA,5,
1321001102320000000000000,SECRETARIA MUNICIPAL DE URBANISMO E LICENCIAMENTO,5,
1321001102330000000000000,SECRETARIA MUNICIPAL DE DIREITOS HUMANOS E CIDADANIA,5,
1321001102340000000000000,SECRETARIA MUNICIPAL DE EDUCAÇÃO,5,
1321001102350000000000000,SECRETARIA MUNICIPAL DE ESPORTES E LAZER,5,
1321001102360000000000000,SECRETARIA MUNICIPAL DA FAZENDA,5,
1321001102370000000000000,SECRETARIA MUNICIPAL DE GESTÃO,5,
1321001102380000000000000,SECRETARIA MUNICIPAL DE HABITAÇÃO,5,
1321001102390000000000000,SECRETARIA MUNICIPAL DE INFRAESTRUTURA URBANA E OBRAS,5,
1321001102400000000000000,SECRETARIA MUNICIPAL DE DESESTATIZAÇÃO E PARCERIAS,5,
1321001102410000000000000,SECRETARIA MUNICIPAL DE RELAÇÕES INTERNACIONAIS,5,
1321001102420000000000000,SECRETARIA MUNICIPAL DE SEGURANÇA URBANA,5,
1321001102430000000000000,SECRETARIA MUNICIPAL DE INOVAÇÃO E TECNOLOGIA,5,
1321001102440000000000000,SECRETARIA MUNICIPAL DE MOBILIDADE E TRANSPORTES,5,
1321001102450000000000000,SECRETARIA MUNICIPAL DE DESENVOLVIMENTO ECONÔMICO,5,
1321001102460000000000000,SECRETARIA MUNICIPAL DO VERDE E DO MEIO AMBIENTE,5,
1321001102470000000000000,SECRETARIA MUNICIPAL DE JUSTIÇA,5,
1321001102480000000000000,SUBPREFEITURA ARICANDUVA/FORMOSA/CARRÃO,5,
1321001102490000000000000,SUBPREFEITURA BUTANTÃ,5,
1321001102500000000000000,SUBPREFEITURA CAMPO LIMPO,5,
1321001102510000000000000,SUBPREFEITURA CAPELA DO SOCORRO,5,
1321001102520000000000000,SUBPREFEITURA CASA VERDE/CACHOEIRINHA,5,
1321001102530000000000000,SUBPREFEITURA CIDADE ADEMAR,5,
1321001102540000000000000,SUBPREFEITURA CIDADE TIRADENTES,5,
1321001102550000000000000,SUBPREFEITURA DE SAPOPEMBA,5,
1321001102560000000000000,SUBPREFEITURA DO ITAIM PAULISTA,5,
1321001102570000000000000,SUBPREFEITURA ERMELINO MATARAZZO,5,
1321001102580000000000000,SUBPREFEITURA FREGUESIA/BRASILÂNDIA,5,
1321001102590000000000000,SUBPREFEITURA GUAIANASES,5,
1321001102600000000000000,SUBPREFEITURA IPIRANGA,5,
1321001102610000000000000,SUBPREFEITURA ITAQUERA,5,
1321001102620000000000000,SUBPREFEITURA JABAQUARA,5,
1321001102630000000000000,SUBPREFEITURA JAÇANÃ/TREMEMBÉ,5,
1321001102640000000000000,SUBPREFEITURA LAPA,5,
1321001102650000000000000,SUBPREFEITURA M´BOI MIRIM,5,
1321001102660000000000000,SUBPREFEITURA MOÓCA,5,
1321001102670000000000000,SUBPREFEITURA PARELHEIROS,5,
1321001102680000000000000,SUBPREFEITURA PENHA,5,
1321001102690000000000000,SUBPREFEITURA PERUS,5,
1321001102700000000000000,SUBPREFEITURA PINHEIROS,5,
1321001102710000000000000,SUBPREFEITURA PIRITUBA/JARAGUÁ,5,
1321001102720000000000000,SUBPREFEITURA SANTANA/TUCURUVI,5,
1321001102730000000000000,SUBPREFEITURA SANTO AMARO,5,
1321001102740000000000000,SUBPREFEITURA SÃO MATEUS,5,
1321001102750000000000000,SUBPREFEITURA SÃO MIGUEL,5,
1321001102760000000000000,SUBPREFEITURA SÉ,5,
1321001102770000000000000,SUBPREFEITURA VILA MARIA/VILA GUILHERME,5,
1321001102780000000000000,SUBPREFEITURA VILA MARIANA,5,
1321001102790000000000000,SUBPREFEITURA VILA PRUDENTE,5,
1321001102800000000000000,TRIBUNAL DE CONTAS DO MUNICÍPIO DE SÃO PAULO,5,
1321001102810000000000000,HOSPITAL DO SERVIDOR PÚBLICO MUNICIPAL,5,
1321001102820000000000000,INSTITUTO DE PREVIDÊNCIA MUNICIPAL DE SÃO PAULO,5,
1321001102830000000000000,SERVIÇO FUNERÁRIO DO MUNICÍPIO DE SÃO PAULO,5,
1321001102840000000000000,AUTARQUIA HOSPITALAR MUNICIPAL,5,
1321001102850000000000000,FUNDO ESPECIAL DE DESPESAS DA CMSP,5,
1321001102860000000000000,FUNDO ESPECIAL DE DESPESAS DO TCMSP,5,
1321001102870000000000000,COMPANHIA METROPOLITANA DE HABITAÇÃO DE SÃO PAULO,5,
1321001102870010000000000,RENDIMENTOS DECORRENTES DE APLICAÇÃO FINANCEIRA ORIUNDOS DE DEPÓSITOS JUDICIAIS – COHAB,5,
1321001102870010001100000,RENDIMENTOS DECORRENTES DE APLICAÇÃO FINANCEIRA ORIUNDOS DE DEPÓSITOS JUDICIAIS – COHAB,5,
1321001102870010001101000,Rendimentos Decorrentes de Aplicação Financeira Oriundos de Depósitos Judiciais – COHAB,5,
1321001102880000000000000,FUNDO MUNICIPAL DO IDOSO,5,
1321002000000000000000000,REMUNERAÇÃO DE DEPÓSITOS ESPECIAIS,5,
1321002100000000000000000,REMUNERAÇÃO DE DEPÓSITOS ESPECIAIS - PRINCIPAL,5,
1321002101000000000000000,REMUNERAÇÃO DE DEPÓSITOS ESPECIAIS - PRECATÓRIOS,5,
1321002101000000001100000,REMUNERAÇÃO DE DEPÓSITOS ESPECIAIS - PRECATÓRIOS,5,
1321002101000000001101000,Remuneração de Depósitos Especiais - Precatórios,5,
1321003000000000000000000,REMUNERAÇÃO DE SALDOS DE RECURSOS NÃO-DESEMBOLSADOS,5,
1321004000000000000000000,REMUNERAÇÃO DOS RECURSOS DO REGIME PRÓPRIO DE PREVIDÊNCIA SOCIAL - RPPS,5,
1321004100000000000000000,REMUNERAÇÃO DOS RECURSOS DO REGIME PRÓPRIO DE PREVIDÊNCIA SOCIAL - RPPS - PRINCIPAL,5,
1321004101000000000000000,REMUNERAÇÃO DOS INVESTIMENTOS EM RENDA FIXA,5,
1321004101000000001100000,REMUNERAÇÃO DOS INVESTIMENTOS EM RENDA FIXA,5,
1321004101000000001101000,Remuneração dos Investimentos em Renda Fixa,5,
1321004101000000001109000,TOTAL DEDUÇÕES REMUNERAÇÃO DOS INVESTIMENTOS EM RENDA FIXA,5,
1321004101000000001109001,Deduções Remuneração dos Investimentos em Renda Fixa,5,
1321005000000000000000000,JUROS DE TÍTULOS DE RENDA,5,
1321005100000000000000000,JUROS DE TÍTULOS DE RENDA - PRINCIPAL,5,
1321005101000000000000000,FUNDOS DE INVESTIMENTOS E APLICAÇÕES EM COTAS - RENDA FIXA,5,
1321005101010000000000000,TESOURO MUNICIPAL,5,
1321005101010010000000000,PREFEITURA DO MUNICÍPIO DE SÃO PAULO,5,
1321005101010010010000000,PREFEITURA DO MUNICÍPIO DE SÃO PAULO,5,
1321005101010010011100000,PREFEITURA DO MUNICÍPIO DE SÃO PAULO,5,
1321005101010010011101000,Prefeitura do Município de São Paulo,5,
1321005101010010011109000,TOTAL DEDUÇÕES PREFEITURA DO MUNICÍPIO DE SÃO PAULO,5,
1321005101010010011109001,Deduções Prefeitura do Município de São Paulo,5,
1321005101010010020000000,CEF - VALOR BLOQUEADO,5,
1321005101010010021100000,CEF - VALOR BLOQUEADO,5,
1321005101010010021101000,CEF - Valor Bloqueado,5,
1321005101010010021109000,TOTAL DEDUÇÕES CEF - VALOR BLOQUEADO,5,
1321005101010010021109001,Deduções CEF - Valor Bloqueado,5,
1321005101010020000000000,CÂMARA MUNICIPAL DE SÃO PAULO,5,
1321005101010030000000000,CONTROLADORIA GERAL DO MUNICÍPIO DE SÃO PAULO,5,
1321005101010040000000000,ENCARGOS GERAIS DO MUNICÍPIO,5,
1321005101010050000000000,FUNDAÇÃO THEATRO MUNICIPAL DE SÃO PAULO,5,
1321005101010060000000000,FUNDAÇÃO PAULISTANA DE EDUCAÇÃO E TECNOLOGIA,5,
1321005101010070000000000,FUNDO DE DESENVOLVIMENTO URBANO,5,
1321005101010080000000000,FUNDO DE PRESERVAÇÃO DO PATRIMÔNIO HISTÓRICO E CULTURAL,5,
1321005101010090000000000,FUNDO DE PROTEÇÃO DO PATRIMÔNIO CULTURAL E AMBIENTAL PAULISTANO,5,
1321005101010100000000000,FUNDO ESPECIAL DE PROMOÇÃO DE ATIVIDADES CULTURAIS,5,
1321005101010110000000000,FUNDO ESPECIAL DO MEIO AMBIENTE E DESENVOLVIMENTO SUSTENTÁVEL,5,
1321005101010120000000000,FUNDO MUN. DO SIST. DOS CORREDORES SEGREGADOS EXCLUS. P/ TRÁFEGO,5,
1321005101010130000000000,FUNDO MUNICIPAL DE ASSISTÊNCIA SOCIAL,5,
1321005101010140000000000,FUNDO MUNICIPAL DE DESENVOLVIMENTO DE TRÂNSITO,5,
1321005101010150000000000,"FUNDO MUNICIPAL DE ESPORTES, LAZER E RECREAÇÃO",5,
1321005101010160000000000,FUNDO MUNICIPAL DE HABITAÇÃO,5,
1321005101010170000000000,FUNDO MUNICIPAL DE ILUMINAÇÃO PÚBLICA,5,
1321005101010180000000000,FUNDO MUNICIPAL DE PARQUES,5,
1321005101010190000000000,FUNDO MUNICIPAL DE SANEAMENTO AMBIENTAL E INFRAESTRUTURA,5,
1321005101010200000000000,FUNDO MUNICIPAL DE SAÚDE,5,
1321005101010210000000000,FUNDO MUNICIPAL DE TURISMO,5,
1321005101010220000000000,FUNDO MUNICIPAL DOS DIREITOS DA CRIANÇA E DO ADOLESCENTE,5,
1321005101010230000000000,FUNDO MUNICIPAL DE HABITAÇÃO,5,
1321005101010240000000000,SECRETARIA DO GOVERNO MUNICIPAL,5,
1321005101010250000000000,"SECRETARIA MUNICIPAL  DE MODERNIZAÇÃO, GESTÃO E DESBUROCRATIZAÇÃO",5,
1321005101010260000000000,SECRETARIA MUNICIPAL DA PESSOA COM DEFICIÊNCIA,5,
1321005101010270000000000,SECRETARIA MUNICIPAL DA SAÚDE,5,
1321005101010280000000000,SECRETARIA MUNICIPAL DE ABASTECIMENTO,5,
1321005101010290000000000,SECRETARIA MUNICIPAL DE ASSISTÊNCIA E DESENVOLVIMENTO SOCIAL,5,
1321005101010300000000000,SECRETARIA MUNICIPAL DAS SUBPREFEITURAS,5,
1321005101010310000000000,SECRETARIA MUNICIPAL DE CULTURA,5,
1321005101010320000000000,SECRETARIA MUNICIPAL DE URBANISMO E LICENCIAMENTO,5,
1321005101010330000000000,SECRETARIA MUNICIPAL DE DIREITOS HUMANOS E CIDADANIA,5,
1321005101010340000000000,SECRETARIA MUNICIPAL DE EDUCAÇÃO,5,
1321005101010340010000000,SME- PTRF- Cartão Controle de Despesas ,5,
1321005101010340011100000,SME- PTRF- Cartão Controle de Despesas ,5,
1321005101010340011101000,SME- PTRF- Cartão Controle de Despesas ,5,
1321005101010350000000000,SECRETARIA MUNICIPAL DE ESPORTES E LAZER,5,
1321005101010360000000000,SECRETARIA MUNICIPAL DA FAZENDA,5,
1321005101010360010000000,SF- CARTÃO CONTROLE DE DESPESAS - CCD,5,
1321005101010360011100000,SF- CARTÃO CONTROLE DE DESPESAS - CCD,5,
1321005101010360011101000,SF - Cartão Controle de Despesas- CCD,5,
1321005101010370000000000,SECRETARIA MUNICIPAL DE GESTÃO,5,
1321005101010380000000000,SECRETARIA MUNICIPAL DE HABITAÇÃO,5,
1321005101010390000000000,SECRETARIA MUNICIPAL DE INFRAESTRUTURA URBANA E OBRAS,5,
1321005101010400000000000,SECRETARIA MUNICIPAL DE DESESTATIZAÇÃO E PARCERIAS,5,
1321005101010410000000000,SECRETARIA MUNICIPAL DE RELAÇÕES INTERNACIONAIS,5,
1321005101010420000000000,SECRETARIA MUNICIPAL DE SEGURANÇA URBANA,5,
1321005101010430000000000,SECRETARIA MUNICIPAL DE INOVAÇÃO E TECNOLOGIA,5,
1321005101010450000000000,SECRETARIA MUNICIPAL DE DESENVOLVIMENTO ECONÔMICO,5,
1321005101010460000000000,SECRETARIA MUNICIPAL DO VERDE E DO MEIO AMBIENTE,5,
1321005101010470000000000,SECRETARIA MUNICIPAL DE JUSTIÇA,5,
1321005101010470010000000,RENDIMENTOS DE TRANSFERÊNCIAS E DOAÇÕES - FMDC,5,
1321005101010470011100000,RENDIMENTOS DE TRANSFERÊNCIAS E DOAÇÕES - FMDC,5,
1321005101010470011101000,Rendimentos de Transferências e Doações - FMDC,5,
1321005101010470011109000,TOTAL DEDUÇÕES RENDIMENTOS DE TRANSFERÊNCIAS E DOAÇÕES - FMDC,5,
1321005101010470011109001,Deduções Rendimentos de Transferências e Doações - FMDC,5,
1321005101010480000000000,SUBPREFEITURA ARICANDUVA/FORMOSA/CARRÃO,5,
1321005101010490000000000,SUBPREFEITURA BUTANTÃ,5,
1321005101010500000000000,SUBPREFEITURA CAMPO LIMPO,5,
1321005101010510000000000,SUBPREFEITURA CAPELA DO SOCORRO,5,
1321005101010520000000000,SUBPREFEITURA CASA VERDE/CACHOEIRINHA,5,
1321005101010530000000000,SUBPREFEITURA CIDADE ADEMAR,5,
1321005101010540000000000,SUBPREFEITURA CIDADE TIRADENTES,5,
1321005101010550000000000,SUBPREFEITURA DE SAPOPEMBA,5,
1321005101010560000000000,SUBPREFEITURA DO ITAIM PAULISTA,5,
1321005101010570000000000,SUBPREFEITURA ERMELINO MATARAZZO,5,
1321005101010580000000000,SUBPREFEITURA FREGUESIA/BRASILÂNDIA,5,
1321005101010590000000000,SUBPREFEITURA GUAIANASES,5,
1321005101010600000000000,SUBPREFEITURA IPIRANGA,5,
1321005101010610000000000,SUBPREFEITURA ITAQUERA,5,
1321005101010620000000000,SUBPREFEITURA JABAQUARA,5,
1321005101010630000000000,SUBPREFEITURA JAÇANÃ/TREMEMBÉ,5,
1321005101010640000000000,SUBPREFEITURA LAPA,5,
1321005101010650000000000,SUBPREFEITURA M´BOI MIRIM,5,
1321005101010660000000000,SUBPREFEITURA MOÓCA,5,
1321005101010670000000000,SUBPREFEITURA PARELHEIROS,5,
1321005101010680000000000,SUBPREFEITURA PENHA,5,
1321005101010690000000000,SUBPREFEITURA PERUS,5,
1321005101010700000000000,SUBPREFEITURA PINHEIROS,5,
1321005101010700010000000,Convênio SUB-PI X Estado,5,
1321005101010700011100000,Convênio SUB-PI X Estado,5,
1321005101010700011101000,Convênio SUB-PI X Estado,5,
1321005101010700011109000,Total Deduções Convênio SUB-PI X Estado,5,
1321005101010700011109001,Deduções Convênio SUB-PI X Estado,5,
1321005101010710000000000,SUBPREFEITURA PIRITUBA/JARAGUÁ,5,
1321005101010720000000000,SUBPREFEITURA SANTANA/TUCURUVI,5,
1321005101010730000000000,SUBPREFEITURA SANTO AMARO,5,
1321005101010740000000000,SUBPREFEITURA SÃO MATEUS,5,
1321005101010750000000000,SUBPREFEITURA SÃO MIGUEL,5,
1321005101010760000000000,SUBPREFEITURA SÉ,5,
1321005101010770000000000,SUBPREFEITURA VILA MARIA/VILA GUILHERME,5,
1321005101010780000000000,SUBPREFEITURA VILA MARIANA,5,
1321005101010790000000000,SUBPREFEITURA VILA PRUDENTE,5,
1321005101010800000000000,TRIBUNAL DE CONTAS DO MUNICÍPIO DE SÃO PAULO,5,
1321005101010810000000000,HOSPITAL DO SERVIDOR PÚBLICO MUNICIPAL,5,
1321005101010820000000000,INSTITUTO DE PREVIDÊNCIA MUNICIPAL DE SÃO PAULO,5,
1321005101010830000000000,SERVIÇO FUNERÁRIO DO MUNICÍPIO DE SÃO PAULO,5,
1321005101010840000000000,AUTARQUIA HOSPITALAR MUNICIPAL,5,
1321005101010850000000000,FUNDO ESPECIAL DE DESPESAS DA CMSP,5,
1321005101010860000000000,FUNDO ESPECIAL DE DESPESAS DO TCMSP,5,
1321005101010870000000000,COMPANHIA METROPOLITANA DE HABITAÇÃO DE SÃO PAULO,5,
1321005101010880000000000,FUNDO MUNICIPAL DO IDOSO,5,
1321005101010890000000000,SECRETARIA MUNICIPAL DE MOBILIDADE E TRANSPORTES,5,
1321005101020000000000000,OPERAÇÕES DE CRÉDITO,5,
1321005101020010000000000,PREFEITURA MUNICIPAL DE SÃO PAULO,5,
1321005101020010010000000,CONTRATO 4641/OC-BR - BID,5,
1321005101020010011100000,CONTRATO 4641/OC-BR - BID,5,
1321005101020010011101000,Contrato 4641/OC-BR - BID,5,
1321005101020020000000000,CÂMARA MUNICIPAL DE SÃO PAULO,5,
1321005101020030000000000,CONTROLADORIA GERAL DO MUNICÍPIO DE SÃO PAULO,5,
1321005101020040000000000,ENCARGOS GERAIS DO MUNICÍPIO,5,
1321005101020050000000000,FUNDAÇÃO THEATRO MUNICIPAL DE SÃO PAULO,5,
1321005101020060000000000,FUNDAÇÃO PAULISTANA DE EDUCAÇÃO E TECNOLOGIA,5,
1321005101020070000000000,FUNDO DE DESENVOLVIMENTO URBANO,5,
1321005101020080000000000,FUNDO DE PRESERVAÇÃO DO PATRIMÔNIO HISTÓRICO E CULTURAL,5,
1321005101020090000000000,FUNDO DE PROTEÇÃO DO PATRIMÔNIO CULTURAL E AMBIENTAL PAULISTANO,5,
1321005101020100000000000,FUNDO ESPECIAL DE PROMOÇÃO DE ATIVIDADES CULTURAIS,5,
1321005101020110000000000,FUNDO ESPECIAL DO MEIO AMBIENTE E DESENVOLVIMENTO SUSTENTÁVEL,5,
1321005101020120000000000,FUNDO MUN. DO SIST. DOS CORREDORES SEGREGADOS EXCLUS. P/ TRÁFEGO,5,
1321005101020130000000000,FUNDO MUNICIPAL DE ASSISTÊNCIA SOCIAL,5,
1321005101020140000000000,FUNDO MUNICIPAL DE DESENVOLVIMENTO DE TRÂNSITO,5,
1321005101020150000000000,"FUNDO MUNICIPAL DE ESPORTES, LAZER E RECREAÇÃO",5,
1321005101020160000000000,FUNDO MUNICIPAL DE HABITAÇÃO,5,
1321005101020170000000000,FUNDO MUNICIPAL DE ILUMINAÇÃO PÚBLICA,5,
1321005101020180000000000,FUNDO MUNICIPAL DE PARQUES,5,
1321005101020190000000000,FUNDO MUNICIPAL DE SANEAMENTO AMBIENTAL E INFRAESTRUTURA,5,
1321005101020200000000000,FUNDO MUNICIPAL DE SAÚDE,5,
1321005101020210000000000,FUNDO MUNICIPAL DE TURISMO,5,
1321005101020220000000000,FUNDO MUNICIPAL DOS DIREITOS DA CRIANÇA E DO ADOLESCENTE,5,
1321005101020230000000000,FUNDO MUNICIPAL DE HABITAÇÃO,5,
1321005101020240000000000,SECRETARIA DO GOVERNO MUNICIPAL,5,
1321005101020250000000000,"SECRETARIA MUNICIPAL  DE MODERNIZAÇÃO, GESTÃO E DESBUROCRATIZAÇÃO",5,
1321005101020260000000000,SECRETARIA MUNICIPAL DA PESSOA COM DEFICIÊNCIA,5,
1321005101020270000000000,SECRETARIA MUNICIPAL DA SAÚDE,5,
1321005101020280000000000,SECRETARIA MUNICIPAL DE ABASTECIMENTO,5,
1321005101020290000000000,SECRETARIA MUNICIPAL DE ASSISTÊNCIA E DESENVOLVIMENTO SOCIAL,5,
1321005101020300000000000,SECRETARIA MUNICIPAL DAS SUBPREFEITURAS,5,
1321005101020300010000000,RENDIMENTOS DECORRENTES DE APLICAÇÃO FINANCEIRA - SMSUB,5,
1321005101020300011100000,RENDIMENTOS DECORRENTES DE APLICAÇÃO FINANCEIRA - SMSUB,5,
1321005101020300011101000,Rendimentos Decorrentes de Aplicação Financeira - SMSUB,5,
1321005101020310000000000,SECRETARIA MUNICIPAL DE CULTURA,5,
1321005101020320000000000,SECRETARIA MUNICIPAL DE URBANISMO E LICENCIAMENTO,5,
1321005101020330000000000,SECRETARIA MUNICIPAL DE DIREITOS HUMANOS E CIDADANIA,5,
1321005101020340000000000,SECRETARIA MUNICIPAL DE EDUCAÇÃO,5,
1321005101020350000000000,SECRETARIA MUNICIPAL DE ESPORTES E LAZER,5,
1321005101020360000000000,SECRETARIA MUNICIPAL DA FAZENDA,5,
1321005101020360010000000,PNAFM,5,
1321005101020360011100000,PNAFM,5,
1321005101020360011101000,PNAFM,5,
1321005101020360011109000,TOTAL DEDUÇÕES PNAFM,5,
1321005101020360011109001,Deduções PNAFM,5,
1321005101020360020000000,PNAFM – SEGUNDA FASE,5,
1321005101020360021100000,PNAFM – SEGUNDA FASE,5,
1321005101020360021101000,PNAFM – Segunda Fase,5,
1321005101020370000000000,SECRETARIA MUNICIPAL DE GESTÃO,5,
1321005101020380000000000,SECRETARIA MUNICIPAL DE HABITAÇÃO,5,
1321005101020380010000000,RENDIMENTOS DECORRENTES DE APLICAÇÃO FINANCEIRA - SEHAB,5,
1321005101020380011100000,RENDIMENTOS DECORRENTES DE APLICAÇÃO FINANCEIRA - SEHAB,5,
1321005101020380011101000,Rendimentos Decorrentes de Aplicação Financeira - SEHAB,5,
1321005101020390000000000,SECRETARIA MUNICIPAL DE INFRAESTRUTURA URBANA E OBRAS,5,
1321005101020390010000000,SIURB X CEF,5,
1321005101020390011100000,SIURB X CEF,5,
1321005101020390011101000,SIURB X CEF,5,
1321005101020400000000000,SECRETARIA MUNICIPAL DE DESESTATIZAÇÃO E PARCERIAS,5,
1321005101020410000000000,SECRETARIA MUNICIPAL DE RELAÇÕES INTERNACIONAIS,5,
1321005101020420000000000,SECRETARIA MUNICIPAL DE SEGURANÇA URBANA,5,
1321005101020430000000000,SECRETARIA MUNICIPAL DE INOVAÇÃO E TECNOLOGIA,5,
1321005101020440000000000,SECRETARIA MUNICIPAL DE MOBILIDADE E TRANSPORTES,5,
1321005101020450000000000,SECRETARIA MUNICIPAL DE DESENVOLVIMENTO ECONÔMICO,5,
1321005101020460000000000,SECRETARIA MUNICIPAL DO VERDE E DO MEIO AMBIENTE,5,
1321005101020470000000000,SECRETARIA MUNICIPAL DE JUSTIÇA,5,
1321005101020480000000000,SUBPREFEITURA ARICANDUVA/FORMOSA/CARRÃO,5,
1321005101020490000000000,SUBPREFEITURA BUTANTÃ,5,
1321005101020500000000000,SUBPREFEITURA CAMPO LIMPO,5,
1321005101020510000000000,SUBPREFEITURA CAPELA DO SOCORRO,5,
1321005101020520000000000,SUBPREFEITURA CASA VERDE/CACHOEIRINHA,5,
1321005101020530000000000,SUBPREFEITURA CIDADE ADEMAR,5,
1321005101020540000000000,SUBPREFEITURA CIDADE TIRADENTES,5,
1321005101020550000000000,SUBPREFEITURA DE SAPOPEMBA,5,
1321005101020560000000000,SUBPREFEITURA DO ITAIM PAULISTA,5,
1321005101020570000000000,SUBPREFEITURA ERMELINO MATARAZZO,5,
1321005101020580000000000,SUBPREFEITURA FREGUESIA/BRASILÂNDIA,5,
1321005101020590000000000,SUBPREFEITURA GUAIANASES,5,
1321005101020600000000000,SUBPREFEITURA IPIRANGA,5,
1321005101020610000000000,SUBPREFEITURA ITAQUERA,5,
1321005101020620000000000,SUBPREFEITURA JABAQUARA,5,
1321005101020630000000000,SUBPREFEITURA JAÇANÃ/TREMEMBÉ,5,
1321005101020640000000000,SUBPREFEITURA LAPA,5,
1321005101020650000000000,SUBPREFEITURA M´BOI MIRIM,5,
1321005101020660000000000,SUBPREFEITURA MOÓCA,5,
1321005101020670000000000,SUBPREFEITURA PARELHEIROS,5,
1321005101020680000000000,SUBPREFEITURA PENHA,5,
1321005101020690000000000,SUBPREFEITURA PERUS,5,
1321005101020700000000000,SUBPREFEITURA PINHEIROS,5,
1321005101020710000000000,SUBPREFEITURA PIRITUBA/JARAGUÁ,5,
1321005101020720000000000,SUBPREFEITURA SANTANA/TUCURUVI,5,
1321005101020730000000000,SUBPREFEITURA SANTO AMARO,5,
1321005101020740000000000,SUBPREFEITURA SÃO MATEUS,5,
1321005101020750000000000,SUBPREFEITURA SÃO MIGUEL,5,
1321005101020760000000000,SUBPREFEITURA SÉ,5,
1321005101020770000000000,SUBPREFEITURA VILA MARIA/VILA GUILHERME,5,
1321005101020780000000000,SUBPREFEITURA VILA MARIANA,5,
1321005101020790000000000,SUBPREFEITURA VILA PRUDENTE,5,
1321005101020800000000000,TRIBUNAL DE CONTAS DO MUNICÍPIO DE SÃO PAULO,5,
1321005101020810000000000,HOSPITAL DO SERVIDOR PÚBLICO MUNICIPAL,5,
1321005101020820000000000,INSTITUTO DE PREVIDÊNCIA MUNICIPAL DE SÃO PAULO,5,
1321005101020830000000000,SERVIÇO FUNERÁRIO DO MUNICÍPIO DE SÃO PAULO,5,
1321005101020840000000000,AUTARQUIA HOSPITALAR MUNICIPAL,5,
1321005101020850000000000,FUNDO ESPECIAL DE DESPESAS DA CMSP,5,
1321005101020860000000000,FUNDO ESPECIAL DE DESPESAS DO TCMSP,5,
1321005101020870000000000,COMPANHIA METROPOLITANA DE HABITAÇÃO DE SÃO PAULO,5,
1321005101020880000000000,FUNDO MUNICIPAL DO IDOSO,5,
1321005101030000000000000,TRANSFERÊNCIAS FEDERAIS,5,
1321005101030010000000000,PREFEITURA MUNICIPAL DE SÃO PAULO,5,
1321005101030020000000000,CÂMARA MUNICIPAL DE SÃO PAULO,5,
1321005101030030000000000,CONTROLADORIA GERAL DO MUNICÍPIO DE SÃO PAULO,5,
1321005101030040000000000,ENCARGOS GERAIS DO MUNICÍPIO,5,
1321005101030050000000000,FUNDAÇÃO THEATRO MUNICIPAL DE SÃO PAULO,5,
1321005101030060000000000,FUNDAÇÃO PAULISTANA DE EDUCAÇÃO E TECNOLOGIA,5,
1321005101030060010000000,FUNDATEC X UNIÃO,5,
1321005101030060011100000,FUNDATEC X UNIÃO,5,
1321005101030060011101000,FUNDATEC X União,5,
1321005101030060011109000,TOTAL DEDUÇÕES FUNDATEC X UNIÃO,5,
1321005101030060011109001,Deduções FUNDATEC X União,5,
1321005101030070000000000,FUNDO DE DESENVOLVIMENTO URBANO,5,
1321005101030080000000000,FUNDO DE PRESERVAÇÃO DO PATRIMÔNIO HISTÓRICO E CULTURAL,5,
1321005101030090000000000,FUNDO DE PROTEÇÃO DO PATRIMÔNIO CULTURAL E AMBIENTAL PAULISTANO,5,
1321005101030100000000000,FUNDO ESPECIAL DE PROMOÇÃO DE ATIVIDADES CULTURAIS,5,
1321005101030110000000000,FUNDO ESPECIAL DO MEIO AMBIENTE E DESENVOLVIMENTO SUSTENTÁVEL,5,
1321005101030120000000000,FUNDO MUN. DO SIST. DOS CORREDORES SEGREGADOS EXCLUS. P/ TRÁFEGO,5,
1321005101030130000000000,FUNDO MUNICIPAL DE ASSISTÊNCIA SOCIAL,5,
1321005101030130010000000,PMSP/SMADS/FMAS ,5,
1321005101030130011100000,PMSP/SMADS/FMAS ,5,
1321005101030130011101000,PMSP/SMADS/FMAS ,5,
1321005101030130011109000,TOTAL DEDUÇÕES PMSP/SMADS/FMAS ,5,
1321005101030130011109001,Deduções PMSP/SMADS/FMAS ,5,
1321005101030130020000000,FMAS - FUNDO MUNICIPAL DE ASSISTÊNCIA SOCIAL,5,
1321005101030130021100000,FMAS - FUNDO MUNICIPAL DE ASSISTÊNCIA SOCIAL,5,
1321005101030130021101000,FMAS - Fundo Municipal de Assistência Social,5,
1321005101030130021109000,TOTAL DEDUÇÕES FMAS - FUNDO MUNICIPAL DE ASSISTÊNCIA SOCIAL,5,
1321005101030130021109001,Deduções FMAS - Fundo Municipal de Assistência Social,5,
1321005101030130030000000,PMSP/SMADS/FMAS - PAC II POP RUA,5,
1321005101030130031100000,PMSP/SMADS/FMAS - PAC II POP RUA,5,
1321005101030130031101000,PMSP/SMADS/FMAS - PAC II POP RUA,5,
1321005101030130031109000,TOTAL DEDUÇÕES PMSP/SMADS/FMAS - PAC II POP RUA,5,
1321005101030130031109001,Deduções PMSP/SMADS/FMAS - PAC II POP RUA,5,
1321005101030130040000000,FMAS - PROTEÇÃO SOCIAL BÁSICA/COFINANCIAMENTO DO FNAS,5,
1321005101030130041100000,FMAS - PROTEÇÃO SOCIAL BÁSICA/COFINANCIAMENTO DO FNAS,5,
1321005101030130041101000,FMAS - Proteção Social Básica/Cofinanciamento do FNAS,5,
1321005101030130041109000,TOTAL DEDUÇÕES FMAS - PROTEÇÃO SOCIAL BÁSICA/COFINANCIAMENTO DO FNAS,5,
1321005101030130041109001,Deduções FMAS - Proteção Social Básica/Cofinanciamento do FNAS,5,
1321005101030130050000000,FMAS - PROTEÇÃO SOCIAL ESPECIAL/COFINANCIAMENTO DO FNAS,5,
1321005101030130051100000,FMAS - PROTEÇÃO SOCIAL ESPECIAL/COFINANCIAMENTO DO FNAS,5,
1321005101030130051101000,FMAS - Proteção Social Especial/Cofinanciamento do FNAS,5,
1321005101030130051109000,TOTAL DEDUÇÕES FMAS - PROTEÇÃO SOCIAL ESPECIAL/COFINANCIAMENTO DO FNAS,5,
1321005101030130051109001,Deduções FMAS - Proteção Social Especial/Cofinanciamento do FNAS,5,
1321005101030130060000000,APOIO À GESTÃO DESCENTRALIZADA/FNAS,5,
1321005101030130061100000,APOIO À GESTÃO DESCENTRALIZADA/FNAS,5,
1321005101030130061101000,Apoio à Gestão Descentralizada/FNAS,5,
1321005101030130061109000,TOTAL DEDUÇÕES APOIO À GESTÃO DESCENTRALIZADA/FNAS,5,
1321005101030130061109001,Deduções Apoio à Gestão Descentralizada/FNAS,5,
1321005101030140000000000,FUNDO MUNICIPAL DE DESENVOLVIMENTO DE TRÂNSITO,5,
1321005101030150000000000,"FUNDO MUNICIPAL DE ESPORTES, LAZER E RECREAÇÃO",5,
1321005101030160000000000,FUNDO MUNICIPAL DE HABITAÇÃO,5,
1321005101030170000000000,FUNDO MUNICIPAL DE ILUMINAÇÃO PÚBLICA,5,
1321005101030180000000000,FUNDO MUNICIPAL DE PARQUES,5,
1321005101030190000000000,FUNDO MUNICIPAL DE SANEAMENTO AMBIENTAL E INFRAESTRUTURA,5,
1321005101030200000000000,FUNDO MUNICIPAL DE SAÚDE,5,
1321005101030200010000000,INCENTIVO P/ A ATENÇÃO À SAÚDE NO SISTEMA PENITENCIÁRIO - SUS/FNS,5,
1321005101030200011100000,INCENTIVO P/ A ATENÇÃO À SAÚDE NO SISTEMA PENITENCIÁRIO - SUS/FNS,5,
1321005101030200011101000,Incentivo p/ a Atenção à Saúde no Sistema Penitenciário - SUS/FNS,5,
1321005101030200011109000,TOTAL DEDUÇÕES INCENTIVO P/ A ATENÇÃO À SAÚDE NO SISTEMA PENITENCIÁRIO - SUS/FNS,5,
1321005101030200011109001,Deduções Incentivo p/ a Atenção à Saúde no Sistema Penitenciário - SUS/FNS,5,
1321005101030200020000000,PROJETOS MUNICIPAIS DE EXPANSÃO DA SAÚDE DA FAMÍLIA - PROESF - FNS/FMS,5,
1321005101030200021100000,PROJETOS MUNICIPAIS DE EXPANSÃO DA SAÚDE DA FAMÍLIA - PROESF - FNS/FMS,5,
1321005101030200021101000,Projetos Municipais de Expansão da Saúde da Família - Proesf - FNS/FMS,5,
1321005101030200021109000,TOTAL DEDUÇÕES PROJETOS MUNICIPAIS DE EXPANSÃO DA SAÚDE DA FAMÍLIA - PROESF - FNS/FMS,5,
1321005101030200021109001,Deduções Projetos Municipais de Expansão da Saúde da Família - Proesf - FNS/FMS,5,
1321005101030200030000000,SMS - FMS/FNS,5,
1321005101030200031100000,SMS - FMS/FNS,5,
1321005101030200031101000,SMS - FMS/FNS,5,
1321005101030200031109000,TOTAL DEDUÇÕES SMS - FMS/FNS,5,
1321005101030200031109001,Deduções SMS - FMS/FNS,5,
1321005101030200040000000,MÉDIA E ALTA COMPLEXIDADE VIGILÂNCIA SANITÁRIA - MAC - FNS/FMS,5,
1321005101030200041100000,MÉDIA E ALTA COMPLEXIDADE VIGILÂNCIA SANITÁRIA - MAC - FNS/FMS,5,
1321005101030200041101000,Média e Alta Complexidade Vigilância Sanitária - MAC - FNS/FMS,5,
1321005101030200041109000,TOTAL DEDUÇÕES MÉDIA E ALTA COMPLEXIDADE VIGILÂNCIA SANITÁRIA - MAC - FNS/FMS,5,
1321005101030200041109001,Deduções Média e Alta Complexidade Vigilância Sanitária - MAC - FNS/FMS,5,
1321005101030200050000000,PROGRAMA CENTROS DE ESPECIALIDADES ODONTOLÓGICAS - FNS/SMS,5,
1321005101030200051100000,PROGRAMA CENTROS DE ESPECIALIDADES ODONTOLÓGICAS - FNS/SMS,5,
1321005101030200051101000,Programa Centros de Especialidades Odontológicas - FNS/SMS,5,
1321005101030200051109000,TOTAL DEDUÇÕES PROGRAMA CENTROS DE ESPECIALIDADES ODONTOLÓGICAS - FNS/SMS,5,
1321005101030200051109001,Deduções Programa Centros de Especialidades Odontológicas - FNS/SMS,5,
1321005101030200060000000,VIGISUS - FORTALECIMENTO DA GESTÃO EM VIGILÂNCIA - MS-FNS - SMS/FMS,5,
1321005101030200061100000,VIGISUS - FORTALECIMENTO DA GESTÃO EM VIGILÂNCIA - MS-FNS - SMS/FMS,5,
1321005101030200061101000,VIGISUS - Fortalecimento da Gestão em Vigilância - MS-FNS - SMS/FMS,5,
1321005101030200061109000,TOTAL DEDUÇÕES VIGISUS - FORTALECIMENTO DA GESTÃO EM VIGILÂNCIA - MS-FNS - SMS/FMS,5,
1321005101030200061109001,Deduções VIGISUS - Fortalecimento da Gestão em Vigilância - MS-FNS - SMS/FMS,5,
1321005101030200070000000,OUTROS PROGRAMAS FINANCIADOS P/ TRANSFERÊNCIAS FUNDO A FUNDO,5,
1321005101030200071100000,OUTROS PROGRAMAS FINANCIADOS P/ TRANSFERÊNCIAS FUNDO A FUNDO,5,
1321005101030200071101000,Outros Programas Financiados p/ Transferências Fundo a Fundo,5,
1321005101030200071109000,TOTAL DEDUÇÕES OUTROS PROGRAMAS FINANCIADOS P/ TRANSFERÊNCIAS FUNDO A FUNDO,5,
1321005101030200071109001,Deduções Outros Programas Financiados p/ Transferências Fundo a Fundo,5,
1321005101030200080000000,SAÚDE X UNIÃO,5,
1321005101030200081100000,SAÚDE X UNIÃO,5,
1321005101030200081101000,SAÚDE x União,5,
1321005101030200081109000,TOTAL DEDUÇÕES SAÚDE X UNIÃO,5,
1321005101030200081109001,Deduções SAÚDE x União,5,
1321005101030200090000000,FMS X UNIÃO,5,
1321005101030200091100000,FMS X UNIÃO,5,
1321005101030200091101000,FMS x União,5,
1321005101030210000000000,FUNDO MUNICIPAL DE TURISMO,5,
1321005101030220000000000,FUNDO MUNICIPAL DOS DIREITOS DA CRIANÇA E DO ADOLESCENTE,5,
1321005101030230000000000,FUNDO MUNICIPAL DE HABITAÇÃO,5,
1321005101030240000000000,SECRETARIA DO GOVERNO MUNICIPAL,5,
1321005101030240010000000,SGM X UNIÃO,5,
1321005101030240011100000,SGM X UNIÃO,5,
1321005101030240011101000,SGM X União,5,
1321005101030240011109000,TOTAL DEDUÇÕES SGM X UNIÃO,5,
1321005101030240011109001,Deduções SGM X União,5,
1321005101030240020000000,CONVÊNIO CMDH X UNIÃO,5,
1321005101030240021100000,CONVÊNIO CMDH X UNIÃO,5,
1321005101030240021101000,Convênio CMDH x União,5,
1321005101030240021109000,TOTAL DEDUÇÕES CONVÊNIO CMDH X UNIÃO,5,
1321005101030240021109001,Deduções Convênio CMDH x União,5,
1321005101030250000000000,"SECRETARIA MUNICIPAL  DE MODERNIZAÇÃO, GESTÃO E DESBUROCRATIZAÇÃO",5,
1321005101030260000000000,SECRETARIA MUNICIPAL DA PESSOA COM DEFICIÊNCIA,5,
1321005101030260010000000,SMPED X UNIÃO,5,
1321005101030260011100000,SMPED X UNIÃO,5,
1321005101030260011101000,SMPED x União,5,
1321005101030260011109000,TOTAL DEDUÇÕES SMPED X UNIÃO,5,
1321005101030260011109001,Deduções SMPED x União,5,
1321005101030270000000000,SECRETARIA MUNICIPAL DA SAÚDE,5,
1321005101030280000000000,SECRETARIA MUNICIPAL DE ABASTECIMENTO,5,
1321005101030290000000000,SECRETARIA MUNICIPAL DE ASSISTÊNCIA E DESENVOLVIMENTO SOCIAL,5,
1321005101030290010000000,SMADS X UNIÃO,5,
1321005101030290011100000,SMADS X UNIÃO,5,
1321005101030290011101000,SMADS X União,5,
1321005101030290011109000,TOTAL DEDUÇÕES SMADS X UNIÃO,5,
1321005101030290011109001,Deduções SMADS X União,5,
1321005101030300000000000,SECRETARIA MUNICIPAL DAS SUBPREFEITURAS,5,
1321005101030300010000000,SMSUB X UNIÃO,5,
1321005101030300011100000,SMSUB X UNIÃO,5,
1321005101030300011101000,SMSUB x União,5,
1321005101030300011109000,TOTAL DEDUÇÕES SMSUB X UNIÃO,5,
1321005101030300011109001,Deduções SMSUB x União,5,
1321005101030310000000000,SECRETARIA MUNICIPAL DE CULTURA,5,
1321005101030310010000000,SMC-PROGRAMA MONUMENTA - IMÓVEIS PRIVADOS,5,
1321005101030310011100000,SMC-PROGRAMA MONUMENTA - IMÓVEIS PRIVADOS,5,
1321005101030310011101000,SMC-Programa Monumenta - Imóveis Privados,5,
1321005101030310011109000,TOTAL DEDUÇÕES SMC-PROGRAMA MONUMENTA - IMÓVEIS PRIVADOS,5,
1321005101030310011109001,Deduções SMC-Programa Monumenta - Imóveis Privados,5,
1321005101030310020000000,SMC X UNIÃO,5,
1321005101030310021100000,SMC X UNIÃO,5,
1321005101030310021101000,SMC x União,5,
1321005101030310021109000,TOTAL DEDUÇÕES SMC X UNIÃO,5,
1321005101030310021109001,Deduções SMC x União,5,
1321005101030320000000000,SECRETARIA MUNICIPAL DE URBANISMO E LICENCIAMENTO,5,
1321005101030320010000000,SMUL X UNIÃO,5,
1321005101030320011100000,SMUL X UNIÃO,5,
1321005101030320011101000,SMUL x União,5,
1321005101030320011109000,TOTAL DEDUÇÕES SMUL X UNIÃO,5,
1321005101030320011109001,Deduções SMUL x União,5,
1321005101030330000000000,SECRETARIA MUNICIPAL DE DIREITOS HUMANOS E CIDADANIA,5,
1321005101030330010000000,CONVÊNIO SMDHC X UNIÃO,5,
1321005101030330011100000,CONVÊNIO SMDHC X UNIÃO,5,
1321005101030330011101000,CONVÊNIO SMDHC X União,5,
1321005101030330011109000,TOTAL DEDUÇÕES CONVÊNIO SMDHC X UNIÃO,5,
1321005101030330011109001,Deduções CONVÊNIO SMDHC X União,5,
1321005101030340000000000,SECRETARIA MUNICIPAL DE EDUCAÇÃO,5,
1321005101030340010000000,PROGRAMA NACIONAL DE ALIMENTAÇÃO ESCOLAR - PNAE/FNDE,5,
1321005101030340011100000,PROGRAMA NACIONAL DE ALIMENTAÇÃO ESCOLAR - PNAE/FNDE,5,
1321005101030340011101000,Programa Nacional de Alimentação Escolar - PNAE/FNDE,5,
1321005101030340011109000,TOTAL DEDUÇÕES PROGRAMA NACIONAL DE ALIMENTAÇÃO ESCOLAR - PNAE/FNDE,5,
1321005101030340011109001,Deduções Programa Nacional de Alimentação Escolar - PNAE/FNDE,5,
1321005101030340020000000,PLANO MUNICIPAL DE QUALIFICAÇÃO SOCIAL E PROFISSIONAL - PNQ/TEM,5,
1321005101030340021100000,PLANO MUNICIPAL DE QUALIFICAÇÃO SOCIAL E PROFISSIONAL - PNQ/TEM,5,
1321005101030340021101000,Plano Municipal de Qualificação Social e Profissional - PNQ/TEM,5,
1321005101030340021109000,TOTAL DEDUÇÕES PLANO MUNICIPAL DE QUALIFICAÇÃO SOCIAL E PROFISSIONAL - PNQ/TEM,5,
1321005101030340021109001,Deduções Plano Municipal de Qualificação Social e Profissional - PNQ/TEM,5,
1321005101030340030000000,CONVÊNIO MEC/FNDE - ASSISTÊNCIA FINANCEIRA A PROGRAMAS E PROJETOS EDUCACIONAIS,5,
1321005101030340031100000,CONVÊNIO MEC/FNDE - ASSISTÊNCIA FINANCEIRA A PROGRAMAS E PROJETOS EDUCACIONAIS,5,
1321005101030340031101000,Convênio MEC/FNDE - Assistência Financeira a Programas e Projetos Educacionais,5,
1321005101030340031109000,TOTAL DEDUÇÕES CONVÊNIO MEC/FNDE - ASSISTÊNCIA FINANCEIRA A PROGRAMAS E PROJETOS EDUCACIONAIS,5,
1321005101030340031109001,Deduções Convênio MEC/FNDE - Assistência Financeira a Programas e Projetos Educacionais,5,
1321005101030340040000000,PROGRAMA NACIONAL DE APOIO AO TRANSPORTE DO ESCOLAR - PNATE,5,
1321005101030340041100000,PROGRAMA NACIONAL DE APOIO AO TRANSPORTE DO ESCOLAR - PNATE,5,
1321005101030340041101000,Programa Nacional de Apoio ao Transporte do Escolar - PNATE,5,
1321005101030340041109000,TOTAL DEDUÇÕES PROGRAMA NACIONAL DE APOIO AO TRANSPORTE DO ESCOLAR - PNATE,5,
1321005101030340041109001,Deduções Programa Nacional de Apoio ao Transporte do Escolar - PNATE,5,
1321005101030340050000000,FUNDO NACIONAL DE DESENVOLVIMENTO DA EDUCAÇÃO - FNDE,5,
1321005101030340051100000,FUNDO NACIONAL DE DESENVOLVIMENTO DA EDUCAÇÃO - FNDE,5,
1321005101030340051101000,Fundo Nacional de Desenvolvimento da Educação - FNDE,5,
1321005101030340051109000,TOTAL DEDUÇÕES FUNDO NACIONAL DE DESENVOLVIMENTO DA EDUCAÇÃO - FNDE,5,
1321005101030340051109001,Deduções Fundo Nacional de Desenvolvimento da Educação - FNDE,5,
1321005101030340060000000,TRANSFERÊNCIAS DO SALÁRIO EDUCAÇÃO - LEI 10.832/03,5,
1321005101030340061100000,TRANSFERÊNCIAS DO SALÁRIO EDUCAÇÃO - LEI 10.832/03,5,
1321005101030340061101000,Transferências do Salário Educação - Lei 10.832/03,5,
1321005101030340061109000,TOTAL DEDUÇÕES TRANSFERÊNCIAS DO SALÁRIO EDUCAÇÃO - LEI 10.832/03,5,
1321005101030340061109001,Deduções Transferências do Salário Educação - Lei 10.832/03,5,
1321005101030340070000000,FNDE - ASSISTÊNCIA FINANCEIRA A PROGRAMAS E PROJETOS EDUCACIONAIS - PLANO DE AÇÕES ARTICULADAS,5,
1321005101030340071100000,FNDE - ASSISTÊNCIA FINANCEIRA A PROGRAMAS E PROJETOS EDUCACIONAIS - PLANO DE AÇÕES ARTICULADAS,5,
1321005101030340071101000,FNDE - Assistência Financeira a Programas e Projetos Educacionais - Plano de Ações Articuladas,5,
1321005101030340071109000,TOTAL DEDUÇÕES FNDE - ASSISTÊNCIA FINANCEIRA A PROGRAMAS E PROJETOS EDUCACIONAIS - PLANO DE AÇÕES AR,5,
1321005101030340071109001,Deduções FNDE - Assistência Financeira a Programas e Projetos Educacionais - Plano de Ações Articula,5,
1321005101030340080000000,RENDIMENTOS DE APLICAÇÃO FINANCEIRA - FNDE - FPM,5,
1321005101030340081100000,RENDIMENTOS DE APLICAÇÃO FINANCEIRA - FNDE - FPM,5,
1321005101030340081101000,Rendimentos de Aplicação Financeira - FNDE - FPM,5,
1321005101030350000000000,SECRETARIA MUNICIPAL DE ESPORTES E LAZER,5,
1321005101030350010000000,SEME X UNIÃO,5,
1321005101030350011100000,SEME X UNIÃO,5,
1321005101030350011101000,SEME X União,5,
1321005101030350011109000,TOTAL DEDUÇÕES SEME X UNIÃO,5,
1321005101030350011109001,Deduções SEME X União,5,
1321005101030360000000000,SECRETARIA MUNICIPAL DA FAZENDA,5,
1321005101030370000000000,SECRETARIA MUNICIPAL DE GESTÃO,5,
1321005101030380000000000,SECRETARIA MUNICIPAL DE HABITAÇÃO,5,
1321005101030380010000000,SEHAB X UNIÃO,5,
1321005101030380011100000,SEHAB X UNIÃO,5,
1321005101030380011101000,SEHAB x União,5,
1321005101030380011109000,TOTAL DEDUÇÕES SEHAB X UNIÃO,5,
1321005101030380011109001,Deduções SEHAB x União,5,
1321005101030380020000000,CEF - PROGRAMA MINHA CASA MINHA VIDA - RECURSOS FAR E FDS,5,
1321005101030380021100000,CEF - PROGRAMA MINHA CASA MINHA VIDA - RECURSOS FAR E FDS,5,
1321005101030380021101000,"CEF - Programa Minha Casa Minha Vida - Recursos FAR e FDS
",5,
1321005101030380030000000,CEF - PROGRAMA MINHA CASA MINHA VIDA - RECURSOS FAR,5,
1321005101030380031100000,CEF - PROGRAMA MINHA CASA MINHA VIDA - RECURSOS FAR,5,
1321005101030380031101000,CEF - Programa Minha Casa Minha Vida - Recursos FAR,5,
1321005101030390000000000,SECRETARIA MUNICIPAL DE INFRAESTRUTURA URBANA E OBRAS,5,
1321005101030390010000000,SIURB X UNIÃO,5,
1321005101030390011100000,SIURB X UNIÃO,5,
1321005101030390011101000,SIURB x União,5,
1321005101030390011109000,TOTAL DEDUÇÕES SIURB X UNIÃO,5,
1321005101030390011109001,Deduções SIURB x União,5,
1321005101030400000000000,SECRETARIA MUNICIPAL DE DESESTATIZAÇÃO E PARCERIAS,5,
1321005101030410000000000,SECRETARIA MUNICIPAL DE RELAÇÕES INTERNACIONAIS,5,
1321005101030420000000000,SECRETARIA MUNICIPAL DE SEGURANÇA URBANA,5,
1321005101030420010000000,CONVÊNIO SENASP,5,
1321005101030420011100000,CONVÊNIO SENASP,5,
1321005101030420011101000,Convênio SENASP,5,
1321005101030420011109000,TOTAL DEDUÇÕES CONVÊNIO SENASP,5,
1321005101030420011109001,Deduções Convênio SENASP,5,
1321005101030430000000000,SECRETARIA MUNICIPAL DE INOVAÇÃO E TECNOLOGIA,5,
1321005101030440000000000,SECRETARIA MUNICIPAL DE MOBILIDADE E TRANSPORTES,5,
1321005101030440010000000,TERMINAL DE CARGAS FERNÃO DIAS/MT-DNIT/SP-MG,5,
1321005101030440011100000,TERMINAL DE CARGAS FERNÃO DIAS/MT-DNIT/SP-MG,5,
1321005101030440011101000,Terminal de Cargas Fernão Dias/MT-DNIT/SP-MG,5,
1321005101030440011109000,TOTAL DEDUÇÕES TERMINAL DE CARGAS FERNÃO DIAS/MT-DNIT/SP-MG,5,
1321005101030440011109001,Deduções Terminal de Cargas Fernão Dias/MT-DNIT/SP-MG,5,
1321005101030450000000000,SECRETARIA MUNICIPAL DE DESENVOLVIMENTO ECONÔMICO,5,
1321005101030450010000000,SMDET X UNIÃO,5,
1321005101030450011100000,SMDET X UNIÃO,5,
1321005101030450011101000,SMDET x União,5,
1321005101030450011109000,TOTAL DEDUÇÕES SMDET X UNIÃO,5,
1321005101030450011109001,Deduções SMDET x União,5,
1321005101030460000000000,SECRETARIA MUNICIPAL DO VERDE E DO MEIO AMBIENTE,5,
1321005101030470000000000,SECRETARIA MUNICIPAL DE JUSTIÇA,5,
1321005101030470010000000,CONVÊNIO/TRANSFERÊNCIAS - FMDC X UNIÃO,5,
1321005101030470011100000,CONVÊNIO/TRANSFERÊNCIAS - FMDC X UNIÃO,5,
1321005101030470011101000,Convênio/Transferências - FMDC X União,5,
1321005101030470011109000,TOTAL DEDUÇÕES CONVÊNIO/TRANSFERÊNCIAS - FMDC X UNIÃO,5,
1321005101030470011109001,Deduções Convênio/Transferências - FMDC X União,5,
1321005101030480000000000,SUBPREFEITURA ARICANDUVA/FORMOSA/CARRÃO,5,
1321005101030490000000000,SUBPREFEITURA BUTANTÃ,5,
1321005101030500000000000,SUBPREFEITURA CAMPO LIMPO,5,
1321005101030510000000000,SUBPREFEITURA CAPELA DO SOCORRO,5,
1321005101030520000000000,SUBPREFEITURA CASA VERDE/CACHOEIRINHA,5,
1321005101030530000000000,SUBPREFEITURA CIDADE ADEMAR,5,
1321005101030540000000000,SUBPREFEITURA CIDADE TIRADENTES,5,
1321005101030550000000000,SUBPREFEITURA DE SAPOPEMBA,5,
1321005101030560000000000,SUBPREFEITURA DO ITAIM PAULISTA,5,
1321005101030570000000000,SUBPREFEITURA ERMELINO MATARAZZO,5,
1321005101030580000000000,SUBPREFEITURA FREGUESIA/BRASILÂNDIA,5,
1321005101030590000000000,SUBPREFEITURA GUAIANASES,5,
1321005101030600000000000,SUBPREFEITURA IPIRANGA,5,
1321005101030610000000000,SUBPREFEITURA ITAQUERA,5,
1321005101030620000000000,SUBPREFEITURA JABAQUARA,5,
1321005101030620010000000,CONVÊNIO SUB-JA X UNIÃO,5,
1321005101030620011100000,CONVÊNIO SUB-JA X UNIÃO,5,
1321005101030620011101000,Convênio SUB-JA X União,5,
1321005101030630000000000,SUBPREFEITURA JAÇANÃ/TREMEMBÉ,5,
1321005101030630010000000,PMSP/SUB-JT X UNIÃO,5,
1321005101030630011100000,PMSP/SUB-JT X UNIÃO,5,
1321005101030630011101000,PMSP/SUB-JT X União,5,
1321005101030640000000000,SUBPREFEITURA LAPA,5,
1321005101030650000000000,SUBPREFEITURA M´BOI MIRIM,5,
1321005101030660000000000,SUBPREFEITURA MOÓCA,5,
1321005101030670000000000,SUBPREFEITURA PARELHEIROS,5,
1321005101030680000000000,SUBPREFEITURA PENHA,5,
1321005101030690000000000,SUBPREFEITURA PERUS,5,
1321005101030700000000000,SUBPREFEITURA PINHEIROS,5,
1321005101030710000000000,SUBPREFEITURA PIRITUBA/JARAGUÁ,5,
1321005101030720000000000,SUBPREFEITURA SANTANA/TUCURUVI,5,
1321005101030730000000000,SUBPREFEITURA SANTO AMARO,5,
1321005101030740000000000,SUBPREFEITURA SÃO MATEUS,5,
1321005101030750000000000,SUBPREFEITURA SÃO MIGUEL,5,
1321005101030750010000000,PMSP/SUB-MP X UNIÃO,5,
1321005101030750011100000,PMSP/SUB-MP X UNIÃO,5,
1321005101030750011101000,PMSP/SUB-MP x União,5,
1321005101030750011109000,TOTAL DEDUÇÕES PMSP/SUB-MP X UNIÃO,5,
1321005101030750011109001,Deduções PMSP/SUB-MP x União,5,
1321005101030760000000000,SUBPREFEITURA SÉ,5,
1321005101030770000000000,SUBPREFEITURA VILA MARIA/VILA GUILHERME,5,
1321005101030780000000000,SUBPREFEITURA VILA MARIANA,5,
1321005101030790000000000,SUBPREFEITURA VILA PRUDENTE,5,
1321005101030800000000000,TRIBUNAL DE CONTAS DO MUNICÍPIO DE SÃO PAULO,5,
1321005101030810000000000,HOSPITAL DO SERVIDOR PÚBLICO MUNICIPAL,5,
1321005101030820000000000,INSTITUTO DE PREVIDÊNCIA MUNICIPAL DE SÃO PAULO,5,
1321005101030830000000000,SERVIÇO FUNERÁRIO DO MUNICÍPIO DE SÃO PAULO,5,
1321005101030840000000000,AUTARQUIA HOSPITALAR MUNICIPAL,5,
1321005101030850000000000,FUNDO ESPECIAL DE DESPESAS DA CMSP,5,
1321005101030860000000000,FUNDO ESPECIAL DE DESPESAS DO TCMSP,5,
1321005101030870000000000,COMPANHIA METROPOLITANA DE HABITAÇÃO DE SÃO PAULO,5,
1321005101030880000000000,FUNDO MUNICIPAL DO IDOSO,5,
1321005101030880010000000,RENDIMENTOS DE CONVÊNIOS E TRANSFERÊNCIAS - FMID X UNIÃO,5,
1321005101030880011100000,RENDIMENTOS DE CONVÊNIOS E TRANSFERÊNCIAS - FMID X UNIÃO,5,
1321005101030880011101000,Rendimentos de Convênios e Transferências - FMID x União,5,
1321005101030880011109000,TOTAL DEDUÇÕES RENDIMENTOS DE CONVÊNIOS E TRANSFERÊNCIAS - FMID X UNIÃO,5,
1321005101030880011109001,Deduções Rendimentos de Convênios e Transferências - FMID x União,5,
1321005101030890000000000,CAIXA ECONÔMICA FEDERAL X SMC,5,
1321005101030890010000000,CAIXA ECONÔMICA FEDERAL X SMC,5,
1321005101030890011100000,CAIXA ECONÔMICA FEDERAL X SMC,5,
1321005101030890011101000,Caixa Econômica Federal X SMC,5,
1321005101030890011109000,TOTAL DEDUÇÕES CAIXA ECONÔMICA FEDERAL X SMC,5,
1321005101030890011109001,Deduções Caixa Econômica Federal X SMC,5,
1321005101040000000000000,TRANSFERÊNCIAS ESTADUAIS,5,
1321005101040010000000000,PREFEITURA MUNICIPAL DE SÃO PAULO,5,
1321005101040020000000000,CÂMARA MUNICIPAL DE SÃO PAULO,5,
1321005101040030000000000,CONTROLADORIA GERAL DO MUNICÍPIO DE SÃO PAULO,5,
1321005101040040000000000,ENCARGOS GERAIS DO MUNICÍPIO,5,
1321005101040050000000000,FUNDAÇÃO THEATRO MUNICIPAL DE SÃO PAULO,5,
1321005101040060000000000,FUNDAÇÃO PAULISTANA DE EDUCAÇÃO E TECNOLOGIA,5,
1321005101040070000000000,FUNDO DE DESENVOLVIMENTO URBANO,5,
1321005101040080000000000,FUNDO DE PRESERVAÇÃO DO PATRIMÔNIO HISTÓRICO E CULTURAL,5,
1321005101040090000000000,FUNDO DE PROTEÇÃO DO PATRIMÔNIO CULTURAL E AMBIENTAL PAULISTANO,5,
1321005101040100000000000,FUNDO ESPECIAL DE PROMOÇÃO DE ATIVIDADES CULTURAIS,5,
1321005101040110000000000,FUNDO ESPECIAL DO MEIO AMBIENTE E DESENVOLVIMENTO SUSTENTÁVEL,5,
1321005101040110010000000,RENDIMENTOS CONVÊNIO PMSP X SABESP - FEMA,5,
1321005101040110011100000,RENDIMENTOS CONVÊNIO PMSP X SABESP - FEMA,5,
1321005101040110011101000,Rendimentos Convênio PMSP X SABESP - FEMA,5,
1321005101040120000000000,FUNDO MUN. DO SIST. DOS CORREDORES SEGREGADOS EXCLUS. P/ TRÁFEGO,5,
1321005101040130000000000,FUNDO MUNICIPAL DE ASSISTÊNCIA SOCIAL,5,
1321005101040130010000000,PROTEÇÃO SOCIAL BÁSICA/FMAS,5,
1321005101040130011100000,PROTEÇÃO SOCIAL BÁSICA/FMAS,5,
1321005101040130011101000,Proteção Social Básica/FMAS,5,
1321005101040130011109000,TOTAL DEDUÇÕES PROTEÇÃO SOCIAL BÁSICA/FMAS,5,
1321005101040130011109001,Deduções Proteção Social Básica/FMAS,5,
1321005101040130020000000,PROTEÇÃO SOCIAL ESPECIAL/FMAS,5,
1321005101040130021100000,PROTEÇÃO SOCIAL ESPECIAL/FMAS,5,
1321005101040130021101000,Proteção Social Especial/FMAS,5,
1321005101040130021109000,TOTAL DEDUÇÕES PROTEÇÃO SOCIAL ESPECIAL/FMAS,5,
1321005101040130021109001,Deduções Proteção Social Especial/FMAS,5,
1321005101040130030000000,FMAS,5,
1321005101040130031100000,FMAS,5,
1321005101040130031101000,FMAS,5,
1321005101040130031109000,TOTAL DEDUÇÕES FMAS,5,
1321005101040130031109001,Deduções FMAS,5,
1321005101040140000000000,FUNDO MUNICIPAL DE DESENVOLVIMENTO DE TRÂNSITO,5,
1321005101040150000000000,"FUNDO MUNICIPAL DE ESPORTES, LAZER E RECREAÇÃO",5,
1321005101040160000000000,FUNDO MUNICIPAL DE HABITAÇÃO,5,
1321005101040170000000000,FUNDO MUNICIPAL DE ILUMINAÇÃO PÚBLICA,5,
1321005101040180000000000,FUNDO MUNICIPAL DE PARQUES,5,
1321005101040190000000000,FUNDO MUNICIPAL DE SANEAMENTO AMBIENTAL E INFRAESTRUTURA,5,
1321005101040200000000000,FUNDO MUNICIPAL DE SAÚDE,5,
1321005101040210000000000,FUNDO MUNICIPAL DE TURISMO,5,
1321005101040210010000000,FUTUR,5,
1321005101040210011100000,FUTUR,5,
1321005101040210011101000,FUTUR,5,
1321005101040210011109000,TOTAL DEDUÇÕES FUTUR,5,
1321005101040210011109001,Deduções FUTUR,5,
1321005101040220000000000,FUNDO MUNICIPAL DOS DIREITOS DA CRIANÇA E DO ADOLESCENTE,5,
1321005101040230000000000,FUNDO MUNICIPAL DE HABITAÇÃO,5,
1321005101040240000000000,SECRETARIA DO GOVERNO MUNICIPAL,5,
1321005101040250000000000,"SECRETARIA MUNICIPAL  DE MODERNIZAÇÃO, GESTÃO E DESBUROCRATIZAÇÃO",5,
1321005101040260000000000,SECRETARIA MUNICIPAL DA PESSOA COM DEFICIÊNCIA,5,
1321005101040270000000000,SECRETARIA MUNICIPAL DA SAÚDE,5,
1321005101040270010000000,SECRETARIA DE ESTADO DA SAÚDE - SMS/FMS,5,
1321005101040270011100000,SECRETARIA DE ESTADO DA SAÚDE - SMS/FMS,5,
1321005101040270011101000,Secretaria de Estado da Saúde - SMS/FMS,5,
1321005101040270011109000,TOTAL DEDUÇÕES SECRETARIA DE ESTADO DA SAÚDE - SMS/FMS,5,
1321005101040270011109001,Deduções Secretaria de Estado da Saúde - SMS/FMS,5,
1321005101040280000000000,SECRETARIA MUNICIPAL DE ABASTECIMENTO,5,
1321005101040290000000000,SECRETARIA MUNICIPAL DE ASSISTÊNCIA E DESENVOLVIMENTO SOCIAL,5,
1321005101040300000000000,SECRETARIA MUNICIPAL DAS SUBPREFEITURAS,5,
1321005101040300010000000,FEHIDRO - FUNDO ESTADUAL DE RECURSOS HÍDRICOS - SMSUB,5,
1321005101040300011100000,FEHIDRO - FUNDO ESTADUAL DE RECURSOS HÍDRICOS - SMSUB,5,
1321005101040300011101000,FEHIDRO - Fundo Estadual de Recursos Hídricos - SMSUB,5,
1321005101040300011109000,TOTAL DEDUÇÕES FEHIDRO - FUNDO ESTADUAL DE RECURSOS HÍDRICOS - SMSUB,5,
1321005101040300011109001,Deduções FEHIDRO - Fundo Estadual de Recursos Hídricos - SMSUB,5,
1321005101040300020000000,CONVÊNIO SMSUB X ESTADO,5,
1321005101040300021100000,CONVÊNIO SMSUB X ESTADO,5,
1321005101040300021101000,Convênio SMSUB x Estado,5,
1321005101040300021109000,TOTAL DEDUÇÕES CONVÊNIO SMSUB X ESTADO,5,
1321005101040300021109001,Deduções Convênio SMSUB x Estado,5,
1321005101040310000000000,SECRETARIA MUNICIPAL DE CULTURA,5,
1321005101040310010000000,CONVÊNIO SMC X ESTADO,5,
1321005101040310011100000,CONVÊNIO SMC X ESTADO,5,
1321005101040310011101000,Convênio SMC x Estado,5,
1321005101040310011109000,TOTAL DEDUÇÕES CONVÊNIO SMC X ESTADO,5,
1321005101040310011109001,Deduções Convênio SMC x Estado,5,
1321005101040320000000000,SECRETARIA MUNICIPAL DE URBANISMO E LICENCIAMENTO,5,
1321005101040330000000000,SECRETARIA MUNICIPAL DE DIREITOS HUMANOS E CIDADANIA,5,
1321005101040340000000000,SECRETARIA MUNICIPAL DE EDUCAÇÃO,5,
1321005101040340010000000,CONVÊNIO SME - ESTADO,5,
1321005101040340011100000,CONVÊNIO SME - ESTADO,5,
1321005101040340011101000,Convênio SME - Estado,5,
1321005101040340011109000,TOTAL DEDUÇÕES CONVÊNIO SME - ESTADO,5,
1321005101040340011109001,Deduções Convênio SME - Estado,5,
1321005101040350000000000,SECRETARIA MUNICIPAL DE ESPORTES E LAZER,5,
1321005101040350010000000,PMSP/SEME/PROJETO OLIMPICO DE SÃO PAULO,5,
1321005101040350011100000,PMSP/SEME/PROJETO OLIMPICO DE SÃO PAULO,5,
1321005101040350011101000,PMSP/SEME/Projeto Olimpico de São Paulo,5,
1321005101040350011109000,TOTAL DEDUÇÕES PMSP/SEME/PROJETO OLIMPICO DE SÃO PAULO,5,
1321005101040350011109001,Deduções PMSP/SEME/Projeto Olimpico de São Paulo,5,
1321005101040350020000000,CONVÊNIO SEME X ESTADO,5,
1321005101040350021100000,CONVÊNIO SEME X ESTADO,5,
1321005101040350021101000,Convênio SEME X Estado,5,
1321005101040350021109000,TOTAL DEDUÇÕES CONVÊNIO SEME X ESTADO,5,
1321005101040350021109001,Deduções Convênio SEME X Estado,5,
1321005101040360000000000,SECRETARIA MUNICIPAL DA FAZENDA,5,
1321005101040370000000000,SECRETARIA MUNICIPAL DE GESTÃO,5,
1321005101040380000000000,SECRETARIA MUNICIPAL DE HABITAÇÃO,5,
1321005101040380010000000,CONVÊNIO SABESP X SEHAB,5,
1321005101040380011100000,CONVÊNIO SABESP X SEHAB,5,
1321005101040380011101000,Convênio SABESP x SEHAB,5,
1321005101040380011109000,TOTAL DEDUÇÕES CONVÊNIO SABESP X SEHAB,5,
1321005101040380011109001,Deduções Convênio SABESP x SEHAB,5,
1321005101040380020000000,CONVÊNIO CDHU X SEHAB,5,
1321005101040380021100000,CONVÊNIO CDHU X SEHAB,5,
1321005101040380021101000,Convênio CDHU x SEHAB,5,
1321005101040380021109000,TOTAL DEDUÇÕES CONVÊNIO CDHU X SEHAB,5,
1321005101040380021109001,Deduções Convênio CDHU x SEHAB,5,
1321005101040380030000000,SEHAB X ESTADO,5,
1321005101040380031100000,SEHAB X ESTADO,5,
1321005101040380031101000,SEHAB x ESTADO,5,
1321005101040380031109000,TOTAL DEDUÇÕES SEHAB X ESTADO,5,
1321005101040380031109001,Deduções SEHAB x ESTADO,5,
1321005101040380040000000,PMSP-SEHAB/FUNDO MUNICPAL DE SANEAMENTO AMBIENTAL E INFRAESTRUTURA / LEI 14.934/2009,5,
1321005101040380041100000,PMSP-SEHAB/FUNDO MUNICPAL DE SANEAMENTO AMBIENTAL E INFRAESTRUTURA / LEI 14.934/2008,5,
1321005101040380041101000,PMSP-SEHAB/Fundo Municipal de Saneamento Ambiental e Infraestrutura / Lei 14.934/2009,5,
1321005101040380041109000,TOTAL DEDUÇÕES PMSP-SEHAB/FUNDO MUNICPAL DE SANEAMENTO AMBIENTAL E INFRAESTRUTURA / LEI 14.934/2009,5,
1321005101040380041109001,Deduções PMSP-SEHAB/Fundo Municipal de Saneamento Ambiental e Infraestrutura / Lei 14.934/2009,5,
1321005101040380050000000,PMSP-SEHAB X COHAB-OBRAS,5,
1321005101040380051100000,PMSP-SEHAB X COHAB-OBRAS,5,
1321005101040380051101000,PMSP-SEHAB X COHAB-OBRAS,5,
1321005101040380051109000,Total Deduções PMSP-SEHAB X COHAB-OBRAS,5,
1321005101040380051109001,Deduções PMSP-SEHAB X COHAB-OBRAS,5,
1321005101040390000000000,SECRETARIA MUNICIPAL DE INFRAESTRUTURA URBANA E OBRAS,5,
1321005101040390010000000,SIURB X ESTADO,5,
1321005101040390011100000,SIURB X ESTADO,5,
1321005101040390011101000,SIURB x ESTADO,5,
1321005101040390011109000,TOTAL DEDUÇÕES SIURB X ESTADO,5,
1321005101040390011109001,Deduções SIURB x ESTADO,5,
1321005101040400000000000,SECRETARIA MUNICIPAL DE DESESTATIZAÇÃO E PARCERIAS,5,
1321005101040410000000000,SECRETARIA MUNICIPAL DE RELAÇÕES INTERNACIONAIS,5,
1321005101040420000000000,SECRETARIA MUNICIPAL DE SEGURANÇA URBANA,5,
1321005101040430000000000,SECRETARIA MUNICIPAL DE INOVAÇÃO E TECNOLOGIA,5,
1321005101040440000000000,SECRETARIA MUNICIPAL DE MOBILIDADE E TRANSPORTES,5,
1321005101040450000000000,SECRETARIA MUNICIPAL DE DESENVOLVIMENTO ECONÔMICO,5,
1321005101040460000000000,SECRETARIA MUNICIPAL DO VERDE E DO MEIO AMBIENTE,5,
1321005101040470000000000,SECRETARIA MUNICIPAL DE JUSTIÇA,5,
1321005101040470030000000,CONVÊNIO/TRANSFERÊNCIAS FMDC X ESTADO,5,
1321005101040470031100000,CONVÊNIO/TRANSFERÊNCIAS FMDC X ESTADO,5,
1321005101040470031101000,Convênio/Transferências FMDC X Estado,5,
1321005101040470031109000,TOTAL DEDUÇÕES CONVÊNIO/TRANSFERÊNCIAS FMDC X ESTADO,5,
1321005101040470031109001,Deduções Convênio/Transferências FMDC X Estado,5,
1321005101040480000000000,SUBPREFEITURA ARICANDUVA/FORMOSA/CARRÃO,5,
1321005101040490000000000,SUBPREFEITURA BUTANTÃ,5,
1321005101040500000000000,SUBPREFEITURA CAMPO LIMPO,5,
1321005101040510000000000,SUBPREFEITURA CAPELA DO SOCORRO,5,
1321005101040520000000000,SUBPREFEITURA CASA VERDE/CACHOEIRINHA,5,
1321005101040530000000000,SUBPREFEITURA CIDADE ADEMAR,5,
1321005101040540000000000,SUBPREFEITURA CIDADE TIRADENTES,5,
1321005101040550000000000,SUBPREFEITURA DE SAPOPEMBA,5,
1321005101040560000000000,SUBPREFEITURA DO ITAIM PAULISTA,5,
1321005101040570000000000,SUBPREFEITURA ERMELINO MATARAZZO,5,
1321005101040580000000000,SUBPREFEITURA FREGUESIA/BRASILÂNDIA,5,
1321005101040590000000000,SUBPREFEITURA GUAIANASES,5,
1321005101040590010000000,SUB-G x ESTADO,5,
1321005101040590011100000,SUB-G x ESTADO,5,
1321005101040590011101000,SUB-G x Estado,5,
1321005101040600000000000,SUBPREFEITURA IPIRANGA,5,
1321005101040610000000000,SUBPREFEITURA ITAQUERA,5,
1321005101040620000000000,SUBPREFEITURA JABAQUARA,5,
1321005101040630000000000,SUBPREFEITURA JAÇANÃ/TREMEMBÉ,5,
1321005101040640000000000,SUBPREFEITURA LAPA,5,
1321005101040650000000000,SUBPREFEITURA M´BOI MIRIM,5,
1321005101040660000000000,SUBPREFEITURA MOÓCA,5,
1321005101040670000000000,SUBPREFEITURA PARELHEIROS,5,
1321005101040680000000000,SUBPREFEITURA PENHA,5,
1321005101040690000000000,SUBPREFEITURA PERUS,5,
1321005101040700000000000,SUBPREFEITURA PINHEIROS,5,
1321005101040700010000000,CONVÊNIO SUB-PI X ESTADO,5,
1321005101040700011100000,CONVÊNIO SUB-PI X ESTADO,5,
1321005101040700011101000,Convênio SUB-PI X Estado,5,
1321005101040710000000000,SUBPREFEITURA PIRITUBA/JARAGUÁ,5,
1321005101040720000000000,SUBPREFEITURA SANTANA/TUCURUVI,5,
1321005101040730000000000,SUBPREFEITURA SANTO AMARO,5,
1321005101040740000000000,SUBPREFEITURA SÃO MATEUS,5,
1321005101040750000000000,SUBPREFEITURA SÃO MIGUEL,5,
1321005101040760000000000,SUBPREFEITURA SÉ,5,
1321005101040770000000000,SUBPREFEITURA VILA MARIA/VILA GUILHERME,5,
1321005101040780000000000,SUBPREFEITURA VILA MARIANA,5,
1321005101040790000000000,SUBPREFEITURA VILA PRUDENTE,5,
1321005101040800000000000,TRIBUNAL DE CONTAS DO MUNICÍPIO DE SÃO PAULO,5,
1321005101040810000000000,HOSPITAL DO SERVIDOR PÚBLICO MUNICIPAL,5,
1321005101040820000000000,INSTITUTO DE PREVIDÊNCIA MUNICIPAL DE SÃO PAULO,5,
1321005101040830000000000,SERVIÇO FUNERÁRIO DO MUNICÍPIO DE SÃO PAULO,5,
1321005101040840000000000,AUTARQUIA HOSPITALAR MUNICIPAL,5,
1321005101040840010000000,AHM x ESTADO,5,
1321005101040840011100000,AHM x ESTADO,5,
1321005101040840011101000,AHM x Estado,5,
1321005101040850000000000,FUNDO ESPECIAL DE DESPESAS DA CMSP,5,
1321005101040860000000000,FUNDO ESPECIAL DE DESPESAS DO TCMSP,5,
1321005101040870000000000,COMPANHIA METROPOLITANA DE HABITAÇÃO DE SÃO PAULO,5,
1321005101040880000000000,FUNDO MUNICIPAL DO IDOSO,5,
1321005101040880010000000,RENDIMENTOS DE CONVÊNIOS E TRANSFERÊNCIAS - FMID X ESTADO,5,
1321005101040880011100000,RENDIMENTOS DE CONVÊNIOS E TRANSFERÊNCIAS - FMID X ESTADO,5,
1321005101040880011101000,Rendimentos de Convênios e Transferências - FMID x Estado,5,
1321005101040880011109000,TOTAL DEDUÇÕES RENDIMENTOS DE CONVÊNIOS E TRANSFERÊNCIAS - FMID X ESTADO,5,
1321005101040880011109001,Deduções Rendimentos de Convênios e Transferências - FMID x Estado,5,
1321005101050000000000000,FUNDO CONSTITUCIONAL DA EDUCAÇÃO,5,
1321005101050010000000000,PREFEITURA MUNICIPAL DE SÃO PAULO,5,
1321005101050020000000000,CÂMARA MUNICIPAL DE SÃO PAULO,5,
1321005101050030000000000,CONTROLADORIA GERAL DO MUNICÍPIO DE SÃO PAULO,5,
1321005101050040000000000,ENCARGOS GERAIS DO MUNICÍPIO,5,
1321005101050050000000000,FUNDAÇÃO THEATRO MUNICIPAL DE SÃO PAULO,5,
1321005101050060000000000,FUNDAÇÃO PAULISTANA DE EDUCAÇÃO E TECNOLOGIA,5,
1321005101050070000000000,FUNDO DE DESENVOLVIMENTO URBANO,5,
1321005101050080000000000,FUNDO DE PRESERVAÇÃO DO PATRIMÔNIO HISTÓRICO E CULTURAL,5,
1321005101050090000000000,FUNDO DE PROTEÇÃO DO PATRIMÔNIO CULTURAL E AMBIENTAL PAULISTANO,5,
1321005101050100000000000,FUNDO ESPECIAL DE PROMOÇÃO DE ATIVIDADES CULTURAIS,5,
1321005101050110000000000,FUNDO ESPECIAL DO MEIO AMBIENTE E DESENVOLVIMENTO SUSTENTÁVEL,5,
1321005101050120000000000,FUNDO MUN. DO SIST. DOS CORREDORES SEGREGADOS EXCLUS. P/ TRÁFEGO,5,
1321005101050130000000000,FUNDO MUNICIPAL DE ASSISTÊNCIA SOCIAL,5,
1321005101050140000000000,FUNDO MUNICIPAL DE DESENVOLVIMENTO DE TRÂNSITO,5,
1321005101050150000000000,"FUNDO MUNICIPAL DE ESPORTES, LAZER E RECREAÇÃO",5,
1321005101050160000000000,FUNDO MUNICIPAL DE HABITAÇÃO,5,
1321005101050170000000000,FUNDO MUNICIPAL DE ILUMINAÇÃO PÚBLICA,5,
1321005101050180000000000,FUNDO MUNICIPAL DE PARQUES,5,
1321005101050190000000000,FUNDO MUNICIPAL DE SANEAMENTO AMBIENTAL E INFRAESTRUTURA,5,
1321005101050200000000000,FUNDO MUNICIPAL DE SAÚDE,5,
1321005101050210000000000,FUNDO MUNICIPAL DE TURISMO,5,
1321005101050220000000000,FUNDO MUNICIPAL DOS DIREITOS DA CRIANÇA E DO ADOLESCENTE,5,
1321005101050230000000000,FUNDO MUNICIPAL DE HABITAÇÃO - COHAB,5,
1321005101050240000000000,SECRETARIA DO GOVERNO MUNICIPAL,5,
1321005101050250000000000,"SECRETARIA MUNICIPAL  DE MODERNIZAÇÃO, GESTÃO E DESBUROCRATIZAÇÃO",5,
1321005101050260000000000,SECRETARIA MUNICIPAL DA PESSOA COM DEFICIÊNCIA,5,
1321005101050270000000000,SECRETARIA MUNICIPAL DA SAÚDE,5,
1321005101050280000000000,SECRETARIA MUNICIPAL DE ABASTECIMENTO,5,
1321005101050290000000000,SECRETARIA MUNICIPAL DE ASSISTÊNCIA E DESENVOLVIMENTO SOCIAL,5,
1321005101050300000000000,SECRETARIA MUNICIPAL DAS SUBPREFEITURAS,5,
1321005101050310000000000,SECRETARIA MUNICIPAL DE CULTURA,5,
1321005101050320000000000,SECRETARIA MUNICIPAL DE URBANISMO E LICENCIAMENTO,5,
1321005101050330000000000,SECRETARIA MUNICIPAL DE DIREITOS HUMANOS E CIDADANIA,5,
1321005101050330010000000,"PROGRAMA URB-AL, REDE N° 10",5,
1321005101050340000000000,SECRETARIA MUNICIPAL DE EDUCAÇÃO,5,
1321005101050340010000000,FUNDO CONSTITUCIONAL DA EDUCAÇÃO,5,
1321005101050340011100000,FUNDO CONSTITUCIONAL DA EDUCAÇÃO,5,
1321005101050340011101000,Fundo Constitucional da Educação,5,
1321005101050340011109000,TOTAL DEDUÇÕES FUNDO CONSTITUCIONAL DA EDUCAÇÃO,5,
1321005101050340011109001,Deduções Fundo Constitucional da Educação,5,
1321005101050340020000000,REMUNERAÇÃO DE RECURSOS VINCULADOS - FUNDEB,5,
1321005101050340021100000,REMUNERAÇÃO DE RECURSOS VINCULADOS - FUNDEB,5,
1321005101050340021101000,Remuneração de Recursos Vinculados - FUNDEB,5,
1321005101050350000000000,SECRETARIA MUNICIPAL DE ESPORTES E LAZER,5,
1321005101050360000000000,SECRETARIA MUNICIPAL DA FAZENDA,5,
1321005101050370000000000,SECRETARIA MUNICIPAL DE GESTÃO,5,
1321005101050380000000000,SECRETARIA MUNICIPAL DE HABITAÇÃO,5,
1321005101050390000000000,SECRETARIA MUNICIPAL DE INFRAESTRUTURA URBANA E OBRAS,5,
1321005101050400000000000,SECRETARIA MUNICIPAL DE DESESTATIZAÇÃO E PARCERIAS,5,
1321005101050410000000000,SECRETARIA MUNICIPAL DE RELAÇÕES INTERNACIONAIS,5,
1321005101050420000000000,SECRETARIA MUNICIPAL DE SEGURANÇA URBANA,5,
1321005101050430000000000,SECRETARIA MUNICIPAL DE INOVAÇÃO E TECNOLOGIA,5,
1321005101050440000000000,SECRETARIA MUNICIPAL DE MOBILIDADE E TRANSPORTES,5,
1321005101050450000000000,SECRETARIA MUNICIPAL DE DESENVOLVIMENTO ECONÔMICO,5,
1321005101050460000000000,SECRETARIA MUNICIPAL DO VERDE E DO MEIO AMBIENTE,5,
1321005101050470000000000,SECRETARIA MUNICIPAL DE JUSTIÇA,5,
1321005101050480000000000,SUBPREFEITURA ARICANDUVA/FORMOSA/CARRÃO,5,
1321005101050490000000000,SUBPREFEITURA BUTANTÃ,5,
1321005101050500000000000,SUBPREFEITURA CAMPO LIMPO,5,
1321005101050510000000000,SUBPREFEITURA CAPELA DO SOCORRO,5,
1321005101050520000000000,SUBPREFEITURA CASA VERDE/CACHOEIRINHA,5,
1321005101050530000000000,SUBPREFEITURA CIDADE ADEMAR,5,
1321005101050540000000000,SUBPREFEITURA CIDADE TIRADENTES,5,
1321005101050550000000000,SUBPREFEITURA DE SAPOPEMBA,5,
1321005101050560000000000,SUBPREFEITURA DO ITAIM PAULISTA,5,
1321005101050570000000000,SUBPREFEITURA ERMELINO MATARAZZO,5,
1321005101050580000000000,SUBPREFEITURA FREGUESIA/BRASILÂNDIA,5,
1321005101050590000000000,SUBPREFEITURA GUAIANASES,5,
1321005101050600000000000,SUBPREFEITURA IPIRANGA,5,
1321005101050610000000000,SUBPREFEITURA ITAQUERA,5,
1321005101050620000000000,SUBPREFEITURA JABAQUARA,5,
1321005101050630000000000,SUBPREFEITURA JAÇANÃ/TREMEMBÉ,5,
1321005101050640000000000,SUBPREFEITURA LAPA,5,
1321005101050650000000000,SUBPREFEITURA M´BOI MIRIM,5,
1321005101050660000000000,SUBPREFEITURA MOÓCA,5,
1321005101050670000000000,SUBPREFEITURA PARELHEIROS,5,
1321005101050680000000000,SUBPREFEITURA PENHA,5,
1321005101050690000000000,SUBPREFEITURA PERUS,5,
1321005101050700000000000,SUBPREFEITURA PINHEIROS,5,
1321005101050710000000000,SUBPREFEITURA PIRITUBA/JARAGUÁ,5,
1321005101050720000000000,SUBPREFEITURA SANTANA/TUCURUVI,5,
1321005101050730000000000,SUBPREFEITURA SANTO AMARO,5,
1321005101050740000000000,SUBPREFEITURA SÃO MATEUS,5,
1321005101050750000000000,SUBPREFEITURA SÃO MIGUEL,5,
1321005101050760000000000,SUBPREFEITURA SÉ,5,
1321005101050770000000000,SUBPREFEITURA VILA MARIA/VILA GUILHERME,5,
1321005101050780000000000,SUBPREFEITURA VILA MARIANA,5,
1321005101050790000000000,SUBPREFEITURA VILA PRUDENTE,5,
1321005101050800000000000,TRIBUNAL DE CONTAS DO MUNICÍPIO DE SÃO PAULO,5,
1321005101050810000000000,HOSPITAL DO SERVIDOR PÚBLICO MUNICIPAL,5,
1321005101050820000000000,INSTITUTO DE PREVIDÊNCIA MUNICIPAL DE SÃO PAULO,5,
1321005101050830000000000,SERVIÇO FUNERÁRIO DO MUNICÍPIO DE SÃO PAULO,5,
1321005101050840000000000,AUTARQUIA HOSPITALAR MUNICIPAL,5,
1321005101050850000000000,FUNDO ESPECIAL DE DESPESAS DA CMSP,5,
1321005101050860000000000,FUNDO ESPECIAL DE DESPESAS DO TCMSP,5,
1321005101050870000000000,COMPANHIA METROPOLITANA DE HABITAÇÃO DE SÃO PAULO,5,
1321005101050880000000000,FUNDO MUNICIPAL DO IDOSO,5,
1321005101060000000000000,OUTRAS FONTES,5,
1321005101060010000000000,PREFEITURA MUNICIPAL DE SÃO PAULO,5,
1321005101060010010000000,PARQUE AUGUSTA/CRECHES – TAC,5,
1321005101060010011100000,PARQUE AUGUSTA/CRECHES – TAC,5,
1321005101060010011101000,Parque Augusta/Creches – TAC,5,
1321005101060020000000000,CÂMARA MUNICIPAL DE SÃO PAULO,5,
1321005101060030000000000,CONTROLADORIA GERAL DO MUNICÍPIO DE SÃO PAULO,5,
1321005101060040000000000,ENCARGOS GERAIS DO MUNICÍPIO,5,
1321005101060050000000000,FUNDAÇÃO THEATRO MUNICIPAL DE SÃO PAULO,5,
1321005101060060000000000,FUNDAÇÃO PAULISTANA DE EDUCAÇÃO E TECNOLOGIA,5,
1321005101060070000000000,FUNDO DE DESENVOLVIMENTO URBANO,5,
1321005101060080000000000,FUNDO DE PRESERVAÇÃO DO PATRIMÔNIO HISTÓRICO E CULTURAL,5,
1321005101060090000000000,FUNDO DE PROTEÇÃO DO PATRIMÔNIO CULTURAL E AMBIENTAL PAULISTANO,5,
1321005101060100000000000,FUNDO ESPECIAL DE PROMOÇÃO DE ATIVIDADES CULTURAIS,5,
1321005101060110000000000,FUNDO ESPECIAL DO MEIO AMBIENTE E DESENVOLVIMENTO SUSTENTÁVEL,5,
1321005101060120000000000,FUNDO MUN. DO SIST. DOS CORREDORES SEGREGADOS EXCLUS. P/ TRÁFEGO,5,
1321005101060130000000000,FUNDO MUNICIPAL DE ASSISTÊNCIA SOCIAL,5,
1321005101060130010000000,FMAS - PROJETO RESTAURANTE ESCOLA,5,
1321005101060130011100000,FMAS - PROJETO RESTAURANTE ESCOLA,5,
1321005101060130011101000,FMAS - Projeto Restaurante Escola,5,
1321005101060130011109000,TOTAL DEDUÇÕES FMAS - PROJETO RESTAURANTE ESCOLA,5,
1321005101060130011109001,Deduções FMAS - Projeto Restaurante Escola,5,
1321005101060140000000000,FUNDO MUNICIPAL DE DESENVOLVIMENTO DE TRÂNSITO,5,
1321005101060150000000000,"FUNDO MUNICIPAL DE ESPORTES, LAZER E RECREAÇÃO",5,
1321005101060160000000000,FUNDO MUNICIPAL DE HABITAÇÃO,5,
1321005101060170000000000,FUNDO MUNICIPAL DE ILUMINAÇÃO PÚBLICA,5,
1321005101060180000000000,FUNDO MUNICIPAL DE PARQUES,5,
1321005101060190000000000,FUNDO MUNICIPAL DE SANEAMENTO AMBIENTAL E INFRAESTRUTURA,5,
1321005101060200000000000,FUNDO MUNICIPAL DE SAÚDE,5,
1321005101060200010000000,RENDIMENTOS SOBRE MULTAS PREVISTAS NA LEGISLAÇÃO SANITÁRIA - FMS,5,
1321005101060200011100000,RENDIMENTOS SOBRE MULTAS PREVISTAS NA LEGISLAÇÃO SANITÁRIA - FMS,5,
1321005101060200011101000,Rendimentos Sobre Multas Previstas na Legislação Sanitária - FMS,5,
1321005101060200011109000,TOTAL DEDUÇÕES RENDIMENTOS SOBRE MULTAS PREVISTAS NA LEGISLAÇÃO SANITÁRIA - FMS,5,
1321005101060200011109001,Deduções Rendimentos Sobre Multas Previstas na Legislação Sanitária - FMS,5,
1321005101060200020000000,RENDIMENTOS DE APLICAÇÃO FINANCEIRA – MULTAS DECORRENTES DE SENTENÇAS JUDICIAIS – FMS,5,
1321005101060200021100000,RENDIMENTOS DE APLICAÇÃO FINANCEIRA – MULTAS DECORRENTES DE SENTENÇAS JUDICIAIS – FMS,5,
1321005101060200021101000,Rendimentos de Aplicação Financeira – Multas Decorrentes de Sentenças Judiciais – FMS,5,
1321005101060200030000000,FMS X OPAS/OMS ,5,
1321005101060200031100000,FMS X OPAS/OMS,5,
1321005101060200031101000,FMS X OPAS/OMS,5,
1321005101060200040000000,ACORDO MP - UPA PEDIATRA MENINO JESUS,5,
1321005101060200041100000,ACORDO MP - UPA PEDIATRA MENINO JESUS,5,
1321005101060200041101000,Acordo MP - UPA Pediatra Menino Jesus,5,
1321005101060210000000000,FUNDO MUNICIPAL DE TURISMO,5,
1321005101060220000000000,FUNDO MUNICIPAL DOS DIREITOS DA CRIANÇA E DO ADOLESCENTE,5,
1321005101060220010000000,FUMCAD,5,
1321005101060220011100000,FUMCAD,5,
1321005101060220011101000,FUMCAD,5,
1321005101060220011109000,TOTAL DEDUÇÕES FUMCAD,5,
1321005101060220011109001,Deduções FUMCAD,5,
1321005101060230000000000,FUNDO MUNICIPAL DE HABITAÇÃO - COHAB,5,
1321005101060240000000000,SECRETARIA DO GOVERNO MUNICIPAL,5,
1321005101060240010000000,PROGRAMA @ LIS/ALIANÇA PARA A SOCIEDADE DA INFORMAÇÃO,5,
1321005101060240011100000,PROGRAMA @ LIS/ALIANÇA PARA A SOCIEDADE DA INFORMAÇÃO,5,
1321005101060240011101000,Programa @ Lis/Aliança para a Sociedade da Informação,5,
1321005101060240011109000,TOTAL DEDUÇÕES PROGRAMA @ LIS/ALIANÇA PARA A SOCIEDADE DA INFORMAÇÃO,5,
1321005101060240011109001,Deduções Programa @ Lis/Aliança para a Sociedade da Informação,5,
1321005101060250000000000,"SECRETARIA MUNICIPAL  DE MODERNIZAÇÃO, GESTÃO E DESBUROCRATIZAÇÃO",5,
1321005101060260000000000,SECRETARIA MUNICIPAL DA PESSOA COM DEFICIÊNCIA,5,
1321005101060270000000000,SECRETARIA MUNICIPAL DA SAÚDE,5,
1321005101060270010000000,INSTITUIÇÕES PRIVADAS X SMS,5,
1321005101060270011100000,INSTITUIÇÕES PRIVADAS X SMS,5,
1321005101060270011101000,Instituições Privadas x SMS,5,
1321005101060270011109000,TOTAL DEDUÇÕES INSTITUIÇÕES PRIVADAS X SMS,5,
1321005101060270011109001,Deduções Instituições Privadas x SMS,5,
1321005101060280000000000,SECRETARIA MUNICIPAL DE ABASTECIMENTO,5,
1321005101060290000000000,SECRETARIA MUNICIPAL DE ASSISTÊNCIA E DESENVOLVIMENTO SOCIAL,5,
1321005101060300000000000,SECRETARIA MUNICIPAL DAS SUBPREFEITURAS,5,
1321005101060310000000000,SECRETARIA MUNICIPAL DE CULTURA,5,
1321005101060310010000000,CONVÊNIO SMC - EXTERIOR,5,
1321005101060310011100000,CONVÊNIO SMC - EXTERIOR,5,
1321005101060310011101000,Convênio SMC - Exterior,5,
1321005101060310011109000,TOTAL DEDUÇÕES CONVÊNIO SMC - EXTERIOR,5,
1321005101060310011109001,Deduções Convênio SMC - Exterior,5,
1321005101060310020000000,CONSTRUÇÃO DA BIBLIOTECA DE ITAQUETA/SAVOY,5,
1321005101060310021100000,CONSTRUÇÃO DA BIBLIOTECA DE ITAQUETA/SAVOY,5,
1321005101060310021101000,Construção da Biblioteca de Itaqueta/Savoy,5,
1321005101060310021109000,TOTAL DEDUÇÕES CONSTRUÇÃO DA BIBLIOTECA DE ITAQUETA/SAVOY,5,
1321005101060310021109001,Deduções Construção da Biblioteca de Itaqueta/Savoy,5,
1321005101060310030000000,TRANSFERÊNCIAS DO EXTERIOR - SMC,5,
1321005101060310031100000,TRANSFERÊNCIAS DO EXTERIOR - SMC,5,
1321005101060310031101000,Transferências do Exterior - SMC,5,
1321005101060310031109000,TOTAL DEDUÇÕES TRANSFERÊNCIAS DO EXTERIOR - SMC,5,
1321005101060310031109001,Deduções Transferências do Exterior - SMC,5,
1321005101060310040000000,Instituições Privadas/SMC,5,
1321005101060310041100000,Instituições Privadas/SMC,5,
1321005101060310041101000,Instituições Privadas/SMC,5,
1321005101060310041109000,Total Deduções Instituições Privadas/SMC,5,
1321005101060310041109001,Deduções Instituições Privadas/SMC,5,
1321005101060320000000000,SECRETARIA MUNICIPAL DE URBANISMO E LICENCIAMENTO,5,
1321005101060330000000000,SECRETARIA MUNICIPAL DE DIREITOS HUMANOS E CIDADANIA,5,
1321005101060330010000000,"PROGRAMA URB-AL, REDE N° 10",5,
1321005101060330011100000,"PROGRAMA URB-AL, REDE N° 10",5,
1321005101060330011101000,"Programa URB-AL, Rede n° 10",5,
1321005101060330011109000,"TOTAL DEDUÇÕES PROGRAMA URB-AL, REDE N° 10",5,
1321005101060330011109001,"Deduções Programa URB-AL, Rede n° 10",5,
1321005101060340000000000,SECRETARIA MUNICIPAL DE EDUCAÇÃO,5,
1321005101060350000000000,SECRETARIA MUNICIPAL DE ESPORTES E LAZER,5,
1321005101060360000000000,SECRETARIA MUNICIPAL DA FAZENDA,5,
1321005101060360010000000,PMSP-SF/REEMBOLSO DE DESPESAS - LOT SÍTIO ROSINHA,5,
1321005101060360011100000,PMSP-SF/REEMBOLSO DE DESPESAS - LOT SÍTIO ROSINHA,5,
1321005101060360011101000,PMSP-SF/Reembolso de Despesas - Lot Sítio Rosinha,5,
1321005101060360011109000,TOTAL DEDUÇÕES PMSP-SF/REEMBOLSO DE DESPESAS - LOT SÍTIO ROSINHA,5,
1321005101060360011109001,Deduções PMSP-SF/Reembolso de Despesas - Lot Sítio Rosinha,5,
1321005101060370000000000,SECRETARIA MUNICIPAL DE GESTÃO,5,
1321005101060380000000000,SECRETARIA MUNICIPAL DE HABITAÇÃO,5,
1321005101060380010000000,SEHAB X INSTITUIÇÕES PRIVADAS,5,
1321005101060380011100000,SEHAB X INSTITUIÇÕES PRIVADAS,5,
1321005101060380011101000,SEHAB X Instituições Privadas,5,
1321005101060380011109000,TOTAL DEDUÇÕES SEHAB X INSTITUIÇÕES PRIVADAS,5,
1321005101060380011109001,Deduções SEHAB X Instituições Privadas,5,
1321005101060380020000000,PMSP-SEHAB X COHAB-OBRAS,5,
1321005101060380021100000,PMSP-SEHAB X COHAB-OBRAS,5,
1321005101060380021101000,PMSP-SEHAB X COHAB-Obras,5,
1321005101060380030000000,ACORDO BANCO DO BRASIL - REGULARIZAÇÃO AMBIENTAL E FUNDIÁRIA JARDIM KERALUX,5,
1321005101060380031100000,ACORDO BANCO DO BRASIL-REGULARIZAÇÃO AMBIENTAL E FUNDIÁRIA JD KERALUX,5,
1321005101060380031101000,Acordo Banco do Brasil - Regularização Ambiental e Fundiária Jd Keralux,5,
1321005101060390000000000,SECRETARIA MUNICIPAL DE INFRAESTRUTURA URBANA E OBRAS,5,
1321005101060400000000000,SECRETARIA MUNICIPAL DE DESESTATIZAÇÃO E PARCERIAS,5,
1321005101060410000000000,SECRETARIA MUNICIPAL DE RELAÇÕES INTERNACIONAIS,5,
1321005101060410010000000,PROGRAMA URB-AL - PROJETO COMUM R3-B1-04 - OBSERVATÓRIOS LOCAIS DA DEMOCRACIA,5,
1321005101060410011100000,PROGRAMA URB-AL - PROJETO COMUM R3-B1-04 - OBSERVATÓRIOS LOCAIS DA DEMOCRACIA,5,
1321005101060410011101000,Programa URB-AL - Projeto Comum R3-B1-04 - Observatórios Locais da Democracia,5,
1321005101060410011109000,TOTAL DEDUÇÕES PROGRAMA URB-AL - PROJETO COMUM R3-B1-04 - OBSERVATÓRIOS LOCAIS DA DEMOCRACIA,5,
1321005101060410011109001,Deduções Programa URB-AL - Projeto Comum R3-B1-04 - Observatórios Locais da Democracia,5,
1321005101060410020000000,CONVÊNIO SMRI X EXTERIOR,5,
1321005101060410021100000,CONVÊNIO SMRI X EXTERIOR,5,
1321005101060410021101000,Convênio SMRI X Exterior,5,
1321005101060410021109000,TOTAL DEDUÇÕES CONVÊNIO SMRI X EXTERIOR,5,
1321005101060410021109001,Deduções Convênio SMRI X Exterior,5,
1321005101060420000000000,SECRETARIA MUNICIPAL DE SEGURANÇA URBANA,5,
1321005101060430000000000,SECRETARIA MUNICIPAL DE INOVAÇÃO E TECNOLOGIA,5,
1321005101060440000000000,SECRETARIA MUNICIPAL DE MOBILIDADE E TRANSPORTES,5,
1321005101060450000000000,SECRETARIA MUNICIPAL DE DESENVOLVIMENTO ECONÔMICO,5,
1321005101060460000000000,SECRETARIA MUNICIPAL DO VERDE E DO MEIO AMBIENTE,5,
1321005101060460010000000,CONVÊNIO SVMA X EXTERIOR,5,
1321005101060460011100000,CONVÊNIO SVMA X EXTERIOR,5,
1321005101060460011101000,Convênio SVMA X Exterior,5,
1321005101060460011109000,TOTAL DEDUÇÕES CONVÊNIO SVMA X EXTERIOR,5,
1321005101060460011109001,Deduções Convênio SVMA X Exterior,5,
1321005101060470000000000,SECRETARIA MUNICIPAL DE JUSTIÇA,5,
1321005101060480000000000,SUBPREFEITURA ARICANDUVA/FORMOSA/CARRÃO,5,
1321005101060490000000000,SUBPREFEITURA BUTANTÃ,5,
1321005101060500000000000,SUBPREFEITURA CAMPO LIMPO,5,
1321005101060510000000000,SUBPREFEITURA CAPELA DO SOCORRO,5,
1321005101060520000000000,SUBPREFEITURA CASA VERDE/CACHOEIRINHA,5,
1321005101060530000000000,SUBPREFEITURA CIDADE ADEMAR,5,
1321005101060540000000000,SUBPREFEITURA CIDADE TIRADENTES,5,
1321005101060550000000000,SUBPREFEITURA DE SAPOPEMBA,5,
1321005101060560000000000,SUBPREFEITURA DO ITAIM PAULISTA,5,
1321005101060570000000000,SUBPREFEITURA ERMELINO MATARAZZO,5,
1321005101060580000000000,SUBPREFEITURA FREGUESIA/BRASILÂNDIA,5,
1321005101060590000000000,SUBPREFEITURA GUAIANASES,5,
1321005101060600000000000,SUBPREFEITURA IPIRANGA,5,
1321005101060610000000000,SUBPREFEITURA ITAQUERA,5,
1321005101060620000000000,SUBPREFEITURA JABAQUARA,5,
1321005101060630000000000,SUBPREFEITURA JAÇANÃ/TREMEMBÉ,5,
1321005101060640000000000,SUBPREFEITURA LAPA,5,
1321005101060650000000000,SUBPREFEITURA M´BOI MIRIM,5,
1321005101060660000000000,SUBPREFEITURA MOÓCA,5,
1321005101060670000000000,SUBPREFEITURA PARELHEIROS,5,
1321005101060680000000000,SUBPREFEITURA PENHA,5,
1321005101060690000000000,SUBPREFEITURA PERUS,5,
1321005101060700000000000,SUBPREFEITURA PINHEIROS,5,
1321005101060710000000000,SUBPREFEITURA PIRITUBA/JARAGUÁ,5,
1321005101060720000000000,SUBPREFEITURA SANTANA/TUCURUVI,5,
1321005101060730000000000,SUBPREFEITURA SANTO AMARO,5,
1321005101060740000000000,SUBPREFEITURA SÃO MATEUS,5,
1321005101060750000000000,SUBPREFEITURA SÃO MIGUEL,5,
1321005101060760000000000,SUBPREFEITURA SÉ,5,
1321005101060770000000000,SUBPREFEITURA VILA MARIA/VILA GUILHERME,5,
1321005101060780000000000,SUBPREFEITURA VILA MARIANA,5,
1321005101060790000000000,SUBPREFEITURA VILA PRUDENTE,5,
1321005101060800000000000,TRIBUNAL DE CONTAS DO MUNICÍPIO DE SÃO PAULO,5,
1321005101060810000000000,HOSPITAL DO SERVIDOR PÚBLICO MUNICIPAL,5,
1321005101060820000000000,INSTITUTO DE PREVIDÊNCIA MUNICIPAL DE SÃO PAULO,5,
1321005101060830000000000,SERVIÇO FUNERÁRIO DO MUNICÍPIO DE SÃO PAULO,5,
1321005101060840000000000,AUTARQUIA HOSPITALAR MUNICIPAL,5,
1321005101060850000000000,FUNDO ESPECIAL DE DESPESAS DA CMSP,5,
1321005101060860000000000,FUNDO ESPECIAL DE DESPESAS DO TCMSP,5,
1321005101060870000000000,COMPANHIA METROPOLITANA DE HABITAÇÃO DE SÃO PAULO,5,
1321005101060880000000000,FUNDO MUNICIPAL DO IDOSO,5,
1321005101070000000000000,RECURSOS PRÓPRIOS DA ADMINISTRAÇÃO INDIRETA,5,
1321005101070010000000000,PREFEITURA MUNICIPAL DE SÃO PAULO,5,
1321005101070020000000000,CÂMARA MUNICIPAL DE SÃO PAULO,5,
1321005101070030000000000,CONTROLADORIA GERAL DO MUNICÍPIO DE SÃO PAULO,5,
1321005101070040000000000,ENCARGOS GERAIS DO MUNICÍPIO,5,
1321005101070050000000000,FUNDAÇÃO THEATRO MUNICIPAL DE SÃO PAULO,5,
1321005101070050010000000,FUNDAÇÃO THEATRO MUNICIPAL DE SÃO PAULO,5,
1321005101070050011100000,FUNDAÇÃO THEATRO MUNICIPAL DE SÃO PAULO,5,
1321005101070050011101000,Fundação Theatro Municipal de São Paulo,5,
1321005101070050011109000,TOTAL DEDUÇÕES FUNDAÇÃO THEATRO MUNICIPAL DE SÃO PAULO,5,
1321005101070050011109001,Deduções Fundação Theatro Municipal de São Paulo,5,
1321005101070060000000000,FUNDAÇÃO PAULISTANA DE EDUCAÇÃO E TECNOLOGIA,5,
1321005101070060010000000,FUNDAÇÃO PAULISTANA DE EDUCAÇÃO E TECNOLOGIA,5,
1321005101070060011100000,FUNDAÇÃO PAULISTANA DE EDUCAÇÃO E TECNOLOGIA,5,
1321005101070060011101000,Fundação Paulistana de Educação e Tecnologia,5,
1321005101070060011109000,TOTAL DEDUÇÕES FUNDAÇÃO PAULISTANA DE EDUCAÇÃO E TECNOLOGIA,5,
1321005101070060011109001,Deduções Fundação Paulistana de Educação e Tecnologia,5,
1321005101070070000000000,FUNDO DE DESENVOLVIMENTO URBANO,5,
1321005101070080000000000,FUNDO DE PRESERVAÇÃO DO PATRIMÔNIO HISTÓRICO E CULTURAL,5,
1321005101070090000000000,FUNDO DE PROTEÇÃO DO PATRIMÔNIO CULTURAL E AMBIENTAL PAULISTANO,5,
1321005101070100000000000,FUNDO ESPECIAL DE PROMOÇÃO DE ATIVIDADES CULTURAIS,5,
1321005101070110000000000,FUNDO ESPECIAL DO MEIO AMBIENTE E DESENVOLVIMENTO SUSTENTÁVEL,5,
1321005101070120000000000,FUNDO MUN. DO SIST. DOS CORREDORES SEGREGADOS EXCLUS. P/ TRÁFEGO,5,
1321005101070130000000000,FUNDO MUNICIPAL DE ASSISTÊNCIA SOCIAL,5,
1321005101070140000000000,FUNDO MUNICIPAL DE DESENVOLVIMENTO DE TRÂNSITO,5,
1321005101070150000000000,"FUNDO MUNICIPAL DE ESPORTES, LAZER E RECREAÇÃO",5,
1321005101070160000000000,FUNDO MUNICIPAL DE HABITAÇÃO,5,
1321005101070170000000000,FUNDO MUNICIPAL DE ILUMINAÇÃO PÚBLICA,5,
1321005101070180000000000,FUNDO MUNICIPAL DE PARQUES,5,
1321005101070190000000000,FUNDO MUNICIPAL DE SANEAMENTO AMBIENTAL E INFRAESTRUTURA,5,
1321005101070200000000000,FUNDO MUNICIPAL DE SAÚDE,5,
1321005101070210000000000,FUNDO MUNICIPAL DE TURISMO,5,
1321005101070220000000000,FUNDO MUNICIPAL DOS DIREITOS DA CRIANÇA E DO ADOLESCENTE,5,
1321005101070230000000000,FUNDO MUNICIPAL DE HABITAÇÃO - COHAB,5,
1321005101070240000000000,SECRETARIA DO GOVERNO MUNICIPAL,5,
1321005101070250000000000,"SECRETARIA MUNICIPAL  DE MODERNIZAÇÃO, GESTÃO E DESBUROCRATIZAÇÃO",5,
1321005101070260000000000,SECRETARIA MUNICIPAL DA PESSOA COM DEFICIÊNCIA,5,
1321005101070270000000000,SECRETARIA MUNICIPAL DA SAÚDE,5,
1321005101070280000000000,SECRETARIA MUNICIPAL DE ABASTECIMENTO,5,
1321005101070290000000000,SECRETARIA MUNICIPAL DE ASSISTÊNCIA E DESENVOLVIMENTO SOCIAL,5,
1321005101070300000000000,SECRETARIA MUNICIPAL DAS SUBPREFEITURAS,5,
1321005101070310000000000,SECRETARIA MUNICIPAL DE CULTURA,5,
1321005101070320000000000,SECRETARIA MUNICIPAL DE URBANISMO E LICENCIAMENTO,5,
1321005101070330000000000,SECRETARIA MUNICIPAL DE DIREITOS HUMANOS E CIDADANIA,5,
1321005101070340000000000,SECRETARIA MUNICIPAL DE EDUCAÇÃO,5,
1321005101070350000000000,SECRETARIA MUNICIPAL DE ESPORTES E LAZER,5,
1321005101070360000000000,SECRETARIA MUNICIPAL DA FAZENDA,5,
1321005101070370000000000,SECRETARIA MUNICIPAL DE GESTÃO,5,
1321005101070380000000000,SECRETARIA MUNICIPAL DE HABITAÇÃO,5,
1321005101070390000000000,SECRETARIA MUNICIPAL DE INFRAESTRUTURA URBANA E OBRAS,5,
1321005101070400000000000,SECRETARIA MUNICIPAL DE DESESTATIZAÇÃO E PARCERIAS,5,
1321005101070410000000000,SECRETARIA MUNICIPAL DE RELAÇÕES INTERNACIONAIS,5,
1321005101070420000000000,SECRETARIA MUNICIPAL DE SEGURANÇA URBANA,5,
1321005101070430000000000,SECRETARIA MUNICIPAL DE INOVAÇÃO E TECNOLOGIA,5,
1321005101070440000000000,SECRETARIA MUNICIPAL DE MOBILIDADE E TRANSPORTES,5,
1321005101070450000000000,SECRETARIA MUNICIPAL DE DESENVOLVIMENTO ECONÔMICO,5,
1321005101070460000000000,SECRETARIA MUNICIPAL DO VERDE E DO MEIO AMBIENTE,5,
1321005101070470000000000,SECRETARIA MUNICIPAL DE JUSTIÇA,5,
1321005101070480000000000,SUBPREFEITURA ARICANDUVA/FORMOSA/CARRÃO,5,
1321005101070490000000000,SUBPREFEITURA BUTANTÃ,5,
1321005101070500000000000,SUBPREFEITURA CAMPO LIMPO,5,
1321005101070510000000000,SUBPREFEITURA CAPELA DO SOCORRO,5,
1321005101070520000000000,SUBPREFEITURA CASA VERDE/CACHOEIRINHA,5,
1321005101070530000000000,SUBPREFEITURA CIDADE ADEMAR,5,
1321005101070540000000000,SUBPREFEITURA CIDADE TIRADENTES,5,
1321005101070550000000000,SUBPREFEITURA DE SAPOPEMBA,5,
1321005101070560000000000,SUBPREFEITURA DO ITAIM PAULISTA,5,
1321005101070570000000000,SUBPREFEITURA ERMELINO MATARAZZO,5,
1321005101070580000000000,SUBPREFEITURA FREGUESIA/BRASILÂNDIA,5,
1321005101070590000000000,SUBPREFEITURA GUAIANASES,5,
1321005101070600000000000,SUBPREFEITURA IPIRANGA,5,
1321005101070610000000000,SUBPREFEITURA ITAQUERA,5,
1321005101070620000000000,SUBPREFEITURA JABAQUARA,5,
1321005101070630000000000,SUBPREFEITURA JAÇANÃ/TREMEMBÉ,5,
1321005101070640000000000,SUBPREFEITURA LAPA,5,
1321005101070650000000000,SUBPREFEITURA M´BOI MIRIM,5,
1321005101070660000000000,SUBPREFEITURA MOÓCA,5,
1321005101070670000000000,SUBPREFEITURA PARELHEIROS,5,
1321005101070680000000000,SUBPREFEITURA PENHA,5,
1321005101070690000000000,SUBPREFEITURA PERUS,5,
1321005101070700000000000,SUBPREFEITURA PINHEIROS,5,
1321005101070710000000000,SUBPREFEITURA PIRITUBA/JARAGUÁ,5,
1321005101070720000000000,SUBPREFEITURA SANTANA/TUCURUVI,5,
1321005101070730000000000,SUBPREFEITURA SANTO AMARO,5,
1321005101070740000000000,SUBPREFEITURA SÃO MATEUS,5,
1321005101070750000000000,SUBPREFEITURA SÃO MIGUEL,5,
1321005101070760000000000,SUBPREFEITURA SÉ,5,
1321005101070770000000000,SUBPREFEITURA VILA MARIA/VILA GUILHERME,5,
1321005101070780000000000,SUBPREFEITURA VILA MARIANA,5,
1321005101070790000000000,SUBPREFEITURA VILA PRUDENTE,5,
1321005101070800000000000,TRIBUNAL DE CONTAS DO MUNICÍPIO DE SÃO PAULO,5,
1321005101070810000000000,HOSPITAL DO SERVIDOR PÚBLICO MUNICIPAL,5,
1321005101070810010000000,HOSPITAL DO SERVIDOR PÚBLICO MUNICIPAL,5,
1321005101070810011100000,HOSPITAL DO SERVIDOR PÚBLICO MUNICIPAL,5,
1321005101070810011101000,Hospital do Servidor Público Municipal,5,
1321005101070810011109000,TOTAL DEDUÇÕES HOSPITAL DO SERVIDOR PÚBLICO MUNICIPAL,5,
1321005101070810011109001,Deduções Hospital do Servidor Público Municipal,5,
1321005101070820000000000,INSTITUTO DE PREVIDÊNCIA MUNICIPAL DE SÃO PAULO,5,
1321005101070830000000000,SERVIÇO FUNERÁRIO DO MUNICÍPIO DE SÃO PAULO,5,
1321005101070830010000000,SERVIÇO FUNERÁRIO DO MUNICÍPIO DE SÃO PAULO,5,
1321005101070830011100000,SERVIÇO FUNERÁRIO DO MUNICÍPIO DE SÃO PAULO,5,
1321005101070830011101000,Serviço Funerário do Município de São Paulo,5,
1321005101070830011109000,TOTAL DEDUÇÕES SERVIÇO FUNERÁRIO DO MUNICÍPIO DE SÃO PAULO,5,
1321005101070830011109001,Deduções Serviço Funerário do Município de São Paulo,5,
1321005101070840000000000,AUTARQUIA HOSPITALAR MUNICIPAL,5,
1321005101070850000000000,FUNDO ESPECIAL DE DESPESAS DA CMSP,5,
1321005101070860000000000,FUNDO ESPECIAL DE DESPESAS DO TCMSP,5,
1321005101070870000000000,COMPANHIA METROPOLITANA DE HABITAÇÃO DE SÃO PAULO,5,
1321005101070880000000000,FUNDO MUNICIPAL DO IDOSO,5,
1321005101080000000000000,RECEITA CONDICIONADA,5,
1321005101080010000000000,PREFEITURA MUNICIPAL DE SÃO PAULO,5,
1321005101080020000000000,CÂMARA MUNICIPAL DE SÃO PAULO,5,
1321005101080030000000000,CONTROLADORIA GERAL DO MUNICÍPIO DE SÃO PAULO,5,
1321005101080040000000000,ENCARGOS GERAIS DO MUNICÍPIO,5,
1321005101080050000000000,FUNDAÇÃO THEATRO MUNICIPAL DE SÃO PAULO,5,
1321005101080060000000000,FUNDAÇÃO PAULISTANA DE EDUCAÇÃO E TECNOLOGIA,5,
1321005101080070000000000,FUNDO DE DESENVOLVIMENTO URBANO,5,
1321005101080080000000000,FUNDO DE PRESERVAÇÃO DO PATRIMÔNIO HISTÓRICO E CULTURAL,5,
1321005101080090000000000,FUNDO DE PROTEÇÃO DO PATRIMÔNIO CULTURAL E AMBIENTAL PAULISTANO,5,
1321005101080100000000000,FUNDO ESPECIAL DE PROMOÇÃO DE ATIVIDADES CULTURAIS,5,
1321005101080110000000000,FUNDO ESPECIAL DO MEIO AMBIENTE E DESENVOLVIMENTO SUSTENTÁVEL,5,
1321005101080120000000000,FUNDO MUN. DO SIST. DOS CORREDORES SEGREGADOS EXCLUS. P/ TRÁFEGO,5,
1321005101080130000000000,FUNDO MUNICIPAL DE ASSISTÊNCIA SOCIAL,5,
1321005101080140000000000,FUNDO MUNICIPAL DE DESENVOLVIMENTO DE TRÂNSITO,5,
1321005101080150000000000,"FUNDO MUNICIPAL DE ESPORTES, LAZER E RECREAÇÃO",5,
1321005101080160000000000,FUNDO MUNICIPAL DE HABITAÇÃO,5,
1321005101080170000000000,FUNDO MUNICIPAL DE ILUMINAÇÃO PÚBLICA,5,
1321005101080180000000000,FUNDO MUNICIPAL DE PARQUES,5,
1321005101080190000000000,FUNDO MUNICIPAL DE SANEAMENTO AMBIENTAL E INFRAESTRUTURA,5,
1321005101080200000000000,FUNDO MUNICIPAL DE SAÚDE,5,
1321005101080210000000000,FUNDO MUNICIPAL DE TURISMO,5,
1321005101080220000000000,FUNDO MUNICIPAL DOS DIREITOS DA CRIANÇA E DO ADOLESCENTE,5,
1321005101080230000000000,FUNDO MUNICIPAL DE HABITAÇÃO,5,
1321005101080240000000000,SECRETARIA DO GOVERNO MUNICIPAL,5,
1321005101080250000000000,"SECRETARIA MUNICIPAL  DE MODERNIZAÇÃO, GESTÃO E DESBUROCRATIZAÇÃO",5,
1321005101080260000000000,SECRETARIA MUNICIPAL DA PESSOA COM DEFICIÊNCIA,5,
1321005101080270000000000,SECRETARIA MUNICIPAL DA SAÚDE,5,
1321005101080280000000000,SECRETARIA MUNICIPAL DE ABASTECIMENTO,5,
1321005101080290000000000,SECRETARIA MUNICIPAL DE ASSISTÊNCIA E DESENVOLVIMENTO SOCIAL,5,
1321005101080300000000000,SECRETARIA MUNICIPAL DAS SUBPREFEITURAS,5,
1321005101080310000000000,SECRETARIA MUNICIPAL DE CULTURA,5,
1321005101080320000000000,SECRETARIA MUNICIPAL DE URBANISMO E LICENCIAMENTO,5,
1321005101080330000000000,SECRETARIA MUNICIPAL DE DIREITOS HUMANOS E CIDADANIA,5,
1321005101080340000000000,SECRETARIA MUNICIPAL DE EDUCAÇÃO,5,
1321005101080350000000000,SECRETARIA MUNICIPAL DE ESPORTES E LAZER,5,
1321005101080360000000000,SECRETARIA MUNICIPAL DA FAZENDA,5,
1321005101080370000000000,SECRETARIA MUNICIPAL DE GESTÃO,5,
1321005101080380000000000,SECRETARIA MUNICIPAL DE HABITAÇÃO,5,
1321005101080390000000000,SECRETARIA MUNICIPAL DE INFRAESTRUTURA URBANA E OBRAS,5,
1321005101080400000000000,SECRETARIA MUNICIPAL DE DESESTATIZAÇÃO E PARCERIAS,5,
1321005101080410000000000,SECRETARIA MUNICIPAL DE RELAÇÕES INTERNACIONAIS,5,
1321005101080420000000000,SECRETARIA MUNICIPAL DE SEGURANÇA URBANA,5,
1321005101080430000000000,SECRETARIA MUNICIPAL DE INOVAÇÃO E TECNOLOGIA,5,
1321005101080440000000000,SECRETARIA MUNICIPAL DE MOBILIDADE E TRANSPORTES,5,
1321005101080450000000000,SECRETARIA MUNICIPAL DE DESENVOLVIMENTO ECONÔMICO,5,
1321005101080460000000000,SECRETARIA MUNICIPAL DO VERDE E DO MEIO AMBIENTE,5,
1321005101080470000000000,SECRETARIA MUNICIPAL DE JUSTIÇA,5,
1321005101080480000000000,SUBPREFEITURA ARICANDUVA/FORMOSA/CARRÃO,5,
1321005101080490000000000,SUBPREFEITURA BUTANTÃ,5,
1321005101080500000000000,SUBPREFEITURA CAMPO LIMPO,5,
1321005101080510000000000,SUBPREFEITURA CAPELA DO SOCORRO,5,
1321005101080520000000000,SUBPREFEITURA CASA VERDE/CACHOEIRINHA,5,
1321005101080530000000000,SUBPREFEITURA CIDADE ADEMAR,5,
1321005101080540000000000,SUBPREFEITURA CIDADE TIRADENTES,5,
1321005101080550000000000,SUBPREFEITURA DE SAPOPEMBA,5,
1321005101080560000000000,SUBPREFEITURA DO ITAIM PAULISTA,5,
1321005101080570000000000,SUBPREFEITURA ERMELINO MATARAZZO,5,
1321005101080580000000000,SUBPREFEITURA FREGUESIA/BRASILÂNDIA,5,
1321005101080590000000000,SUBPREFEITURA GUAIANASES,5,
1321005101080600000000000,SUBPREFEITURA IPIRANGA,5,
1321005101080610000000000,SUBPREFEITURA ITAQUERA,5,
1321005101080620000000000,SUBPREFEITURA JABAQUARA,5,
1321005101080630000000000,SUBPREFEITURA JAÇANÃ/TREMEMBÉ,5,
1321005101080640000000000,SUBPREFEITURA LAPA,5,
1321005101080650000000000,SUBPREFEITURA M´BOI MIRIM,5,
1321005101080660000000000,SUBPREFEITURA MOÓCA,5,
1321005101080670000000000,SUBPREFEITURA PARELHEIROS,5,
1321005101080680000000000,SUBPREFEITURA PENHA,5,
1321005101080690000000000,SUBPREFEITURA PERUS,5,
1321005101080700000000000,SUBPREFEITURA PINHEIROS,5,
1321005101080710000000000,SUBPREFEITURA PIRITUBA/JARAGUÁ,5,
1321005101080720000000000,SUBPREFEITURA SANTANA/TUCURUVI,5,
1321005101080730000000000,SUBPREFEITURA SANTO AMARO,5,
1321005101080740000000000,SUBPREFEITURA SÃO MATEUS,5,
1321005101080750000000000,SUBPREFEITURA SÃO MIGUEL,5,
1321005101080760000000000,SUBPREFEITURA SÉ,5,
1321005101080770000000000,SUBPREFEITURA VILA MARIA/VILA GUILHERME,5,
1321005101080780000000000,SUBPREFEITURA VILA MARIANA,5,
1321005101080790000000000,SUBPREFEITURA VILA PRUDENTE,5,
1321005101080800000000000,TRIBUNAL DE CONTAS DO MUNICÍPIO DE SÃO PAULO,5,
1321005101080810000000000,HOSPITAL DO SERVIDOR PÚBLICO MUNICIPAL,5,
1321005101080820000000000,INSTITUTO DE PREVIDÊNCIA MUNICIPAL DE SÃO PAULO,5,
1321005101080830000000000,SERVIÇO FUNERÁRIO DO MUNICÍPIO DE SÃO PAULO,5,
1321005101080840000000000,AUTARQUIA HOSPITALAR MUNICIPAL,5,
1321005101080850000000000,FUNDO ESPECIAL DE DESPESAS DA CMSP,5,
1321005101080860000000000,FUNDO ESPECIAL DE DESPESAS DO TCMSP,5,
1321005101080870000000000,COMPANHIA METROPOLITANA DE HABITAÇÃO DE SÃO PAULO,5,
1321005101080880000000000,FUNDO MUNICIPAL DO IDOSO,5,
1321005101090000000000000,TESOURO MUNICIPAL - RECURSOS VINCULADOS,5,
1321005101090010000000000,PREFEITURA MUNICIPAL DE SÃO PAULO,5,
1321005101090020000000000,CÂMARA MUNICIPAL DE SÃO PAULO,5,
1321005101090020010000000,CÂMARA MUNICIPAL DE SÃO PAULO,5,
1321005101090020011100000,CÂMARA MUNICIPAL DE SÃO PAULO,5,
1321005101090020011101000,Rendimentos de Aplicação Financeira - CMSP,5,
1321005101090020011109000,TOTAL DEDUÇÕES CÂMARA MUNICIPAL DE SÃO PAULO,5,
1321005101090020011109001,Deduções Câmara Municipal de São Paulo,5,
1321005101090020020000000,FUNDO ESPECIAL DE DESPESAS DA CÂMARA MUNICIPAL DE SÃO PAULO,5,
1321005101090020021100000,FUNDO ESPECIAL DE DESPESAS DA CÂMARA MUNICIPAL DE SÃO PAULO,5,
1321005101090020021101000,Rendimentos de Aplicação Financeira - FECAM,5,
1321005101090020021109000,TOTAL DEDUÇÕES FUNDO ESPECIAL DE DESPESAS DA CÂMARA MUNICIPAL DE SÃO PAULO,5,
1321005101090020021109001,Deduções Fundo Especial de Despesas da Câmara Municipal de São Paulo,5,
1321005101090030000000000,CONTROLADORIA GERAL DO MUNICÍPIO DE SÃO PAULO,5,
1321005101090040000000000,ENCARGOS GERAIS DO MUNICÍPIO,5,
1321005101090050000000000,FUNDAÇÃO THEATRO MUNICIPAL DE SÃO PAULO,5,
1321005101090060000000000,FUNDAÇÃO PAULISTANA DE EDUCAÇÃO E TECNOLOGIA,5,
1321005101090060010000000,RENDIMENTOS DECORRENTES DE APLICAÇÃO FINANCEIRA - FUNDATEC,5,
1321005101090060011100000,RENDIMENTOS DECORRENTES DE APLICAÇÃO FINANCEIRA - FUNDATEC,5,
1321005101090060011101000,Rendimentos Decorrentes de Aplicação Financeira - FUNDATEC,5,
1321005101090070000000000,FUNDO DE DESENVOLVIMENTO URBANO,5,
1321005101090070010000000,RECEITA DE RENDIMENTOS DE APLICAÇÃO FINANCEIRA - FUNDURB,5,
1321005101090070011100000,RECEITA DE RENDIMENTOS DE APLICAÇÃO FINANCEIRA - FUNDURB,5,
1321005101090070011101000,Receita de Rendimentos de Aplicação Financeira - FUNDURB,5,
1321005101090070011109000,TOTAL DEDUÇÕES RECEITA DE RENDIMENTOS DE APLICAÇÃO FINANCEIRA - FUNDURB,5,
1321005101090070011109001,Deduções Receita de Rendimentos de Aplicação Financeira - FUNDURB,5,
1321005101090080000000000,FUNDO DE PRESERVAÇÃO DO PATRIMÔNIO HISTÓRICO E CULTURAL,5,
1321005101090080010000000,PMSP - FUNPATRI,5,
1321005101090080011100000,PMSP - FUNPATRI,5,
1321005101090080011101000,PMSP - FUNPATRI,5,
1321005101090080011109000,TOTAL DEDUÇÕES PMSP - FUNPATRI,5,
1321005101090080011109001,Deduções PMSP - FUNPATRI,5,
1321005101090090000000000,FUNDO DE PROTEÇÃO DO PATRIMÔNIO CULTURAL E AMBIENTAL PAULISTANO,5,
1321005101090090010000000,FUNCAP,5,
1321005101090090011100000,FUNCAP,5,
1321005101090090011101000,FUNCAP,5,
1321005101090090011109000,TOTAL DEDUÇÕES FUNCAP,5,
1321005101090090011109001,Deduções FUNCAP,5,
1321005101090100000000000,FUNDO ESPECIAL DE PROMOÇÃO DE ATIVIDADES CULTURAIS,5,
1321005101090100010000000,FEPAC,5,
1321005101090100011100000,FEPAC,5,
1321005101090100011101000,FEPAC,5,
1321005101090100011109000,TOTAL DEDUÇÕES FEPAC,5,
1321005101090100011109001,Deduções FEPAC,5,
1321005101090110000000000,FUNDO ESPECIAL DO MEIO AMBIENTE E DESENVOLVIMENTO SUSTENTÁVEL,5,
1321005101090110010000000,FEMA - FUNDO ESPECIAL DO MEIO AMBIENTE E DESENVOLVIMENTO SUSTENTÁVEL,5,
1321005101090110011100000,FEMA - FUNDO ESPECIAL DO MEIO AMBIENTE E DESENVOLVIMENTO SUSTENTÁVEL,5,
1321005101090110011101000,FEMA - Fundo Especial do Meio Ambiente e Desenvolvimento Sustentável,5,
1321005101090110011109000,TOTAL DEDUÇÕES FEMA - FUNDO ESPECIAL DO MEIO AMBIENTE E DESENVOLVIMENTO SUSTENTÁVEL,5,
1321005101090110011109001,Deduções FEMA - Fundo Especial do Meio Ambiente e Desenvolvimento Sustentável,5,
1321005101090120000000000,FUNDO MUN. DO SIST. DOS CORREDORES SEGREGADOS EXCLUS. P/ TRÁFEGO,5,
1321005101090130000000000,FUNDO MUNICIPAL DE ASSISTÊNCIA SOCIAL,5,
1321005101090140000000000,FUNDO MUNICIPAL DE DESENVOLVIMENTO DE TRÂNSITO,5,
1321005101090140010000000,FMDT,5,
1321005101090140011100000,FMDT,5,
1321005101090140011101000,FMDT,5,
1321005101090140011109000,TOTAL DEDUÇÕES FMDT,5,
1321005101090140011109001,Deduções FMDT,5,
1321005101090150000000000,"FUNDO MUNICIPAL DE ESPORTES, LAZER E RECREAÇÃO",5,
1321005101090160000000000,FUNDO MUNICIPAL DE HABITAÇÃO,5,
1321005101090160010000000,RENDIMENTOS FMH,5,
1321005101090160011100000,RENDIMENTOS FMH,5,
1321005101090160011101000,Rendimentos FMH,5,
1321005101090160011109000,TOTAL DEDUÇÕES RENDIMENTOS FMH,5,
1321005101090160011109001,Deduções Rendimentos FMH,5,
1321005101090160020000000,SEHAB - OUTORGA ONEROSA LEI 13.558/2003 ALTERADA PELA LEI 13.876/2004,5,
1321005101090160021100000,SEHAB - OUTORGA ONEROSA LEI 13.558/2003 ALTERADA PELA LEI 13.876/2004,5,
1321005101090160021101000,SEHAB - Outorga Onerosa Lei 13.558/2003 Alterada pela Lei 13.876/2004,5,
1321005101090160021109000,TOTAL DEDUÇÕES SEHAB - OUTORGA ONEROSA LEI 13.558/2003 ALTERADA PELA LEI 13.876/2004,5,
1321005101090160021109001,Deduções SEHAB - Outorga Onerosa Lei 13.558/2003 Alterada pela Lei 13.876/2004,5,
1321005101090170000000000,FUNDO MUNICIPAL DE ILUMINAÇÃO PÚBLICA,5,
1321005101090170010000000,CONTRIBUIÇÃO PARA O CUSTEIO DO SERVIÇO DE ILUMINAÇÃO PÚBLICA - COSIP/FUNDIP,5,
1321005101090170011100000,CONTRIBUIÇÃO PARA O CUSTEIO DO SERVIÇO DE ILUMINAÇÃO PÚBLICA - COSIP/FUNDIP,5,
1321005101090170011101000,Contribuição para o Custeio do Serviço de Iluminação Pública - COSIP/FUNDIP,5,
1321005101090170011109000,TOTAL DEDUÇÕES CONTRIBUIÇÃO PARA O CUSTEIO DO SERVIÇO DE ILUMINAÇÃO PÚBLICA - COSIP/FUNDIP,5,
1321005101090170011109001,Deduções Contribuição para o Custeio do Serviço de Iluminação Pública - COSIP/FUNDIP,5,
1321005101090180000000000,FUNDO MUNICIPAL DE PARQUES,5,
1321005101090190000000000,FUNDO MUNICIPAL DE SANEAMENTO AMBIENTAL E INFRAESTRUTURA,5,
1321005101090200000000000,FUNDO MUNICIPAL DE SAÚDE,5,
1321005101090210000000000,FUNDO MUNICIPAL DE TURISMO,5,
1321005101090220000000000,FUNDO MUNICIPAL DOS DIREITOS DA CRIANÇA E DO ADOLESCENTE,5,
1321005101090230000000000,FUNDO MUNICIPAL DE HABITAÇÃO - COHAB,5,
1321005101090240000000000,SECRETARIA DO GOVERNO MUNICIPAL,5,
1321005101090250000000000,"SECRETARIA MUNICIPAL  DE MODERNIZAÇÃO, GESTÃO E DESBUROCRATIZAÇÃO",5,
1321005101090260000000000,SECRETARIA MUNICIPAL DA PESSOA COM DEFICIÊNCIA,5,
1321005101090270000000000,SECRETARIA MUNICIPAL DA SAÚDE,5,
1321005101090280000000000,SECRETARIA MUNICIPAL DE ABASTECIMENTO,5,
1321005101090290000000000,SECRETARIA MUNICIPAL DE ASSISTÊNCIA E DESENVOLVIMENTO SOCIAL,5,
1321005101090300000000000,SECRETARIA MUNICIPAL DAS SUBPREFEITURAS,5,
1321005101090310000000000,SECRETARIA MUNICIPAL DE CULTURA,5,
1321005101090320000000000,SECRETARIA MUNICIPAL DE URBANISMO E LICENCIAMENTO,5,
1321005101090320010000000,OPERAÇÃO URBANA FARIA LIMA,5,
1321005101090320011100000,OPERAÇÃO URBANA FARIA LIMA,5,
1321005101090320011101000,Operação Urbana Faria Lima,5,
1321005101090320011109000,TOTAL DEDUÇÕES OPERAÇÃO URBANA FARIA LIMA,5,
1321005101090320011109001,Deduções Operação Urbana Faria Lima,5,
1321005101090320020000000,OPERAÇÃO URBANA ANHANGABAÚ,5,
1321005101090320021100000,OPERAÇÃO URBANA ANHANGABAÚ,5,
1321005101090320021101000,Operação Urbana Anhangabaú,5,
1321005101090320021109000,TOTAL DEDUÇÕES OPERAÇÃO URBANA ANHANGABAÚ,5,
1321005101090320021109001,Deduções Operação Urbana Anhangabaú,5,
1321005101090320030000000,FUNDO ESPECIAL OPERAÇÃO URBANA ÁGUA BRANCA - FEAB,5,
1321005101090320031100000,FUNDO ESPECIAL OPERAÇÃO URBANA ÁGUA BRANCA - FEAB,5,
1321005101090320031101000,Fundo Especial Operação Urbana Água Branca - FEAB,5,
1321005101090320031109000,TOTAL DEDUÇÕES FUNDO ESPECIAL OPERAÇÃO URBANA ÁGUA BRANCA - FEAB,5,
1321005101090320031109001,Deduções Fundo Especial Operação Urbana Água Branca - FEAB,5,
1321005101090320040000000,OPERAÇÃO URBANA FARIA LIMA - TRANSPORTES,5,
1321005101090320041100000,OPERAÇÃO URBANA FARIA LIMA - TRANSPORTES,5,
1321005101090320041101000,Operação Urbana Faria Lima - Transportes,5,
1321005101090320041109000,TOTAL DEDUÇÕES OPERAÇÃO URBANA FARIA LIMA - TRANSPORTES,5,
1321005101090320041109001,Deduções Operação Urbana Faria Lima - Transportes,5,
1321005101090320050000000,OPERAÇÃO URBANA CENTRO,5,
1321005101090320051100000,OPERAÇÃO URBANA CENTRO,5,
1321005101090320051101000,Operação Urbana Centro,5,
1321005101090320051109000,TOTAL DEDUÇÕES OPERAÇÃO URBANA CENTRO,5,
1321005101090320051109001,Deduções Operação Urbana Centro,5,
1321005101090320060000000,OPERAÇÃO URBANA ÁGUA ESPRAIADA,5,
1321005101090320061100000,OPERAÇÃO URBANA ÁGUA ESPRAIADA,5,
1321005101090320061101000,Operação Urbana Água Espraiada,5,
1321005101090320061109000,TOTAL DEDUÇÕES OPERAÇÃO URBANA ÁGUA ESPRAIADA,5,
1321005101090320061109001,Deduções Operação Urbana Água Espraiada,5,
1321005101090320070000000,OPERAÇÃO URBANA ÁGUA ESPRAIADA - TRANSPORTES,5,
1321005101090320071100000,OPERAÇÃO URBANA ÁGUA ESPRAIADA - TRANSPORTES,5,
1321005101090320071101000,Operação Urbana Água Espraiada - Transportes,5,
1321005101090320071109000,TOTAL DEDUÇÕES OPERAÇÃO URBANA ÁGUA ESPRAIADA - TRANSPORTES,5,
1321005101090320071109001,Deduções Operação Urbana Água Espraiada - Transportes,5,
1321005101090330000000000,SECRETARIA MUNICIPAL DE DIREITOS HUMANOS E CIDADANIA,5,
1321005101090340000000000,SECRETARIA MUNICIPAL DE EDUCAÇÃO,5,
1321005101090350000000000,SECRETARIA MUNICIPAL DE ESPORTES E LAZER,5,
1321005101090360000000000,SECRETARIA MUNICIPAL DA FAZENDA,5,
1321005101090370000000000,SECRETARIA MUNICIPAL DE GESTÃO,5,
1321005101090380000000000,SECRETARIA MUNICIPAL DE HABITAÇÃO,5,
1321005101090380010000000,OPERAÇÕES INTERLIGADAS,5,
1321005101090380011100000,OPERAÇÕES INTERLIGADAS,5,
1321005101090380011101000,Operações Interligadas,5,
1321005101090380011109000,TOTAL DEDUÇÕES OPERAÇÕES INTERLIGADAS,5,
1321005101090380011109001,Deduções Operações Interligadas,5,
1321005101090380020000000,SEHAB - OUTORGA ONEROSA LEI 13.558/2003 ALTERADA PELA LEI 13.876/2004,5,
1321005101090380021100000,SEHAB - OUTORGA ONEROSA LEI 13.558/2003 ALTERADA PELA LEI 13.876/2004,5,
1321005101090380021101000,SEHAB - Outorga Onerosa Lei 13.558/2003 Alterada pela Lei 13.876/2004,5,
1321005101090380021109000,TOTAL DEDUÇÕES SEHAB - OUTORGA ONEROSA LEI 13.558/2003 ALTERADA PELA LEI 13.876/2004,5,
1321005101090380021109001,Deduções SEHAB - Outorga Onerosa Lei 13.558/2003 Alterada pela Lei 13.876/2004,5,
1321005101090390000000000,SECRETARIA MUNICIPAL DE INFRAESTRUTURA URBANA E OBRAS,5,
1321005101090400000000000,SECRETARIA MUNICIPAL DE DESESTATIZAÇÃO E PARCERIAS,5,
1321005101090410000000000,SECRETARIA MUNICIPAL DE RELAÇÕES INTERNACIONAIS,5,
1321005101090420000000000,SECRETARIA MUNICIPAL DE SEGURANÇA URBANA,5,
1321005101090430000000000,FUNDO MUNICIPAL DE LIMPEZA URBANA - FMLU,5,
1321005101090430010000000,FUNDO MUNICIPAL DE LIMPEZA URBANA - FMLU,5,
1321005101090430011100000,FUNDO MUNICIPAL DE LIMPEZA URBANA - FMLU,5,
1321005101090430011101000,Fundo Municipal de Limpeza Urbana - FMLU,5,
1321005101090430011109000,TOTAL DEDUÇÕES FUNDO MUNICIPAL DE LIMPEZA URBANA - FMLU,5,
1321005101090430011109001,Deduções Fundo Municipal de Limpeza Urbana - FMLU,5,
1321005101090440000000000,SECRETARIA MUNICIPAL DE MOBILIDADE E TRANSPORTES,5,
1321005101090440010000000,FUNCOR,5,
1321005101090440011100000,FUNCOR,5,
1321005101090440011101000,FUNCOR,5,
1321005101090440011109000,TOTAL DEDUÇÕES FUNCOR,5,
1321005101090440011109001,Deduções FUNCOR,5,
1321005101090440020000000,COTA-PARTE DA CONTRIBUIÇÃO DE INTERVENÇÃO NO DOMÍNIO ECONÔMICO,5,
1321005101090440021100000,COTA-PARTE DA CONTRIBUIÇÃO DE INTERVENÇÃO NO DOMÍNIO ECONÔMICO,5,
1321005101090440021101000,Cota-Parte da Contribuição de Intervenção no Domínio Econômico,5,
1321005101090440021109000,TOTAL DEDUÇÕES COTA-PARTE DA CONTRIBUIÇÃO DE INTERVENÇÃO NO DOMÍNIO ECONÔMICO,5,
1321005101090440021109001,Deduções Cota-Parte da Contribuição de Intervenção no Domínio Econômico,5,
1321005101090450000000000,SECRETARIA MUNICIPAL DE DESENVOLVIMENTO ECONÔMICO,5,
1321005101090460000000000,SECRETARIA MUNICIPAL DO VERDE E DO MEIO AMBIENTE,5,
1321005101090460010000000,SECRETARIA MUNICIPAL DO VERDE E DO MEIO AMBIENTE - SVMA,5,
1321005101090460011100000,SECRETARIA MUNICIPAL DO VERDE E DO MEIO AMBIENTE - SVMA,5,
1321005101090460011101000,Secretaria Municipal do Verde e Meio Ambiente - SVMA,5,
1321005101090470000000000,SECRETARIA MUNICIPAL DE JUSTIÇA,5,
1321005101090470010000000,PMSP-SMJ/PROCURADORIA GERAL DO MUNICÍPIO,5,
1321005101090470011100000,PMSP-SMJ/PROCURADORIA GERAL DO MUNICÍPIO,5,
1321005101090470011101000,PMSP-SMJ/Procuradoria Geral do Município,5,
1321005101090470011109000,TOTAL DEDUÇÕES PMSP-SMJ/PROCURADORIA GERAL DO MUNICÍPIO,5,
1321005101090470011109001,Deduções PMSP-SMJ/Procuradoria Geral do Município,5,
1321005101090480000000000,SUBPREFEITURA ARICANDUVA/FORMOSA/CARRÃO,5,
1321005101090490000000000,SUBPREFEITURA BUTANTÃ,5,
1321005101090500000000000,SUBPREFEITURA CAMPO LIMPO,5,
1321005101090510000000000,SUBPREFEITURA CAPELA DO SOCORRO,5,
1321005101090520000000000,SUBPREFEITURA CASA VERDE/CACHOEIRINHA,5,
1321005101090530000000000,SUBPREFEITURA CIDADE ADEMAR,5,
1321005101090540000000000,SUBPREFEITURA CIDADE TIRADENTES,5,
1321005101090550000000000,SUBPREFEITURA DE SAPOPEMBA,5,
1321005101090560000000000,SUBPREFEITURA DO ITAIM PAULISTA,5,
1321005101090570000000000,SUBPREFEITURA ERMELINO MATARAZZO,5,
1321005101090580000000000,SUBPREFEITURA FREGUESIA/BRASILÂNDIA,5,
1321005101090590000000000,SUBPREFEITURA GUAIANASES,5,
1321005101090600000000000,SUBPREFEITURA IPIRANGA,5,
1321005101090610000000000,SUBPREFEITURA ITAQUERA,5,
1321005101090620000000000,SUBPREFEITURA JABAQUARA,5,
1321005101090630000000000,SUBPREFEITURA JAÇANÃ/TREMEMBÉ,5,
1321005101090640000000000,SUBPREFEITURA LAPA,5,
1321005101090650000000000,SUBPREFEITURA M´BOI MIRIM,5,
1321005101090660000000000,SUBPREFEITURA MOÓCA,5,
1321005101090670000000000,SUBPREFEITURA PARELHEIROS,5,
1321005101090680000000000,SUBPREFEITURA PENHA,5,
1321005101090690000000000,SUBPREFEITURA PERUS,5,
1321005101090700000000000,SUBPREFEITURA PINHEIROS,5,
1321005101090710000000000,SUBPREFEITURA PIRITUBA/JARAGUÁ,5,
1321005101090720000000000,SUBPREFEITURA SANTANA/TUCURUVI,5,
1321005101090730000000000,SUBPREFEITURA SANTO AMARO,5,
1321005101090740000000000,SUBPREFEITURA SÃO MATEUS,5,
1321005101090750000000000,SUBPREFEITURA SÃO MIGUEL,5,
1321005101090760000000000,SUBPREFEITURA SÉ,5,
1321005101090770000000000,SUBPREFEITURA VILA MARIA/VILA GUILHERME,5,
1321005101090780000000000,SUBPREFEITURA VILA MARIANA,5,
1321005101090790000000000,SUBPREFEITURA VILA PRUDENTE,5,
1321005101090800000000000,TRIBUNAL DE CONTAS DO MUNICÍPIO DE SÃO PAULO,5,
1321005101090800010000000,TRIBUNAL DE CONTAS DO MUNICÍPIO DE SÃO PAULO,5,
1321005101090800011100000,TRIBUNAL DE CONTAS DO MUNICÍPIO DE SÃO PAULO,5,
1321005101090800011101000,Tribunal de Contas do Município de São Paulo,5,
1321005101090800011109000,TOTAL DEDUÇÕES TRIBUNAL DE CONTAS DO MUNICÍPIO DE SÃO PAULO,5,
1321005101090800011109001,Deduções Tribunal de Contas do Município de São Paulo,5,
1321005101090810000000000,HOSPITAL DO SERVIDOR PÚBLICO MUNICIPAL,5,
1321005101090820000000000,INSTITUTO DE PREVIDÊNCIA MUNICIPAL DE SÃO PAULO,5,
1321005101090830000000000,SERVIÇO FUNERÁRIO DO MUNICÍPIO DE SÃO PAULO,5,
1321005101090840000000000,AUTARQUIA HOSPITALAR MUNICIPAL,5,
1321005101090850000000000,FUNDO ESPECIAL DE DESPESAS DA CMSP,5,
1321005101090860000000000,FUNDO ESPECIAL DE DESPESAS DO TCMSP,5,
1321005101090860010000000,"FUNDO ESPECIAL DE DESPESAS TCM/SP - FI
",5,
1321005101090860011100000,FUNDO ESPECIAL DE DESPESAS TCM/SP - FI,5,
1321005101090860011101000,"Fundo Especial de Despesas TCM/SP - FI
",5,
1321005101090860011109000,TOTAL DEDUÇÕES FUNDO ESPECIAL DE DESPESAS TCM/SP - FI,5,
1321005101090860011109001,"Deduções Fundo Especial de Despesas TCM/SP - FI

",5,
1321005101090870000000000,COMPANHIA METROPOLITANA DE HABITAÇÃO DE SÃO PAULO,5,
1321005101090880000000000,FUNDO MUNICIPAL DO IDOSO,5,
1321005101090880010000000,RENDIMENTOS DE TRANSFERÊNCIAS E DOAÇÕES - FMID,5,
1321005101090880011100000,RENDIMENTOS DE TRANSFERÊNCIAS E DOAÇÕES - FMID,5,
1321005101090880011101000,Rendimentos de Transferências e Doações - FMID,5,
1321005101090880011109000,TOTAL DEDUÇÕES RENDIMENTOS DE TRANSFERÊNCIAS E DOAÇÕES - FMID,5,
1321005101090880011109001,Deduções TRendimentos de Transferências e Doações - FMID,5,
1321005101090880020000000,RENDIMENTOS DE APLICAÇÕES FINANCEIRAS - FMID,5,
1321005101090880021100000,RENDIMENTOS DE APLICAÇÕES FINANCEIRAS - FMID,5,
1321005101090880021101000,Rendimentos de Aplicações Financeiras - FMID,5,
1321005101090880021109000,TOTAL DEDUÇÕES RENDIMENTOS DE APLICAÇÕES FINANCEIRAS - FMID,5,
1321005101090880021109001,Deduções Rendimentos de Aplicações Financeiras - FMID,5,
1321005101090890000000000,FUNDO MUNICIPAL DE DESENVOLVIMENTO SOCIAL,5,
1321005101090890010000000,APLICAÇÃO FINANCEIRA EM FUNDO DE RENDA FIXA - FMDS,5,
1321005101090890011100000,APLICAÇÃO FINANCEIRA EM FUNDO DE RENDA FIXA - FMDS,5,
1321005101090890011101000,Aplicação Financeira em Fundo de Renda Fixa - FMDS,5,
1321005101090900000000000,FUNDO MUNICIPAL DE DEFESA DO CONSUMIDOR,5,
1321005101090900010000000,FUNDO MUNICIPAL DE DEFESA DO CONSUMIDOR,5,
1321005101090900011100000,RENDIMENTO DE APLICAÇÕES FINANCEIRAS - FUNDO MUNICIPAL DE DEFESA DO CONSUMIDOR,5,
1321005101090900011101000,Rendimento de Aplicações em Financeiras - Fundo Municipal de Defesa do Consumidor - FMDC,5,
1321005101090900011109000,TOTAL DEDUÇÕES RENDIMENTO DE APLICAÇÕES FINANCEIRAS - FUNDO MUNICIPAL DE DEFESA DO CONSUMIDOR,5,
1321005101090900011109001,Deduções Rendimento de Aplicações Financeiras - Fundo Municipal de Defesa do Consumidor - FMDC,5,
1321005101100000000000000,RECURSOS PRÓPRIOS DA EMPRESA DEPENDENTE,5,
1321005101100010000000000,PREFEITURA MUNICIPAL DE SÃO PAULO,5,
1321005101100020000000000,CÂMARA MUNICIPAL DE SÃO PAULO,5,
1321005101100030000000000,CONTROLADORIA GERAL DO MUNICÍPIO DE SÃO PAULO,5,
1321005101100040000000000,ENCARGOS GERAIS DO MUNICÍPIO,5,
1321005101100050000000000,FUNDAÇÃO THEATRO MUNICIPAL DE SÃO PAULO,5,
1321005101100060000000000,FUNDAÇÃO PAULISTANA DE EDUCAÇÃO E TECNOLOGIA,5,
1321005101100070000000000,FUNDO DE DESENVOLVIMENTO URBANO,5,
1321005101100080000000000,FUNDO DE PRESERVAÇÃO DO PATRIMÔNIO HISTÓRICO E CULTURAL,5,
1321005101100090000000000,FUNDO DE PROTEÇÃO DO PATRIMÔNIO CULTURAL E AMBIENTAL PAULISTANO,5,
1321005101100100000000000,FUNDO ESPECIAL DE PROMOÇÃO DE ATIVIDADES CULTURAIS,5,
1321005101100110000000000,FUNDO ESPECIAL DO MEIO AMBIENTE E DESENVOLVIMENTO SUSTENTÁVEL,5,
1321005101100120000000000,FUNDO MUN. DO SIST. DOS CORREDORES SEGREGADOS EXCLUS. P/ TRÁFEGO,5,
1321005101100130000000000,FUNDO MUNICIPAL DE ASSISTÊNCIA SOCIAL,5,
1321005101100140000000000,FUNDO MUNICIPAL DE DESENVOLVIMENTO DE TRÂNSITO,5,
1321005101100150000000000,"FUNDO MUNICIPAL DE ESPORTES, LAZER E RECREAÇÃO",5,
1321005101100160000000000,FUNDO MUNICIPAL DE HABITAÇÃO,5,
1321005101100170000000000,FUNDO MUNICIPAL DE ILUMINAÇÃO PÚBLICA,5,
1321005101100180000000000,FUNDO MUNICIPAL DE PARQUES,5,
1321005101100190000000000,FUNDO MUNICIPAL DE SANEAMENTO AMBIENTAL E INFRAESTRUTURA,5,
1321005101100200000000000,FUNDO MUNICIPAL DE SAÚDE,5,
1321005101100210000000000,FUNDO MUNICIPAL DE TURISMO,5,
1321005101100220000000000,FUNDO MUNICIPAL DOS DIREITOS DA CRIANÇA E DO ADOLESCENTE,5,
1321005101100230000000000,FUNDO MUNICIPAL DE HABITAÇÃO - COHAB,5,
1321005101100240000000000,SECRETARIA DO GOVERNO MUNICIPAL,5,
1321005101100250000000000,"SECRETARIA MUNICIPAL  DE MODERNIZAÇÃO, GESTÃO E DESBUROCRATIZAÇÃO",5,
1321005101100260000000000,SECRETARIA MUNICIPAL DA PESSOA COM DEFICIÊNCIA,5,
1321005101100270000000000,SECRETARIA MUNICIPAL DA SAÚDE,5,
1321005101100280000000000,SECRETARIA MUNICIPAL DE ABASTECIMENTO,5,
1321005101100290000000000,SECRETARIA MUNICIPAL DE ASSISTÊNCIA E DESENVOLVIMENTO SOCIAL,5,
1321005101100300000000000,SECRETARIA MUNICIPAL DAS SUBPREFEITURAS,5,
1321005101100310000000000,SECRETARIA MUNICIPAL DE CULTURA,5,
1321005101100320000000000,SECRETARIA MUNICIPAL DE URBANISMO E LICENCIAMENTO,5,
1321005101100330000000000,SECRETARIA MUNICIPAL DE DIREITOS HUMANOS E CIDADANIA,5,
1321005101100340000000000,SECRETARIA MUNICIPAL DE EDUCAÇÃO,5,
1321005101100350000000000,SECRETARIA MUNICIPAL DE ESPORTES E LAZER,5,
1321005101100360000000000,SECRETARIA MUNICIPAL DA FAZENDA,5,
1321005101100370000000000,SECRETARIA MUNICIPAL DE GESTÃO,5,
1321005101100380000000000,SECRETARIA MUNICIPAL DE HABITAÇÃO,5,
1321005101100390000000000,SECRETARIA MUNICIPAL DE INFRAESTRUTURA URBANA E OBRAS,5,
1321005101100400000000000,SECRETARIA MUNICIPAL DE DESESTATIZAÇÃO E PARCERIAS,5,
1321005101100410000000000,SECRETARIA MUNICIPAL DE RELAÇÕES INTERNACIONAIS,5,
1321005101100420000000000,SECRETARIA MUNICIPAL DE SEGURANÇA URBANA,5,
1321005101100430000000000,SECRETARIA MUNICIPAL DE INOVAÇÃO E TECNOLOGIA,5,
1321005101100440000000000,SECRETARIA MUNICIPAL DE MOBILIDADE E TRANSPORTES,5,
1321005101100450000000000,SECRETARIA MUNICIPAL DE DESENVOLVIMENTO ECONÔMICO,5,
1321005101100460000000000,SECRETARIA MUNICIPAL DO VERDE E DO MEIO AMBIENTE,5,
1321005101100470000000000,SECRETARIA MUNICIPAL DE JUSTIÇA,5,
1321005101100480000000000,SUBPREFEITURA ARICANDUVA/FORMOSA/CARRÃO,5,
1321005101100490000000000,SUBPREFEITURA BUTANTÃ,5,
1321005101100500000000000,SUBPREFEITURA CAMPO LIMPO,5,
1321005101100510000000000,SUBPREFEITURA CAPELA DO SOCORRO,5,
1321005101100520000000000,SUBPREFEITURA CASA VERDE/CACHOEIRINHA,5,
1321005101100530000000000,SUBPREFEITURA CIDADE ADEMAR,5,
1321005101100540000000000,SUBPREFEITURA CIDADE TIRADENTES,5,
1321005101100550000000000,SUBPREFEITURA DE SAPOPEMBA,5,
1321005101100560000000000,SUBPREFEITURA DO ITAIM PAULISTA,5,
1321005101100570000000000,SUBPREFEITURA ERMELINO MATARAZZO,5,
1321005101100580000000000,SUBPREFEITURA FREGUESIA/BRASILÂNDIA,5,
1321005101100590000000000,SUBPREFEITURA GUAIANASES,5,
1321005101100600000000000,SUBPREFEITURA IPIRANGA,5,
1321005101100610000000000,SUBPREFEITURA ITAQUERA,5,
1321005101100620000000000,SUBPREFEITURA JABAQUARA,5,
1321005101100630000000000,SUBPREFEITURA JAÇANÃ/TREMEMBÉ,5,
1321005101100640000000000,SUBPREFEITURA LAPA,5,
1321005101100650000000000,SUBPREFEITURA M´BOI MIRIM,5,
1321005101100660000000000,SUBPREFEITURA MOÓCA,5,
1321005101100670000000000,SUBPREFEITURA PARELHEIROS,5,
1321005101100680000000000,SUBPREFEITURA PENHA,5,
1321005101100690000000000,SUBPREFEITURA PERUS,5,
1321005101100700000000000,SUBPREFEITURA PINHEIROS,5,
1321005101100710000000000,SUBPREFEITURA PIRITUBA/JARAGUÁ,5,
1321005101100720000000000,SUBPREFEITURA SANTANA/TUCURUVI,5,
1321005101100730000000000,SUBPREFEITURA SANTO AMARO,5,
1321005101100740000000000,SUBPREFEITURA SÃO MATEUS,5,
1321005101100750000000000,SUBPREFEITURA SÃO MIGUEL,5,
1321005101100760000000000,SUBPREFEITURA SÉ,5,
1321005101100770000000000,SUBPREFEITURA VILA MARIA/VILA GUILHERME,5,
1321005101100780000000000,SUBPREFEITURA VILA MARIANA,5,
1321005101100790000000000,SUBPREFEITURA VILA PRUDENTE,5,
1321005101100800000000000,TRIBUNAL DE CONTAS DO MUNICÍPIO DE SÃO PAULO,5,
1321005101100810000000000,HOSPITAL DO SERVIDOR PÚBLICO MUNICIPAL,5,
1321005101100820000000000,INSTITUTO DE PREVIDÊNCIA MUNICIPAL DE SÃO PAULO,5,
1321005101100830000000000,SERVIÇO FUNERÁRIO DO MUNICÍPIO DE SÃO PAULO,5,
1321005101100840000000000,AUTARQUIA HOSPITALAR MUNICIPAL,5,
1321005101100850000000000,FUNDO ESPECIAL DE DESPESAS DA CMSP,5,
1321005101100860000000000,FUNDO ESPECIAL DE DESPESAS DO TCMSP,5,
1321005101100870000000000,COMPANHIA METROPOLITANA DE HABITAÇÃO DE SÃO PAULO,5,
1321005101100870010000000,RENDIMENTOS COHAB,5,
1321005101100870011100000,RENDIMENTOS COHAB,5,
1321005101100870011101000,Rendimentos COHAB,5,
1321005101100870011109000,TOTAL DEDUÇÕES RENDIMENTOS COHAB,5,
1321005101100870011109001,Deduções Rendimentos COHAB,5,
1321005101100880000000000,FUNDO MUNICIPAL DO IDOSO,5,
1321005102000000000000000,RENDIMENTO DE APLICAÇÕES EM CDB,5,
1321005102060000000000000,"OUTRAS FONTES
",5,
1321005102060050000000000,"FUNDAÇÃO THEATRO MUNICIPAL DE SÃO PAULO
",5,
1321005102060050010000000,"FUNDAÇÃO THEATRO MUNICIPAL DE SÃO PAULO - PRONAC - CDB
",5,
1321005102060050011100000,"FUNDAÇÃO THEATRO MUNICIPAL DE SÃO PAULO - PRONAC - CDB
",5,
1321005102060050011101000,"Fundação Theatro Municipal de São Paulo - PRONAC - CDB
",5,
1321005102090000000000000,TESOURO MUNICIPAL - RECURSOS VINCULADOS,5,
1321005102090800000000000,TRIBUNAL DE CONTAS DO MUNICÍPIO DE SÃO PAULO,5,
1321005102090800010000000,FUNDO ESPECIAL DE DESPESAS TCM/SP - CDB,5,
1321005102090800011100000,FUNDO ESPECIAL DE DESPESAS TCM/SP - CDB,5,
1321005102090800011101000,Fundo Especial de Despesas TCM/SP - CDB,5,
1321005102090800011109000,TOTAL DECUÇÕES FUNDO ESPECIAL DE DESPESAS TCM/SP - CDB,5,
1321005102090800011109001,Deduções Fundo Especial de Despesas TCM/SP - CDB,5,
1321006000000000000000000,JUROS SOBRE O CAPITAL PRÓPRIO,5,
1322000000000000000000000,DIVIDENDOS,5,
1322001000000000000000000,DIVIDENDOS,5,
1322001100000000000000000,DIVIDENDOS - PRINCIPAL,5,
1322001101000000000000000,DIVIDENDOS,5,
1322001101000000001100000,DIVIDENDOS,5,
1322001101000000001101000,Dividendos,5,
1322001101000000001109000,TOTAL DEDUÇÕES DIVIDENDOS,5,
1322001101000000001109001,Deduções Dividendos,5,
1323000000000000000000000,PARTICIPAÇÕES,5,
1323001000000000000000000,PARTICIPAÇÕES,5,
1323001100000000000000000,PARTICIPAÇÕES - PRINCIPAL,5,
1323001101000000000000000,PARTICIPAÇÕES,5,
1323001101000000001100000,PARTICIPAÇÕES,5,
1323001101000000001101000,Participações,5,
1323001101000000001109000,TOTAL DEDUÇÕES PARTICIPAÇÕES,5,
1323001101000000001109001,Deduções Participações,5,
1329000000000000000000000,OUTROS VALORES MOBILIÁRIOS,5,
1329001000000000000000000,OUTROS VALORES MOBILIÁRIOS,5,
1330000000000000000000000,"DELEGAÇÃO DE SERVIÇOS PÚBLICOS MEDIANTE CONCESSÃO, PERMISSÃO, AUTORIZAÇÃO OU LICENÇA",5,
1331000000000000000000000,DELEGAÇÃO PARA A PRESTAÇÃO DOS SERVIÇOS DE TRANSPORTE,5,
1331010000000000000000000,DELEGAÇÃO PARA A PRESTAÇÃO DOS SERVIÇOS DE TRANSPORTE RODOVIÁRIO,5,
1331011000000000000000000,DELEGAÇÃO PARA A PRESTAÇÃO DOS SERVIÇOS DE TRANSPORTE RODOVIÁRIO,5,
1331011100000000000000000,"DELEGAÇÃO PARA A PRESTAÇÃO DOS SERVIÇOS DE TRANSPORTE RODOVIÁRIO
",5,
1331011101000000000000000,"ALVARÁS DE TAXIS
",5,
1331011101000000001100000,"ALVARÁS DE TAXIS
",5,
1331011101000000001101000,"Alvarás de Taxis
",5,
1331011101000000001109000,"TOTAL DEDUÇÕES ALVARÁS DE TAXIS
",5,
1331011101000000001109001,"Deduções Alvarás de Taxis
",5,
1331011200000000000000000,"DELEGAÇÃO PARA A PRESTAÇÃO DOS SERV. DE TRANSP. RODOVIÁRIO-MULTAS E JUROS
",5,
1331011201000000000000000,"ALVARÁS DE TAXIS-MULTAS E JUROS
",5,
1331011201000000001100000,"ALVARÁS DE TAXIS-MULTAS E JUROS
",5,
1331011201000000001101000,"Alvarás de Taxis-Multas e Juros
",5,
1331011201000000001109000,"TOTAL DEDUÇÕES ALVARÁS DE TAXIS-MULTAS E JUROS
",5,
1331011201000000001109001,"Deduções Alvarás de Taxis-Multas e Juros
",5,
1331020000000000000000000,DELEGAÇÃO PARA A PRESTAÇÃO DOS SERVIÇOS DE TRANSPORTE FERROVIÁRIO,5,
1331021000000000000000000,DELEGAÇÃO PARA A PRESTAÇÃO DOS SERVIÇOS DE TRANSPORTE FERROVIÁRIO,5,
1331030000000000000000000,DELEGAÇÃO PARA A PRESTAÇÃO DOS SERVIÇOS DE TRANSPORTE METROVIÁRIO,5,
1331031000000000000000000,DELEGAÇÃO PARA A PRESTAÇÃO DOS SERVIÇOS DE TRANSPORTE METROVIÁRIO,5,
1331040000000000000000000,DELEGAÇÃO PARA A PRESTAÇÃO DOS SERVIÇOS DE TRANSPORTE AQUAVIÁRIO,5,
1331041000000000000000000,DELEGAÇÃO PARA A PRESTAÇÃO DOS SERVIÇOS DE TRANSPORTE AQUAVIÁRIO,5,
1331050000000000000000000,DELEGAÇÃO PARA A PRESTAÇÃO DOS SERVIÇOS DE TRANSPORTE AEROVIÁRIO,5,
1331051000000000000000000,DELEGAÇÃO PARA A PRESTAÇÃO DOS SERVIÇOS DE TRANSPORTE AEROVIÁRIO,5,
1332000000000000000000000,DELEGAÇÃO DOS SERVIÇOS DE INFRAESTRUTURA,5,
1332010000000000000000000,DELEGAÇÃO PARA EXPLORAÇÃO DA INFRAESTRUTURA DE TRANSPORTE RODOVIÁRIO,5,
1332011000000000000000000,DELEGAÇÃO PARA EXPLORAÇÃO DA INFRAESTRUTURA DE TRANSPORTE RODOVIÁRIO PARA O SETOR PRIVADO,5,
1332012000000000000000000,"DELEGAÇÃO PARA EXPLORAÇÃO DA INFRAESTRUTURA DE TRANSPORTE RODOVIÁRIO PARA OS ESTADOS, DISTRITO FEDER",5,
1332020000000000000000000,DELEGAÇÃO PARA EXPLORAÇÃO DA INFRAESTRUTURA DE TRANSPORTE FERROVIÁRIO,5,
1332021000000000000000000,DELEGAÇÃO PARA EXPLORAÇÃO DA INFRAESTRUTURA DE TRANSPORTE FERROVIÁRIO,5,
1332030000000000000000000,DELEGAÇÃO PARA EXPLORAÇÃO DA INFRAESTRUTURA DE TRANSPORTE AQUAVIÁRIO,5,
1332031000000000000000000,DELEGAÇÃO PARA EXPLORAÇÃO DA INFRAESTRUTURA DE TRANSPORTE AQUAVIÁRIO,5,
1332040000000000000000000,DELEGAÇÃO PARA EXPLORAÇÃO DA INFRAESTRUTURA AEROPORTUÁRIA,5,
1332041000000000000000000,DELEGAÇÃO PARA EXPLORAÇÃO DA INFRAESTRUTURA AEROPORTUÁRIA,5,
1333000000000000000000000,DELEGAÇÃO DOS SERVIÇOS DE TELECOMUNICAÇÃO,5,
1333001000000000000000000,DELEGAÇÃO DOS SERVIÇOS DE TELECOMUNICAÇÃO - PODER CONCEDENTE NO REGIME PÚBLICO,5,
1333002000000000000000000,DELEGAÇÃO DOS SERVIÇOS DE TELECOMUNICAÇÃO - ATIVIDADE ORDENADORA NO REGIME PRIVADO,5,
1333003000000000000000000,DELEGAÇÃO DOS SERVIÇOS DE RADIODIFUSÃO SONORA E DE SONS E IMAGENS,5,
1333004000000000000000000,CESSÃO DO DIREITO DE USO DE RADIOFREQUÊNCIA,5,
1333005000000000000000000,CESSÃO DO DIREITO DE EXPLORAÇÃO DE SATÉLITE BRASILEIRO,5,
1333006000000000000000000,TRANSFERÊNCIA DA DELEGAÇÃO DOS SERVIÇOS DE TELECOMUNICAÇÕES OU DO DIREITO DE USO DE RADIOFREQUÊNCIA,5,
1333007000000000000000000,CONCESSÃO DE LICENÇAS E AUTORIZAÇÕES DA AGÊNCIA ESPACIAL BRASILEIRA,5,
1333009000000000000000000,OUTRAS DELEGAÇÕES DOS SERVIÇOS DE TELECOMUNICAÇÃO,5,
1339000000000000000000000,DEMAIS DELEGAÇÕES DE SERVIÇOS PÚBLICOS,5,
1339010000000000000000000,DEMAIS DELEGAÇÕES DE SERVIÇOS PÚBLICOS,5,
1339011000000000000000000,DEMAIS DELEGAÇÕES DE SERVIÇOS PÚBLICOS,5,
1339011100000000000000000,DEMAIS DELEGAÇÕES DE SERVIÇOS PÚBLICOS - PRINCIPAL,5,
1339011101000000000000000,ALVARÁS DE TAXIS,5,
1339011101000000001100000,ALVARÁS DE TAXIS,5,
1339011101000000001101000,Alvarás de Taxis,5,
1339011101000000001109000,TOTAL DEDUÇÕES ALVARÁS DE TAXIS,5,
1339011101000000001109001,Deduções Alvarás de Taxis,5,
1339011102000000000000000,CRÉDITO USO DO VIÁRIO URBANO- CMUV,5,
1339011102000000001100000,CRÉDITO DE QUILÔMETROS,5,
1339011102000000001101000,Crédito de Quilômetros,5,
1339011102000000001109000,TOTAL DEDUÇÕES CRÉDITO DE QUILÔMETROS,5,
1339011102000000001109001,Deduções Crédito de Quilômetros,5,
1339011102010000000000000,COMPARTILHAMENTO DE BICICLETAS- OTTC,5,
1339011102010000001100000,COMPARTILHAMENTO DE BICICLETAS- OTTC,5,
1339011102010000001101000,Compartilhamento de Bicicletas- OTTC,5,
1339011102020000000000000,COMPARTILHAMENTO DE PATINETES ELÉTRICAS- OTM,5,
1339011102020000001100000,COMPARTILHAMENTO DE PATINETES ELÉTRICAS- OTM,5,
1339011102020000001101000,Compartilhamento de Patinetes Elétricas- OTM,5,
1339011103000000000000000,OUTORGAS PROVENIENTES DE CONCESSÕES - FMDS,5,
1339011103000000001100000,OUTORGAS PROVENIENTES DE CONCESSÕES - FMDS,5,
1339011103000000001101000,Outorgas Provenientes de Concessões - FMD,5,
1339011200000000000000000,OUTRAS RECEITAS DE CONCESSÕES E PERMISSÕES – SERVIÇOS DE TRANSPORTE - MULTAS E JUROS,5,
1339011201000000000000000,MULTAS E JUROS - ALVARÁS DE TAXIS,5,
1339011201000000001100000,MULTAS E JUROS - ALVARÁS DE TAXIS,5,
1339011201000000001101000,Multas e Juros - Alvarás de Taxis,5,
1339011201000000001109000,TOTAL DEDUÇÕES ALVARÁS DE TAXIS - MULTAS E JUROS,5,
1339011201000000001109001,Deduções Alvarás de Taxis - Multas e Juros,5,
1339011202000000000000000,MULTAS E JUROS - CRÉDITO USO DO VIÁRIO URBANO- CMUV,5,
1339011202000000001100000,MULTAS E JUROS - CRÉDITO DE QUILÔMETROS ,5,
1339011202000000001101000,Multas e Juros - Crédito de Quilômetros,5,
1339011202000000001109000,TOTAL DEDUÇÕES CRÉDITO DE QUILÔMETROS - MULTAS E JUROS,5,
1339011202000000001109001,Deduções Crédito de Quilômetros - Multas e Juros,5,
1339011202010000000000000,MULTAS E JUROS - COMPARTILHAMENTO DE BICICLETAS- OTTC,5,
1339011202010000001100000,MULTAS E JUROS - COMPARTILHAMENTO DE BICICLETAS- OTTC,5,
1339011202010000001101000,Multas e Juros- Compartilhamento de Bicicletas- OTTC,5,
1339011202020000000000000,MULTAS E JUROS- COMPARTILHAMENTO DE PATINETES ELÉTRICAS- OTM ,5,
1339011202020000001100000,MULTAS E JUROS- COMPARTILHAMENTO DE PATINETES ELÉTRICAS- OTM ,5,
1339011202020000001101000,Multas e Juros- Compartilhamento de Patinetes Elétricas- OTM,5,
1339990000000000000000000,OUTRAS DELEGAÇÕES DE SERVIÇOS PÚBLICOS,5,
1339991000000000000000000,OUTRAS DELEGAÇÕES DE SERVIÇOS PÚBLICOS,5,
1340000000000000000000000,EXPLORAÇÃO DE RECURSOS NATURAIS,5,
1341000000000000000000000,PETRÓLEO - REGIME DE CONCESSÃO,5,
1341010000000000000000000,OUTORGA DE EXPLORAÇÃO E PRODUÇÃO DE PETRÓLEO E GÁS NATURAL - REGIME DE CONCESSÃO,5,
1341011000000000000000000,BÔNUS DE ASSINATURA DO CONTRATO DE CONCESSÃO,5,
1341012000000000000000000,PAGAMENTO PELA RETENÇÃO DE ÁREA PARA EXPLORAÇÃO OU PRODUÇÃO,5,
1341020000000000000000000,ROYALTIES MÍNIMOS PELA PRODUÇÃO DE PETRÓLEO - CONTRATO DE CONCESSÃO,5,
1341021000000000000000000,ROYALTIES MÍNIMOS PELA PRODUÇÃO DE PETRÓLEO EM TERRA (QUALQUER SITUAÇÃO) - CONTRATO DE CONCESSÃO,5,
1341022000000000000000000,ROYALTIES MÍNIMOS PELA PRODUÇÃO DE PETRÓLEO EM PLATAFORMA - CONTRATO DE CONCESSÃO - DECLARAÇÃO DE CO,5,
1341023000000000000000000,ROYALTIES MÍNIMOS PELA PRODUÇÃO DE PETRÓLEO EM PLATAFORMA - CONTRATO DE CONCESSÃO - DECLARAÇÃO DE CO,5,
1341024000000000000000000,ROYALTIES MÍNIMOS PELA PRODUÇÃO DE PETRÓLEO EM PLATAFORMA - CONTRATO DE CONCESSÃO - DECLARAÇÃO DE CO,5,
1341030000000000000000000,ROYALTIES EXCEDENTES PELA PRODUÇÃO DE PETRÓLEO - CONTRATO DE CONCESSÃO,5,
1341031000000000000000000,ROYALTIES EXCEDENTES PELA PRODUÇÃO DE PETRÓLEO EM TERRA (QUALQUER SITUAÇÃO) - CONTRATO DE CONCESSÃO,5,
1341032000000000000000000,ROYALTIES EXCEDENTES PELA PRODUÇÃO DE PETRÓLEO EM PLATAFORMA - CONTRATO DE CONCESSÃO - DECLARAÇÃO DE,5,
1341033000000000000000000,ROYALTIES EXCEDENTES PELA PRODUÇÃO DE PETRÓLEO EM PLATAFORMA - CONTRATO DE CONCESSÃO - DECLARAÇÃO DE,5,
1341034000000000000000000,ROYALTIES EXCEDENTES PELA PRODUÇÃO DE PETRÓLEO EM PLATAFORMA - CONTRATO DE CONCESSÃO - DECLARAÇÃO DE,5,
1341040000000000000000000,PARTICIPAÇÃO ESPECIAL PELA PRODUÇÃO DE PETRÓLEO - CONTRATO DE CONCESSÃO,5,
1341041000000000000000000,PARTICIPAÇÃO ESPECIAL PELA PRODUÇÃO DE PETRÓLEO EM TERRA (QUALQUER SITUAÇÃO) - CONTRATO DE CONCESSÃO,5,
1341042000000000000000000,PARTICIPAÇÃO ESPECIAL PELA PRODUÇÃO DE PETRÓLEO EM PLATAFORMA - CONTRATO DE CONCESSÃO - DECLARAÇÃO D,5,
1341043000000000000000000,PARTICIPAÇÃO ESPECIAL PELA PRODUÇÃO DE PETRÓLEO EM PLATAFORMA - CONTRATO DE CONCESSÃO - DECLARAÇÃO D,5,
1341044000000000000000000,PARTICIPAÇÃO ESPECIAL PELA PRODUÇÃO DE PETRÓLEO EM PLATAFORMA - CONTRATO DE CONCESSÃO - DECLARAÇÃO D,5,
1342000000000000000000000,PETRÓLEO - REGIME DE CESSÃO ONEROSA,5,
1342020000000000000000000,ROYALTIES MÍNIMOS PELA PRODUÇÃO DE PETRÓLEO - CESSÃO ONEROSA - DECLARAÇÃO DE COMERCIALIDADE A PARTIR,5,
1342021000000000000000000,ROYALTIES MÍNIMOS PELA PRODUÇÃO DE PETRÓLEO EM TERRA - CESSÃO ONEROSA - DECLARAÇÃO DE COMERCIALIDADE,5,
1342024000000000000000000,ROYALTIES MÍNIMOS PELA PRODUÇÃO DE PETRÓLEO EM PLATAFORMA - CESSÃO ONEROSA - DECLARAÇÃO DE COMERCIAL,5,
1342030000000000000000000,ROYALTIES EXCEDENTES PELA PRODUÇÃO DE PETRÓLEO - CESSÃO ONEROSA - DECLARAÇÃO DE COMERCIALIDADE A PAR,5,
1342031000000000000000000,ROYALTIES EXCEDENTES PELA PRODUÇÃO DE PETRÓLEO EM TERRA - CESSÃO ONEROSA - DECLARAÇÃO DE COMERCIALID,5,
1342034000000000000000000,ROYALTIES EXCEDENTES PELA PRODUÇÃO DE PETRÓLEO EM PLATAFORMA - CESSÃO ONEROSA - DECLARAÇÃO DE COMERC,5,
1343000000000000000000000,PETRÓLEO - REGIME DE PARTILHA DE PRODUÇÃO,5,
1343010000000000000000000,OUTORGA DOS SERVIÇOS DE EXPLORAÇÃO E PRODUÇÃO DE PETRÓLEO E GÁS NATURAL - REGIME DE PARTILHA DE PROD,5,
1343011000000000000000000,BÔNUS DE ASSINATURA DE CONTRATO DE PARTILHA DE PRODUÇÃO,5,
1343020000000000000000000,ROYALTIES PELA PRODUÇÃO DE PETRÓLEO - PARTILHA DE PRODUÇÃO - DECLARAÇÃO DE COMERCIALIDADE A PARTIR D,5,
1343021000000000000000000,ROYALTIES PELA PRODUÇÃO DE PETRÓLEO EM TERRA - PARTILHA DE PRODUÇÃO - DECLARAÇÃO DE COMERCIALIDADE A,5,
1343024000000000000000000,ROYALTIES PELA PRODUÇÃO DE PETRÓLEO EM PLATAFORMA - PARTILHA DE PRODUÇÃO - DECLARAÇÃO DE COMERCIALID,5,
1344000000000000000000000,EXPLORAÇÃO DE RECURSOS MINERAIS,5,
1344010000000000000000000,OUTORGA DE DIREITOS DE EXPLORAÇÃO E PESQUISA MINERAL,5,
1344011000000000000000000,OUTORGA DE DIREITOS DE EXPLORAÇÃO E PESQUISA MINERAL,5,
1344020000000000000000000,COMPENSAÇÃO FINANCEIRA PELA EXPLORAÇÃO DE RECURSOS MINERAIS,5,
1344021000000000000000000,COMPENSAÇÃO FINANCEIRA PELA EXPLORAÇÃO DE RECURSOS MINERAIS,5,
1345000000000000000000000,EXPLORAÇÃO DE RECURSOS HÍDRICOS,5,
1345010000000000000000000,OUTORGA DE DIREITOS DE USO DE RECURSOS HÍDRICOS,5,
1345011000000000000000000,OUTORGA DE DIREITOS DE USO DE RECURSOS HÍDRICOS,5,
1345020000000000000000000,CONCESSÃO DE USO DO POTENCIAL DE ENERGIA HIDRÁULICA,5,
1345021000000000000000000,CONCESSÃO DE USO DO POTENCIAL DE ENERGIA HIDRÁULICA,5,
1345030000000000000000000,COMPENSAÇÃO FINANCEIRA COM A EXPLORAÇÃO DE RECURSOS HÍDRICOS,5,
1345031000000000000000000,UTILIZAÇÃO DE RECURSOS HÍDRICOS - ITAIPU,5,
1345031100000000000000000,UTILIZAÇÃO DE RECURSOS HÍDRICOS - ITAIPU - PRINCIPAL,5,
1345031101000000000000000,UTILIZAÇÃO DE RECURSOS HÍDRICOS - ITAIPU,5,
1345031101000000001100000,UTILIZAÇÃO DE RECURSOS HÍDRICOS - ITAIPU,5,
1345031101000000001101000,Utilização de Recursos Hídricos - Itaipu,5,
1345031101000000001109000,TOTAL DEDUÇÕES UTILIZAÇÃO DE RECURSOS HÍDRICOS - ITAIPU,5,
1345031101000000001109001,Deduções Utilização de Recursos Hídricos - Itaipu,5,
1345031200000000000000000,UTILIZAÇÃO DE RECURSOS HÍDRICOS - ITAIPU - MULTAS E JUROS,5,
1345031201000000000000000,MULTAS E JUROS - UTILIZAÇÃO DE RECURSOS HÍDRICOS - ITAIPU,5,
1345031201000000001100000,MULTAS E JUROS - UTILIZAÇÃO DE RECURSOS HÍDRICOS - ITAIPU,5,
1345031201000000001101000,Multas e Juros - Utilização de Recursos Hídricos - Itaipu,5,
1345031201000000001109000,TOTAL DEDUÇÕES UTILIZAÇÃO DE RECURSOS HÍDRICOS - ITAIPU - MULTAS E JUROS,5,
1345031201000000001109001,Deduções Utilização de Recursos Hídricos - Itaipu - Multas e Juros,5,
1345032000000000000000000,UTILIZAÇÃO DE RECURSOS HÍDRICOS - DEMAIS EMPRESAS,5,
1346000000000000000000000,EXPLORAÇÃO DE RECURSOS FLORESTAIS,5,
1346010000000000000000000,CONCESSÃO DE FLORESTAS NACIONAIS,5,
1346011000000000000000000,CONCESSÃO DE FLORESTAS NACIONAIS - VALOR MÍNIMO,5,
1346012000000000000000000,CONCESSÃO DE FLORESTAS NACIONAIS - DEMAIS VALORES,5,
1346020000000000000000000,OUTRAS CONCESSÕES FLORESTAIS,5,
1346021000000000000000000,OUTRAS CONCESSÕES FLORESTAIS - VALOR MÍNIMO,5,
1346022000000000000000000,OUTRAS CONCESSÕES FLORESTAIS - DEMAIS VALORES,5,
1346990000000000000000000,DEMAIS RECEITAS DE CONCESSÃO FLORESTAL,5,
1346991000000000000000000,CUSTOS DE EDITAL DE CONCESSÃO FLORESTAL,5,
1346992000000000000000000,CONTRATOS DE TRANSIÇÃO DE CONCESSÃO FLORESTAL,5,
1346993000000000000000000,SUPRESSÃO VEGETAL NO INTERIOR DAS FLORESTAS NACIONAIS,5,
1349000000000000000000000,EXPLORAÇÃO DE OUTROS RECURSOS NATURAIS,5,
1349010000000000000000000,COMPENSAÇÕES AMBIENTAIS,5,
1349011000000000000000000,COMPENSAÇÕES AMBIENTAIS,5,
1349011100000000000000000,COMPENSAÇÕES AMBIENTAIS - PRINCIPAL,5,
1349011101000000000000000,COMPENSAÇÕES AMBIENTAIS - FEMA,5,
1349011101000000001100000,COMPENSAÇÕES AMBIENTAIS - FEMA,5,
1349011101000000001101000,Compensações Ambientais - FEMA,5,
1349011101000000001109000,TOTAL DEDUÇÕES COMPENSAÇÕES AMBIENTAIS - FEMA,5,
1349011101000000001109001,Deduções Compensações Ambientais - FEMA,5,
1349011200000000000000000,COMPENSAÇÕES AMBIENTAIS - FEMA - MULTAS E JUROS,5,
1349011201000000000000000,MULTAS E JUROS - COMPENSAÇÕES AMBIENTAIS - FEMA,5,
1349011201000000001100000,MULTAS E JUROS - COMPENSAÇÕES AMBIENTAIS - FEMA,5,
1349011201000000001101000,Multas e Juros - Compensações Ambientais - FEMA,5,
1349011201000000001109000,TOTAL DEDUÇÕES COMPENSAÇÕES AMBIENTAIS - FEMA - MULTAS E JUROS,5,
1349011201000000001109001,Deduções Compensações Ambientais - FEMA - Multas e Juros,5,
1349990000000000000000000,OUTRAS DELEGAÇÕES PARA EXPLORAÇÃO DE RECURSOS NATURAIS,5,
1349991000000000000000000,OUTRAS DELEGAÇÕES PARA EXPLORAÇÃO DE RECURSOS NATURAIS,5,
1350000000000000000000000,EXPLORAÇÃO DO PATRIMÔNIO INTANGÍVEL,5,
1350010000000000000000000,OUTORGA DE DIREITO DE USO OU DE EXPLORAÇÃO DE CRIAÇÃO PROTEGIDA - INSTITUIÇÃO CIENTÍFICA E TECNOLÓGI,5,
1350011000000000000000000,OUTORGA DE DIREITO DE USO OU DE EXPLORAÇÃO DE CRIAÇÃO PROTEGIDA - INSTITUIÇÃO CIENTÍFICA E TECNOLÓGI,5,
1350020000000000000000000,DIREITO DE USO DA IMAGEM E DE REPRODUÇÃO DOS BENS DO ACERVO PATRIMONIAL,5,
1350021000000000000000000,DIREITO DE USO DA IMAGEM E DE REPRODUÇÃO DOS BENS DO ACERVO PATRIMONIAL,5,
1350030000000000000000000,ROYALTIES PELA EXPLORAÇÃO DO PATRIMÔNIO GENÉTICO OU CONHECIMENTO TRADICIONAL ASSOCIADO,5,
1350031000000000000000000,ROYALTIES PELA EXPLORAÇÃO DO PATRIMÔNIO GENÉTICO OU CONHECIMENTO TRADICIONAL ASSOCIADO,5,
1360000000000000000000000,CESSÃO DE DIREITOS,5,
1360010000000000000000000,CESSÃO DO DIREITO DE OPERACIONALIZAÇÃO DE PAGAMENTOS,5,
1360011000000000000000000,CESSÃO DO DIREITO DE OPERACIONALIZAÇÃO DE PAGAMENTOS,5,
1360011100000000000000000,CESSÃO DO DIREITO DE OPERACIONALIZAÇÃO DE PAGAMENTOS - PRINCIPAL,5,
1360011101000000000000000,CESSÃO DO DIREITO DE OPERACIONALIZAÇÃO DA FOLHA DE PAGAMENTO DE PESSOAL,5,
1360011101000000001100000,CESSÃO DO DIREITO DE OPERACIONALIZAÇÃO DA FOLHA DE PAGAMENTO DE PESSOAL,5,
1360011101000000001101000,Cessão do Direito de Operacionalização da Folha de Pagamento de Pessoal,5,
1360011101000000001109000,TOTAL DEDUÇÕES CESSÃO DO DIREITO DE OPERACIONALIZAÇÃO DA FOLHA DE PAGAMENTO DE PESSOAL,5,
1360011101000000001109001,Deduções Cessão do Direito de Operacionalização da Folha de Pagamento de Pessoal,5,
1360011200000000000000000,CESSÃO DO DIREITO DE OPERACIONALIZAÇÃO DA FOLHA DE PAGAMENTO DE PESSOAL - MULTAS E JUROS,5,
1360011201000000000000000,MULTAS E JUROS - CESSÃO DO DIREITO DE OPERACIONALIZAÇÃO DA FOLHA DE PAGAMENTO DE PESSOAL,5,
1360011201000000001100000,MULTAS E JUROS - CESSÃO DO DIREITO DE OPERACIONALIZAÇÃO DA FOLHA DE PAGAMENTO DE PESSOAL,5,
1360011201000000001101000,Multas e Juros - Cessão do Direito de Operacionalização da Folha de Pagamento de Pessoal,5,
1360011201000000001109000,TOTAL DEDUÇÕES CESSÃO DO DIREITO DE OPERACIONALIZAÇÃO DA FOLHA DE PAGAMENTO DE PESSOAL - MULTAS E JU,5,
1360011201000000001109001,Deduções Cessão do Direito de Operacionalização da Folha de Pagamento de Pessoal - Multas e Juros,5,
1390000000000000000000000,DEMAIS RECEITAS PATRIMONIAIS,5,
1390001000000000000000000,DEMAIS RECEITAS PATRIMONIAIS,5,
1390001100000000000000000,DEMAIS RECEITAS PATRIMONIAIS - PRINCIPAL,5,
1390001101000000000000000,OUTRAS RECEITAS PATRIMONIAIS,5,
1390001101010000000000000,REMUNERAÇÕES DE RECEITAS,5,
1390001101010010000000000,REMUNERAÇÕES DIVERSAS,5,
1390001101010010001100000,REMUNERAÇÕES DIVERSAS,5,
1390001101010010001101000,Remunerações Diversas,5,
1390001101010010001109000,TOTAL DEDUÇÕES REMUNERAÇÕES DIVERSAS,5,
1390001101010010001109001,Deduções Remunerações Diversas,5,
1390001101010020000000000,OUTRAS RECEITAS PATRIMONIAIS - FTMSP,5,
1390001101010020001100000,OUTRAS RECEITAS PATRIMONIAIS - FTMSP,5,
1390001101010020001101000,Outras Receitas Patrimoniais - FTMSP,5,
1390001101010020001109000,TOTAL DEDUÇÕES OUTRAS RECEITAS PATRIMONIAIS - FTMSP,5,
1390001101010020001109001,Deduções Outras Receitas Patrimoniais - FTMSP,5,
1390001101020000000000000,CREDENCIAMENTO - CONSIGNAÇÃO FACULTATIVA,5,
1390001101020010000000000,INSTITUIÇÕES BANCÁRIAS,5,
1390001101020010001100000,INSTITUIÇÕES BANCÁRIAS,5,
1390001101020010001101000,Instituições Bancárias,5,
1390001101020010001109000,TOTAL DEDUÇÕES INSTITUIÇÕES BANCÁRIAS,5,
1390001101020010001109001,Deduções Instituições Bancárias,5,
1390001101020020000000000,COOPERATIVAS DE CRÉDITO DE SERVIDORES PÚBLICOS,5,
1390001101020020001100000,COOPERATIVAS DE CRÉDITO DE SERVIDORES PÚBLICOS,5,
1390001101020020001101000,Cooperativas de Crédito de Servidores Públicos,5,
1390001101020020001109000,TOTAL DEDUÇÕES COOPERATIVAS DE CRÉDITO DE SERVIDORES PÚBLICOS,5,
1390001101020020001109001,Deduções Cooperativas de Crédito de Servidores Públicos,5,
1400000000000000000000000,RECEITA AGROPECUÁRIA,5,
1400001000000000000000000,RECEITA AGROPECUÁRIA,5,
1500000000000000000000000,RECEITA INDUSTRIAL,5,
1500001000000000000000000,RECEITA INDUSTRIAL,5,
1500001100000000000000000,RECEITA INDUSTRIAL - PRINCIPAL,5,
1500001101000000000000000,RECEITA INDUSTRIAL,5,
1500001101000000001100000,RECEITA INDUSTRIAL,5,
1500001101000000001101000,Receita Industrial,5,
1500001101000000001109000,TOTAL DEDUÇÕES RECEITA INDUSTRIAL,5,
1500001101000000001109001,Deduções Receita Industrial,5,
1500001200000000000000000,RECEITA INDUSTRIAL - MULTAS E JUROS,5,
1500001201000000000000000,MULTAS E JUROS - RECEITA INDUSTRIAL,5,
1500001201000000001100000,MULTAS E JUROS - RECEITA INDUSTRIAL,5,
1500001201000000001101000,Multas e Juros - Receita Industrial,5,
1500001201000000001109000,TOTAL DEDUÇÕES RECEITA INDUSTRIAL - MULTAS E JUROS,5,
1500001201000000001109001,Deduções Receita Industrial - Multas e Juros,5,
1600000000000000000000000,RECEITA DE SERVIÇOS,5,
1610000000000000000000000,SERVIÇOS ADMINISTRATIVOS E COMERCIAIS GERAIS,5,
1610010000000000000000000,SERVIÇOS ADMINISTRATIVOS E COMERCIAIS GERAIS,5,
1610011000000000000000000,SERVIÇOS ADMINISTRATIVOS E COMERCIAIS GERAIS,5,
1610011100000000000000000,SERVIÇOS ADMINISTRATIVOS E COMERCIAIS GERAIS - PRINCIPAL,5,
1610011101000000000000000,SERVIÇOS DE COMERCIALIZAÇÃO DE MEDICAMENTOS,5,
1610011101000000001100000,SERVIÇOS DE COMERCIALIZAÇÃO DE MEDICAMENTOS,5,
1610011101000000001101000,Serviços de Comercialização de Medicamentos,5,
1610011101000000001109000,TOTAL DEDUÇÕES SERVIÇOS DE COMERCIALIZAÇÃO DE MEDICAMENTOS,5,
1610011101000000001109001,Deduções Serviços de Comercialização de Medicamentos,5,
1610011102000000000000000,"SERVIÇO DE COMERCIALIZAÇÃO DE PRODUTOS, DADOS E MATERIAIS DE INFORMÁTICA",5,
1610011102000000001100000,"SERVIÇO DE COMERCIALIZAÇÃO DE PRODUTOS, DADOS E MATERIAIS DE INFORMÁTICA",5,
1610011102000000001101000,"Serviço de Comercialização de Produtos, Dados e Materiais de Informática",5,
1610011102000000001109000,"TOTAL DEDUÇÕES SERVIÇO DE COMERCIALIZAÇÃO DE PRODUTOS, DADOS E MATERIAIS DE INFORMÁTICA",5,
1610011102000000001109001,"Deduções Serviço de Comercialização de Produtos, Dados e Materiais de Informática",5,
1610011103000000000000000,SERVIÇOS ADMINISTRATIVOS,5,
1610011103000000001100000,SERVIÇOS ADMINISTRATIVOS,5,
1610011103000000001101000,Serviços Administrativos,5,
1610011103000000001109000,TOTAL DEDUÇÕES SERVIÇOS ADMINISTRATIVOS,5,
1610011103000000001109001,Deduções Serviços Administrativos,5,
1610011104000000000000000,SERVIÇOS DE FOTOCÓPIAS OU CÓPIAS HELIOGRÁFICAS,5,
1610011104000000001100000,SERVIÇOS DE FOTOCÓPIAS OU CÓPIAS HELIOGRÁFICAS,5,
1610011104000000001101000,Serviços de Fotocópias ou Cópias Heliográficas,5,
1610011104000000001109000,TOTAL DEDUÇÕES SERVIÇOS DE FOTOCÓPIAS OU CÓPIAS HELIOGRÁFICAS,5,
1610011104000000001109001,Deduções Serviços de Fotocópias ou Cópias Heliográficas,5,
1610011105000000000000000,OUTROS SERVIÇOS ADMINISTRATIVOS,5,
1610011105000000001100000,OUTROS SERVIÇOS ADMINISTRATIVOS,5,
1610011105000000001101000,Outros Serviços Administrativos,5,
1610011105000000001109000,TOTAL DEDUÇÕES OUTROS SERVIÇOS ADMINISTRATIVOS,5,
1610011105000000001109001,Deduções Outros Serviços Administrativos,5,
1610011106000000000000000,SERVIÇOS DE EXPEDIENTES,5,
1610011106000000001100000,SERVIÇOS DE EXPEDIENTES,5,
1610011106000000001101000,Serviços de Expedientes,5,
1610011106000000001109000,TOTAL DEDUÇÕES SERVIÇOS DE EXPEDIENTES,5,
1610011106000000001109001,Deduções Serviços de Expedientes,5,
1610011107000000000000000," COLETA, TRANSPORTE, TRATAMENTO, DEST. FINAL E FISC. RESÍDUOS SÓLIDOS",5,
1610011107000000001100000,"COLETA, TRANSPORTE, TRATAMENTO, DEST. FINAL E FISC. RESÍDUOS SÓLIDOS",5,
1610011107000000001101000,"Coleta, transporte, tratamento, destinação final e fiscalização dos resíduos sólidos",5,
1610011107000000001109000,"TOTAL DEDUÇÕES  COLETA, TRANSPORTE, TRATAMENTO, DEST. FINAL E FISC. RESÍDUOS SÓLIDOS",5,
1610011107000000001109001,"Deduções Coleta, transporte, tratamento, destinação final e fiscalização dos resíduos sólidos",5,
1610011108000000000000000,REQUISIÇÃO DE SERVIÇOS - FISC,5,
1610011108000000001100000,REQUISIÇÃO DE SERVIÇOS - FISC,5,
1610011108000000001101000,Requisição de Serviços - FISC,5,
1610011108000000001109000,TOTAL DEDUÇÕES REQUISIÇÃO DE SERVIÇOS - FISC,5,
1610011108000000001109001,Deduções Requisição de Serviços - FISC,5,
1610011109000000000000000,REMOÇÃO E ESTADIA - DSV,5,
1610011109000000001100000,REMOÇÃO E ESTADIA - DSV,5,
1610011109000000001101000,Remoção e Estadia - DSV,5,
1610011109000000001109000,TOTAL DEDUÇÕES REMOÇÃO E ESTADIA - DSV,5,
1610011109000000001109001,Deduções Remoção e Estadia - DSV,5,
1610011110000000000000000,AUTUAÇÃO DE PROCESSOS - DAMSP,5,
1610011110000000001100000,AUTUAÇÃO DE PROCESSOS - DAMSP,5,
1610011110000000001101000,Autuação de Processos - DAMSP,5,
1610011110000000001109000,TOTAL DEDUÇÕES AUTUAÇÃO DE PROCESSOS - DAMSP,5,
1610011110000000001109001,Deduções Autuação de Processos - DAMSP,5,
1610011111000000000000000,AUTUAÇÃO DE PROCESSOS - DEA,5,
1610011111000000001100000,AUTUAÇÃO DE PROCESSOS - DEA,5,
1610011111000000001101000,Autuação de Processos - DEA,5,
1610011111000000001109000,TOTAL DEDUÇÕES AUTUAÇÃO DE PROCESSOS - DEA,5,
1610011111000000001109001,Deduções Autuação de Processos - DEA,5,
1610011112000000000000000,"ANÁLISE DE ESTUDOS, PLANOS, PROJETOS E RELATÓRIOS - DECONT",5,
1610011112000000001100000,"ANÁLISE DE ESTUDOS, PLANOS, PROJETOS E RELATÓRIOS - DECONT",5,
1610011112000000001101000,"Análise de Estudos, Planos, Projetos e Relatórios - DECONT",5,
1610011112000000001109000,"TOTAL DEDUÇÕES ANÁLISE DE ESTUDOS, PLANOS, PROJETOS E RELATÓRIOS - DECONT",5,
1610011112000000001109001,"Deduções Análise de Estudos, Planos, Projetos e Relatórios - DECONT",5,
1610011113000000000000000,SERVIÇOS DE GEOPROCESSAMENTO,5,
1610011113000000001100000,SERVIÇOS DE GEOPROCESSAMENTO,5,
1610011113000000001101000,Serviços de Geoprocessamento,5,
1610011113000000001109000,TOTAL DEDUÇÕES SERVIÇOS DE GEOPROCESSAMENTO,5,
1610011113000000001109001,Deduções Serviços de Geoprocessamento,5,
1610011114000000000000000,"DESINTERDIÇÃO, FISCALIZAÇÃO E VISTORIA - DECONT",5,
1610011114000000001100000,"DESINTERDIÇÃO, FISCALIZAÇÃO E VISTORIA - DECONT",5,
1610011114000000001101000,"Desinterdição, Fiscalização e Vistoria - DECONT",5,
1610011114000000001109000,"TOTAL DEDUÇÕES DESINTERDIÇÃO, FISCALIZAÇÃO E VISTORIA - DECONT",5,
1610011114000000001109001,"Deduções Desinterdição, Fiscalização e Vistoria - DECONT",5,
1610011115000000000000000,EMISSÃO DE LICENÇAS AMBIENTAIS - DECONT,5,
1610011115000000001100000,EMISSÃO DE LICENÇAS AMBIENTAIS - DECONT,5,
1610011115000000001101000,Emissão de Licenças Ambientais - DECONT,5,
1610011115000000001109000,TOTAL DEDUÇÕES EMISSÃO DE LICENÇAS AMBIENTAIS - DECONT,5,
1610011115000000001109001,Deduções Emissão de Licenças Ambientais - DECONT,5,
1610011116000000000000000,SERVIÇOS DE TRANSPORTE DO DTP,5,
1610011116000000001100000,SERVIÇOS DE TRANSPORTE DO DTP,5,
1610011116000000001101000,Serviços de Transporte do DTP,5,
1610011116000000001109000,TOTAL DEDUÇÕES SERVIÇOS DE TRANSPORTE DO DTP,5,
1610011116000000001109001,Deduções Serviços de Transporte do DTP,5,
1610011117000000000000000,RECEITA DE REGISTROS DE PROFISSIONAIS E FIRMAS,5,
1610011117000000001100000,RECEITA DE REGISTROS DE PROFISSIONAIS E FIRMAS,5,
1610011117000000001101000,Receita de Registros de Profissionais e Firmas,5,
1610011117000000001109000,TOTAL DEDUÇÕES RECEITA DE REGISTROS DE PROFISSIONAIS E FIRMAS,5,
1610011117000000001109001,Deduções Receita de Registros de Profissionais e Firmas,5,
1610011118000000000000000,TERMO DE PERMISSÃO DE USO - TPU,5,
1610011118000000001100000,TERMO DE PERMISSÃO DE USO - TPU,5,
1610011118000000001101000,Termo de Permissão de Uso - TPU,5,
1610011118000000001109000,TOTAL DEDUÇÕES TERMO DE PERMISSÃO DE USO - TPU,5,
1610011118000000001109001,Deduções Termo de Permissão de Uso - TPU,5,
1610011119000000000000000,LICENÇA ESPECIAL DE TRÂNSITO DE PRODUTOS PERIGOSOS - SMT,5,
1610011119000000001100000,LICENÇA ESPECIAL DE TRÂNSITO DE PRODUTOS PERIGOSOS - SMT,5,
1610011119000000001101000,Licença Especial de Trânsito de Produtos Perigosos - SMT,5,
1610011119000000001109000,TOTAL DEDUÇÕES LICENÇA ESPECIAL DE TRÂNSITO DE PRODUTOS PERIGOSOS - SMT,5,
1610011119000000001109001,Deduções Licença Especial de Trânsito de Produtos Perigosos - SMT,5,
1610011120000000000000000,CADASTRAMENTO DE AMBULANTES,5,
1610011120000000001100000,CADASTRAMENTO DE AMBULANTES,5,
1610011120000000001101000,Cadastramento de Ambulantes,5,
1610011120000000001109000,TOTAL DEDUÇÕES CADASTRAMENTO DE AMBULANTES,5,
1610011120000000001109001,Deduções Cadastramento de Ambulantes,5,
1610011121000000000000000,TERMO DE PERMISSÃO DE USO - CONVIAS,5,
1610011121000000001100000,TERMO DE PERMISSÃO DE USO - CONVIAS,5,
1610011121000000001101000,Termo de Permissão de Uso - CONVIAS,5,
1610011121000000001109000,TOTAL DEDUÇÕES TERMO DE PERMISSÃO DE USO - CONVIAS,5,
1610011121000000001109001,Deduções Termo de Permissão de Uso - CONVIAS,5,
1610011122000000000000000,APROVAÇÃO DE PROJETOS - CONVIAS,5,
1610011122000000001100000,APROVAÇÃO DE PROJETOS - CONVIAS,5,
1610011122000000001101000,Aprovação de Projetos - CONVIAS,5,
1610011122000000001109000,TOTAL DEDUÇÕES APROVAÇÃO DE PROJETOS - CONVIAS,5,
1610011122000000001109001,Deduções Aprovação de Projetos - CONVIAS,5,
1610011123000000000000000,CREDENCIAMENTO OPERADORAS DE TECNOLOGIA DE TRANSPORTE CREDENCIADAS - OTTC,5,
1610011123000000001100000,CREDENCIAMENTO OPERADORAS DE TECNOLOGIA DE TRANSPORTE CREDENCIADAS - OTTC,5,
1610011123000000001101000,Credenciamento Operadoras de Tecnologia de Transporte Credenciadas - OTTC,5,
1610011123000000001109000,TOTAL DEDUÇÕES CREDENCIAMENTO OPERADORAS DE TECNOLOGIA DE TRANSPORTE CREDENCIADAS - OTTC,5,
1610011123000000001109001,Deduções Credenciamento Operadoras de Tecnologia de Transporte Credenciadas - OTTC,5,
1610011124000000000000000,SERVIÇOS DE VENDA DE EDITAIS,5,
1610011124000000001100000,SERVIÇOS DE VENDA DE EDITAIS,5,
1610011124000000001101000,Serviços de Venda de Editais,5,
1610011124000000001109000,TOTAL DEDUÇÕES SERVIÇOS DE VENDA DE EDITAIS,5,
1610011124000000001109001,Deduções Serviços de Venda de Editais,5,
1610011125000000000000000,SERVIÇOS RECREATIVOS E CULTURAIS - PMSP,5,
1610011125000000001100000,SERVIÇOS RECREATIVOS E CULTURAIS - PMSP,5,
1610011125000000001101000,Serviços Recreativos e Culturais,5,
1610011125000000001109000,TOTAL DEDUÇÕES SERVIÇOS RECREATIVOS E CULTURAIS - PMSP,5,
1610011125000000001109001,Deduções Serviços Recreativos e Culturais - PMSP,5,
1610011126000000000000000,"EVENTOS ESPORTIVOS - FUNDO MUNICIPAL DE ESPORTES, LAZER E RECREAÇÃO",5,
1610011126000000001100000,"EVENTOS ESPORTIVOS - FUNDO MUNICIPAL DE ESPORTES, LAZER E RECREAÇÃO",5,
1610011126000000001101000,"Eventos Esportivos - Fundo Municipal de Esportes, Lazer e Recreação",5,
1610011126000000001109000,"TOTAL DEDUÇÕES EVENTOS ESPORTIVOS - FUNDO MUNICIPAL DE ESPORTES, LAZER E RECREAÇÃO",5,
1610011126000000001109001,"Deduções Eventos Esportivos - Fundo Municipal de Esportes, Lazer e Recreação",5,
1610011127000000000000000,SERVIÇOS RECREATIVOS E CULTURAIS - FTMSP,5,
1610011127000000001100000,SERVIÇOS RECREATIVOS E CULTURAIS - FTMSP,5,
1610011127000000001101000,Serviços Recreativos e Culturais - FTMSP,5,
1610011127000000001109000,TOTAL DEDUÇÕES SERVIÇOS RECREATIVOS E CULTURAIS - FTMSP,5,
1610011127000000001109001,Deduções Serviços Recreativos e Culturais - FTMSP,5,
1610011128000000000000000,REMUNERAÇÃO DE SERVIÇOS PRESTADOS - COHAB - SPDA/RCB,5,
1610011128000000001100000,REMUNERAÇÃO DE SERVIÇOS PRESTADOS - COHAB - SPDA/RCB,5,
1610011128000000001101000,Remuneração de Serviços Prestados - COHAB - SPDA/RCB,5,
1610011128000000001109000,TOTAL DEDUÇÕES REMUNERAÇÃO DE SERVIÇOS PRESTADOS - COHAB - SPDA/RCB,5,
1610011128000000001109001,Deduções Remuneração de Serviços Prestados - COHAB - SPDA/RCB,5,
1610011129000000000000000,REMUNERAÇÃO DE SERVIÇOS PRESTADOS - COHAB - CDHU,5,
1610011129000000001100000,REMUNERAÇÃO DE SERVIÇOS PRESTADOS - COHAB - CDHU,5,
1610011129000000001101000,Remuneração de Serviços Prestados - COHAB - CDHU,5,
1610011129000000001109000,TOTAL DEDUÇÕES REMUNERAÇÃO DE SERVIÇOS PRESTADOS - COHAB - CDHU,5,
1610011129000000001109001,Deduções Remuneração de Serviços Prestados - COHAB - CDHU,5,
1610011130000000000000000,FORNECIMENTO DE REFEIÇÕES,5,
1610011130000000001100000,FORNECIMENTO DE REFEIÇÕES,5,
1610011130000000001101000,Fornecimento de Refeições,5,
1610011130000000001109000,TOTAL DEDUÇÕES FORNECIMENTO DE REFEIÇÕES,5,
1610011130000000001109001,Deduções Fornecimento de Refeições,5,
1610011131000000000000000,"TAXAS REMUNERATÓRIAS - CONSIGNAÇÕES - FED/TCM
",5,
1610011131000000001100000,"TAXAS REMUNERATÓRIAS - CONSIGNAÇÕES - FED/TCM
",5,
1610011131000000001101000,Taxas Remuneratórias - Consignações - FED/TCM,5,
1610011132000000000000000,CONSIGNAÇÕES FACULTATIVAS - ARTIGO 12 DO DECRETO 49.425/2008,5,
1610011132000000001100000,CONSIGNAÇÕES FACULTATIVAS - ARTIGO 12 DO DECRETO 49.425/2008,5,
1610011132000000001101000,Consignações Facultativas - Artigo 12 do Decreto 49.425/2008,5,
1610011133000000000000000,AUTUAÇÃO DE PROCESSO ELETRÔNICO-SEI,5,
1610011133000000001100000,AUTUAÇÃO DE PROCESSO ELETRÔNICO-SEI,5,
1610011133000000001101000,Autuação de Processo Eletrônico-SEI,5,
1610011134000000000000000,EMOLUMENTOS - ART. 15 DA LEI 17.109/2019 - FMDC,5,
1610011134000000001100000,EMOLUMENTOS - ART. 15 DA LEI 17.109/2019 - FMDC,5,
1610011134000000001101000,Emolumentos - Art. 15 da Lei 17.109/2019 - FMDC,5,
1610011135000000000000000,BILHETERIA DOS PLANETÁRIOS DO CARMO E IBIRAPUERA,5,
1610011135000000001100000,BILHETERIA DOS PLANETÁRIOS DO CARMO E IBIRAPUERA,5,
1610011135000000001101000,Bilheteria dos Planetários do Carmo e Ibirapuera,5,
1610011200000000000000000,SERVIÇOS ADMINISTRATIVOS E COMERCIAIS GERAIS - MULTAS E JUROS,5,
1610011201000000000000000,SERVIÇOS ADMINISTRATIVOS E COMERCIAIS GERAIS - MULTAS E JUROS,5,
1610011201000000001100000,SERVIÇOS ADMINISTRATIVOS E COMERCIAIS GERAIS - MULTAS E JUROS,5,
1610011201000000001101000,Serviços de Comercialização de Medicamentos - Multas e Juros,5,
1610011201000000001109000,TOTAL DEDUÇÕES SERVIÇOS DE COMERCIALIZAÇÃO DE MEDICAMENTOS - MULTAS E JUROS,5,
1610011201000000001109001,Deduções Serviços de Comercialização de Medicamentos - Multas e Juros,5,
1610011202000000000000000,"MULTAS E JUROS - SERVIÇO DE COMERCIALIZAÇÃO DE PRODUTOS, DADOS E MATERIAIS DE INFORMÁTICA",5,
1610011202000000001100000,"MULTAS E JUROS - SERVIÇO DE COMERCIALIZAÇÃO DE PRODUTOS, DADOS E MATERIAIS DE INFORMÁTICA",5,
1610011202000000001101000,"Multas e Juros - Serviço de Comercialização de Produtos, Dados e Materiais de Informática",5,
1610011202000000001109000,"TOTAL DEDUÇÕES MULTAS E JUROS DE SERVIÇO DE COMERCIALIZAÇÃO DE PRODUTOS, DADOS E MATERIAIS DE INFORM",5,
1610011202000000001109001,"Deduções Multas e Juros de Serviço de Comercialização de Produtos, Dados e Materiais de Informática ",5,
1610011203000000000000000,MULTAS E JUROS - SERVIÇOS ADMINISTRATIVOS,5,
1610011203000000001100000,MULTAS E JUROS - SERVIÇOS ADMINISTRATIVOS,5,
1610011203000000001101000,Multas e Juros - Serviços Administrativos,5,
1610011203000000001109000,TOTAL DEDUÇÕES SERVIÇOS ADMINISTRATIVOS - MULTAS E JUROS,5,
1610011203000000001109001,Deduções Serviços Administrativos - Multas e Juros,5,
1610011204000000000000000,MULTAS E JUROS - SERVIÇOS DE FOTOCÓPIAS OU CÓPIAS HELIOGRÁFICAS,5,
1610011204000000001100000,MULTAS E JUROS - SERVIÇOS DE FOTOCÓPIAS OU CÓPIAS HELIOGRÁFICAS,5,
1610011204000000001101000,Multas e Juros - Serviços de Fotocópias ou Cópias Heliográficas,5,
1610011204000000001109000,TOTAL DEDUÇÕES SERVIÇOS DE FOTOCÓPIAS OU CÓPIAS HELIOGRÁFICAS - MULTAS E JUROS,5,
1610011204000000001109001,Deduções Serviços de Fotocópias ou Cópias Heliográficas - Multas e Juros,5,
1610011205000000000000000,MULTAS E JUROS - OUTROS SERVIÇOS ADMINISTRATIVOS,5,
1610011205000000001100000,MULTAS E JUROS - OUTROS SERVIÇOS ADMINISTRATIVOS,5,
1610011205000000001101000,Multas e Juros - Outros Serviços Administrativos,5,
1610011205000000001109000,TOTAL DEDUÇÕES OUTROS SERVIÇOS ADMINISTRATIVOS - MULTAS E JUROS,5,
1610011205000000001109001,Deduções Outros Serviços Administrativos - Multas e Juros,5,
1610011206000000000000000,MULTAS E JUROS - SERVIÇOS DE EXPEDIENTES,5,
1610011206000000001100000,MULTAS E JUROS - SERVIÇOS DE EXPEDIENTES,5,
1610011206000000001101000,Multas e Juros - Serviços de Expedientes,5,
1610011206000000001109000,TOTAL DEDUÇÕES SERVIÇOS DE EXPEDIENTES - MULTAS E JUROS,5,
1610011206000000001109001,Deduções Serviços de Expedientes - Multas e Juros,5,
1610011207000000000000000,MULTAS E JUROS - COLETA DE RESÍDUOS SÓLIDOS - SAÚDE - LIMPURB,5,
1610011207000000001100000,MULTAS E JUROS - COLETA DE RESÍDUOS SÓLIDOS - SAÚDE - LIMPURB,5,
1610011207000000001101000, Multas e Juros - Coleta de Resíduos Sólidos - Saúde - LIMPURB,5,
1610011207000000001109000,TOTAL DEDUÇÕES COLETA DE RESÍDUOS SÓLIDOS - SAÚDE - LIMPURB - MULTAS E JUROS,5,
1610011207000000001109001,Deduções Coleta de Resíduos Sólidos - Saúde - LIMPURB - Multas e Juros,5,
1610011208000000000000000,MULTAS E JUROS - REQUISIÇÃO DE SERVIÇOS - FISC,5,
1610011208000000001100000,MULTAS E JUROS - REQUISIÇÃO DE SERVIÇOS - FISC,5,
1610011208000000001101000,Multas e Juros - Requisição de Serviços - FISC,5,
1610011208000000001109000,TOTAL DEDUÇÕES REQUISIÇÃO DE SERVIÇOS - FISC - MULTAS E JUROS,5,
1610011208000000001109001,Deduções Requisição de Serviços - FISC - Multas e Juros,5,
1610011209000000000000000,MULTAS E JUROS - REMOÇÃO E ESTADIA - DSV,5,
1610011209000000001100000,MULTAS E JUROS - REMOÇÃO E ESTADIA - DSV,5,
1610011209000000001101000,Multas e Juros - Remoção e Estadia - DSV,5,
1610011209000000001109000,TOTAL DEDUÇÕES REMOÇÃO E ESTADIA - DSV - MULTAS E JUROS,5,
1610011209000000001109001,Deduções Remoção e Estadia - DSV - Multas e Juros,5,
1610011210000000000000000,MULTAS E JUROS - AUTUAÇÃO DE PROCESSOS - DAMSP,5,
1610011210000000001100000,MULTAS E JUROS - AUTUAÇÃO DE PROCESSOS - DAMSP,5,
1610011210000000001101000,Multas e Juros - Autuação de Processos - DAMSP,5,
1610011210000000001109000,TOTAL DEDUÇÕES AUTUAÇÃO DE PROCESSOS - DAMSP - MULTAS E JUROS,5,
1610011210000000001109001,Deduções Autuação de Processos - DAMSP - Multas e Juros,5,
1610011211000000000000000,MULTAS E JUROS - AUTUAÇÃO DE PROCESSOS - G. A. 99-T,5,
1610011211000000001100000,MULTAS E JUROS - AUTUAÇÃO DE PROCESSOS - G. A. 99-T,5,
1610011211000000001101000,Multas e Juros - Autuação de Processos - G. A. 99-T,5,
1610011211000000001109000,TOTAL DEDUÇÕES AUTUAÇÃO DE PROCESSOS - G. A. 99-T - MULTAS E JUROS,5,
1610011211000000001109001,Deduções Autuação de Processos - G. A. 99-T - Multas e Juros,5,
1610011212000000000000000,"MULTAS E JUROS - ANÁLISE DE ESTUDOS, PLANOS, PROJETOS E RELATÓRIOS - DECONT",5,
1610011212000000001100000,"MULTAS E JUROS - ANÁLISE DE ESTUDOS, PLANOS, PROJETOS E RELATÓRIOS - DECONT",5,
1610011212000000001101000,"Multas e Juros - Análise de Estudos, Planos, Projetos e Relatórios - DECONT",5,
1610011212000000001109000,"TOTAL DEDUÇÕES ANÁLISE DE ESTUDOS, PLANOS, PROJETOS E RELATÓRIOS - DECONT - MULTAS E JUROS",5,
1610011212000000001109001,"Deduções Análise de Estudos, Planos, Projetos e Relatórios - DECONT - Multas e Juros",5,
1610011213000000000000000,MULTAS E JUROS - SERVIÇOS DE GEOPROCESSAMENTO,5,
1610011213000000001100000,MULTAS E JUROS - SERVIÇOS DE GEOPROCESSAMENTO,5,
1610011213000000001101000,Multas e Juros - Serviços de Geoprocessamento,5,
1610011213000000001109000,TOTAL DEDUÇÕES SERVIÇOS DE GEOPROCESSAMENTO - MULTAS E JUROS,5,
1610011213000000001109001,Deduções Serviços de Geoprocessamento - Multas e Juros,5,
1610011214000000000000000,"MULTAS E JUROS - DESINTERDIÇÃO, FISCALIZAÇÃO E VISTORIA - DECONT",5,
1610011214000000001100000,"MULTAS E JUROS - DESINTERDIÇÃO, FISCALIZAÇÃO E VISTORIA - DECONT",5,
1610011214000000001101000,"Multas e Juros - Desinterdição, Fiscalização e Vistoria - DECONT",5,
1610011214000000001109000,"TOTAL DEDUÇÕES DESINTERDIÇÃO, FISCALIZAÇÃO E VISTORIA - DECONT - MULTAS E JUROS",5,
1610011214000000001109001,"Deduções Desinterdição, Fiscalização e Vistoria - DECONT - Multas e Juros",5,
1610011215000000000000000,MULTAS E JUROS - EMISSÃO DE LICENÇAS AMBIENTAIS - DECONT,5,
1610011215000000001100000,MULTAS E JUROS - EMISSÃO DE LICENÇAS AMBIENTAIS - DECONT,5,
1610011215000000001101000,Multas e Juros - Emissão de Licenças Ambientais - DECONT,5,
1610011215000000001109000,TOTAL DEDUÇÕES EMISSÃO DE LICENÇAS AMBIENTAIS - DECONT - MULTAS E JUROS,5,
1610011215000000001109001,Deduções Emissão de Licenças Ambientais - DECONT - Multas e Juros,5,
1610011216000000000000000,MULTAS E JUROS - SERVIÇOS DE TRANSPORTE DO DTP,5,
1610011216000000001100000,MULTAS E JUROS - SERVIÇOS DE TRANSPORTE DO DTP,5,
1610011216000000001101000,Multas e Juros - Serviços de Transporte do DTP,5,
1610011216000000001109000,TOTAL DEDUÇÕES SERVIÇOS DE TRANSPORTE DO DTP - MULTAS E JUROS,5,
1610011216000000001109001,Deduções Serviços de Transporte do DTP - Multas e Juros,5,
1610011217000000000000000,MULTAS E JUROS - RECEITA DE REGISTROS DE PROFISSIONAIS E FIRMAS,5,
1610011217000000001100000,MULTAS E JUROS - RECEITA DE REGISTROS DE PROFISSIONAIS E FIRMAS,5,
1610011217000000001101000,Multas e Juros - Receita de Registros de Profissionais e Firmas,5,
1610011217000000001109000,TOTAL DEDUÇÕES RECEITA DE REGISTROS DE PROFISSIONAIS E FIRMAS - MULTAS E JUROS,5,
1610011217000000001109001,Deduções Receita de Registros de Profissionais e Firmas - Multas e Juros,5,
1610011218000000000000000,MULTAS E JUROS - TERMO DE PERMISSÃO DE USO - TPU,5,
1610011218000000001100000,MULTAS E JUROS - TERMO DE PERMISSÃO DE USO - TPU,5,
1610011218000000001101000,Multas e Juros - Termo de Permissão de Uso - TPU,5,
1610011218000000001109000,TOTAL DEDUÇÕES TERMO DE PERMISSÃO DE USO - TPU - MULTAS E JUROS,5,
1610011218000000001109001,Deduções Termo de Permissão de Uso - TPU - Multas e Juros,5,
1610011219000000000000000,MULTAS E JUROS - LICENÇA ESPECIAL DE TRÂNSITO DE PRODUTOS PERIGOSOS - SMT,5,
1610011219000000001100000,MULTAS E JUROS - LICENÇA ESPECIAL DE TRÂNSITO DE PRODUTOS PERIGOSOS - SMT,5,
1610011219000000001101000,Multas e Juros - Licença Especial de Trânsito de Produtos Perigosos - SMT,5,
1610011219000000001109000,TOTAL DEDUÇÕES LICENÇA ESPECIAL DE TRÂNSITO DE PRODUTOS PERIGOSOS - SMT - MULTAS E JUROS,5,
1610011219000000001109001,Deduções Licença Especial de Trânsito de Produtos Perigosos - SMT - Multas e Juros,5,
1610011220000000000000000,MULTAS E JUROS - CADASTRAMENTO DE AMBULANTES,5,
1610011220000000001100000,MULTAS E JUROS - CADASTRAMENTO DE AMBULANTES,5,
1610011220000000001101000,Multas e Juros - Cadastramento de Ambulantes,5,
1610011220000000001109000,TOTAL DEDUÇÕES CADASTRAMENTO DE AMBULANTES - MULTAS E JUROS,5,
1610011220000000001109001,Deduções Cadastramento de Ambulantes - Multas e Juros,5,
1610011221000000000000000,MULTAS E JUROS - TERMO DE PERMISSÃO DE USO - CONVIAS,5,
1610011221000000001100000,MULTAS E JUROS - TERMO DE PERMISSÃO DE USO - CONVIAS,5,
1610011221000000001101000,Multas e Juros - Termo de Permissão de Uso - CONVIAS,5,
1610011221000000001109000,TOTAL DEDUÇÕES TERMO DE PERMISSÃO DE USO - CONVIAS - MULTAS E JUROS,5,
1610011221000000001109001,Deduções Termo de Permissão de Uso - CONVIAS - Multas e Juros,5,
1610011222000000000000000,MULTAS E JUROS - APROVAÇÃO DE PROJETOS - CONVIAS,5,
1610011222000000001100000,MULTAS E JUROS - APROVAÇÃO DE PROJETOS - CONVIAS,5,
1610011222000000001101000,Multas e Juros - Aprovação de Projetos - CONVIAS,5,
1610011222000000001109000,TOTAL DEDUÇÕES APROVAÇÃO DE PROJETOS - CONVIAS - MULTAS E JUROS,5,
1610011222000000001109001,Deduções Aprovação de Projetos - CONVIAS - Multas e Juros,5,
1610011223000000000000000,MULTAS E JUROS - CREDENCIAMENTO OPERADORAS DE TECNOLOGIA DE TRANSPORTE CREDENCIADAS - OTTC,5,
1610011223000000001100000,MULTAS E JUROS - CREDENCIAMENTO OPERADORAS DE TECNOLOGIA DE TRANSPORTE CREDENCIADAS - OTTC,5,
1610011223000000001101000,Multas e Juros - Credenciamento Operadoras de Tecnologia de Transporte Credenciadas - OTTC,5,
1610011223000000001109000,TOTAL DEDUÇÕES CREDENCIAMENTO OPERADORAS DE TECNOLOGIA DE TRANSPORTE CREDENCIADAS - OTTC - MULTAS E ,5,
1610011223000000001109001,Deduções Credenciamento Operadoras de Tecnologia de Transporte Credenciadas - OTTC - Multas e Juros,5,
1610011224000000000000000,MULTAS E JUROS - SERVIÇOS DE VENDA DE EDITAIS,5,
1610011224000000001100000,MULTAS E JUROS - SERVIÇOS DE VENDA DE EDITAIS,5,
1610011224000000001101000,Multas e Juros - Serviços de Venda de Editais,5,
1610011224000000001109000,TOTAL DEDUÇÕES SERVIÇOS DE VENDA DE EDITAIS - MULTAS E JUROS,5,
1610011224000000001109001,Deduções Serviços de Venda de Editais - Multas e Juros,5,
1610011225000000000000000,MULTAS E JUROS - SERVIÇOS RECREATIVOS E CULTURAIS - PMSP,5,
1610011225000000001100000,MULTAS E JUROS - SERVIÇOS RECREATIVOS E CULTURAIS - PMSP,5,
1610011225000000001101000,Multas e Juros - Serviços Recreativos e Culturais - PMSP,5,
1610011225000000001109000,TOTAL DEDUÇÕES SERVIÇOS RECREATIVOS E CULTURAIS - PMSP - MULTAS E JUROS,5,
1610011225000000001109001,Deduções Serviços Recreativos e Culturais - PMSP - Multas e Juros,5,
1610011226000000000000000,"MULTAS E JUROS - EVENTOS ESPORTIVOS - FUNDO MUNICIPAL DE ESPORTES, LAZER E RECREAÇÃO",5,
1610011226000000001100000,"MULTAS E JUROS - EVENTOS ESPORTIVOS - FUNDO MUNICIPAL DE ESPORTES, LAZER E RECREAÇÃO",5,
1610011226000000001101000,"Multas e Juros - Eventos Esportivos - Fundo Municipal de Esportes, Lazer e Recreação",5,
1610011226000000001109000,"TOTAL DEDUÇÕES EVENTOS ESPORTIVOS - FUNDO MUNICIPAL DE ESPORTES, LAZER E RECREAÇÃO - MULTAS E JUROS",5,
1610011226000000001109001,"Deduções Eventos Esportivos - Fundo Municipal de Esportes, Lazer e Recreação - Multas e Juros",5,
1610011227000000000000000,MULTAS E JUROS - SERVIÇOS RECREATIVOS E CULTURAIS - FTMSP,5,
1610011227000000001100000,MULTAS E JUROS - SERVIÇOS RECREATIVOS E CULTURAIS - FTMSP,5,
1610011227000000001101000,Multas e Juros - Serviços Recreativos e Culturais - FTMSP,5,
1610011227000000001109000,TOTAL DEDUÇÕES SERVIÇOS RECREATIVOS E CULTURAIS - FTMSP - MULTAS E JUROS,5,
1610011227000000001109001,Deduções Serviços Recreativos e Culturais - FTMSP - Multas e Juros,5,
1610011228000000000000000,MULTAS E JUROS - REMUNERAÇÃO DE SERVIÇOS PRESTADOS - COHAB - SPDA/RCB,5,
1610011228000000001100000,MULTAS E JUROS - REMUNERAÇÃO DE SERVIÇOS PRESTADOS - COHAB - SPDA/RCB,5,
1610011228000000001101000,Multas e Juros - Remuneração de Serviços Prestados - COHAB - SPDA/RCB,5,
1610011228000000001109000,TOTAL DEDUÇÕES REMUNERAÇÃO DE SERVIÇOS PRESTADOS - COHAB - SPDA/RCB - MULTAS E JUROS,5,
1610011228000000001109001,Deduções Remuneração de Serviços Prestados - COHAB - SPDA/RCB - Multas e Juros,5,
1610011229000000000000000,MULTAS E JUROS - REMUNERAÇÃO DE SERVIÇOS PRESTADOS - COHAB - CDHU,5,
1610011229000000001100000,MULTAS E JUROS - REMUNERAÇÃO DE SERVIÇOS PRESTADOS - COHAB - CDHU,5,
1610011229000000001101000,Multas e Juros - Remuneração de Serviços Prestados - COHAB - CDHU,5,
1610011229000000001109000,TOTAL DEDUÇÕES REMUNERAÇÃO DE SERVIÇOS PRESTADOS - COHAB - CDHU - MULTAS E JUROS,5,
1610011229000000001109001,Deduções Remuneração de Serviços Prestados - COHAB - CDHU - Multas e Juros,5,
1610011230000000000000000,MULTAS E JUROS - FORNECIMENTO DE REFEIÇÕES,5,
1610011230000000001100000,MULTAS E JUROS - FORNECIMENTO DE REFEIÇÕES,5,
1610011230000000001101000,Multas e Juros - Fornecimento de Refeições,5,
1610011230000000001109000,TOTAL DEDUÇÕES FORNECIMENTO DE REFEIÇÕES - MULTAS E JUROS,5,
1610011230000000001109001,Deduções Fornecimento de Refeições - Multas e Juros,5,
1610020000000000000000000,INSCRIÇÃO EM CONCURSOS E PROCESSOS SELETIVOS,5,
1610021000000000000000000,INSCRIÇÃO EM CONCURSOS E PROCESSOS SELETIVOS,5,
1610021100000000000000000,INSCRIÇÃO EM CONCURSOS E PROCESSOS SELETIVOS - PRINCIPAL,5,
1610021101000000000000000,SERVIÇOS DE INSCRIÇÃO EM CONCURSOS PÚBLICOS,5,
1610021101000000001100000,SERVIÇOS DE INSCRIÇÃO EM CONCURSOS PÚBLICOS,5,
1610021101000000001101000,Serviços de Inscrição em Concursos Públicos,5,
1610021101000000001109000,TOTAL DEDUÇÕES SERVIÇOS DE INSCRIÇÃO EM CONCURSOS PÚBLICOS,5,
1610021101000000001109001,Deduções Serviços de Inscrição em Concursos Públicos,5,
1610021200000000000000000,INSCRIÇÃO EM CONCURSOS E PROCESSOS SELETIVOS - MULTAS E JUROS,5,
1610021201000000000000000,SERVIÇOS DE INSCRIÇÃO EM CONCURSOS PÚBLICOS,5,
1610021201000000001100000,SERVIÇOS DE INSCRIÇÃO EM CONCURSOS PÚBLICOS,5,
1610021201000000001101000,Serviços de Inscrição em Concursos Públicos,5,
1610021201000000001109000,TOTAL DEDUÇÕES SERVIÇOS DE INSCRIÇÃO EM CONCURSOS PÚBLICOS - MULTAS E JUROS,5,
1610021201000000001109001,Deduções Serviços de Inscrição em Concursos Públicos - Multas e Juros,5,
1610030000000000000000000,"SERVIÇOS DE REGISTRO, CERTIFICAÇÃO E FISCALIZAÇÃO",5,
1610031000000000000000000,"SERVIÇOS DE REGISTRO, CERTIFICAÇÃO E FISCALIZAÇÃO",5,
1610031100000000000000000,"SERVIÇOS DE REGISTRO, CERTIFICAÇÃO E FISCALIZAÇÃO - PRINCIPAL",5,
1610031101000000000000000,SERV REGISTRO DE ANÁLISE E CONTR DE PROD SUJ A NORMAS DE VIG SANITÁRIA,5,
1610031101000000001100000,SERV REGISTRO DE ANÁLISE E CONTR DE PROD SUJ A NORMAS DE VIG SANITÁRIA,5,
1610031101000000001101000,Serv Registro de Análise e Contr de Prod Suj a Normas de Vig Sanitária,5,
1610031101000000001109000,TOTAL DEDUÇÕES SERV REGISTRO DE ANÁLISE E CONTR DE PROD SUJ A NORMAS DE VIG SANITÁRIA,5,
1610031101000000001109001,Deduções Serv Registro de Análise e Contr de Prod Suj a Normas de Vig Sanitária,5,
1610031102000000000000000,SERVIÇO DE INSPEÇÃO E FISCALIZAÇÃO,5,
1610031102000000001100000,SERVIÇO DE INSPEÇÃO E FISCALIZAÇÃO,5,
1610031102000000001101000,Serviço de Inspeção e Fiscalização,5,
1610031102000000001109000,TOTAL DEDUÇÕES SERVIÇO DE INSPEÇÃO E FISCALIZAÇÃO,5,
1610031102000000001109001,Deduções Serviço de Inspeção e Fiscalização,5,
1610031103000000000000000,SERVIÇOS DE EXPEDIÇÃO DE CERTIFICADOS,5,
1610031103000000001100000,SERVIÇOS DE EXPEDIÇÃO DE CERTIFICADOS,5,
1610031103000000001101000,Serviços de Expedição de Certificados,5,
1610031103000000001109000,TOTAL DEDUÇÕES SERVIÇOS DE EXPEDIÇÃO DE CERTIFICADOS,5,
1610031103000000001109001,Deduções Serviços de Expedição de Certificados,5,
1610031200000000000000000,"SERVIÇOS DE REGISTRO, CERTIFICAÇÃO E FISCALIZAÇÃO - MULTAS E JUROS",5,
1610031201000000000000000,MULTAS E JUROS - SERV REGISTRO DE ANÁLISE E CONTR DE PROD SUJ A NORMAS DE VIG SANITÁRIA,5,
1610031201000000001100000,MULTAS E JUROS - SERV REGISTRO DE ANÁLISE E CONTR DE PROD SUJ A NORMAS DE VIG SANITÁRIA,5,
1610031201000000001101000,Multas e Juros - Serv Registro de Análise e Contr de Prod Suj a Normas de Vig Sanitária,5,
1610031201000000001109000,TOTAL DEDUÇÕES SERV REGISTRO DE ANÁLISE E CONTR DE PROD SUJ A NORMAS DE VIG SANITÁRIA - MULTAS E JUR,5,
1610031201000000001109001,Deduções Serv Registro de Análise e Contr de Prod Suj a Normas de Vig Sanitária - Multas e Juros,5,
1610031202000000000000000,MULTAS E JUROS - SERVIÇO DE INSPEÇÃO E FISCALIZAÇÃO,5,
1610031202000000001100000,MULTAS E JUROS - SERVIÇO DE INSPEÇÃO E FISCALIZAÇÃO,5,
1610031202000000001101000,Multas e Juros - Serviço de Inspeção e Fiscalização,5,
1610031202000000001109000,TOTAL DEDUÇÕES SERVIÇO DE INSPEÇÃO E FISCALIZAÇÃO - MULTAS E JUROS,5,
1610031202000000001109001,Deduções Serviço de Inspeção e Fiscalização - Multas e Juros,5,
1610031203000000000000000,MULTAS E JUROS - SERVIÇOS DE EXPEDIÇÃO DE CERTIFICADOS,5,
1610031203000000001100000,MULTAS E JUROS - SERVIÇOS DE EXPEDIÇÃO DE CERTIFICADOS,5,
1610031203000000001101000,Multas e Juros - Serviços de Expedição de Certificados,5,
1610031203000000001109000,TOTAL DEDUÇÕES SERVIÇOS DE EXPEDIÇÃO DE CERTIFICADOS - MULTAS E JUROS,5,
1610031203000000001109001,Deduções Serviços de Expedição de Certificados - Multas e Juros,5,
1610040000000000000000000,SERVIÇOS DE INFORMAÇÃO E TECNOLOGIA,5,
1610041000000000000000000,SERVIÇOS DE INFORMAÇÃO E TECNOLOGIA,5,
1620000000000000000000000,SERVIÇOS E ATIVIDADES REFERENTES À NAVEGAÇÃO E AO TRANSPORTE,5,
1620010000000000000000000,SERVIÇOS DE NAVEGAÇÃO,5,
1620011000000000000000000,SERVIÇOS DE NAVEGAÇÃO,5,
1620020000000000000000000,SERVIÇOS DE TRANSPORTE,5,
1620021000000000000000000,SERVIÇOS DE TRANSPORTE,5,
1620021100000000000000000,SERVIÇOS DE TRANSPORTE - PRINCIPAL,5,
1620021101000000000000000,OUTROS SERVIÇOS DE TRANSPORTE,5,
1620021101000000001100000,OUTROS SERVIÇOS DE TRANSPORTE,5,
1620021101000000001101000,Outros Serviços de Transporte,5,
1620021101000000001109000,TOTAL DEDUÇÕES OUTROS SERVIÇOS DE TRANSPORTE,5,
1620021101000000001109001,Deduções Outros Serviços de Transporte,5,
1620021200000000000000000,SERVIÇOS DE TRANSPORTE - MULTAS E JUROS,5,
1620021201000000000000000,MULTAS E JUROS - OUTROS SERVIÇOS DE TRANSPORTE,5,
1620021201000000001100000,MULTAS E JUROS - OUTROS SERVIÇOS DE TRANSPORTE,5,
1620021201000000001101000,Multas e Juros - Outros Serviços de Transporte,5,
1620021201000000001109000,TOTAL DEDUÇÕES OUTROS SERVIÇOS DE TRANSPORTE - MULTAS E JUROS,5,
1620021201000000001109001,Deduções Outros Serviços de Transporte - Multas e Juros,5,
1620030000000000000000000,SERVIÇOS PORTUÁRIOS,5,
1620031000000000000000000,SERVIÇOS PORTUÁRIOS,5,
1620040000000000000000000,SERVIÇOS AEROPORTUÁRIOS,5,
1620041000000000000000000,TARIFA AEROPORTUÁRIA,5,
1620042000000000000000000,ADICIONAL SOBRE TARIFA AEROPORTUÁRIA,5,
1620043000000000000000000,PARCELA DA TARIFA DE EMBARQUE INTERNACIONAL,5,
1630000000000000000000000,SERVIÇOS E ATIVIDADES REFERENTES À SAÚDE,5,
1630010000000000000000000,SERVIÇOS DE ATENDIMENTO À SAÚDE,5,
1630011000000000000000000,SERVIÇOS DE ATENDIMENTO À SAÚDE,5,
1630011100000000000000000,SERVIÇOS DE ATENDIMENTO À SAÚDE - PRINCIPAL,5,
1630011101000000000000000,SERVIÇOS HOSPITALARES,5,
1630011101000000001100000,SERVIÇOS HOSPITALARES,5,
1630011101000000001101000,Serviços Hospitalares,5,
1630011101000000001109000,TOTAL DEDUÇÕES SERVIÇOS HOSPITALARES,5,
1630011101000000001109001,Deduções Serviços Hospitalares,5,
1630011102000000000000000,SERVIÇOS RADIOLÓGICOS E LABORATORIAIS - FMS,5,
1630011102000000001100000,SERVIÇOS RADIOLÓGICOS E LABORATORIAIS - FMS,5,
1630011102000000001101000,Serviços Radiológicos e Laboratoriais - FMS,5,
1630011102000000001109000,TOTAL DEDUÇÕES SERVIÇOS RADIOLÓGICOS E LABORATORIAIS - FMS,5,
1630011102000000001109001,Deduções Serviços Radiológicos e Laboratoriais - FMS,5,
1630011103000000000000000,SERVIÇOS AMBULATORIAIS,5,
1630011103000000001100000,SERVIÇOS AMBULATORIAIS,5,
1630011103000000001101000,Serviços Ambulatoriais,5,
1630011103000000001109000,TOTAL DEDUÇÕESSERVIÇOS AMBULATORIAIS,5,
1630011103000000001109001,DeduçõesServiços Ambulatoriais,5,
1630011104000000000000000,OUTROS SERVIÇOS DE SAÚDE,5,
1630011104000000001100000,OUTROS SERVIÇOS DE SAÚDE,5,
1630011104000000001101000,Outros Serviços de Saúde,5,
1630011104000000001109000,TOTAL DEDUÇÕES OUTROS SERVIÇOS DE SAÚDE,5,
1630011104000000001109001,Deduções Outros Serviços de Saúde,5,
1630011200000000000000000,SERVIÇOS DE ATENDIMENTO À SAÚDE - MULTAS E JUROS,5,
1630011201000000000000000,MULTAS E JUROS - SERVIÇOS HOSPITALARES,5,
1630011201000000001100000,MULTAS E JUROS - SERVIÇOS HOSPITALARES,5,
1630011201000000001101000,Multas e Juros - Serviços Hospitalares,5,
1630011201000000001109000,TOTAL DEDUÇÕES SERVIÇOS HOSPITALARES - MULTAS E JUROS,5,
1630011201000000001109001,Deduções Serviços Hospitalares - Multas e Juros,5,
1630011202000000000000000,MULTAS E JUROS - SERVIÇOS RADIOLÓGICOS E LABORATORIAIS - FMS,5,
1630011202000000001100000,MULTAS E JUROS - SERVIÇOS RADIOLÓGICOS E LABORATORIAIS - FMS,5,
1630011202000000001101000,Multas e Juros - Serviços Radiológicos e Laboratoriais - FMS,5,
1630011202000000001109000,TOTAL DEDUÇÕES SERVIÇOS RADIOLÓGICOS E LABORATORIAIS - FMS - MULTAS E JUROS,5,
1630011202000000001109001,Deduções Serviços Radiológicos e Laboratoriais - FMS - Multas e Juros,5,
1630011203000000000000000,MULTAS E JUROS -SERVIÇOS AMBULATORIAIS,5,
1630011203000000001100000,MULTAS E JUROS -SERVIÇOS AMBULATORIAIS,5,
1630011203000000001101000,Multas e Juros -Serviços Ambulatoriais,5,
1630011203000000001109000,TOTAL DEDUÇÕES SERVIÇOS AMBULATORIAIS - MULTAS E JUROS,5,
1630011203000000001109001,Deduções Serviços Ambulatoriais - Multas e Juros,5,
1630011204000000000000000,MULTAS E JUROS - OUTROS SERVIÇOS DE SAÚDE,5,
1630011204000000001100000,MULTAS E JUROS - OUTROS SERVIÇOS DE SAÚDE,5,
1630011204000000001101000,Multas e Juros - Outros Serviços de Saúde,5,
1630011204000000001109000,TOTAL DEDUÇÕES OUTROS SERVIÇOS DE SAÚDE - MULTAS E JUROS,5,
1630011204000000001109001,Deduções Outros Serviços de Saúde - Multas e Juros,5,
1630020000000000000000000,SERVIÇOS DE ASSISTÊNCIA À SAÚDE DE SERVIDORES CIVIS E MILITARES,5,
1630021000000000000000000,SERVIÇOS DE ASSISTÊNCIA À SAÚDE SUPLEMENTAR DO SERVIDOR CIVIL,5,
1630022000000000000000000,SERVIÇOS DE ASSISTÊNCIA MÉDICO-HOSPITALAR DO MILITAR,5,
1638000000000000000000000,SERVIÇOS E ATIVIDADES REFERENTES À SAÚDE - ESPECÍFICO PARA ESTADOS/DF/MUNICÍPIOS,5,
1638010000000000000000000,SERVIÇOS DE SAÚDE - ESPECÍFICO PARA ESTADOS/DF/MUNICÍPIOS,5,
1638011000000000000000000,SERVIÇOS HOSPITALARES,5,
1638012000000000000000000,SERVIÇOS DE REGISTRO DE ANÁLISE E DE CONTROLE,5,
1638013000000000000000000,SERVIÇOS RADIOLÓGICOS E LABORATORIAIS,5,
1638014000000000000000000,SERVIÇOS AMBULATORIAIS,5,
1638019000000000000000000,OUTROS SERVIÇOS DE SAÚDE,5,
1640000000000000000000000,SERVIÇOS E ATIVIDADES FINANCEIRAS,5,
1640010000000000000000000,"RETORNO DE OPERAÇÕES, JUROS E ENCARGOS FINANCEIROS",5,
1640011000000000000000000,"RETORNO DE OPERAÇÕES, JUROS E ENCARGOS FINANCEIROS",5,
1640011100000000000000000,"RETORNO DE OPERAÇÕES, JUROS E ENCARGOS FINANCEIROS - PRINCIPAL",5,
1640011101000000000000000,JUROS DE EMPRÉSTIMOS IMOBILIÁRIOS 1ª SÉRIE,5,
1640011101000000001100000,JUROS DE EMPRÉSTIMOS IMOBILIÁRIOS 1ª SÉRIE,5,
1640011101000000001101000,Juros de Empréstimos Imobiliários 1ª Série,5,
1640011101000000001109000,TOTAL DEDUÇÕES JUROS DE EMPRÉSTIMOS IMOBILIÁRIOS 1ª SÉRIE,5,
1640011101000000001109001,Deduções Juros de Empréstimos Imobiliários 1ª Série,5,
1640011102000000000000000,JUROS DE EMPRÉSTIMOS HIPOTECÁRIOS HELIÓPOLIS,5,
1640011102000000001100000,JUROS DE EMPRÉSTIMOS HIPOTECÁRIOS HELIÓPOLIS,5,
1640011102000000001101000,Juros de Empréstimos Hipotecários Heliópolis,5,
1640011102000000001109000,TOTAL DEDUÇÕES JUROS DE EMPRÉSTIMOS HIPOTECÁRIOS HELIÓPOLIS,5,
1640011102000000001109001,Deduções Juros de Empréstimos Hipotecários Heliópolis,5,
1640011103000000000000000,JUROS DE EMPRÉSTIMOS IMOBILIÁRIOS DECRETO 34.985/95,5,
1640011103000000001100000,JUROS DE EMPRÉSTIMOS IMOBILIÁRIOS DECRETO 34.985/95,5,
1640011103000000001101000,Juros de Empréstimos Imobiliários Decreto 34.985/95,5,
1640011103000000001109000,TOTAL DEDUÇÕES JUROS DE EMPRÉSTIMOS IMOBILIÁRIOS DECRETO 34.985/95,5,
1640011103000000001109001,Deduções Juros de Empréstimos Imobiliários Decreto 34.985/95,5,
1640011104000000000000000,JUROS DE EMPRÉSTIMOS HIPOTECÁRIOS RESOLUÇÃO 546/96,5,
1640011104000000001100000,JUROS DE EMPRÉSTIMOS HIPOTECÁRIOS RESOLUÇÃO 546/96,5,
1640011104000000001101000,Juros de Empréstimos Hipotecários Resolução 546/96,5,
1640011104000000001109000,TOTAL DEDUÇÕES JUROS DE EMPRÉSTIMOS HIPOTECÁRIOS RESOLUÇÃO 546/96,5,
1640011104000000001109001,Deduções Juros de Empréstimos Hipotecários Resolução 546/96,5,
1640011105000000000000000,SERV DE COMISSÕES PELA PREST DE SERV DE GARANTIA,5,
1640011105000000001100000,SERV DE COMISSÕES PELA PREST DE SERV DE GARANTIA,5,
1640011105000000001101000,Serv de Comissões pela Prest de Serv de Garantia,5,
1640011105000000001109000,TOTAL DEDUÇÕES SERV DE COMISSÕES PELA PREST DE SERV DE GARANTIA,5,
1640011105000000001109001,Deduções Serv de Comissões pela Prest de Serv de Garantia,5,
1640020000000000000000000,"CONCESSÃO DE AVAIS, GARANTIAS E SEGUROS",5,
1640021000000000000000000,"CONCESSÃO DE AVAIS, GARANTIAS E SEGUROS",5,
1640030000000000000000000,REMUNERAÇÃO SOBRE REPASSE PARA PROGRAMAS DE DESENVOLVIMENTO ECONÔMICO,5,
1640031000000000000000000,REMUNERAÇÃO SOBRE REPASSE PARA PROGRAMAS DE DESENVOLVIMENTO ECONÔMICO,5,
1690000000000000000000000,OUTROS SERVIÇOS,5,
1690990000000000000000000,OUTROS SERVIÇOS,5,
1690991000000000000000000,OUTROS SERVIÇOS,5,
1690991100000000000000000,OUTROS SERVIÇOS - PRINCIPAL,5,
1690991101000000000000000,CONCESSÕES,5,
1690991101000000001100000,CONCESSÕES,5,
1690991101000000001101000,Concessões,5,
1690991101000000001109000,TOTAL DEDUÇÕES CONCESSÕES,5,
1690991101000000001109001,Deduções Concessões,5,
1690991102000000000000000,RECEITA DE FLORICULTURA,5,
1690991102000000001100000,RECEITA DE FLORICULTURA,5,
1690991102000000001101000,Receita de Floricultura,5,
1690991102000000001109000,TOTAL DEDUÇÕES RECEITA DE FLORICULTURA,5,
1690991102000000001109001,Deduções Receita de Floricultura,5,
1690991103000000000000000,COMERCIALIZAÇÃO DE URNAS E CAIXÕES,5,
1690991103000000001100000,COMERCIALIZAÇÃO DE URNAS E CAIXÕES,5,
1690991103000000001101000,Comercialização de Urnas e Caixões,5,
1690991103000000001109000,TOTAL DEDUÇÕES COMERCIALIZAÇÃO DE URNAS E CAIXÕES,5,
1690991103000000001109001,Deduções Comercialização de Urnas e Caixões,5,
1690991104000000000000000,COMERCIALIZAÇÃO DE URNAS PARA CINZAS DE MADEIRA E COBRE,5,
1690991104000000001100000,COMERCIALIZAÇÃO DE URNAS PARA CINZAS DE MADEIRA E COBRE,5,
1690991104000000001101000,Comercialização de Urnas para Cinzas de Madeira e Cobre,5,
1690991104000000001109000,TOTAL DEDUÇÕES COMERCIALIZAÇÃO DE URNAS PARA CINZAS DE MADEIRA E COBRE,5,
1690991104000000001109001,Deduções Comercialização de Urnas para Cinzas de Madeira e Cobre,5,
1690991105000000000000000,COMERCIALIZAÇÃO DE ARTIGOS RELIGIOSOS,5,
1690991105000000001100000,COMERCIALIZAÇÃO DE ARTIGOS RELIGIOSOS,5,
1690991105000000001101000,Comercialização de artigos religiosos,5,
1690991105000000001109000,TOTAL DEDUÇÕES COMERCIALIZAÇÃO DE ARTIGOS RELIGIOSOS,5,
1690991105000000001109001,Deduções Comercialização de artigos religiosos,5,
1690991106000000000000000,COMERCIALIZAÇÃO DE FLORES,5,
1690991106000000001100000,COMERCIALIZAÇÃO DE FLORES,5,
1690991106000000001101000,Comercialização de Flores,5,
1690991106000000001109000,TOTAL DEDUÇÕES COMERCIALIZAÇÃO DE FLORES,5,
1690991106000000001109001,Deduções Comercialização de Flores,5,
1690991107000000000000000,SEPULTAMENTO,5,
1690991107000000001100000,SEPULTAMENTO,5,
1690991107000000001101000,Sepultamento,5,
1690991107000000001109000,TOTAL DEDUÇÕES SEPULTAMENTO,5,
1690991107000000001109001,Deduções Sepultamento,5,
1690991108000000000000000,ALUGUEL DE GAVETA,5,
1690991108000000001100000,ALUGUEL DE GAVETA,5,
1690991108000000001101000,Aluguel de Gaveta,5,
1690991108000000001109000,TOTAL DEDUÇÕES ALUGUEL DE GAVETA,5,
1690991108000000001109001,Deduções Aluguel de Gaveta,5,
1690991109000000000000000,ALUGUEL QUADRA GERAL,5,
1690991109000000001100000,ALUGUEL QUADRA GERAL,5,
1690991109000000001101000,Aluguel Quadra Geral,5,
1690991109000000001109000,TOTAL DEDUÇÕES ALUGUEL QUADRA GERAL,5,
1690991109000000001109001,Deduções Aluguel Quadra Geral,5,
1690991110000000000000000,COLUMBÁRIO,5,
1690991110000000001100000,COLUMBÁRIO,5,
1690991110000000001101000,Columbário,5,
1690991110000000001109000,TOTAL DEDUÇÕES COLUMBÁRIO,5,
1690991110000000001109001,Deduções Columbário,5,
1690991111000000000000000,VELÓRIO,5,
1690991111000000001100000,VELÓRIO,5,
1690991111000000001101000,Velório,5,
1690991111000000001109000,TOTAL DEDUÇÕES VELÓRIO,5,
1690991111000000001109001,Deduções Velório,5,
1690991112000000000000000,CREMAÇÃO,5,
1690991112000000001100000,CREMAÇÃO,5,
1690991112000000001101000,Cremação,5,
1690991112000000001109000,TOTAL DEDUÇÕES CREMAÇÃO,5,
1690991112000000001109001,Deduções Cremação,5,
1690991113000000000000000,CÂMARA FRIGORIFICA,5,
1690991113000000001100000,CÂMARA FRIGORIFICA,5,
1690991113000000001101000,Câmara Frigorifica,5,
1690991113000000001109000,TOTAL DEDUÇÕES CÂMARA FRIGORIFICA,5,
1690991113000000001109001,Deduções Câmara Frigorifica,5,
1690991114000000000000000,ESSA,5,
1690991114000000001100000,ESSA,5,
1690991114000000001101000,Essa,5,
1690991114000000001109000,TOTAL DEDUÇÕES ESSA,5,
1690991114000000001109001,Deduções Essa,5,
1690991115000000000000000,OZONA,5,
1690991115000000001100000,OZONA,5,
1690991115000000001101000,Ozona,5,
1690991115000000001109000,TOTAL DEDUÇÕES OZONA,5,
1690991115000000001109001,Deduções Ozona,5,
1690991116000000000000000,MESA,5,
1690991116000000001100000,MESA,5,
1690991116000000001101000,Mesa,5,
1690991116000000001109000,TOTAL DEDUÇÕES MESA,5,
1690991116000000001109001,Deduções Mesa,5,
1690991117000000000000000,COMERCIALIZAÇÃO DE URNAS PARA CINZAS - FRASQUEIRA,5,
1690991117000000001100000,COMERCIALIZAÇÃO DE URNAS PARA CINZAS - FRASQUEIRA,5,
1690991117000000001101000,Comercialização de Urnas para Cinzas - Frasqueira,5,
1690991117000000001109000,TOTAL DEDUÇÕES COMERCIALIZAÇÃO DE URNAS PARA CINZAS - FRASQUEIRA,5,
1690991117000000001109001,Deduções Comercialização de Urnas para Cinzas - Frasqueira,5,
1690991118000000000000000,COMERCIALIZAÇÃO DE VELAS E LAMPÂDAS,5,
1690991118000000001100000,COMERCIALIZAÇÃO DE VELAS E LAMPÂDAS,5,
1690991118000000001101000,Comercialização de Velas e Lampâdas,5,
1690991118000000001109000,TOTAL DEDUÇÕES COMERCIALIZAÇÃO DE VELAS E LAMPÂDAS,5,
1690991118000000001109001,Deduções Comercialização de Velas e Lampâdas,5,
1690991119000000000000000,TARIFA DE ÁREAS COMUNS CEMITERIAIS,5,
1690991119000000001100000,TARIFA DE ÁREAS COMUNS CEMITERIAIS,5,
1690991119000000001101000,Tarifa de Áreas Comuns Cemiteriais,5,
1690991119000000001109000,TOTAL DEDUÇÕES TARIFA DE ÁREAS COMUNS CEMITERIAIS,5,
1690991119000000001109001,Deduções Tarifa de Áreas Comuns Cemiteriais,5,
1690991120000000000000000,OUTROS SERVIÇOS DE CEMITÉRIOS,5,
1690991120000000001100000,OUTROS SERVIÇOS DE CEMITÉRIOS,5,
1690991120000000001101000,Outros Serviços de Cemitérios,5,
1690991120000000001109000,TOTAL DEDUÇÕES OUTROS SERVIÇOS DE CEMITÉRIOS,5,
1690991120000000001109001,Deduções Outros Serviços de Cemitérios,5,
1690991121000000000000000,POLO GERADOR DE TRÁFEGO (FMDT),5,
1690991121000000001100000,POLO GERADOR DE TRÁFEGO (FMDT),5,
1690991121000000001101000,Polo Gerador de Tráfego (FMDT),5,
1690991121000000001109000,TOTAL DEDUÇÕES POLO GERADOR DE TRÁFEGO (FMDT),5,
1690991121000000001109001,Deduções Polo Gerador de Tráfego (FMDT),5,
1690991123000000000000000,OUTROS SERVIÇOS,5,
1690991123000000001100000,OUTROS SERVIÇOS,5,
1690991123000000001101000,Outros Serviços,5,
1690991123000000001109000,TOTAL DEDUÇÕES OUTROS SERVIÇOS,5,
1690991123000000001109001,Deduções Outros Serviços,5,
1690991200000000000000000,OUTROS SERVIÇOS - MULTA E JUROS,5,
1690991201000000000000000,MULTAS E JUROS - CONCESSÕES,5,
1690991201000000001100000,MULTAS E JUROS - CONCESSÕES,5,
1690991201000000001101000,Multas e Juros - Concessões,5,
1690991201000000001109000,TOTAL DEDUÇÕES CONCESSÕES - MULTAS E JUROS,5,
1690991201000000001109001,Deduções Concessões - Multas e Juros,5,
1690991202000000000000000,MULTAS E JUROS - RECEITA DE FLORICULTURA,5,
1690991202000000001100000,MULTAS E JUROS - RECEITA DE FLORICULTURA,5,
1690991202000000001101000,Multas e Juros - Receita de Floricultura,5,
1690991202000000001109000,TOTAL DEDUÇÕES RECEITA DE FLORICULTURA - MULTAS E JUROS,5,
1690991202000000001109001,Deduções Receita de Floricultura - Multas e Juros,5,
1690991203000000000000000,MULTAS E JUROS - COMERCIALIZAÇÃO DE URNAS E CAIXÕES,5,
1690991203000000001100000,MULTAS E JUROS - COMERCIALIZAÇÃO DE URNAS E CAIXÕES,5,
1690991203000000001101000,Multas e Juros - Comercialização de Urnas e Caixões,5,
1690991203000000001109000,TOTAL DEDUÇÕES COMERCIALIZAÇÃO DE URNAS E CAIXÕES - MULTAS E JUROS,5,
1690991203000000001109001,Deduções Comercialização de Urnas e Caixões - Multas e Juros,5,
1690991204000000000000000,MULTAS E JUROS - COMERCIALIZAÇÃO DE URNAS PARA CINZAS DE MADEIRA E COBRE,5,
1690991204000000001100000,MULTAS E JUROS - COMERCIALIZAÇÃO DE URNAS PARA CINZAS DE MADEIRA E COBRE,5,
1690991204000000001101000,Multas e Juros - Comercialização de Urnas para Cinzas de Madeira e Cobre,5,
1690991204000000001109000,TOTAL DEDUÇÕES COMERCIALIZAÇÃO DE URNAS PARA CINZAS DE MADEIRA E COBRE - MULTAS E JUROS,5,
1690991204000000001109001,Deduções Comercialização de Urnas para Cinzas de Madeira e Cobre - Multas e Juros,5,
1690991205000000000000000,MULTAS E JUROS - COMERCIALIZAÇÃO DE ARTIGOS RELIGIOSOS,5,
1690991205000000001100000,MULTAS E JUROS - COMERCIALIZAÇÃO DE ARTIGOS RELIGIOSOS,5,
1690991205000000001101000,Multas e Juros - Comercialização de Artigos Religiosos,5,
1690991205000000001109000,TOTAL DEDUÇÕES COMERCIALIZAÇÃO DE ARTIGOS RELIGIOSOS - MULTAS E JUROS,5,
1690991205000000001109001,Deduções Comercialização de Artigos Religiosos - Multas e Juros,5,
1690991206000000000000000,MULTAS E JUROS - COMERCIALIZAÇÃO DE FLORES,5,
1690991206000000001100000,MULTAS E JUROS - COMERCIALIZAÇÃO DE FLORES,5,
1690991206000000001101000,Multas e Juros - Comercialização de Flores,5,
1690991206000000001109000,TOTAL DEDUÇÕES COMERCIALIZAÇÃO DE FLORES - MULTAS E JUROS,5,
1690991206000000001109001,Deduções Comercialização de Flores - Multas e Juros,5,
1690991207000000000000000,MULTAS E JUROS - SEPULTAMENTO,5,
1690991207000000001100000,MULTAS E JUROS - SEPULTAMENTO,5,
1690991207000000001101000,Multas e Juros - Sepultamento,5,
1690991207000000001109000,TOTAL DEDUÇÕES SEPULTAMENTO - MULTAS E JUROS,5,
1690991207000000001109001,Deduções Sepultamento - Multas e Juros,5,
1690991208000000000000000,MULTAS E JUROS - ALUGUEL DE GAVETA,5,
1690991208000000001100000,MULTAS E JUROS - ALUGUEL DE GAVETA,5,
1690991208000000001101000,Multas e Juros - Aluguel de Gaveta,5,
1690991208000000001109000,TOTAL DEDUÇÕES ALUGUEL DE GAVETA - MULTAS E JUROS,5,
1690991208000000001109001,Deduções Aluguel de Gaveta - Multas e Juros,5,
1690991209000000000000000,MULTAS E JUROS - ALUGUEL QUADRA GERAL,5,
1690991209000000001100000,MULTAS E JUROS - ALUGUEL QUADRA GERAL,5,
1690991209000000001101000,Multas e Juros - Aluguel Quadra Geral,5,
1690991209000000001109000,TOTAL DEDUÇÕES ALUGUEL QUADRA GERAL - MULTAS E JUROS,5,
1690991209000000001109001,Deduções Aluguel Quadra Geral - Multas e Juros,5,
1690991210000000000000000,MULTAS E JUROS - COLUMBÁRIO,5,
1690991210000000001100000,MULTAS E JUROS - COLUMBÁRIO,5,
1690991210000000001101000,Multas e Juros - Columbário,5,
1690991210000000001109000,TOTAL DEDUÇÕES COLUMBÁRIO - MULTAS E JUROS,5,
1690991210000000001109001,Deduções Columbário - Multas e Juros,5,
1690991211000000000000000,MULTAS E JUROS - VELÓRIO,5,
1690991211000000001100000,MULTAS E JUROS - VELÓRIO,5,
1690991211000000001101000,Multas e Juros - Velório,5,
1690991211000000001109000,TOTAL DEDUÇÕES VELÓRIO - MULTAS E JUROS,5,
1690991211000000001109001,Deduções Velório - Multas e Juros,5,
1690991212000000000000000,MULTAS E JUROS - CREMAÇÃO,5,
1690991212000000001100000,MULTAS E JUROS - CREMAÇÃO,5,
1690991212000000001101000,Multas e Juros - Cremação,5,
1690991212000000001109000,TOTAL DEDUÇÕES CREMAÇÃO - MULTAS E JUROS,5,
1690991212000000001109001,Deduções Cremação - Multas e Juros,5,
1690991213000000000000000,MULTAS E JUROS - CÂMARA FRIGORIFICA,5,
1690991213000000001100000,MULTAS E JUROS - CÂMARA FRIGORIFICA,5,
1690991213000000001101000,Multas e Juros - Câmara Frigorifica,5,
1690991213000000001109000,TOTAL DEDUÇÕES CÂMARA FRIGORIFICA - MULTAS E JUROS,5,
1690991213000000001109001,Deduções Câmara Frigorifica - Multas e Juros,5,
1690991214000000000000000,MULTAS E JUROS - ESSA,5,
1690991214000000001100000,MULTAS E JUROS - ESSA,5,
1690991214000000001101000,Multas e Juros - Essa,5,
1690991214000000001109000,TOTAL DEDUÇÕES ESSA - MULTAS E JUROS,5,
1690991214000000001109001,Deduções Essa - Multas e Juros,5,
1690991215000000000000000,MULTAS E JUROS - OZONA,5,
1690991215000000001100000,MULTAS E JUROS - OZONA,5,
1690991215000000001101000,Multas e Juros - Ozona,5,
1690991215000000001109000,TOTAL DEDUÇÕES OZONA - MULTAS E JUROS,5,
1690991215000000001109001,Deduções Ozona - Multas e Juros,5,
1690991216000000000000000,MULTAS E JUROS - MESA,5,
1690991216000000001100000,MULTAS E JUROS - MESA,5,
1690991216000000001101000,Multas e Juros - Mesa,5,
1690991216000000001109000,TOTAL DEDUÇÕES MESA - MULTAS E JUROS,5,
1690991216000000001109001,Deduções Mesa - Multas e Juros,5,
1690991217000000000000000,MULTAS E JUROS - COMERCIALIZAÇÃO DE URNAS PARA CINZAS - FRASQUEIRA,5,
1690991217000000001100000,MULTAS E JUROS - COMERCIALIZAÇÃO DE URNAS PARA CINZAS - FRASQUEIRA,5,
1690991217000000001101000,Multas e Juros - Comercialização de Urnas para Cinzas - Frasqueira,5,
1690991217000000001109000,TOTAL DEDUÇÕES COMERCIALIZAÇÃO DE URNAS PARA CINZAS - FRASQUEIRA - MULTAS E JUROS,5,
1690991217000000001109001,Deduções Comercialização de Urnas para Cinzas - Frasqueira - Multas e Juros,5,
1690991218000000000000000,MULTAS E JUROS - COMERCIALIZAÇÃO DE VELAS E LAMPÂDAS,5,
1690991218000000001100000,MULTAS E JUROS - COMERCIALIZAÇÃO DE VELAS E LAMPÂDAS,5,
1690991218000000001101000,Multas e Juros - Comercialização de Velas e Lampâdas,5,
1690991218000000001109000,TOTAL DEDUÇÕES COMERCIALIZAÇÃO DE VELAS E LAMPÂDAS - MULTAS E JUROS,5,
1690991218000000001109001,Deduções Comercialização de Velas e Lampâdas - Multas e Juros,5,
1690991219000000000000000,MULTAS E JUROS - TARIFA DE ÁREAS COMUNS CEMITERIAIS,5,
1690991219000000001100000,MULTAS E JUROS - TARIFA DE ÁREAS COMUNS CEMITERIAIS,5,
1690991219000000001101000,Multas e Juros - Tarifa de Áreas Comuns Cemiteriais,5,
1690991219000000001109000,TOTAL DEDUÇÕES TARIFA DE ÁREAS COMUNS CEMITERIAIS - MULTAS E JUROS,5,
1690991219000000001109001,Deduções Tarifa de Áreas Comuns Cemiteriais - Multas e Juros,5,
1690991220000000000000000,MULTAS E JUROS - OUTROS SERVIÇOS DE CEMITÉRIOS,5,
1690991220000000001100000,MULTAS E JUROS - OUTROS SERVIÇOS DE CEMITÉRIOS,5,
1690991220000000001101000,Multas e Juros - Outros Serviços de Cemitérios,5,
1690991220000000001109000,TOTAL DEDUÇÕES OUTROS SERVIÇOS DE CEMITÉRIOS - MULTAS E JUROS,5,
1690991220000000001109001,Deduções Outros Serviços de Cemitérios - Multas e Juros,5,
1690991221000000000000000,MULTAS E JUROS - MULTAS E JUROS - POLO GERADOR DE TRÁFEGO (FMDT),5,
1690991221000000001100000,MULTAS E JUROS - POLO GERADOR DE TRÁFEGO (FMDT),5,
1690991221000000001101000,Multas e Juros - Polo Gerador de Tráfego (FMDT),5,
1690991221000000001109000,TOTAL DEDUÇÕES POLO GERADOR DE TRÁFEGO (FMDT) - MULTAS E JUROS,5,
1690991221000000001109001,Deduções Polo Gerador de Tráfego (FMDT) - Multas e Juros,5,
1690991222000000000000000,MULTAS E JUROS - REMUNERAÇÃO CONTRATO SPDA / COHAB,5,
1690991222000000001100000,MULTAS E JUROS - REMUNERAÇÃO CONTRATO SPDA / COHAB,5,
1690991222000000001101000,Multas e Juros - Remuneração Contrato SPDA / COHAB,5,
1690991222000000001109000,TOTAL DEDUÇÕES REMUNERAÇÃO CONTRATO SPDA / COHAB - MULTAS E JUROS,5,
1690991222000000001109001,Deduções Remuneração Contrato SPDA / COHAB - Multas e Juros,5,
1690991223000000000000000,MULTAS E JUROS - OUTROS SERVIÇOS,5,
1690991223000000001100000,MULTAS E JUROS - OUTROS SERVIÇOS,5,
1690991223000000001101000,Multas e Juros - Outros Serviços,5,
1690991223000000001109000,TOTAL DEDUÇÕES OUTROS SERVIÇOS - MULTAS E JUROS,5,
1690991223000000001109001,Deduções Outros Serviços - Multas e Juros,5,
1700000000000000000000000,TRANSFERÊNCIAS CORRENTES,5,
1710000000000000000000000,TRANSFERÊNCIAS DA UNIÃO E DE SUAS ENTIDADES,5,
1710001000000000000000000,TRANSFERÊNCIAS DA UNIÃO E DE SUAS ENTIDADES,5,
1718000000000000000000000,TRANSFERÊNCIAS DA UNIÃO - ESPECÍFICA E/M,5,
1718010000000000000000000,PARTICIPAÇÃO NA RECEITA DA UNIÃO,5,
1718011000000000000000000,COTA-PARTE DO FUNDO DE PARTICIPAÇÃO DOS ESTADOS E DO DISTRITO FEDERAL,5,
1718012000000000000000000,COTA-PARTE DO FUNDO DE PARTICIPAÇÃO DOS MUNICÍPIOS - COTA MENSAL,5,
1718012100000000000000000,COTA-PARTE DO FUNDO DE PARTICIPAÇÃO DOS MUNICÍPIOS - COTA MENSAL - PRINCIPAL,5,
1718012101000000000000000,COTA-PARTE DO FUNDO DE PARTICIPAÇÃO DOS MUNICÍPIOS - COTA MENSAL,5,
1718012101000000001100000,COTA-PARTE DO FUNDO DE PARTICIPAÇÃO DOS MUNICÍPIOS - COTA MENSAL,5,
1718012101000000001101000,Cota-Parte do Fundo de Participação dos Municípios - Cota Mensal,5,
1718012101000000001109000,TOTAL DEDUÇÕES COTA-PARTE DO FUNDO DE PARTICIPAÇÃO DOS MUNICÍPIOS - COTA MENSAL,5,
1718012101000000001109001,Deduções de Receita para a Formação do FUNDEB - Fundo de Participação dos Municípios - Cota Mensal,5,
1718013000000000000000000,COTA-PARTE DO FUNDO DE PARTICIPAÇÃO DO MUNICÍPIOS – 1% COTA ENTREGUE NO MÊS DE DEZEMBRO,5,
1718013100000000000000000,COTA-PARTE DO FUNDO DE PARTICIPAÇÃO DO MUNICÍPIOS – 1% COTA ENTREGUE NO MÊS DE DEZEMBRO - PRINCIPAL,5,
1718013101000000000000000,COTA-PARTE DO FUNDO DE PARTICIPAÇÃO DO MUNICÍPIOS – 1% COTA ENTREGUE NO MÊS DE DEZEMBRO - COTA MENSA,5,
1718013101000000001100000,COTA-PARTE DO FUNDO DE PARTICIPAÇÃO DO MUNICÍPIOS – 1% COTA ENTREGUE NO MÊS DE DEZEMBRO - COTA MENSA,5,
1718013101000000001101000,Cota-Parte do Fundo de Participação do Municípios – 1% Cota entregue no mês de dezembro - Cota Mensa,5,
1718013101000000001109000,TOTAL DEDUÇÕES COTA-PARTE DO FUNDO DE PARTICIPAÇÃO DO MUNICÍPIOS – 1% COTA ENTREGUE NO MÊS DE DEZEMB,5,
1718013101000000001109001,Deduções Cota-Parte do Fundo de Participação do Municípios – 1% Cota entregue no mês de dezembro - C,5,
1718014000000000000000000,COTA-PARTE DO FUNDO DE PARTICIPAÇÃO DOS MUNICÍPIOS - 1% COTA ENTREGUE NO MÊS DE JULHO,5,
1718014100000000000000000,COTA-PARTE DO FUNDO DE PARTICIPAÇÃO DOS MUNICÍPIOS - 1% COTA ENTREGUE NO MÊS DE JULHO - PRINCIPAL,5,
1718014101000000000000000,COTA-PARTE DO FUNDO PART. MUNICÍPIOS - 1% COTA ENTREGUE NO MÊS JULHO ,5,
1718014101000000001100000,COTA-PARTE DO FUNDO PART. MUNICÍPIOS - 1% COTA ENTREGUE NO MÊS JULHO ,5,
1718014101000000001101000,Cota-Parte do Fundo Part. Municípios - 1% Cota entregue no mês julho ,5,
1718014101000000001109000,TOTAL DEDUÇÕES COTA-PARTE DO FUNDO PART. MUNICÍPIOS - 1% COTA ENTREGUE NO MÊS JULHO ,5,
1718014101000000001109001,Deduções Cota-Parte do Fundo Part. Municípios - 1% Cota entregue no mês julho ,5,
1718015000000000000000000,COTA-PARTE DO IMPOSTO SOBRE A PROPRIEDADE TERRITORIAL RURAL,5,
1718015100000000000000000,COTA-PARTE DO IMPOSTO SOBRE A PROPRIEDADE TERRITORIAL RURAL - PRINCIPAL,5,
1718015101000000000000000,COTA-PARTE DO IMPOSTO S/ A PROPRIEDADE TERRITORIAL RURAL,5,
1718015101000000001100000,COTA-PARTE DO IMPOSTO S/ A PROPRIEDADE TERRITORIAL RURAL,5,
1718015101000000001101000,Cota-Parte do Imposto s/ a Propriedade Territorial Rural,5,
1718015101000000001109000,TOTAL DEDUÇÕES COTA-PARTE DO IMPOSTO S/ A PROPRIEDADE TERRITORIAL RURAL,5,
1718015101000000001109001,Deduções de Receita para a Formação do FUNDEB - Imposto s/ a Propriedade Territorial Rural,5,
1718016000000000000000000,COTA-PARTE DO IMPOSTO SOBRE PRODUTOS INDUSTRIALIZADOS – ESTADOS EXPORTADORES DE PRODUTOS INDUSTRIALI,5,
1718017000000000000000000,COTA-PARTE DA CONTRIBUIÇÃO DE INTERVENÇÃO NO DOMÍNIO ECONÔMICO,5,
1718018000000000000000000,"COTA-PARTE DO IMPOSTO SOBRE OPERAÇÕES DE CRÉDITO, CÂMBIO E SEGURO, OU RELATIVAS A TÍTULOS OU VALORES",5,
1718018100000000000000000,"COTA-PARTE DO IMPOSTO SOBRE OPERAÇÕES DE CRÉDITO, CÂMBIO E SEGURO, OU RELATIVAS A TÍTULOS OU VALORES",5,
1718018101000000000000000,"COTA-PARTE DO IMPOSTO S/ OPERAÇÕES DE CRÉDITO, CÂMBIO E SEGURO, OU RELATIVAS A TÍTULOS OU VALORES MO",5,
1718018101000000001100000,"COTA-PARTE DO IMPOSTO S/ OPERAÇÕES DE CRÉDITO, CÂMBIO E SEGURO, OU RELATIVAS A TÍTULOS OU VALORES MO",5,
1718018101000000001101000,"Cota-parte do Imposto s/ Operações de Crédito, Câmbio e Seguro, ou Relativas a Títulos ou Valores Mo",5,
1718018101000000001109000,"TOTAL DEDUÇÕES COTA-PARTE DO IMPOSTO S/ OPERAÇÕES DE CRÉDITO, CÂMBIO E SEGURO, OU RELATIVAS A TÍTULO",5,
1718018101000000001109001,"Deduções Cota-parte do Imposto s/ Operações de Crédito, Câmbio e Seguro, ou Relativas a Títulos ou V",5,
1718020000000000000000000,TRANSFERÊNCIA DA COMPENSAÇÃO FINANCEIRA PELA EXPLORAÇÃO DE RECURSOS NATURAIS,5,
1718021000000000000000000,COTA-PARTE DA COMPENSAÇÃO FINANCEIRA DE RECURSOS HÍDRICOS,5,
1718021100000000000000000,COTA-PARTE DA COMPENSAÇÃO FINANCEIRA DE RECURSOS HÍDRICOS - PRINCIPAL,5,
1718021101000000000000000,COTA-PARTE DA COMPENSAÇÃO FINANCEIRA DE RECURSOS HÍDRICOS,5,
1718021101000000001100000,COTA-PARTE DA COMPENSAÇÃO FINANCEIRA DE RECURSOS HÍDRICOS,5,
1718021101000000001101000,Cota-Parte da Compensação Financeira de Recursos Hídricos,5,
1718021101000000001109000,TOTAL DEDUÇÕES COTA-PARTE DA COMPENSAÇÃO FINANCEIRA DE RECURSOS HÍDRICOS,5,
1718021101000000001109001,Deduções Cota-Parte da Compensação Financeira de Recursos Hídricos,5,
1718022000000000000000000,COTA-PARTE DA COMPENSAÇÃO FINANCEIRA DE RECURSOS MINERAIS - CFEM,5,
1718022100000000000000000,COTA-PARTE DA COMPENSAÇÃO FINANCEIRA DE RECURSOS MINERAIS - CFEM - PRINCIPAL,5,
1718022101000000000000000,COTA-PARTE DA COMPENSAÇÃO FINANCEIRA DE EXTRAÇÃO MINERAL - CFEM,5,
1718022101000000001100000,COTA-PARTE DA COMPENSAÇÃO FINANCEIRA DE EXTRAÇÃO MINERAL - CFEM,5,
1718022101000000001101000,Cota-Parte da Compensação Financeira de Extração Mineral - CFEM,5,
1718022101000000001109000,TOTAL DEDUÇÕES COTA-PARTE DA COMPENSAÇÃO FINANCEIRA DE EXTRAÇÃO MINERAL - CFEM,5,
1718022101000000001109001,Deduções Cota-Parte da Compensação Financeira de Extração Mineral - CFEM,5,
1718023000000000000000000,COTA-PARTE ROYALTIES – COMPENSAÇÃO FINANCEIRA PELA PRODUÇÃO DE PETRÓLEO – LEI Nº 7.990/89,5,
1718023100000000000000000,COTA-PARTE ROYALTIES – COMPENSAÇÃO FINANCEIRA PELA PRODUÇÃO DE PETRÓLEO – LEI Nº 7.990/89 - PRINCIPA,5,
1718023101000000000000000,COTA-PARTE ROYALTIES - COMPENSAÇÃO FINANCEIRA PELA PRODUÇÃO DE PETRÓLEO – LEI Nº 7.990/89,5,
1718023101000000001100000,COTA-PARTE ROYALTIES - COMPENSAÇÃO FINANCEIRA PELA PRODUÇÃO DE PETRÓLEO – LEI Nº 7.990/89,5,
1718023101000000001101000,Cota-Parte Royalties - Compensação Financeira pela Produção de Petróleo – Lei nº 7.990/89,5,
1718023101000000001109000,TOTAL DEDUÇÕES COTA-PARTE ROYALTIES - COMPENSAÇÃO FINANCEIRA PELA PRODUÇÃO DE PETRÓLEO – LEI Nº 7.99,5,
1718023101000000001109001,Deduções Cota-Parte Royalties - Compensação Financeira pela Produção de Petróleo – Lei nº 7.990/89,5,
1718024000000000000000000,"COTA-PARTE ROYALTIES PELO EXCEDENTE DA PRODUÇÃO DO PETRÓLEO – LEI Nº 9.478/97, ARTIGO 49, I E II",5,
1718024100000000000000000,"COTA-PARTE ROYALTIES PELO EXCEDENTE DA PRODUÇÃO DO PETRÓLEO – LEI Nº 9.478/97, ARTIGO 49, I E II - P",5,
1718024101000000000000000,"COTA-PARTE ROYALTIES PELO EXCEDENTE DA PRODUÇÃO DO PETRÓLEO – LEI Nº 9.478/97, ARTIGO 49, I E II",5,
1718024101000000001100000,"COTA-PARTE ROYALTIES PELO EXCEDENTE DA PRODUÇÃO DO PETRÓLEO – LEI Nº 9.478/97, ARTIGO 49, I E II",5,
1718024101000000001101000,"Cota-parte Royalties pelo Excedente da Produção do Petróleo – Lei nº 9.478/97, artigo 49, I e II",5,
1718024101000000001109000,"TOTAL DEDUÇÕES COTA-PARTE ROYALTIES PELO EXCEDENTE DA PRODUÇÃO DO PETRÓLEO – LEI Nº 9.478/97, ARTIGO",5,
1718024101000000001109001,"Deduções Cota-parte Royalties pelo Excedente da Produção do Petróleo – Lei nº 9.478/97, artigo 49, I",5,
1718025000000000000000000,"COTA-PARTE ROYALTIES PELA PARTICIPAÇÃO ESPECIAL – LEI Nº 9.478/97, ARTIGO 50",5,
1718025100000000000000000,"COTA-PARTE ROYALTIES PELA PARTICIPAÇÃO ESPECIAL – LEI Nº 9.478/97, ARTIGO 50 - PRINCIPAL",5,
1718025101000000000000000,"COTA-PARTE ROYALTIES PELA PARTICIPAÇÃO ESPECIAL - LEI N° 9478/97,  ARTIGO 50",5,
1718025101000000001100000,"COTA-PARTE ROYALTIES PELA PARTICIPAÇÃO ESPECIAL - LEI N° 9478/97,  ARTIGO 50",5,
1718025101000000001101000,"Cota-Parte Royalties pela Participação Especial - Lei n° 9478/97,  artigo 50",5,
1718025101000000001109000,"TOTAL DEDUÇÕES COTA-PARTE ROYALTIES PELA PARTICIPAÇÃO ESPECIAL - LEI N° 9478/97,  ARTIGO 50",5,
1718025101000000001109001,"Deduções Cota-Parte Royalties pela Participação Especial - Lei n° 9478/97,  artigo 50",5,
1718026000000000000000000,COTA-PARTE DO FUNDO ESPECIAL DO PETRÓLEO – FEP,5,
1718026100000000000000000,COTA-PARTE DO FUNDO ESPECIAL DO PETRÓLEO - FEP - PRINCIPAL,5,
1718026101000000000000000,COTA-PARTE DO FUNDO ESPECIAL DO PETRÓLEO - FEP - PRINCIPAL,5,
1718026101000000001100000,COTA-PARTE DO FUNDO ESPECIAL DO PETRÓLEO - FEP - PRINCIPAL,5,
1718026101000000001101000,Cota-Parte do Fundo Especial do Petróleo – FEP - Principal,5,
1718029000000000000000000,OUTRAS TRANSFERÊNCIAS DECORRENTES DE COMPENSAÇÃO FINANCEIRA PELA EXPLORAÇÃO DE RECURSOS NATURAIS,5,
1718030000000000000000000,TRANSFERÊNCIA DE RECURSOS DO SISTEMA ÚNICO DE SAÚDE - SUS - BLOCO CUSTEIO DAS AÇÕES E SERVIÇOS PÚBLI,5,
1718031000000000000000000,TRANSFERÊNCIA DE RECURSOS DO SISTEMA ÚNICO DE SAÚDE – SUS – REPASSES FUNDO A FUNDO,5,
1718031100000000000000000,TRANSFERÊNCIA DE RECURSOS DO SUS - ATENÇÃO BÁSICA - PRINCIPAL,5,
1718031101000000000000000,TRANSFERÊNCIA DE RECURSOS DO SISTEMA ÚNICO DE SAÚDE – SUS – REPASSES FUNDO A FUNDO,5,
1718031101010000000000000,PISO DA ATENÇÃO BÁSICA/PAB/FUMDES,5,
1718031101010000001100000,PISO DA ATENÇÃO BÁSICA/PAB/FUMDES,5,
1718031101010000001101000,Piso da Atenção Básica/PAB/FUMDES,5,
1718031101010000001109000,TOTAL DEDUÇÕES PISO DA ATENÇÃO BÁSICA/PAB/FUMDES,5,
1718031101010000001109001,Deduções Piso da Atenção Básica/PAB/FUMDES,5,
1718031101020000000000000,PISO DE ATENÇÃO PAB EPIDEMIOLOGIA E CONTROLE DE DOENÇAS/FUMDES,5,
1718031101020000001100000,PISO DE ATENÇÃO PAB EPIDEMIOLOGIA E CONTROLE DE DOENÇAS/FUMDES,5,
1718031101020000001101000,Piso de Atenção PAB Epidemiologia e Controle de Doenças/FUMDES,5,
1718031101020000001109000,TOTAL DEDUÇÕES PISO DE ATENÇÃO PAB EPIDEMIOLOGIA E CONTROLE DE DOENÇAS/FUMDES,5,
1718031101020000001109001,Deduções Piso de Atenção PAB Epidemiologia e Controle de Doenças/FUMDES,5,
1718031101030000000000000,CO-FINANCIAMENTO HOSPITAIS MUNICIPAIS/ FUMDES,5,
1718031101030000001100000,CO-FINANCIAMENTO HOSPITAIS MUNICIPAIS/ FUMDES,5,
1718031101030000001101000,Co-Financiamento Hospitais Municipais/ FUMDES,5,
1718031101030000001109000,TOTAL DEDUÇÕES CO-FINANCIAMENTO HOSPITAIS MUNICIPAIS/ FUMDES,5,
1718031101030000001109001,Deduções Co-Financiamento Hospitais Municipais/ FUMDES,5,
1718031101040000000000000,PROGRAMA NACIONAL DE HIV AIDS/DST,5,
1718031101040000001100000,PROGRAMA NACIONAL DE HIV AIDS/DST,5,
1718031101040000001101000,Programa Nacional de HIV AIDS/DST,5,
1718031101040000001109000,TOTAL DEDUÇÕES PROGRAMA NACIONAL DE HIV AIDS/DST,5,
1718031101040000001109001,Deduções Programa Nacional de HIV AIDS/DST,5,
1718031101050000000000000,INCENTIVO PARA A ATENÇÃO À SAÚDE NO SISTEMA PENITENCIÁRIO - SUS/FNS,5,
1718031101050000001100000,INCENTIVO PARA A ATENÇÃO À SAÚDE NO SISTEMA PENITENCIÁRIO - SUS/FNS,5,
1718031101050000001101000,Incentivo para a Atenção à Saúde no Sistema Penitenciário - SUS/FNS,5,
1718031101050000001109000,TOTAL DEDUÇÕES INCENTIVO PARA A ATENÇÃO À SAÚDE NO SISTEMA PENITENCIÁRIO - SUS/FNS,5,
1718031101050000001109001,Deduções Incentivo para a Atenção à Saúde no Sistema Penitenciário - SUS/FNS,5,
1718031101080000000000000,PROJETOS MUNICIPAIS DE EXPANSÃO DA SAÚDE DA FAMÍLIA - PROESF - FNS/FMS,5,
1718031101080000001100000,PROJETOS MUNICIPAIS DE EXPANSÃO DA SAÚDE DA FAMÍLIA - PROESF - FNS/FMS,5,
1718031101080000001101000,Projetos Municipais de Expansão da Saúde da Família - Proesf - FNS/FMS,5,
1718031101080000001109000,TOTAL DEDUÇÕES PROJETOS MUNICIPAIS DE EXPANSÃO DA SAÚDE DA FAMÍLIA - PROESF - FNS/FMS,5,
1718031101080000001109001,Deduções Projetos Municipais de Expansão da Saúde da Família - Proesf - FNS/FMS,5,
1718031102000000000000000,ATENÇÃO BÁSICA - FMS,5,
1718031102010000000000000,PISO DE ATENÇÃO BÁSICA FIXO (PAB FIXO) - FMS,5,
1718031102010010000000000,PISO DE ATENÇÃO BÁSICA FIXO (PAB FIXO) - FMS,5,
1718031102010010001100000,PISO DE ATENÇÃO BÁSICA FIXO (PAB FIXO) - FMS,5,
1718031102010010001101000,Piso de Atenção Básica Fixo (PAB Fixo) - FMS,5,
1718031102010010001109000,TOTAL DEDUÇÕES PISO DE ATENÇÃO BÁSICA FIXO (PAB FIXO) - FMS,5,
1718031102010010001109001,Deduções Piso de Atenção Básica Fixo (PAB Fixo) - FMS,5,
1718031102020000000000000,PISO DE ATENÇÃO BÁSICA - VARIÁVEL (PAB VARIÁVEL) - FMS,5,
1718031102020010000000000,SAÚDE DA FAMÍLIA -FMS,5,
1718031102020010001100000,SAÚDE DA FAMÍLIA -FMS,5,
1718031102020010001101000,Saúde da Família -FMS,5,
1718031102020010001109000,TOTAL DEDUÇÕES SAÚDE DA FAMÍLIA -FMS,5,
1718031102020010001109001,Deduções Saúde da Família -FMS,5,
1718031102020020000000000,AGENTES COMUNITÁRIOS DE SAÚDE -FMS,5,
1718031102020020001100000,AGENTES COMUNITÁRIOS DE SAÚDE -FMS,5,
1718031102020020001101000,Agentes Comunitários de Saúde -FMS,5,
1718031102020020001109000,TOTAL DEDUÇÕES AGENTES COMUNITÁRIOS DE SAÚDE -FMS,5,
1718031102020020001109001,Deduções Agentes Comunitários de Saúde -FMS,5,
1718031102020030000000000,SAÚDE BUCAL -FMS,5,
1718031102020030001100000,SAÚDE BUCAL -FMS,5,
1718031102020030001101000,Saúde Bucal -FMS,5,
1718031102020030001109000,TOTAL DEDUÇÕES SAÚDE BUCAL -FMS,5,
1718031102020030001109001,Deduções Saúde Bucal -FMS,5,
1718031102020040000000000,COMPENSAÇÃO DE ESPECIALIDADES REGIONAIS - FMS,5,
1718031102020040001100000,COMPENSAÇÃO DE ESPECIALIDADES REGIONAIS - FMS,5,
1718031102020040001101000,Compensação de Especialidades Regionais - FMS,5,
1718031102020040001109000,TOTAL DEDUÇÕES COMPENSAÇÃO DE ESPECIALIDADES REGIONAIS - FMS,5,
1718031102020040001109001,Deduções Compensação de Especialidades Regionais - FMS,5,
1718031102020050000000000,FATOR INCENTIVO ATENÇÃO BÁSICA - POVOS INDÍGENAS -FMS,5,
1718031102020050001100000,FATOR INCENTIVO ATENÇÃO BÁSICA - POVOS INDÍGENAS -FMS,5,
1718031102020050001101000,Fator Incentivo Atenção Básica - Povos Indígenas -FMS,5,
1718031102020050001109000,TOTAL DEDUÇÕES FATOR INCENTIVO ATENÇÃO BÁSICA - POVOS INDÍGENAS -FMS,5,
1718031102020050001109001,Deduções Fator Incentivo Atenção Básica - Povos Indígenas -FMS,5,
1718031102020060000000000,INCENTIVO ATENÇÃO À SAÚDE - SISTEMA PENITENCIÁRIO - FMS,5,
1718031102020060001100000,INCENTIVO ATENÇÃO À SAÚDE - SISTEMA PENITENCIÁRIO - FMS,5,
1718031102020060001101000,Incentivo Atenção à Saúde - Sistema Penitenciário - FMS,5,
1718031102020060001109000,TOTAL DEDUÇÕES INCENTIVO ATENÇÃO À SAÚDE - SISTEMA PENITENCIÁRIO - FMS,5,
1718031102020060001109001,Deduções Incentivo Atenção à Saúde - Sistema Penitenciário - FMS,5,
1718031102020070000000000,INCENTIVO: ATENÇÃO INTEGRAL À SAÚDE DO ADOLESCENTE - FMS,5,
1718031102020070001100000,INCENTIVO: ATENÇÃO INTEGRAL À SAÚDE DO ADOLESCENTE - FMS,5,
1718031102020070001101000,Incentivo: Atenção Integral à Saúde do Adolescente - FMS,5,
1718031102020070001109000,TOTAL DEDUÇÕES INCENTIVO: ATENÇÃO INTEGRAL À SAÚDE DO ADOLESCENTE - FMS,5,
1718031102020070001109001,Deduções Incentivo: Atenção Integral à Saúde do Adolescente - FMS,5,
1718031102020080000000000,OUTROS PROGRAMAS FINANCIAMENTO POR TRANSFERÊNCIA FUNDO A FUNDO - ATB- FMS,5,
1718031102020080001100000,OUTROS PROGRAMAS FINANCIAMENTO POR TRANSFERÊNCIA FUNDO A FUNDO - ATB- FMS,5,
1718031102020080001101000,Outros Programas Financiamento Por Transferência Fundo a Fundo - ATB- FMS,5,
1718031102020080001109000,TOTAL DEDUÇÕES OUTROS PROGRAMAS FINANCIAMENTO POR TRANSFERÊNCIA FUNDO A FUNDO - ATB- FMS,5,
1718031102020080001109001,Deduções Outros Programas Financiamento Por Transferência Fundo a Fundo - ATB- FMS,5,
1718031102020090000000000,NÚCLEO APOIO SAÚDE FAMÍLIA - NASF/FMS,5,
1718031102020090001100000,NÚCLEO APOIO SAÚDE FAMÍLIA - NASF/FMS,5,
1718031102020090001101000,Núcleo Apoio Saúde Família - NASF/FMS,5,
1718031102020090001109000,TOTAL DEDUÇÕES NÚCLEO APOIO SAÚDE FAMÍLIA - NASF/FMS,5,
1718031102020090001109001,Deduções Núcleo Apoio Saúde Família - NASF/FMS,5,
1718031103000000000000000,ATENÇÃO DE MÉDIA E ALTA COMPLEXIDADE AMBULATORIAL E HOSPITAL,5,
1718031103010000000000000,LIMITE FINANCEIRO DA MAC AMBULATORIAL E HOSPITALAR - FMS,5,
1718031103010010000000000,TETO FINANCEIRO - FMS,5,
1718031103010010001100000,TETO FINANCEIRO - FMS,5,
1718031103010010001101000,Teto Financeiro - FMS,5,
1718031103010010001109000,TOTAL DEDUÇÕES TETO FINANCEIRO - FMS,5,
1718031103010010001109001,Deduções Teto Financeiro - FMS,5,
1718031103010020000000000,SAMU - SERVIÇO DE ATENDIMENTO MÓVEL DE URGÊNCIA - FMS,5,
1718031103010020001100000,SAMU - SERVIÇO DE ATENDIMENTO MÓVEL DE URGÊNCIA - FMS,5,
1718031103010020001101000,SAMU - Serviço de Atendimento Móvel de Urgência - FMS,5,
1718031103010020001109000,TOTAL DEDUÇÕES SAMU - SERVIÇO DE ATENDIMENTO MÓVEL DE URGÊNCIA - FMS,5,
1718031103010020001109001,Deduções SAMU - Serviço de Atendimento Móvel de Urgência - FMS,5,
1718031103010030000000000,CEO - CENTRO DE ESPECIALIDADES ODONTOLÓGICAS - FMS,5,
1718031103010030001100000,CEO - CENTRO DE ESPECIALIDADES ODONTOLÓGICAS - FMS,5,
1718031103010030001101000,CEO - Centro de Especialidades Odontológicas - FMS,5,
1718031103010030001109000,TOTAL DEDUÇÕES CEO - CENTRO DE ESPECIALIDADES ODONTOLÓGICAS - FMS,5,
1718031103010030001109001,Deduções CEO - Centro de Especialidades Odontológicas - FMS,5,
1718031103010040000000000,CAPS -CENTRO DE ATENÇÃO PSICOSSOCIAL - FMS,5,
1718031103010040001100000,CAPS -CENTRO DE ATENÇÃO PSICOSSOCIAL - FMS,5,
1718031103010040001101000,CAPS -Centro de Atenção Psicossocial - FMS,5,
1718031103010040001109000,TOTAL DEDUÇÕES CAPS -CENTRO DE ATENÇÃO PSICOSSOCIAL - FMS,5,
1718031103010040001109001,Deduções CAPS -Centro de Atenção Psicossocial - FMS,5,
1718031103010050000000000,CEREST - CENTRO DE REFERÊNCIA EM SAÚDE DO TRABALHADOR,5,
1718031103010050001100000,CEREST - CENTRO DE REFERÊNCIA EM SAÚDE DO TRABALHADOR,5,
1718031103010050001101000,CEREST - Centro de Referência em Saúde do Trabalhador,5,
1718031103010050001109000,TOTAL DEDUÇÕES CEREST - CENTRO DE REFERÊNCIA EM SAÚDE DO TRABALHADOR,5,
1718031103010050001109001,Deduções CEREST - Centro de Referência em Saúde do Trabalhador,5,
1718031103010060000000000,OUTROS PROGRAMAS FINANCIAMENTO POR TRANSFERÊNCIA FUNDO A FUNDO - MAC- FMS,5,
1718031103010060001100000,OUTROS PROGRAMAS FINANCIAMENTO POR TRANSFERÊNCIA FUNDO A FUNDO - MAC- FMS,5,
1718031103010060001101000,Outros Programas Financiamento Por Transferência Fundo a Fundo - MAC- FMS,5,
1718031103010060001109000,TOTAL DEDUÇÕES OUTROS PROGRAMAS FINANCIAMENTO POR TRANSFERÊNCIA FUNDO A FUNDO - MAC- FMS,5,
1718031103010060001109001,Deduções Outros Programas Financiamento Por Transferência Fundo a Fundo - MAC- FMS,5,
1718031103020000000000000,FUNDO DE AÇÕES ESTRATÉGICAS E COMPENSAÇÃO - FAEC - FMS,5,
1718031103020010000000000,CNRAC -CENTRO NACIONAL REGULAÇÃO DE ALTA COMPLEXIDADE -FMS,5,
1718031103020010001100000,CNRAC -CENTRO NACIONAL REGULAÇÃO DE ALTA COMPLEXIDADE -FMS,5,
1718031103020010001101000,CNRAC -Centro Nacional Regulação de Alta Complexidade -FMS,5,
1718031103020010001109000,TOTAL DEDUÇÕES CNRAC -CENTRO NACIONAL REGULAÇÃO DE ALTA COMPLEXIDADE -FMS,5,
1718031103020010001109001,Deduções CNRAC -Centro Nacional Regulação de Alta Complexidade -FMS,5,
1718031103020020000000000,TERAPIA RENAL SUBSTITUTIVA - FMS,5,
1718031103020020001100000,TERAPIA RENAL SUBSTITUTIVA - FMS,5,
1718031103020020001101000,Terapia Renal Substitutiva - FMS,5,
1718031103020020001109000,TOTAL DEDUÇÕES TERAPIA RENAL SUBSTITUTIVA - FMS,5,
1718031103020020001109001,Deduções Terapia Renal Substitutiva - FMS,5,
1718031103020030000000000,TRANSPLANTES - CÓRNEA - FMS,5,
1718031103020030001100000,TRANSPLANTES - CÓRNEA - FMS,5,
1718031103020030001101000,Transplantes - Córnea - FMS,5,
1718031103020030001109000,TOTAL DEDUÇÕES TRANSPLANTES - CÓRNEA - FMS,5,
1718031103020030001109001,Deduções Transplantes - Córnea - FMS,5,
1718031103020040000000000,TRANSPLANTES - RIM - FMS,5,
1718031103020040001100000,TRANSPLANTES - RIM - FMS,5,
1718031103020040001101000,Transplantes - Rim - FMS,5,
1718031103020040001109000,TOTAL DEDUÇÕES TRANSPLANTES - RIM - FMS,5,
1718031103020040001109001,Deduções Transplantes - Rim - FMS,5,
1718031103020050000000000,TRANSPLANTES - FÍGADO - FMS,5,
1718031103020050001100000,TRANSPLANTES - FÍGADO - FMS,5,
1718031103020050001101000,Transplantes - Fígado - FMS,5,
1718031103020050001109000,TOTAL DEDUÇÕES TRANSPLANTES - FÍGADO - FMS,5,
1718031103020050001109001,Deduções Transplantes - Fígado - FMS,5,
1718031103020060000000000,TRANSPLANTES - PULMÃO - FMS,5,
1718031103020060001100000,TRANSPLANTES - PULMÃO - FMS,5,
1718031103020060001101000,Transplantes - Pulmão - FMS,5,
1718031103020060001109000,TOTAL DEDUÇÕES TRANSPLANTES - PULMÃO - FMS,5,
1718031103020060001109001,Deduções Transplantes - Pulmão - FMS,5,
1718031103020070000000000,TRANSPLANTES - CORAÇÃO - FMS,5,
1718031103020070001100000,TRANSPLANTES - CORAÇÃO - FMS,5,
1718031103020070001101000,Transplantes - Coração - FMS,5,
1718031103020070001109000,TOTAL DEDUÇÕES TRANSPLANTES - CORAÇÃO - FMS,5,
1718031103020070001109001,Deduções Transplantes - Coração - FMS,5,
1718031103020080000000000,TRANSPLANTES - OUTROS - FMS,5,
1718031103020080001100000,TRANSPLANTES - OUTROS - FMS,5,
1718031103020080001101000,Transplantes - Outros - FMS,5,
1718031103020080001109000,TOTAL DEDUÇÕES TRANSPLANTES - OUTROS - FMS,5,
1718031103020080001109001,Deduções Transplantes - Outros - FMS,5,
1718031103030000000000000,OUTROS PROGRAMAS FINANCIADOS POR TRANSFERÊNCIA FUNDO A FUNDO/FAEC - FMS,5,
1718031103030010000000000,OUTROS PROGRAMAS FINANCIADOS POR TRANSFERÊNCIA FUNDO A FUNDO/FAEC - FMS,5,
1718031103030010001100000,OUTROS PROGRAMAS FINANCIADOS POR TRANSFERÊNCIA FUNDO A FUNDO/FAEC - FMS,5,
1718031103030010001101000,Outros Programas Financiados por Transferência Fundo a Fundo/FAEC - FMS,5,
1718031103030010001109000,TOTAL DEDUÇÕES OUTROS PROGRAMAS FINANCIADOS POR TRANSFERÊNCIA FUNDO A FUNDO/FAEC - FMS,5,
1718031103030010001109001,Deduções Outros Programas Financiados por Transferência Fundo a Fundo/FAEC - FMS,5,
1718031104000000000000000,VIGILÂNCIA EM SAÚDE - FMS,5,
1718031104010000000000000,VIGILÂNCIA EPIDEMIOLÓGICA E AMBIENTAL EM SAÚDE - FMS,5,
1718031104010000001100000,VIGILÂNCIA EPIDEMIOLÓGICA E AMBIENTAL EM SAÚDE - FMS,5,
1718031104010000001101000,VIgilância Epidemiológica e Ambiental em Saúde - FMS,5,
1718031104010000001109000,TOTAL DEDUÇÕES VIGILÂNCIA EPIDEMIOLÓGICA E AMBIENTAL EM SAÚDE - FMS,5,
1718031104010000001109001,Deduções VIgilância Epidemiológica e Ambiental em Saúde - FMS,5,
1718031104020000000000000,VIGILÂNCIA SANITÁRIA - FMS,5,
1718031104020000001100000,VIGILÂNCIA SANITÁRIA - FMS,5,
1718031104020000001101000,Vigilância Sanitária - FMS,5,
1718031104020000001109000,TOTAL DEDUÇÕES VIGILÂNCIA SANITÁRIA - FMS,5,
1718031104020000001109001,Deduções Vigilância Sanitária - FMS,5,
1718031104030000000000000,OUTROS PROGRAMAS FINANCIADOS POR TRANSFERÊNCIA FUNDO A FUNDO - VIGILÂNCIA EM SAÚDE - FMS,5,
1718031104030000001100000,OUTROS PROGRAMAS FINANCIADOS POR TRANSFERÊNCIA FUNDO A FUNDO - VIGILÂNCIA EM SAÚDE - FMS,5,
1718031104030000001101000,Outros Programas Financiados por Transferência Fundo a Fundo - Vigilância em Saúde - FMS,5,
1718031104030000001109000,TOTAL DEDUÇÕES OUTROS PROGRAMAS FINANCIADOS POR TRANSFERÊNCIA FUNDO A FUNDO - VIGILÂNCIA EM SAÚDE - ,5,
1718031104030000001109001,Deduções Outros Programas Financiados por Transferência Fundo a Fundo - Vigilância em Saúde - FMS,5,
1718031105000000000000000,ASSISTÊNCIA FARMACÊUTICA - FMS,5,
1718031105010000000000000,COMPONENTE BÁSICO DA ASSISTÊNCIA FARMACÊUTICA - FMS,5,
1718031105010000001100000,COMPONENTE BÁSICO DA ASSISTÊNCIA FARMACÊUTICA - FMS,5,
1718031105010000001101000,Componente Básico da Assistência Farmacêutica - FMS,5,
1718031105010000001109000,TOTAL DEDUÇÕES COMPONENTE BÁSICO DA ASSISTÊNCIA FARMACÊUTICA - FMS,5,
1718031105010000001109001,Deduções Componente Básico da Assistência Farmacêutica - FMS,5,
1718031105020000000000000,COMPONENTE ESTRATÉGICO DA ASSISTÊNCIA FARMACÊUTICA - FMS,5,
1718031105020000001100000,COMPONENTE ESTRATÉGICO DA ASSISTÊNCIA FARMACÊUTICA - FMS,5,
1718031105020000001101000,Componente Estratégico da Assistência Farmacêutica - FMS,5,
1718031105020000001109000,TOTAL DEDUÇÕES COMPONENTE ESTRATÉGICO DA ASSISTÊNCIA FARMACÊUTICA - FMS,5,
1718031105020000001109001,Deduções Componente Estratégico da Assistência Farmacêutica - FMS,5,
1718031105030000000000000,OUTROS PROGRAMAS FINANCIADOS POR TRANSFERÊNCIA FUNDO A FUNDO - ASSISTÊNCIA FARMACÊUTICA - FMS,5,
1718031105030000001100000,OUTROS PROGRAMAS FINANCIADOS POR TRANSFERÊNCIA FUNDO A FUNDO - ASSISTÊNCIA FARMACÊUTICA - FMS,5,
1718031105030000001101000,Outros Programas Financiados por Transferência Fundo a Fundo - Assistência Farmacêutica - FMS,5,
1718031105030000001109000,TOTAL DEDUÇÕES OUTROS PROGRAMAS FINANCIADOS POR TRANSFERÊNCIA FUNDO A FUNDO - ASSISTÊNCIA FARMACÊUTI,5,
1718031105030000001109001,Deduções Outros Programas Financiados por Transferência Fundo a Fundo - Assistência Farmacêutica - F,5,
1718031106000000000000000,GESTÃO DO SUS - FMS,5,
1718031106010000000000000,QUALIFICAÇÃO DA GESTÃO DO SUS - FMS,5,
1718031106010000001100000,QUALIFICAÇÃO DA GESTÃO DO SUS - FMS,5,
1718031106010000001101000,Qualificação da Gestão do SUS - FMS,5,
1718031106010000001109000,TOTAL DEDUÇÕES QUALIFICAÇÃO DA GESTÃO DO SUS - FMS,5,
1718031106010000001109001,Deduções Qualificação da Gestão do SUS - FMS,5,
1718031106020000000000000,IMPLANTAÇÃO DE AÇÕES E SERVIÇOS DE SAÚDE - FMS,5,
1718031106020000001100000,IMPLANTAÇÃO DE AÇÕES E SERVIÇOS DE SAÚDE - FMS,5,
1718031106020000001101000,Implantação de Ações e Serviços de Saúde - FMS,5,
1718031106020000001109000,TOTAL DEDUÇÕES IMPLANTAÇÃO DE AÇÕES E SERVIÇOS DE SAÚDE - FMS,5,
1718031106020000001109001,Deduções Implantação de Ações e Serviços de Saúde - FMS,5,
1718031106030000000000000,OUTROS PROGRAMAS FINANCIADOS POR TRANSFERÊNCIA FUNDO A FUNDO - GESTÃO- FMS,5,
1718031106030000001100000,OUTROS PROGRAMAS FINANCIADOS POR TRANSFERÊNCIA FUNDO A FUNDO - GESTÃO- FMS,5,
1718031106030000001101000,Outros Programas Financiados por Transferência Fundo a Fundo - Gestão- FMS,5,
1718031106030000001109000,TOTAL DEDUÇÕES OUTROS PROGRAMAS FINANCIADOS POR TRANSFERÊNCIA FUNDO A FUNDO - GESTÃO- FMS,5,
1718031106030000001109001,Deduções Outros Programas Financiados por Transferência Fundo a Fundo - Gestão- FMS,5,
1718031107000000000000000,OUTROS PROGRAMAS FINANCIADOS POR TRANSFERÊNCIAS FUNDO A FUNDO,5,
1718031107010000000000000,OUTROS PROGRAMAS FINANCIADOS POR TRANSFERÊNCIAS FUNDO A FUNDO,5,
1718031107010000001100000,OUTROS PROGRAMAS FINANCIADOS POR TRANSFERÊNCIAS FUNDO A FUNDO,5,
1718031107010000001101000,Outros Programas Financiados por Transferências Fundo a Fundo,5,
1718031107010000001109000,TOTAL DEDUÇÕES OUTROS PROGRAMAS FINANCIADOS POR TRANSFERÊNCIAS FUNDO A FUNDO,5,
1718031107010000001109001,Deduções Outros Programas Financiados por Transferências Fundo a Fundo,5,
1718031108000000000000000,PISO DE ATENÇÃO BÁSICA FIXO (PAB FIXO) - FMS,5,
1718031108000000001100000,PISO DE ATENÇÃO BÁSICA FIXO (PAB FIXO) - FMS,5,
1718031108000000001101000,Piso de Atenção Básica Fixo (PAB Fixo) - FMS,5,
1718031109000000000000000,SAÚDE DA FAMÍLIA -FMS,5,
1718031109000000001100000,SAÚDE DA FAMÍLIA -FMS,5,
1718031109000000001101000,Saúde da Família -FMS,5,
1718031110000000000000000,AGENTES COMUNITÁRIOS DE SAÚDE -FMS,5,
1718031110000000001100000,AGENTES COMUNITÁRIOS DE SAÚDE -FMS,5,
1718031110000000001101000,Agentes Comunitários de Saúde -FMS,5,
1718031111000000000000000,SAÚDE BUCAL -FMS,5,
1718031111000000001100000,SAÚDE BUCAL -FMS,5,
1718031111000000001101000,Saúde Bucal -FMS,5,
1718031112000000000000000,FATOR INCENTIVO ATENÇÃO BÁSICA - POVOS INDÍGENAS -FMS,5,
1718031112000000001100000,FATOR INCENTIVO ATENÇÃO BÁSICA - POVOS INDÍGENAS -FMS,5,
1718031112000000001101000,Fator Incentivo Atenção Básica - Povos Indígenas -FMS,5,
1718031113000000000000000,INCENTIVO ATENÇÃO À SAÚDE - SISTEMA PENITENCIÁRIO - FMS,5,
1718031113000000001100000,INCENTIVO ATENÇÃO À SAÚDE - SISTEMA PENITENCIÁRIO - FMS,5,
1718031113000000001101000,Incentivo Atenção à Saúde - Sistema Penitenciário - FMS,5,
1718031114000000000000000,PISO DE ATENÇÃO BÁSICA PAB VARIÁVEL – FMS,5,
1718031114000000001100000,PISO DE ATENÇÃO BÁSICA PAB VARIÁVEL – FMS,5,
1718031114000000001101000,Piso de Atenção Básica PAB Variável – FMS,5,
1718031115000000000000000,NÚCLEO APOIO SAÚDE FAMÍLIA - NASF/FMS,5,
1718031115000000001100000,NÚCLEO APOIO SAÚDE FAMÍLIA - NASF/FMS,5,
1718031115000000001101000,Núcleo Apoio Saúde Família - NASF/FMS,5,
1718031116000000000000000,TRANSFERÊNCIAS ADVINDAS DE EMENDA PARALMENTAR - PISO DE ATENÇÃO BÁSICA - (PAB),5,
1718031116000000001100000,TRANSFERÊNCIAS ADVINDAS DE EMENDA PARALMENTAR - PISO DE ATENÇÃO BÁSICA - (PAB),5,
1718031116000000001101000,Transferências Advindas de Emenda Parlamentar - Piso de Atenção Básica - (PAB),5,
1718032000000000000000000,Transferência de Recursos do SUS ¿ Atenção de Média e Alta Complexidade Ambulatorial e Hospitalar,5,
1718032100000000000000000,Transferência de Recursos do SUS ¿ Atenção de Média e Alta Complexidade Ambulatorial e Hospitalar - ,5,
1718032101000000000000000,MAC TETO FINANCEIRO – FMS,5,
1718032101000000001100000,MAC TETO FINANCEIRO – FMS,5,
1718032101000000001101000,MAC Teto Financeiro – FMS,5,
1718032102000000000000000,SAMU - SERVIÇO DE ATENDIMENTO MÓVEL DE URGÊNCIA - FMS,5,
1718032102000000001100000,SAMU - SERVIÇO DE ATENDIMENTO MÓVEL DE URGÊNCIA - FMS,5,
1718032102000000001101000,SAMU - Serviço de Atendimento Móvel de Urgência - FMS,5,
1718032103000000000000000,CEO - CENTRO DE ESPECIALIDADES ODONTOLÓGICAS - FMS,5,
1718032103000000001100000,CEO - CENTRO DE ESPECIALIDADES ODONTOLÓGICAS - FMS,5,
1718032103000000001101000,CEO - Centro de Especialidades Odontológicas - FMS,5,
1718032104000000000000000,CAPS -CENTRO DE ATENÇÃO PSICOSSOCIAL - FMS,5,
1718032104000000001100000,CAPS -CENTRO DE ATENÇÃO PSICOSSOCIAL - FMS,5,
1718032104000000001101000,CAPS -Centro de Atenção Psicossocial - FMS,5,
1718032105000000000000000,CEREST - CENTRO DE REFERÊNCIA EM SAÚDE DO TRABALHADOR,5,
1718032105000000001100000,CEREST - CENTRO DE REFERÊNCIA EM SAÚDE DO TRABALHADOR,5,
1718032105000000001101000,CEREST - Centro de Referência em Saúde do Trabalhador,5,
1718032106000000000000000,OUTROS MAC – FMS,5,
1718032106000000001100000,OUTROS MAC – FMS,5,
1718032106000000001101000,Outros MAC – FMS,5,
1718032107000000000000000,CNRAC -CENTRO NACIONAL REGULAÇÃO DE ALTA COMPLEXIDADE -FMS,5,
1718032107000000001100000,CNRAC -CENTRO NACIONAL REGULAÇÃO DE ALTA COMPLEXIDADE -FMS,5,
1718032107000000001101000,CNRAC -Centro Nacional Regulação de Alta Complexidade -FMS,5,
1718032108000000000000000,FAEC NEFROLOGIA – FMS,5,
1718032108000000001100000,FAEC NEFROLOGIA – FMS,5,
1718032108000000001101000,FAEC Nefrologia – FMS,5,
1718032109000000000000000,FAEC TRANSPLANTES – FMS,5,
1718032109000000001100000,FAEC TRANSPLANTES – FMS,5,
1718032109000000001101000,FAEC Transplantes – FMS,5,
1718032110000000000000000,OUTROS FAEC,5,
1718032110000000001100000,OUTROS PROGRAMAS FINANCIADOS POR TRANSFERÊNCIA FUNDO A FUNDO/FAEC - FMS,5,
1718032110000000001101000,Outros FAEC,5,
1718032111000000000000000,TRANSFERÊNCIAS ADVINDAS DE EMENDA PARLAMENTAR - ASSISTÊNCIA DE MÉDIA E ALTA COMPLEXIDADE (MAC),5,
1718032111000000001100000,TRANSFERÊNCIAS ADVINDAS DE EMENDA PARLAMENTAR - ASSISTÊNCIA DE MÉDIA E ALTA COMPLEXIDADE (MAC),5,
1718032111000000001101000,Transferências Advindas de Emenda Parlamentar - Assistência de Média e Alta Complexidade (MAC),5,
1718033000000000000000000,Transferência de Recursos do SUS ¿ Vigilância em Saúde,5,
1718033100000000000000000,Transferência de Recursos do SUS ¿ Vigilância em Saúde - Principal,5,
1718033101000000000000000,"VIGILÂNCIA EM SAÚDE EPIDEMIOLÓGICA, SANITÁRIA E AMBIENTAL – FMS",5,
1718033101000000001100000,"VIGILÂNCIA EM SAÚDE EPIDEMIOLÓGICA, SANITÁRIA E AMBIENTAL – FMS",5,
1718033101000000001101000,"Vigilância em Saúde Epidemiológica, Sanitária e Ambiental – FMS",5,
1718033102000000000000000,VIGILÂNCIA DST/AIDS – HEPATITES VIRAIS – FMS,5,
1718033102000000001100000,VIGILÂNCIA DST/AIDS – HEPATITES VIRAIS – FMS,5,
1718033102000000001101000,Vigilância DST/AIDS – Hepatites Virais – FMS,5,
1718033103000000000000000,OUTROS PROGRAMAS FINANCIADOS POR TRANSFERÊNCIA FUNDO A FUNDO - VIGILÂNCIA EM SAÚDE - FMS,5,
1718033103000000001100000,OUTROS PROGRAMAS FINANCIADOS POR TRANSFERÊNCIA FUNDO A FUNDO - VIGILÂNCIA EM SAÚDE - FMS,5,
1718033103000000001101000,Outros Programas Financiados por Transferência Fundo a Fundo - Vigilância em Saúde - FMS,5,
1718034000000000000000000,Transferência de Recursos do SUS ¿ Assistência Farmacêutica,5,
1718034100000000000000000,Transferência de Recursos do SUS ¿ Assistência Farmacêutica - Principal,5,
1718034101000000000000000,COMPONENTE BÁSICO DA ASSISTÊNCIA FARMACÊUTICA - FMS,5,
1718034101000000001100000,COMPONENTE BÁSICO DA ASSISTÊNCIA FARMACÊUTICA - FMS,5,
1718034101000000001101000,Componente Básico da Assistência Farmacêutica - FMS,5,
1718034102000000000000000,OUTROS PROGRAMAS FINANCIADOS POR TRANSFERÊNCIA FUNDO A FUNDO - ASSISTÊNCIA FARMACÊUTICA - FMS,5,
1718034102000000001100000,OUTROS PROGRAMAS FINANCIADOS POR TRANSFERÊNCIA FUNDO A FUNDO - ASSISTÊNCIA FARMACÊUTICA - FMS,5,
1718034102000000001101000,Outros Programas Financiados por Transferência Fundo a Fundo - Assistência Farmacêutica - FMS,5,
1718035000000000000000000,Transferência de Recursos do SUS - Gestão do SUS,5,
1718035100000000000000000,Transferência de Recursos do SUS ¿ Gestão do SUS- Principal,5,
1718035101000000000000000,"GESTÃO DO SUS – QUALIFICAÇÃO, IMPLANTAÇÃO E IMPLEMENTAÇÃO",5,
1718035101000000001100000,"GESTÃO DO SUS – QUALIFICAÇÃO, IMPLANTAÇÃO E IMPLEMENTAÇÃO",5,
1718035101000000001101000,"Gestão do SUS – Qualificação, Implantação e Implementação",5,
1718035102000000000000000,IMPLANTAÇÃO DE AÇÕES E SERVIÇOS DE SAÚDE - FMS,5,
1718035102000000001100000,IMPLANTAÇÃO DE AÇÕES E SERVIÇOS DE SAÚDE - FMS,5,
1718035102000000001101000,Implantação de Ações e Serviços de Saúde - FMS,5,
1718035103000000000000000,OUTROS PROGRAMAS FINANCIADOS POR TRANSFERÊNCIA FUNDO A FUNDO - GESTÃO- FMS,5,
1718035103000000001100000,OUTROS PROGRAMAS FINANCIADOS POR TRANSFERÊNCIA FUNDO A FUNDO - GESTÃO- FMS,5,
1718035103000000001101000,Outros Programas Financiados por Transferência Fundo a Fundo - Gestão- FMS,5,
1718039000000000000000000,Transferência de Recursos do SUS ¿ Outros Programas Financiados por Transferências Fundo a Fundo,5,
1718039100000000000000000,Transferência de Recursos do SUS- Outros Programas Financiados por Transferências Fundo a Fundo- Pri,5,
1718039101000000000000000,OUTROS PROGRAMAS FINANCIADOS POR TRANSFERÊNCIAS FUNDO A FUNDO,5,
1718039101000000001100000,OUTROS PROGRAMAS FINANCIADOS POR TRANSFERÊNCIAS FUNDO A FUNDO,5,
1718039101000000001101000,Outros Programas Financiados por Transferências Fundo a Fundo,5,
1718040000000000000000000,TRANSFERÊNCIAS DE RECURSOS DO SISTEMA ÚNICO DE SAÚDE - SUS - BLOCO INVESTIMENTOS NA REDE DE SERVIÇOS,5,
1718041000000000000000000,TRANSFERÊNCIAS DE RECURSOS DO SISTEMA ÚNICO DE SAÚDE - SUS DESTINADOS À ATENÇÃO BÁSICA,5,
1718041100000000000000000,TRANSFERÊNCIAS DE RECURSOS DO SISTEMA ÚNICO DE SAÚDE – SUS DESTINADOS À ATENÇÃO BÁSICA - PRINCIPAL,5,
1718041101000000000000000,TRANSFERÊNCIAS DE RECURSOS DO FUNDO NACIONAL DE ASSISTÊNCIA SOCIAL – FNAS,5,
1718041101010000000000000,SOCIEDADE PESTALOZZI - FNAS/FMAS,5,
1718041101010000001100000,SOCIEDADE PESTALOZZI - FNAS/FMAS,5,
1718041101010000001101000,Sociedade Pestalozzi - FNAS/FMAS,5,
1718041101010000001109000,TOTAL DEDUÇÕES SOCIEDADE PESTALOZZI - FNAS/FMAS,5,
1718041101010000001109001,Deduções Sociedade Pestalozzi - FNAS/FMAS,5,
1718041101020000000000000,FMAS - PROTEÇÃO SOCIAL BÁSICA/COFINANCIAMENTO DO FNAS,5,
1718041101020000001100000,FMAS - PROTEÇÃO SOCIAL BÁSICA/COFINANCIAMENTO DO FNAS,5,
1718041101020000001101000,FMAS - Proteção Social Básica/Cofinanciamento do FNAS,5,
1718041101020000001109000,TOTAL DEDUÇÕES FMAS - PROTEÇÃO SOCIAL BÁSICA/COFINANCIAMENTO DO FNAS,5,
1718041101020000001109001,Deduções FMAS - Proteção Social Básica/Cofinanciamento do FNAS,5,
1718041101030000000000000,FMAS - PROTEÇÃO SOCIAL ESPECIAL/COFINANCIAMENTO DO FNAS,5,
1718041101030000001100000,FMAS - PROTEÇÃO SOCIAL ESPECIAL/COFINANCIAMENTO DO FNAS,5,
1718041101030000001101000,FMAS - Proteção Social Especial/Cofinanciamento do FNAS,5,
1718041101030000001109000,TOTAL DEDUÇÕES FMAS - PROTEÇÃO SOCIAL ESPECIAL/COFINANCIAMENTO DO FNAS,5,
1718041101030000001109001,Deduções FMAS - Proteção Social Especial/Cofinanciamento do FNAS,5,
1718041101040000000000000,APOIO À GESTÃO DESCENTRALIZADA/FNAS,5,
1718041101040000001100000,APOIO À GESTÃO DESCENTRALIZADA/FNAS,5,
1718041101040000001101000,Apoio à Gestão Descentralizada/FNAS,5,
1718041101040000001109000,TOTAL DEDUÇÕES APOIO À GESTÃO DESCENTRALIZADA/FNAS,5,
1718041101040000001109001,Deduções Apoio à Gestão Descentralizada/FNAS,5,
1718042000000000000000000,TRANSFERÊNCIAS DE RECURSOS DO SISTEMA ÚNICO DE SAÚDE - SUS DESTINADOS À ATENÇÃO ESPECIALIZADA,5,
1718043000000000000000000,TRANSFERÊNCIAS DE RECURSOS DO SISTEMA ÚNICO DE SAÚDE - SUS DESTINADOS À VIGILÂNCIA EM SAÚDE,5,
1718044000000000000000000,TRANSFERÊNCIAS DE RECURSOS DO SISTEMA ÚNICO DE SAÚDE - SUS DESTINADOS À GESTÃO E DESENVOLVIMENTO DE ,5,
1718045000000000000000000,TRANSFERÊNCIAS DE RECURSOS DO SISTEMA ÚNICO DE SAÚDE ¿ SUS DESTINADOS À GESTÃO DO SUS,5,
1718046000000000000000000,"OUTRAS TRANSFERÊNCIAS DE RECURSOS DO SISTEMA ÚNICO DE SAÚDE ¿ SUS, NÃO DETALHADAS ANTERIORMENTE",5,
1718050000000000000000000,TRANSFERÊNCIAS DE RECURSOS DO FUNDO NACIONAL DO DESENVOLVIMENTO DA EDUCAÇÃO – FNDE,5,
1718051000000000000000000,TRANSFERÊNCIAS DO SALÁRIO-EDUCAÇÃO,5,
1718051100000000000000000,TRANSFERÊNCIAS DO SALÁRIO-EDUCAÇÃO - PRINCIPAL,5,
1718051101000000000000000,TRANSFERÊNCIAS DO SALÁRIO-EDUCAÇÃO,5,
1718051101000000001100000,TRANSFERÊNCIAS DO SALÁRIO-EDUCAÇÃO,5,
1718051101000000001101000,Transferências do Salário-Educação,5,
1718051101000000001109000,TOTAL DEDUÇÕES TRANSFERÊNCIAS DO SALÁRIO-EDUCAÇÃO,5,
1718051101000000001109001,Deduções Transferências do Salário-Educação,5,
1718052000000000000000000,TRANSFERÊNCIAS DIRETAS DO FNDE REFERENTES AO PROGRAMA DINHEIRO DIRETO NA ESCOLA – PDDE,5,
1718052100000000000000000,TRANSFERÊNCIAS DIRETAS DO FNDE REFERENTES AO PROGRAMA DINHEIRO DIRETO NA ESCOLA – PDDE - PRINCIPAL,5,
1718052101000000000000000,TRANSFERÊNCIAS DIRETAS DO FNDE REFERENTES AO PROGRAMA DINHEIRO DIRETO NA ESCOLA – PDDE ,5,
1718052101000000001100000,TRANSFERÊNCIAS DIRETAS DO FNDE REFERENTES AO PROGRAMA DINHEIRO DIRETO NA ESCOLA – PDDE ,5,
1718052101000000001101000,Transferências Diretas do FNDE referentes ao Programa Dinheiro Direto na Escola – PDDE ,5,
1718052101000000001109000,TOTAL DEDUÇÕES TRANSFERÊNCIAS DIRETAS DO FNDE REFERENTES AO PROGRAMA DINHEIRO DIRETO NA ESCOLA – PDD,5,
1718052101000000001109001,Deduções Transferências Diretas do FNDE referentes ao Programa Dinheiro Direto na Escola – PDDE ,5,
1718053000000000000000000,TRANSFERÊNCIAS DIRETAS DO FNDE REFERENTES AO PROGRAMA NACIONAL DE ALIMENTAÇÃO ESCOLAR – PNAE,5,
1718053100000000000000000,TRANSFERÊNCIAS DIRETAS DO FNDE REFERENTES AO PROGRAMA NACIONAL DE ALIMENTAÇÃO ESCOLAR – PNAE - PRINC,5,
1718053101000000000000000,TRANSFERÊNCIAS DIRETAS DO FNDE REFERENTES AO PROGRAMA NACIONAL DE ALIMENTAÇÃO ESCOLAR – PNAE,5,
1718053101000000001100000,TRANSFERÊNCIAS DIRETAS DO FNDE REFERENTES AO PROGRAMA NACIONAL DE ALIMENTAÇÃO ESCOLAR – PNAE,5,
1718053101000000001101000,Transferências Diretas do FNDE referentes ao Programa Nacional de Alimentação Escolar – PNAE,5,
1718053101000000001109000,TOTAL DEDUÇÕES TRANSFERÊNCIAS DIRETAS DO FNDE REFERENTES AO PROGRAMA NACIONAL DE ALIMENTAÇÃO ESCOLAR,5,
1718053101000000001109001,Deduções Transferências Diretas do FNDE referentes ao Programa Nacional de Alimentação Escolar – PNA,5,
1718054000000000000000000,TRANSFERÊNCIAS DIRETAS DO FNDE REFERENTES AO PROGRAMA NACIONAL DE APOIO AO TRANSPORTE DO ESCOLAR – P,5,
1718054100000000000000000,TRANSFERÊNCIAS DIRETAS DO FNDE REFERENTES AO PROGRAMA NACIONAL DE APOIO AO TRANSPORTE DO ESCOLAR – P,5,
1718054101000000000000000,TRANSFERÊNCIAS DIRETAS DO FNDE REFERENTES AO PROGRAMA NACIONAL DE APOIO AO TRANSPORTE DO ESCOLAR – P,5,
1718054101000000001100000,TRANSFERÊNCIAS DIRETAS DO FNDE REFERENTES AO PROGRAMA NACIONAL DE APOIO AO TRANSPORTE DO ESCOLAR – P,5,
1718054101000000001101000,Transferências Diretas do FNDE referentes ao Programa Nacional de Apoio ao Transporte do Escolar – P,5,
1718054101000000001109000,TOTAL DEDUÇÕES TRANSFERÊNCIAS DIRETAS DO FNDE REFERENTES AO PROGRAMA NACIONAL DE APOIO AO TRANSPORTE,5,
1718054101000000001109001,Deduções Transferências Diretas do FNDE referentes ao Programa Nacional de Apoio ao Transporte do Es,5,
1718059000000000000000000,OUTRAS TRANSFERÊNCIAS DIRETAS DO FUNDO NACIONAL DO DESENVOLVIMENTO DA EDUCAÇÃO – FNDE,5,
1718059100000000000000000,OUTRAS TRANSFERÊNCIAS DIRETAS DO FUNDO NACIONAL DO DESENVOLVIMENTO DA EDUCAÇÃO – FNDE - PRINCIPAL,5,
1718059101000000000000000,OUTRAS TRANSFERÊNCIAS DIRETAS DO FNDE,5,
1718059101010000000000000,FNDE - NOVAS TURMAS DE EDUCAÇÃO INFANTIL   ,5,
1718059101010000001100000,FNDE - NOVAS TURMAS DE EDUCAÇÃO INFANTIL   ,5,
1718059101010000001101000,FNDE - Novas Turmas de Educação Infantil   ,5,
1718059101010000001109000,TOTAL DEDUÇÕES FNDE - NOVAS TURMAS DE EDUCAÇÃO INFANTIL   ,5,
1718059101010000001109001,Deduções FNDE - Novas Turmas de Educação Infantil   ,5,
1718059101020000000000000,FNDE - ATEND. CRIANÇAS DE 0 A 48M - BOLSA FAMÍLIA,5,
1718059101020000001100000,FNDE - ATEND. CRIANÇAS DE 0 A 48M - BOLSA FAMÍLIA,5,
1718059101020000001101000,FNDE - Atend. crianças de 0 a 48m - Bolsa Família,5,
1718059101020000001109000,TOTAL DEDUÇÕES FNDE - ATEND. CRIANÇAS DE 0 A 48M - BOLSA FAMÍLIA,5,
1718059101020000001109001,Deduções FNDE - Atend. crianças de 0 a 48m - Bolsa Família,5,
1718059101030000000000000,FNDE - PLANO DE AÇÕES ARTICULADAS,5,
1718059101030000001100000,FNDE - PLANO DE AÇÕES ARTICULADAS,5,
1718059101030000001101000,FNDE - Plano de Ações Articuladas,5,
1718059101030000001109000,TOTAL DEDUÇÕES FNDE - PLANO DE AÇÕES ARTICULADAS,5,
1718059101030000001109001,Deduções FNDE - Plano de Ações Articuladas,5,
1718059101040000000000000,FUNDATEC X UNIÃO,5,
1718059101040000001100000,FUNDATEC X UNIÃO,5,
1718059101040000001101000,FUNDATEC X União,5,
1718059101040000001109000,TOTAL DEDUÇÕES FUNDATEC X UNIÃO,5,
1718059101040000001109001,Deduções FUNDATEC X União,5,
1718059101050000000000000,FNDE - PROJOVEM,5,
1718059101050000001100000,FNDE - PROJOVEM,5,
1718059101050000001101000,FNDE - Projovem,5,
1718059101050000001109000,TOTAL DEDUÇÕES FNDE - PROJOVEM,5,
1718059101050000001109001,Deduções FNDE - Projovem,5,
1718059101060000000000000,TRANSFERÊNCIAS DO FUNDO NACIONAL DO DESENVOLVIMENTO DA EDUCAÇÃO – FNDE  AOS ENTES FEDERATIVOS QUE RE,5,
1718059101060000001100000,TRANSFERÊNCIAS DO FUNDO NACIONAL DO DESENVOLVIMENTO DA EDUCAÇÃO – FNDE  AOS ENTES FEDERATIVOS QUE RE,5,
1718059101060000001101000,Transferências do Fundo Nacional do Desenvolvimento da Educação – FNDE  aos entes federativos que re,5,
1718060000000000000000000,TRANSFERÊNCIA FINANCEIRA DO ICMS – DESONERAÇÃO – L.C. Nº 87/96,5,
1718061000000000000000000,TRANSFERÊNCIA FINANCEIRA DO ICMS – DESONERAÇÃO – L.C. Nº 87/96,5,
1718061100000000000000000,TRANSFERÊNCIA FINANCEIRA DO ICMS – DESONERAÇÃO – L.C. Nº 87/96 - PRINCIPAL,5,
1718061101000000000000000,TRANSFERÊNCIA FINANCEIRA DO ICMS – DESONERAÇÃO – L.C. Nº 87/96,5,
1718061101000000001100000,TRANSFERÊNCIA FINANCEIRA DO ICMS – DESONERAÇÃO – L.C. Nº 87/96,5,
1718061101000000001101000,Transferência Financeira do ICMS – Desoneração – L.C. Nº 87/96,5,
1718061101000000001109000,TOTAL DEDUÇÕES TRANSFERÊNCIA FINANCEIRA DO ICMS – DESONERAÇÃO – L.C. Nº 87/96,5,
1718061101000000001109001,Deduções de Receita para a Formação do FUNDEB - ICMS – Desoneração – L.C. Nº 87/96,5,
1718070000000000000000000,TRANSFERÊNCIAS DA UNIÃO A CONSÓRCIOS PÚBLICOS,5,
1718071000000000000000000,TRANSFERÊNCIAS DA UNIÃO A CONSÓRCIOS PÚBLICOS,5,
1718080000000000000000000,TRANSFERÊNCIAS ADVINDAS DE EMENDAS PARLAMENTARES,5,
1718081000000000000000000,TRANSFERÊNCIAS ADVINDAS DE EMENDAS PARLAMENTARES,5,
1718081100000000000000000,TRANSFERÊNCIAS ADVINDAS DE EMENDAS PARLAMENTARES - PRINCIPAL,5,
1718081101000000000000000,TRANSFERÊNCIAS ADVINDAS DE EMENDAS PARLAMENTARES - CONVÊNIO SMC X UNIÃO,5,
1718081101000000001100000,TRANSFERÊNCIAS ADVINDAS DE EMENDAS PARLAMENTARES - CONVÊNIO SMC X UNIÃO,5,
1718081101000000001101000,Transferências Advindas de Emendas Parlamentares - Convênio SMC x União,5,
1718081102000000000000000,TRANSFERÊNCIAS ADVINDAS DE EMENDAS PARLAMENTARES - CONVÊNIO FMS X UNIÃO,5,
1718081102000000001100000,TRANSFERÊNCIAS ADVINDAS DE EMENDAS PARLAMENTARES - CONVÊNIO FMS X UNIÃO,5,
1718081102000000001101000,Transferências Advindas de Emendas Parlamentares - Convênio FMS X União,5,
1718090000000000000000000,TRANSFERÊNCIAS DE RECURSOS DE COMPLEMENTAÇÃO DA UNIÃO AO FUNDO DE MANUTENÇÃO E DESENVOLVIMENTO DA ED,5,
1718091000000000000000000,TRANSFERÊNCIAS DE RECURSOS DE COMPLEMENTAÇÃO DA UNIÃO AO FUNDO DE MANUTENÇÃO E DESENVOLVIMENTO DA ED,5,
1718091100000000000000000,TRANSFERÊNCIA DE RECURSOS DA COMPLEMENTAÇÃO DA UNIÃO AO FUNDEB - PRINCIPAL,5,
1718091101000000000000000,TRANSFERÊNCIA DE RECURSOS DA COMPLEMENTAÇÃO DA UNIÃO AO FUNDEB - PRINCIPAL,5,
1718091101000000001100000,TRANSFERÊNCIA DE RECURSOS DA COMPLEMENTAÇÃO DA UNIÃO AO FUNDEB - PRINCIPAL,5,
1718091101000000001101000,Transferência de Recursos da Complementação da União ao FUNDEB,5,
1718100000000000000000000,TRANSFERÊNCIAS DE CONVÊNIOS DA UNIÃO E DE SUAS ENTIDADES,5,
1718101000000000000000000,TRANSFERÊNCIAS DE CONVÊNIOS DA UNIÃO PARA O SISTEMA ÚNICO DE SAÚDE – SUS,5,
1718101100000000000000000,TRANSFERÊNCIAS DE CONVÊNIOS DA UNIÃO PARA O SISTEMA ÚNICO DE SAÚDE – SUS - PRINCIPAL,5,
1718101101000000000000000,OUTROS CONVÊNIOS DA UNIÃO PARA A ÁREA DA SAÚDE,5,
1718101101000000001100000,OUTROS CONVÊNIOS DA UNIÃO PARA A ÁREA DA SAÚDE,5,
1718101101000000001101000,Outros convênios da União para a área da Saúde,5,
1718101101000000001109000,TOTAL DEDUÇÕES OUTROS CONVÊNIOS DA UNIÃO PARA A ÁREA DA SAÚDE,5,
1718101101000000001109001,Deduções Outros convênios da União para a área da Saúde,5,
1718102000000000000000000,TRANSFERÊNCIAS DE CONVÊNIOS DA UNIÃO DESTINADAS A PROGRAMAS DE EDUCAÇÃO,5,
1718102100000000000000000,TRANSFERÊNCIAS DE CONVÊNIOS DA UNIÃO DESTINADAS A PROGRAMAS DE EDUCAÇÃO - PRINCIPAL,5,
1718102101000000000000000,TRANSFERÊNCIAS DE CONVÊNIOS DA UNIÃO DESTINADAS A PROGRAMAS DE EDUCAÇÃO,5,
1718102101010000000000000,CONVÊNIO MEC/FNDE - ASSISTÊNCIA FINANCEIRA A PROGRAMAS E PROJETOS EDUCACIONAIS,5,
1718102101010000001100000,CONVÊNIO MEC/FNDE - ASSISTÊNCIA FINANCEIRA A PROGRAMAS E PROJETOS EDUCACIONAIS,5,
1718102101010000001101000,Convênio MEC/FNDE - Assistência Financeira a Programas e Projetos Educacionais,5,
1718102101010000001109000,TOTAL DEDUÇÕES CONVÊNIO MEC/FNDE - ASSISTÊNCIA FINANCEIRA A PROGRAMAS E PROJETOS EDUCACIONAIS,5,
1718102101010000001109001,Deduções Convênio MEC/FNDE - Assistência Financeira a Programas e Projetos Educacionais,5,
1718102101020000000000000,CARTA DE ACORDO MEC/SEESP - PROGRAMA EDUCAÇÃO INCLUSIVA,5,
1718102101020000001100000,CARTA DE ACORDO MEC/SEESP - PROGRAMA EDUCAÇÃO INCLUSIVA,5,
1718102101020000001101000,Carta de Acordo MEC/SEESP - Programa Educação Inclusiva,5,
1718102101020000001109000,TOTAL DEDUÇÕES CARTA DE ACORDO MEC/SEESP - PROGRAMA EDUCAÇÃO INCLUSIVA,5,
1718102101020000001109001,Deduções Carta de Acordo MEC/SEESP - Programa Educação Inclusiva,5,
1718103000000000000000000,TRANSFERÊNCIAS DE CONVÊNIOS DA UNIÃO DESTINADAS A PROGRAMAS DE ASSISTÊNCIA SOCIAL,5,
1718103100000000000000000,TRANSFERÊNCIAS DE CONVÊNIOS DA UNIÃO DESTINADAS A PROGRAMAS DE ASSISTÊNCIA SOCIAL - PRINCIPAL,5,
1718103101000000000000000,TRANSFERÊNCIAS DE CONVÊNIOS DA UNIÃO DESTINADAS A PROGRAMAS DE ASSISTÊNCIA SOCIAL,5,
1718103101010000000000000,PMSP/SMADS/FMAS,5,
1718103101010000001100000,PMSP/SMADS/FMAS,5,
1718103101010000001101000,PMSP/SMADS/FMAS,5,
1718103101010000001109000,TOTAL DEDUÇÕES PMSP/SMADS/FMAS,5,
1718103101010000001109001,Deduções PMSP/SMADS/FMAS,5,
1718103101020000000000000,FUMCAD,5,
1718103101020000001100000,FUMCAD,5,
1718103101020000001101000,FUMCAD,5,
1718103101020000001109000,TOTAL DEDUÇÕES FUMCAD,5,
1718103101020000001109001,Deduções FUMCAD,5,
1718103101030000000000000,CONVÊNIO SMADS X UNIÃO,5,
1718103101030000001100000,CONVÊNIO SMADS X UNIÃO,5,
1718103101030000001101000,CONVÊNIO SMADS X União,5,
1718103101030000001109000,TOTAL DEDUÇÕES CONVÊNIO SMADS X UNIÃO,5,
1718103101030000001109001,Deduções CONVÊNIO SMADS X União,5,
1718104000000000000000000,TRANSFERÊNCIAS DE CONVÊNIOS DA UNIÃO DESTINADAS A PROGRAMAS DE COMBATE À FOME,5,
1718105000000000000000000,TRANSFERÊNCIAS DE CONVÊNIOS DA UNIÃO DESTINADAS A PROGRAMAS DE SANEAMENTO BÁSICO,5,
1718109000000000000000000,OUTRAS TRANSFERÊNCIAS DE CONVÊNIOS DA UNIÃO,5,
1718109100000000000000000,OUTRAS TRANSFERÊNCIAS DE CONVÊNIOS DA UNIÃO - PRINCIPAL,5,
1718109101000000000000000,OUTRAS TRANSFERÊNCIAS DE CONVÊNIOS DA UNIÃO,5,
1718109101010000000000000,CONVÊNIO AHM X UNIÃO,5,
1718109101010000001100000,CONVÊNIO AHM X UNIÃO,5,
1718109101010000001101000,Convênio AHM x União,5,
1718109101010000001109000,DEDUÇÕES CONVÊNIO AHM X UNIÃO,5,
1718109101010000001109001,Deduções Convênio AHM x União,5,
1718109101020000000000000,PROGRAMA DE MODERNIZAÇÃO DO SISTEMA DE CONTROLE EXTERNO DOS ESTADOS E MUNICÍPIOS BRASILEIROS - PROMO,5,
1718109101020000001100000,PROGRAMA DE MODERNIZAÇÃO DO SISTEMA DE CONTROLE EXTERNO DOS ESTADOS E MUNICÍPIOS BRASILEIROS - PROMO,5,
1718109101020000001101000,Programa de Modernização do Sistema de Controle Externo dos Estados e Municípios Brasileiros - Promo,5,
1718109101020000001109000,TOTAL DEDUÇÕES PROGRAMA DE MODERNIZAÇÃO DO SISTEMA DE CONTROLE EXTERNO DOS ESTADOS E MUNICÍPIOS BRAS,5,
1718109101020000001109001,Deduções Programa de Modernização do Sistema de Controle Externo dos Estados e Municípios Brasileiro,5,
1718109101030000000000000,CONVÊNIO SGM X UNIÃO,5,
1718109101030000001100000,CONVÊNIO SGM X UNIÃO,5,
1718109101030000001101000,CONVÊNIO SGM X União,5,
1718109101030000001109000,TOTAL DEDUÇÕES CONVÊNIO SGM X UNIÃO,5,
1718109101030000001109001,Deduções CONVÊNIO SGM X União,5,
1718109101040000000000000,CONVÊNIO CMDH X UNIÃO,5,
1718109101040000001100000,CONVÊNIO CMDH X UNIÃO,5,
1718109101040000001101000,Convênio CMDH X União,5,
1718109101040000001109000,TOTAL DEDUÇÕES CONVÊNIO CMDH X UNIÃO,5,
1718109101040000001109001,Deduções Convênio CMDH X União,5,
1718109101050000000000000,CONVÊNIO SEHAB X UNIÃO,5,
1718109101050000001100000,CONVÊNIO SEHAB X UNIÃO,5,
1718109101050000001101000,Convênio SEHAB X União,5,
1718109101050000001109000,TOTAL DEDUÇÕES CONVÊNIO SEHAB X UNIÃO,5,
1718109101050000001109001,Deduções Convênio SEHAB X União,5,
1718109101060000000000000,CONVÊNIO SEME X UNIÃO,5,
1718109101060000001100000,CONVÊNIO SEME X UNIÃO,5,
1718109101060000001101000,Convênio SEME X União,5,
1718109101060000001109000,TOTAL DEDUÇÕES CONVÊNIO SEME X UNIÃO,5,
1718109101060000001109001,Deduções Convênio SEME X União,5,
1718109101070000000000000,CONVÊNIO FMDC X UNIÃO,5,
1718109101070000001100000,CONVÊNIO FMDC X UNIÃO,5,
1718109101070000001101000,Convênio FMDC X União,5,
1718109101070000001109000,TOTAL DEDUÇÕES CONVÊNIO FMDC X UNIÃO,5,
1718109101070000001109001,Deduções Convênio FMDC X União,5,
1718109101080000000000000,CONVÊNIO SMC X UNIÃO,5,
1718109101080000001100000,CONVÊNIO SMC X UNIÃO,5,
1718109101080000001101000,Convênio SMC X União,5,
1718109101080000001109000,TOTAL DEDUÇÕES CONVÊNIO SMC X UNIÃO,5,
1718109101080000001109001,Deduções Convênio SMC X União,5,
1718109101090000000000000,CONVÊNIO SVMA X UNIÃO,5,
1718109101090000001100000,CONVÊNIO SVMA X UNIÃO,5,
1718109101090000001101000,Convênio SVMA X União,5,
1718109101090000001109000,TOTAL DEDUÇÕES CONVÊNIO SVMA X UNIÃO,5,
1718109101090000001109001,Deduções Convênio SVMA X União,5,
1718109101100000000000000,CONVÊNIO SMDET X UNIÃO,5,
1718109101100000001100000,CONVÊNIO SMDET X UNIÃO,5,
1718109101100000001101000,Convênio SMDET X União,5,
1718109101100000001109000,TOTAL DEDUÇÕES CONVÊNIO SMDET X UNIÃO,5,
1718109101100000001109001,Deduções Convênio SMDET X União,5,
1718109101110000000000000,CONVÊNIO SMDHC X UNIÃO,5,
1718109101110000001100000,CONVÊNIO SMDHC X UNIÃO,5,
1718109101110000001101000,Convênio SMDHC X União,5,
1718109101110000001109000,TOTAL DEDUÇÕES CONVÊNIO SMDHC X UNIÃO,5,
1718109101110000001109001,Deduções Convênio SMDHC X União,5,
1718109101120000000000000,CONVÊNIO SMPED X UNIÃO,5,
1718109101120000001100000,CONVÊNIO SMPED X UNIÃO,5,
1718109101120000001101000,CONVÊNIO SMPED X União,5,
1718109101120000001109000,TOTAL DEDUÇÕES CONVÊNIO SMPED X UNIÃO,5,
1718109101120000001109001,Deduções CONVÊNIO SMPED X União,5,
1718109101130000000000000,CONVÊNIO SMUL X UNIÃO,5,
1718109101130000001100000,CONVÊNIO SMUL X UNIÃO,5,
1718109101130000001101000,Convênio SMUL x União,5,
1718109101130000001109000,TOTAL DEDUÇÕES CONVÊNIO SMUL X UNIÃO,5,
1718109101130000001109001,Deduções Convênio SMUL x União,5,
1718109101140000000000000,CONVÊNIO SECRETARIA NACIONAL DE SEGURANÇA PÚBLICA - SENASP,5,
1718109101140000001100000,CONVÊNIO SECRETARIA NACIONAL DE SEGURANÇA PÚBLICA - SENASP,5,
1718109101140000001101000,Convênio Secretaria Nacional de Segurança Pública - SENASP,5,
1718109101140000001109000,TOTAL DEDUÇÕES CONVÊNIO SECRETARIA NACIONAL DE SEGURANÇA PÚBLICA - SENASP,5,
1718109101140000001109001,Deduções Convênio Secretaria Nacional de Segurança Pública - SENASP,5,
1718109101160000000000000,CONVÊNIO AMLURB X UNIÃO,5,
1718109101160000001100000,CONVÊNIO AMLURB X UNIÃO,5,
1718109101160000001101000,Convênio AMLURB X União,5,
1718109101160000001109000,TOTAL DEDUÇÕES CONVÊNIO AMLURB X UNIÃO,5,
1718109101160000001109001,Deduções Convênio AMLURB X União,5,
1718109101170000000000000,CONVÊNIO COHAB X UNIÃO,5,
1718109101170000001100000,CONVÊNIO COHAB X UNIÃO,5,
1718109101170000001101000,Convênio COHAB X União,5,
1718109101170000001109000,TOTAL DEDUÇÕES CONVÊNIO COHAB X UNIÃO,5,
1718109101170000001109001,Deduções Convênio COHAB X União,5,
1718109101180000000000000,"FUNDO MUNICIPAL DE ESPORTES, LAZER E RECREAÇÃO",5,
1718109101180000001100000,"FUNDO MUNICIPAL DE ESPORTES, LAZER E RECREAÇÃO",5,
1718109101180000001101000,"Fundo Municipal de Esportes, Lazer e Recreação",5,
1718109101180000001109000,"TOTAL DEDUÇÕES FUNDO MUNICIPAL DE ESPORTES, LAZER E RECREAÇÃO",5,
1718109101180000001109001,"Deduções Fundo Municipal de Esportes, Lazer e Recreação",5,
1718109101190000000000000,Cooperação Técnica - Compensação Financeira pela Exploração de Recursos Minerais,5,
1718109101190000001100000,Cooperação Técnica - Compensação Financeira pela Exploração de Recursos Minerais,5,
1718109101190000001101000,Cooperação Técnica - Compensação Financeira pela Exploração de Recursos Minerais,5,
1718109101190000001109000,Total Deduções Cooperação Técnica - Compensação Financeira pela Exploração de Recursos Minerais,5,
1718109101190000001109001,Deduções Cooperação Técnica - Compensação Financeira pela Exploração de Recursos Minerais,5,
1718109101200000000000000,CAIXA ECONÔMICA FEDERAL X SMC,5,
1718109101200000001100000,CAIXA ECONÔMICA FEDERAL X SMC,5,
1718109101200000001101000,Caixa Econômica Federal X SMC,5,
1718110000000000000000000,OUTRAS TRANSFERÊNCIAS DE RECURSOS FUNDO A FUNDO,5,
1718111000000000000000000,TRANSFERÊNCIAS DE RECURSOS DO FUNDO PENITENCIÁRIO NAVIONAL - FUPEN,5,
1718120000000000000000000,TRANSFERÊNCIAS DE RECURSOS DO FUNDO NACIONAL DE ASSISTÊNCIA SOCIAL - FNAS,5,
1718121000000000000000000,TRANSFERÊNCIAS DE RECURSOS DO FUNDO NACIONAL DE ASSISTÊNCIA SOCIAL - FNAS,5,
1718121100000000000000000,TRANSFERÊNCIAS DE RECURSOS DO FUNDO NACIONAL DE ASSISTÊNCIA SOCIAL - FNAS - PRINCIPAL,5,
1718121101000000000000000,FMAS - PROTEÇÃO SOCIAL BÁSICA/COFINANCIAMENTO DO FNAS,5,
1718121101000000001100000,FMAS - PROTEÇÃO SOCIAL BÁSICA/COFINANCIAMENTO DO FNAS,5,
1718121101000000001101000,FMAS - Proteção Social Básica/Cofinanciamento do FNAS,5,
1718121102000000000000000,FMAS - PROTEÇÃO SOCIAL ESPECIAL/COFINANCIAMENTO DO FNAS,5,
1718121102000000001100000,FMAS - PROTEÇÃO SOCIAL ESPECIAL/COFINANCIAMENTO DO FNAS,5,
1718121102000000001101000,FMAS - Proteção Social Especial/Cofinanciamento do FNAS,5,
1718121103000000000000000,APOIO À GESTÃO DESCENTRALIZADA/FNAS,5,
1718121103000000001100000,APOIO À GESTÃO DESCENTRALIZADA/FNAS,5,
1718121103000000001101000,Apoio à Gestão Descentralizada/FNAS,5,
1718990000000000000000000,OUTRAS TRANSFERÊNCIAS DA UNIÃO,5,
1718991000000000000000000,OUTRAS TRANSFERÊNCIAS DA UNIÃO,5,
1718991100000000000000000,OUTRAS TRANSFERÊNCIAS DA UNIÃO - PRINCIPAL,5,
1718991101000000000000000,OUTRAS TRANSFERÊNCIAS DA UNIÃO,5,
1718991101010000000000000,CADASTRAMENTO ÚNICO PARA PROGRAMAS SOCIAIS,5,
1718991101010000001100000,CADASTRAMENTO ÚNICO PARA PROGRAMAS SOCIAIS,5,
1718991101010000001101000,Cadastramento Único para Programas Sociais,5,
1718991101010000001109000,TOTAL DEDUÇÕES CADASTRAMENTO ÚNICO PARA PROGRAMAS SOCIAIS,5,
1718991101010000001109001,Deduções Cadastramento Único para Programas Sociais,5,
1718991101020000000000000,FEMA - FUNDO ESPECIAL DO MEIO AMBIENTE E DESENVVOLVIMENTO SUSTENTÁVEL,5,
1718991101020000001100000,FEMA - FUNDO ESPECIAL DO MEIO AMBIENTE E DESENVVOLVIMENTO SUSTENTÁVEL,5,
1718991101020000001101000,FEMA - Fundo Especial do Meio Ambiente e Desenvvolvimento Sustentável,5,
1718991101020000001109000,TOTAL DEDUÇÕES FEMA - FUNDO ESPECIAL DO MEIO AMBIENTE E DESENVVOLVIMENTO SUSTENTÁVEL,5,
1718991101020000001109001,Deduções FEMA - Fundo Especial do Meio Ambiente e Desenvvolvimento Sustentável,5,
1718991101030000000000000,PROJETO NÚCLEOS DE INCENTIVO À ECONOMIA SOLIDÁRIA - FMAS,5,
1718991101030000001100000,PROJETO NÚCLEOS DE INCENTIVO À ECONOMIA SOLIDÁRIA - FMAS,5,
1718991101030000001101000,Projeto Núcleos de Incentivo à Economia Solidária - FMAS,5,
1718991101030000001109000,TOTAL DEDUÇÕES PROJETO NÚCLEOS DE INCENTIVO À ECONOMIA SOLIDÁRIA - FMAS,5,
1718991101030000001109001,Deduções Projeto Núcleos de Incentivo à Economia Solidária - FMAS,5,
1718991101040000000000000,"FUNDO MUNICIPAL DE ESPORTES, LAZER E RECREAÇÃO",5,
1718991101040000001100000,"FUNDO MUNICIPAL DE ESPORTES, LAZER E RECREAÇÃO",5,
1718991101040000001101000,"Fundo Municipal de Esportes, Lazer e Recreação",5,
1718991101040000001109000,"TOTAL DEDUÇÕES FUNDO MUNICIPAL DE ESPORTES, LAZER E RECREAÇÃO",5,
1718991101040000001109001,"Deduções Fundo Municipal de Esportes, Lazer e Recreação",5,
1718991101050000000000000,TRANSFERÊNCIA DE VALORES UNIÃO/FMDC,5,
1718991101050000001100000,TRANSFERÊNCIA DE VALORES UNIÃO/FMDC,5,
1718991101050000001101000,Transferência de Valores União/FMDC,5,
1718991101050000001109000,TOTAL DEDUÇÕES TRANSFERÊNCIA DE VALORES UNIÃO/FMDC,5,
1718991101050000001109001,Deduções Transferência de Valores União/FMDC,5,
1718991101060000000000000,TRANSFERÊNCIA DE VALORES - UNIÃO/FMID,5,
1718991101060000001100000,TRANSFERÊNCIA DE VALORES - UNIÃO/FMID,5,
1718991101060000001101000,Transferência de Valores - União/FMID,5,
1718991101060000001109000,TOTAL DEDUÇÕES TRANSFERÊNCIA DE VALORES - UNIÃO/FMID,5,
1718991101060000001109001,Deduções Transferência de Valores - União/FMID,5,
1718991101070000000000000,TRANSFERÊNCIA DE VALORES UNIÃO/SMS,5,
1718991101070000001100000,TRANSFERÊNCIA DE VALORES UNIÃO/SMS,5,
1718991101070000001101000,Transferência de Valores União/SMS,5,
1718991101070000001109000,TOTAL DEDUÇÕES TRANSFERÊNCIA DE VALORES UNIÃO/SMS,5,
1718991101070000001109001,Deduções Transferência de Valores União/SMS,5,
1718991101080000000000000,DEMAIS TRANSFERÊNCIAS DA UNIÃO,5,
1718991101080000001100000,DEMAIS TRANSFERÊNCIAS DA UNIÃO,5,
1718991101080000001101000,Demais Transferências da União,5,
1718991101080000001109000,TOTAL DEDUÇÕES DEMAIS TRANSFERÊNCIAS DA UNIÃO,5,
1718991101080000001109001,Deduções Demais Transferências da União,5,
1718991101090000000000000,"Repasse da Taxa de Ocupação, Foro e Laudêmio e da Receita Patrimonial - Decreto Lei 2.398/87",5,
1718991101090000001100000,"Repasse da Taxa de Ocupação, Foro e Laudêmio e da Receita Patrimonial - Decreto Lei 2.398/87",5,
1718991101090000001101000,"Repasse da Taxa de Ocupação, Foro e Laudêmio e da Receita Patrimonial - Decreto Lei 2.398/87",5,
1718991101090000001109000,"Total Deduções Repasse da Taxa de Ocupação, Foro e Laudêmio e da Receita Patrimonial - Decreto Lei 2",5,
1718991101090000001109001,"Deduções Repasse da Taxa de Ocupação, Foro e Laudêmio e da Receita Patrimonial - Decreto Lei 2.398/8",5,
1718991101100000000000000,RECEITA DA CESSÃO ONEROSA DO BÔNUS DE ASSINATURA DO PRÉ-SAL,5,
1718991101100000001100000,TRANSFERÊNCIA DA RECEITA DA CESSÃO ONEROSA DO BÔNUS DE ASSINATURA DO PRÉ-SAL,5,
1718991101100000001101000,Transferência da Receita da Cessão Onerosa do Bônus de Assinatura do Pré-Sal,5,
1720000000000000000000000,TRANSFERÊNCIAS DOS ESTADOS E DO DISTRITO FEDERAL E DE SUAS ENTIDADES,5,
1720001000000000000000000,TRANSFERÊNCIAS DOS ESTADOS E DO DISTRITO FEDERAL E DE SUAS ENTIDADES,5,
1728000000000000000000000,TRANSFERÊNCIAS DOS ESTADOS - ESPECÍFICA E/M,5,
1728010000000000000000000,PARTICIPAÇÃO NA RECEITA DOS ESTADOS,5,
1728011000000000000000000,COTA-PARTE DO ICMS,5,
1728011100000000000000000,COTA-PARTE DO ICMS - PRINCIPAL,5,
1728011101000000000000000,COTA-PARTE DO ICMS,5,
1728011101000000001100000,COTA-PARTE DO ICMS,5,
1728011101000000001101000,Cota-Parte do ICMS,5,
1728011101000000001109000,TOTAL DEDUÇÕES COTA-PARTE DO ICMS,5,
1728011101000000001109001,Deduções de Receita para a Formação do FUNDEB - ICMS,5,
1728012000000000000000000,COTA-PARTE DO IPVA,5,
1728012100000000000000000,COTA-PARTE DO IPVA - PRINCIPAL,5,
1728012101000000000000000,COTA-PARTE DO IPVA,5,
1728012101000000001100000,COTA-PARTE DO IPVA,5,
1728012101000000001101000,Cota-Parte do IPVA,5,
1728012101000000001109000,TOTAL DEDUÇÕES COTA-PARTE DO IPVA,5,
1728012101000000001109001,Deduções Cota-Parte do IPVA,5,
1728012101000000001109002,Dedução de Receita para a Formação do FUNDEB - IPVA,5,
1728012101000000001109003,Dedução de Rec para Política Mun de Incentivo Veículos Híbridos,5,
1728013000000000000000000,COTA-PARTE DO IPI - MUNICÍPIOS,5,
1728013100000000000000000,COTA-PARTE DO IPI - MUNICÍPIOS - PRINCIPAL,5,
1728013101000000000000000,COTA-PARTE DO IPI SOBRE EXPORTAÇÃO,5,
1728013101000000001100000,COTA-PARTE DO IPI SOBRE EXPORTAÇÃO,5,
1728013101000000001101000,Cota-Parte do IPI sobre Exportação,5,
1728013101000000001109000,TOTAL DEDUÇÕES COTA-PARTE DO IPI SOBRE EXPORTAÇÃO,5,
1728013101000000001109001,Deduções de Receita para a Formação do FUNDEB - IPI sobre Exportação,5,
1728014000000000000000000,COTA-PARTE DA CONTRIBUIÇÃO DE INTERVENÇÃO NO DOMÍNIO ECONÔMICO,5,
1728014100000000000000000,COTA-PARTE DA CONTRIBUIÇÃO DE INTERVENÇÃO NO DOMÍNIO ECONÔMICO,5,
1728014101000000000000000,COTA-PARTE DA CONTRIBUIÇÃO DE INTERVENÇÃO NO DOMÍNIO ECONÔMICO,5,
1728014101000000001100000,COTA-PARTE DA CONTRIBUIÇÃO DE INTERVENÇÃO NO DOMÍNIO ECONÔMICO,5,
1728014101000000001101000,Cota-Parte da Contribuição de Intervenção no Domínio Econômico,5,
1728014101000000001109000,TOTAL DEDUÇÕES COTA-PARTE DA CONTRIBUIÇÃO DE INTERVENÇÃO NO DOMÍNIO ECONÔMICO,5,
1728014101000000001109001,Deduções Cota-Parte da Contribuição de Intervenção no Domínio Econômico,5,
1728015000000000000000000,OUTRAS PARTICIPAÇÕES NA RECEITA DOS ESTADOS,5,
1728019000000000000000000,OUTRAS TRANSFERÊNCIAS DOS ESTADOS,5,
1728020000000000000000000,TRANSFERÊNCIA DA COTA-PARTE DA COMPENSAÇÃO FINANCEIRA (25%),5,
1728021000000000000000000,COTA-PARTE DA COMPENSAÇÃO FINANCEIRA DE RECURSOS HÍDRICOS,5,
1728022000000000000000000,COTA-PARTE DA COMPENSAÇÃO FINANCEIRA DE RECURSOS MINERAIS - CFEM,5,
1728023000000000000000000,"COTA-PARTE ROYALTIES – COMPENSAÇÃO FINANCEIRA PELA PRODUÇÃO DO PETRÓLEO – LEI Nº 7.990/89, ARTIGO 9º",5,
1728023100000000000000000,"COTA-PARTE ROYALTIES - COMPENSAÇÃO FINANCEIRA PELA PRODUÇÃO DO PETRÓLEO - LEI Nº 7.990/89, ARTIGO 9º",5,
1728023101000000000000000,"COTA-PARTE ROYALTIES - COMPENSAÇÃO FINANCEIRA PELA PRODUÇÃO DO PETRÓLEO - LEI Nº 7.990/89, ARTIGO 9º",5,
1728023101000000001100000,"COTA-PARTE ROYALTIES - COMPENSAÇÃO FINANCEIRA PELA PRODUÇÃO DO PETRÓLEO - LEI Nº 7.990/89, ARTIGO 9º",5,
1728023101000000001101000,"Cota-Parte Royalties - Compensação Financeira Pela Produção Do Petróleo - Lei Nº 7.990/89, Artigo 9º",5,
1728029000000000000000000,OUTRAS TRANSFERÊNCIAS DECORRENTES DE COMPENSAÇÕES FINANCEIRAS,5,
1728030000000000000000000,TRANSFERÊNCIA DE RECURSOS DO ESTADO PARA PROGRAMAS DE SAÚDE – REPASSE FUNDO A FUNDO,5,
1728031000000000000000000,TRANSFERÊNCIA DE RECURSOS DO ESTADO PARA PROGRAMAS DE SAÚDE – REPASSE FUNDO A FUNDO,5,
1728040000000000000000000,TRANSFERÊNCIAS DE ESTADOS A CONSÓRCIOS PÚBLICOS,5,
1728041000000000000000000,TRANSFERÊNCIAS DE ESTADOS A CONSÓRCIOS PÚBLICOS,5,
1728070000000000000000000,TRANSFERÊNCIAS DE ESTADOS DESTINADAS À ASSISTÊNCIA SOCIAL,5,
1728071000000000000000000,TRANSFERÊNCIAS DE ESTADOS DESTINADAS À ASSISTÊNCIA SOCIAL,5,
1728071100000000000000000,TRANSFERÊNCIAS DE ESTADOS DESTINADAS À ASSISTÊNCIA SOCIAL,5,
1728071101000000000000000,TRANSFERÊNCIAS DE ESTADOS DESTINADAS À ASSISTÊNCIA SOCIAL,5,
1728071101030000000000000,FMAS,5,
1728071101030000001100000,FMAS,5,
1728071101030000001101000,FMAS,5,
1728071101030000001109000,TOTAL DEDUÇÕES FMAS,5,
1728071101030000001109001,Deduções FMAS,5,
1728071101040000000000000,PROGRAMA RENDA CIDADÃ,5,
1728071101040000001100000,PROGRAMA RENDA CIDADÃ,5,
1728071101040000001101000,Programa Renda Cidadã,5,
1728071101040000001109000,TOTAL DEDUÇÕES PROGRAMA RENDA CIDADÃ,5,
1728071101040000001109001,Deduções Programa Renda Cidadã,5,
1728100000000000000000000,TRANSFERÊNCIA DE CONVÊNIOS DOS ESTADOS E DO DISTRITO FEDERAL E DE SUAS ENTIDADES,5,
1728101000000000000000000,TRANSFERÊNCIAS DE CONVÊNIO DOS ESTADOS PARA O SISTEMA ÚNICO DE SAÚDE – SUS,5,
1728101100000000000000000,TRANSFERÊNCIAS DE CONVÊNIO DOS ESTADOS PARA O SISTEMA ÚNICO DE SAÚDE – SUS - PRINCIPAL,5,
1728101101000000000000000,TRANSFERÊNCIAS DE CONVÊNIO DOS ESTADOS PARA O SISTEMA ÚNICO DE SAÚDE – SUS,5,
1728101101010000000000000,TRANSFERÊNCIAS DE CONVÊNIOS DOS ESTADOS PARA O SISTEMA ÚNICO DE SAÚDE,5,
1728101101010000001100000,TRANSFERÊNCIAS DE CONVÊNIOS DOS ESTADOS PARA O SISTEMA ÚNICO DE SAÚDE,5,
1728101101010000001101000,Transferências de Convênios dos Estados para o Sistema Único de Saúde,5,
1728101101010000001109000,TOTAL DEDUÇÕES TRANSFERÊNCIAS DE CONVÊNIOS DOS ESTADOS PARA O SISTEMA ÚNICO DE SAÚDE,5,
1728101101010000001109001,Deduções Transferências de Convênios dos Estados para o Sistema Único de Saúde,5,
1728101101020000000000000,SECRETARIA DE ESTADO DA SAÚDE - SMS/FMS,5,
1728101101020000001100000,SECRETARIA DE ESTADO DA SAÚDE - SMS/FMS,5,
1728101101020000001101000,Secretaria de Estado da Saúde - SMS/FMS,5,
1728101101020000001109000,TOTAL DEDUÇÕES SECRETARIA DE ESTADO DA SAÚDE - SMS/FMS,5,
1728101101020000001109001,Deduções Secretaria de Estado da Saúde - SMS/FMS,5,
1728101101030000000000000,TRANSFERÊNCIAS ADVINDAS DE EMENDAS PARLAMENTARES - CONVÊNIO FMS X ESTADO,5,
1728101101030000001100000,TRANSFERÊNCIAS ADVINDAS DE EMENDAS PARLAMENTARES - CONVÊNIO FMS X ESTADO,5,
1728101101030000001101000,Transferências Advindas de Emendas Parlamentares - Convênio FMS X ESTADO,5,
1728102000000000000000000,TRANSFERÊNCIAS DE CONVÊNIO DOS ESTADOS DESTINADAS A PROGRAMAS DE EDUCAÇÃO,5,
1728102100000000000000000,TRANSFERÊNCIAS DE CONVÊNIO DOS ESTADOS DESTINADAS A PROGRAMAS DE EDUCAÇÃO - PRINCIPAL,5,
1728102101000000000000000,CONVÊNIO SME - ESTADO,5,
1728102101000000001100000,CONVÊNIO SME - ESTADO,5,
1728102101000000001101000,Convênio SME - Estado,5,
1728102101000000001109000,TOTAL DEDUÇÕES CONVÊNIO SME - ESTADO,5,
1728102101000000001109001,Deduções Convênio SME - Estado,5,
1728109000000000000000000,OUTRAS TRANSFERÊNCIAS DE CONVÊNIO DOS ESTADOS,5,
1728109100000000000000000,OUTRAS TRANSFERÊNCIAS DE CONVÊNIO DOS ESTADOS - PRINCIPAL,5,
1728109101000000000000000,OUTRAS TRANSFERÊNCIAS DE CONVÊNIO DOS ESTADOS,5,
1728109101030000000000000,CONVÊNIO SEME - ESTADO,5,
1728109101030000001100000,CONVÊNIO SEME - ESTADO,5,
1728109101030000001101000,Convênio SEME - Estado,5,
1728109101030000001109000,TOTAL DEDUÇÕES CONVÊNIO SEME - ESTADO,5,
1728109101030000001109001,Deduções Convênio SEME - Estado,5,
1728109101040000000000000,CONVÊNIO SMDET - ESTADO,5,
1728109101040000001100000,CONVÊNIO SMDET - ESTADO,5,
1728109101040000001101000,Convênio SMDET - Estado,5,
1728109101040000001109000,TOTAL DEDUÇÕES CONVÊNIO SMDET - ESTADO,5,
1728109101040000001109001,Deduções Convênio SMDET - Estado,5,
1728109101050000000000000,CONVÊNIO FEHIDRO - SVMA,5,
1728109101050000001100000,CONVÊNIO FEHIDRO - SVMA,5,
1728109101050000001101000,Convênio FEHIDRO - SVMA,5,
1728109101050000001109000,TOTAL DEDUÇÕES CONVÊNIO FEHIDRO - SVMA,5,
1728109101050000001109001,Deduções Convênio FEHIDRO - SVMA,5,
1728109101070000000000000,CONVÊNIO FMDC X ESTADO,5,
1728109101070000001100000,CONVÊNIO FMDC X ESTADO,5,
1728109101070000001101000,Convênio FMDC X Estado,5,
1728109101070000001109000,TOTAL DEDUÇÕES CONVÊNIO FMDC X ESTADO,5,
1728109101070000001109001,Deduções Convênio FMDC X Estado,5,
1728109101080000000000000,CONVÊNIO COHAB X ESTADO,5,
1728109101080000001100000,CONVÊNIO COHAB X ESTADO,5,
1728109101080000001101000,Convênio Cohab x Estado,5,
1728109101080000001109000,TOTAL DEDUÇÕES CONVÊNIO COHAB X ESTADO,5,
1728109101080000001109001,Deduções Convênio Cohab x Estado,5,
1728109101090000000000000,Convênio SUB-PI X Estado,5,
1728109101090000001100000,Convênio SUB-PI X Estado,5,
1728109101090000001101000,Convênio SUB-PI X Estado,5,
1728109101090000001109000,Total Deduções Convênio SUB-PI X Estado,5,
1728109101090000001109001,Deduções Convênio SUB-PI X Estado,5,
1728109101100000000000000,CAIXA ECONÔMICA FEDERAL X SMC,5,
1728109101100000001100000,CAIXA ECONÔMICA FEDERAL X SMC,5,
1728109101100000001101000,Caixa Econômica Federal X SMC,5,
1728109101100000001109000,TOTAL DEDUÇÕES CAIXA ECONÔMICA FEDERAL X SMC,5,
1728109101100000001109001,Deduções Caixa Econômica Federal X SMC,5,
1728109101110000000000000,PROTEÇÃO SOCIAL BÁSICA/FMAS,5,
1728109101110000001100000,PROTEÇÃO SOCIAL BÁSICA/FMAS,5,
1728109101110000001101000,Proteção Social Básica/FMAS,5,
1728109101110000001109000,TOTAL DEDUÇÕES PROTEÇÃO SOCIAL BÁSICA/FMAS,5,
1728109101110000001109001,Deduções Proteção Social Básica/FMAS,5,
1728109101120000000000000,PROTEÇÃO SOCIAL ESPECIAL/FMAS,5,
1728109101120000001100000,PROTEÇÃO SOCIAL ESPECIAL/FMAS,5,
1728109101120000001101000,Proteção Social Especial/FMAS,5,
1728109101120000001109000,TOTAL DEDUÇÕES PROTEÇÃO SOCIAL ESPECIAL/FMAS,5,
1728109101120000001109001,Deduções Proteção Social Especial/FMAS,5,
1728109101130000000000000,TRANSFERÊNCIAS ADVINDAS DE EMENDAS PARLAMENTARES - CONVÊNIO SUB-G X ESTADO,5,
1728109101130000001100000,TRANSFERÊNCIAS ADVINDAS DE EMENDAS PARLAMENTARES - CONVÊNIO SUB-G X ESTADO,5,
1728109101130000001101000,Transferências Advindas de Emendas Parlamentares - Convênio SUB-G X ESTADO,5,
1728109101140000000000000,TRANSFERÊNCIAS ADVINDAS DE EMENDAS PARLAMENTARES - AHM X ESTADO,5,
1728109101140000001100000,TRANSFERÊNCIAS ADVINDAS DE EMENDAS PARLAMENTARES - AHM X ESTADO,5,
1728109101140000001101000,Transferências Advindas de Emendas Parlamentares - AHM X ESTADO,5,
1728990000000000000000000,OUTRAS TRANSFERÊNCIAS DOS ESTADOS,5,
1728991000000000000000000,OUTRAS TRANSFERÊNCIAS DOS ESTADOS,5,
1728991100000000000000000,OUTRAS TRANSFERÊNCIAS DOS ESTADOS - PRINCIPAL,5,
1728991101000000000000000,OUTRAS TRANSFERÊNCIAS DOS ESTADOS,5,
1728991101010000000000000,FUMDES,5,
1728991101010000001100000,FUMDES,5,
1728991101010000001101000,FUMDES,5,
1728991101010000001109000,TOTAL DEDUÇÕES FUMDES,5,
1728991101010000001109001,Deduções FUMDES,5,
1728991101020000000000000,FUMCAD,5,
1728991101020000001100000,FUMCAD,5,
1728991101020000001101000,FUMCAD,5,
1728991101020000001109000,TOTAL DEDUÇÕES FUMCAD,5,
1728991101020000001109001,Deduções FUMCAD,5,
1728991101030000000000000,FUTUR,5,
1728991101030000001100000,FUTUR,5,
1728991101030000001101000,FUTUR,5,
1728991101030000001109000,TOTAL DEDUÇÕES FUTUR,5,
1728991101030000001109001,Deduções FUTUR,5,
1728991101050000000000000,FEMA,5,
1728991101050000001100000,FEMA,5,
1728991101050000001101000,FEMA,5,
1728991101050000001109000,TOTAL DEDUÇÕES FEMA,5,
1728991101050000001109001,Deduções FEMA,5,
1728991101070000000000000,PROJETO PARQUE TECNOLÓGICO DE SÃO PAULO - ZONA LESTE,5,
1728991101070000001100000,PROJETO PARQUE TECNOLÓGICO DE SÃO PAULO - ZONA LESTE,5,
1728991101070000001101000,Projeto Parque Tecnológico de São Paulo - Zona Leste,5,
1728991101070000001109000,TOTAL DEDUÇÕES PROJETO PARQUE TECNOLÓGICO DE SÃO PAULO - ZONA LESTE,5,
1728991101070000001109001,Deduções Projeto Parque Tecnológico de São Paulo - Zona Leste,5,
1728991101080000000000000,"FUNDO MUNICIPAL DE ESPORTES, LAZER E RECREAÇÃO",5,
1728991101080000001100000,"FUNDO MUNICIPAL DE ESPORTES, LAZER E RECREAÇÃO",5,
1728991101080000001101000,"Fundo Municipal de Esportes, Lazer e Recreação",5,
1728991101080000001109000,"TOTAL DEDUÇÕES FUNDO MUNICIPAL DE ESPORTES, LAZER E RECREAÇÃO",5,
1728991101080000001109001,"Deduções Fundo Municipal de Esportes, Lazer e Recreação",5,
1728991101090000000000000,TRANSFERÊNCIA DO FUNDO ESTADUAL DE SAÚDE - FMS,5,
1728991101090000001100000,TRANSFERÊNCIA DO FUNDO ESTADUAL DE SAÚDE - FMS,5,
1728991101090000001101000,Transferência do Fundo Estadual de Saúde - FMS,5,
1728991101090000001109000,TOTAL DEDUÇÕES TRANSFERÊNCIA DO FUNDO ESTADUAL DE SAÚDE - FMS,5,
1728991101090000001109001,Deduções Transferência do Fundo Estadual de Saúde - FMS,5,
1728991101100000000000000,TRANSFERÊNCIA DE VALORES ESTADO-SP/FMDC,5,
1728991101100000001100000,TRANSFERÊNCIA DE VALORES ESTADO-SP/FMDC,5,
1728991101100000001101000,Transferência de Valores Estado-SP/FMDC,5,
1728991101100000001109000,TOTAL DEDUÇÕES TRANSFERÊNCIA DE VALORES ESTADO-SP/FMDC,5,
1728991101100000001109001,Deduções Transferência de Valores Estado-SP/FMDC,5,
1728991101110000000000000,TRANSFERÊNCIA DE VALORES - ESTADO/FMID,5,
1728991101110000001100000,TRANSFERÊNCIA DE VALORES - ESTADO/FMID,5,
1728991101110000001101000,Transferência de Valores - Estado/FMID,5,
1728991101110000001109000,TOTAL DEDUÇÕES TRANSFERÊNCIA DE VALORES - ESTADO/FMID,5,
1728991101110000001109001,Deduções Transferência de Valores - Estado/FMID,5,
1728991101120000000000000,OUTRAS TRANSFERÊNCIAS - PMSP,5,
1728991101120000001100000,OUTRAS TRANSFERÊNCIAS - PMSP,5,
1728991101120000001101000,Outras Transferências - PMSP,5,
1728991101120000001109000,TOTAL DEDUÇÕES OUTRAS TRANSFERÊNCIAS - PMSP,5,
1728991101120000001109001,Deduções Outras Transferências - PMSP,5,
1730000000000000000000000,TRANSFERÊNCIAS DOS MUNICÍPIOS E DE SUAS ENTIDADES,5,
1730001000000000000000000,TRANSFERÊNCIAS DOS MUNICÍPIOS E DE SUAS ENTIDADES,5,
1738000000000000000000000,TRANSFERÊNCIAS DOS MUNICÍPIOS - ESPECÍFICA E/M,5,
1738010000000000000000000,TRANSFERÊNCIAS DE RECURSOS DO SISTEMA ÚNICO DE SAÚDE – SUS,5,
1738011000000000000000000,TRANSFERÊNCIAS DE RECURSOS DO SISTEMA ÚNICO DE SAÚDE – SUS,5,
1738020000000000000000000,TRANSFERÊNCIAS DE MUNICÍPIOS A CONSÓRCIOS PÚBLICOS,5,
1738021000000000000000000,TRANSFERÊNCIAS DE MUNICÍPIOS A CONSÓRCIOS PÚBLICOS,5,
1738100000000000000000000,TRANSFERÊNCIA DE CONVÊNIOS DOS MUNICÍPIOS E DE SUAS ENTIDADES,5,
1738101000000000000000000,TRANSFERÊNCIAS DE CONVÊNIO DOS MUNICÍPIOS PARA O SISTEMA ÚNICO DE SAÚDE – SUS,5,
1738102000000000000000000,TRANSFERÊNCIAS DE CONVÊNIO DOS MUNICÍPIOS DESTINADAS A PROGRAMAS DE EDUCAÇÃO,5,
1738109000000000000000000,OUTRAS TRANSFERÊNCIAS DE CONVÊNIOS DOS MUNICÍPIOS,5,
1738990000000000000000000,OUTRAS TRANSFERÊNCIAS DOS MUNICÍPIOS,5,
1738991000000000000000000,OUTRAS TRANSFERÊNCIAS DOS MUNICÍPIOS,5,
1738991100000000000000000,OUTRAS TRANSFERÊNCIAS DOS MUNICÍPIOS - PRINCIPAL,5,
1738991101000000000000000,CONTRIBUIÇÕES DA PMSP,5,
1738991101000000001100000,CONTRIBUIÇÕES DA PMSP,5,
1738991101000000001101000,Contribuições da PMSP,5,
1738991101000000001109000,TOTAL DEDUÇÕES CONTRIBUIÇÕES DA PMSP,5,
1738991101000000001109001,Deduções Contribuições da PMSP,5,
1740000000000000000000000,TRANSFERÊNCIAS DE INSTITUIÇÕES PRIVADAS,5,
1740001000000000000000000,TRANSFERÊNCIAS DE INSTITUIÇÕES PRIVADAS,5,
1740001100000000000000000,TRANSFERÊNCIAS DE INSTITUIÇÕES PRIVADAS - PRINCIPAL,5,
1740001101000000000000000,TRANSFERÊNCIAS DE INSTITUIÇÕES PRIVADAS,5,
1740001101010000000000000,DOAÇÕES E LEGADOS PJ - FUNCAP,5,
1740001101010000001100000,DOAÇÕES E LEGADOS PJ - FUNCAP,5,
1740001101010000001101000,Doações e Legados PJ - FUNCAP,5,
1740001101010000001109000,TOTAL DEDUÇÕES DOAÇÕES E LEGADOS PJ - FUNCAP,5,
1740001101010000001109001,Deduções Doações e Legados PJ - FUNCAP,5,
1740001101020000000000000,INSTITUIÇÕES PRIVADAS X SMS,5,
1740001101020000001100000,INSTITUIÇÕES PRIVADAS X SMS,5,
1740001101020000001101000,Instituições Privadas x SMS,5,
1740001101020000001109000,TOTAL DEDUÇÕES INSTITUIÇÕES PRIVADAS X SMS,5,
1740001101020000001109001,Deduções Instituições Privadas x SMS,5,
1740001101030000000000000,INSTITUIÇÕES PRIVADAS X SMDHC,5,
1740001101030000001100000,INSTITUIÇÕES PRIVADAS X SMDHC,5,
1740001101030000001101000,Instituições Privadas x SMDHC,5,
1740001101030000001109000,TOTAL DEDUÇÕES INSTITUIÇÕES PRIVADAS X SMDHC,5,
1740001101030000001109001,Deduções Instituições Privadas x SMDHC,5,
1740001101040000000000000,"FUNDO MUNICIPAL DE ESPORTES, LAZER E RECREAÇÃO",5,
1740001101040000001100000,"FUNDO MUNICIPAL DE ESPORTES, LAZER E RECREAÇÃO",5,
1740001101040000001101000,"Fundo Municipal de Esportes, Lazer e Recreação",5,
1740001101040000001109000,"TOTAL DEDUÇÕES FUNDO MUNICIPAL DE ESPORTES, LAZER E RECREAÇÃO",5,
1740001101040000001109001,"Deduções Fundo Municipal de Esportes, Lazer e Recreação",5,
1740001101050000000000000,SEHAB X INSTITUIÇÕES PRIVADAS,5,
1740001101050000001100000,SEHAB X INSTITUIÇÕES PRIVADAS,5,
1740001101050000001101000,SEHAB X Instituições Privadas,5,
1740001101050000001109000,TOTAL DEDUÇÕES SEHAB X INSTITUIÇÕES PRIVADAS,5,
1740001101050000001109001,Deduções SEHAB X Instituições Privadas,5,
1740001101060000000000000,TRANSFERÊNCIAS DE INSTITUIÇÕES PRIVADAS COM FINS LUCRATIVOS - FMID,5,
1740001101060000001100000,TRANSFERÊNCIAS DE INSTITUIÇÕES PRIVADAS COM FINS LUCRATIVOS - FMID,5,
1740001101060000001101000,Transferências de Instituições Privadas com Fins Lucrativos - FMID,5,
1740001101060000001109000,TOTAL DEDUÇÕES TRANSFERÊNCIAS DE INSTITUIÇÕES PRIVADAS COM FINS LUCRATIVOS - FMID,5,
1740001101060000001109001,Deduções Transferências de Instituições Privadas com Fins Lucrativos - FMID,5,
1740001101070000000000000,TRANSFERÊNCIAS DE INSTITUIÇÕES PRIVADAS COM FINS LUCRATIVOS - IR REVERTIDO - FMID,5,
1740001101070000001100000,TRANSFERÊNCIAS DE INSTITUIÇÕES PRIVADAS COM FISN LUCRATIVOS - IR REVERTIDO - FMID,5,
1740001101070000001101000,Transferências de Instituições Privadas com Fins Lucrativos - IR Revertido - FMID,5,
1740001101070000001109000,TOTAL DEDUÇÕES TRANSFERÊNCIAS DE INSTITUIÇÕES PRIVADAS COM FINS LUCRATIVOS - IR REVERTIDO - FMID,5,
1740001101070000001109001,Deduções Transferências de Instituições Privadas com Fins Lucrativos - IR Revertido - FMID,5,
1740001101080000000000000,TRANSFERÊNCIAS DE INSTITUIÇÕES PRIVADAS PARA PROGRAMAS DE SAÚDE,5,
1740001101080000001100000,TRANSFERÊNCIAS DE INSTITUIÇÕES PRIVADAS PARA PROGRAMAS DE SAÚDE,5,
1740001101080000001101000,Transferências de Instituições Privadas para Programas de Saúde,5,
1740001101080000001109000,TOTAL DEDUÇÕES TRANSFERÊNCIAS DE INSTITUIÇÕES PRIVADAS PARA PROGRAMAS DE SAÚDE,5,
1740001101080000001109001,Deduções Transferências de Instituições Privadas para Programas de Saúde,5,
1740001101090000000000000,TRANSFERÊNCIAS DE INSTITUIÇÕES PRIVADAS - FMDS,5,
1740001101090000001100000,TRANSFERÊNCIAS DE INSTITUIÇÕES PRIVADAS - FMDS,5,
1740001101090000001101000,Transferências de Instituições Privadas - FMDS,5,
1740001101100000000000000,TRANSFERÊNCIAS DE INSTITUIÇÕES PRIVADAS - FUNDATEC,5,
1740001101100000001100000,TRANSFERÊNCIAS DE INSTITUIÇÕES PRIVADAS - FUNDATEC,5,
1740001101100000001101000,Transferências de Instituições Privadas - Fundatec,5,
1740001101110000000000000,TRANSFERÊNCIAS INSTITUIÇÕES PRIVADAS x FED/TCM,5,
1740001101110000001100000,TRANSFERÊNCIAS INSTITUIÇÕES PRIVADAS x FED/ TCM,5,
1740001101110000001101000,Transferências Instituições Privadas com fins lucrativos x FED/ TCM,5,
1740001101120000000000000,TRANSFERÊNCIAS DE INSTITUIÇÕES PRIVADAS PJ COM FINS LUCRATIVOS- FTM,5,
1740001101120000001100000,"TRANSFERÊNCIAS DE INSTITUIÇÕES PRIVADAS PJ COM FINS LUCRATIVOS- FTM
",5,
1740001101120000001101000,"Transferências Instituições Privadas PJ com fins lucrativos-PRONAC-FTM

",5,
1740001101130000000000000,TRANSFERÊNCIAS INSTITUIÇÕES PRIVADAS - FUMCAD - DOAÇÕES DIRECIONADAS,5,
1740001101130000001100000,TRANSFERÊNCIAS INSTITUIÇÕES PRIVADAS - FUMCAD - DOAÇÕES DIRECIONADAS,5,
1740001101130000001101000,Transferências Instituições Privadas - FUMCAD - Doações Direcionadas,5,
1748000000000000000000000,"Transferências de Instituições Privadas - Específicas de Estados, DF e Municípios",5,
1748010000000000000000000,TRANSFERÊNCIA DE CONVÊNIOS DE INSTITUIÇÕES PRIVADAS PARA EST/DF/MUN,5,
1748011000000000000000000,TRANSFERÊNCIA DE CONVÊNIOS DE INSTITUIÇÕES PRIVADAS PARA PROGRAMAS DE SAÚDE,5,
1748100000000000000000000,TRANSFERÊNCIA DE CONVÊNIOS DE INSTITUIÇÕES PRIVADAS NÃO ESPECIFICADAS ANTERIORMENTE,5,
1748101000000000000000000,TRANSFERÊNCIA DE CONVÊNIOS DE INSTITUIÇÕES PRIVADAS NÃO ESPECIFICADAS ANTERIORMENTE,5,
1748101100000000000000000,TRANSFERÊNCIA DE CONVÊNIOS DE INSTITUIÇÕES PRIVADAS NÃO ESPECIFICADAS ANTERIORMENTE - PRINCIPAL,5,
1748101101000000000000000,Transferência de Convênios de Instituições Privadas,5,
1748101101010000000000000,PMSP - PROGRAMA GESTÃO PÚBLICA E CIDADANIA - SMCIS,5,
1748101101010000001100000,PMSP - PROGRAMA GESTÃO PÚBLICA E CIDADANIA - SMCIS,5,
1748101101010000001101000,PMSP - Programa Gestão Pública e Cidadania - SMCIS,5,
1748101101010000001109000,TOTAL DEDUÇÕES PMSP - PROGRAMA GESTÃO PÚBLICA E CIDADANIA - SMCIS,5,
1748101101010000001109001,Deduções PMSP - Programa Gestão Pública e Cidadania - SMCIS,5,
1748101101020000000000000,CONVÊNIO SEME - INSTITUIÇÕES PRIVADAS,5,
1748101101020000001100000,CONVÊNIO SEME - INSTITUIÇÕES PRIVADAS,5,
1748101101020000001101000,Convênio SEME - Instituições Privadas,5,
1748101101020000001109000,TOTAL DEDUÇÕES CONVÊNIO SEME - INSTITUIÇÕES PRIVADAS,5,
1748101101020000001109001,Deduções Convênio SEME - Instituições Privadas,5,
1748101101030000000000000,CONVÊNIO SME - INSTITUIÇÕES PRIVADAS,5,
1748101101030000001100000,CONVÊNIO SME - INSTITUIÇÕES PRIVADAS,5,
1748101101030000001101000,Convênio SME - Instituições Privadas,5,
1748101101030000001109000,TOTAL DEDUÇÕES CONVÊNIO SME - INSTITUIÇÕES PRIVADAS,5,
1748101101030000001109001,Deduções Convênio SME - Instituições Privadas,5,
1748101101040000000000000,CONVÊNIO SGM - INSTITUIÇÕES PRIVADAS,5,
1748101101040000001100000,CONVÊNIO SGM - INSTITUIÇÕES PRIVADAS,5,
1748101101040000001101000,Convênio SGM - Instituições Privadas,5,
1748101101040000001109000,TOTAL DEDUÇÕES CONVÊNIO SGM - INSTITUIÇÕES PRIVADAS,5,
1748101101040000001109001,Deduções Convênio SGM - Instituições Privadas,5,
1748101101050000000000000,CONVÊNIO SEME/FUNDO MUNICIPAL DE ESPORTES X INSTITUIÇÕES PRIVADAS,5,
1748101101050000001100000,CONVÊNIO SEME/FUNDO MUNICIPAL DE ESPORTES X INSTITUIÇÕES PRIVADAS,5,
1748101101050000001101000,Convênio SEME/Fundo Municipal de Esportes X Instituições Privadas,5,
1748101101050000001109000,TOTAL DEDUÇÕES CONVÊNIO SEME/FUNDO MUNICIPAL DE ESPORTES X INSTITUIÇÕES PRIVADAS,5,
1748101101050000001109001,Deduções Convênio SEME/Fundo Municipal de Esportes X Instituições Privadas,5,
1748101101080000000000000,CONVÊNIO FMDC X INSTITUIÇÕES PRIVADAS,5,
1748101101080000001100000,CONVÊNIO FMDC X INSTITUIÇÕES PRIVADAS,5,
1748101101080000001101000,Convênio FMDC x Instituições Privadas,5,
1748101101080000001109000,TOTAL DEDUÇÕES CONVÊNIO FMDC X INSTITUIÇÕES PRIVADAS,5,
1748101101080000001109001,Deduções Convênio FMDC x Instituições Privadas,5,
1748101101170000000000000,TRANSFERÊNCIAS DE INSTITUIÇÕES PRIVADAS COM FINS LUCRATIVOS - CARNAVAL,5,
1748101101170000001100000,TRANSFERÊNCIAS DE INSTITUIÇÕES PRIVADAS COM FINS LUCRATIVOS - CARNAVAL,5,
1748101101170000001101000,Transferências de Instituições Privadas Com Fins Lucrativos - Carnaval,5,
1750000000000000000000000,TRANSFERÊNCIAS DE OUTRAS INSTITUIÇÕES PÚBLICAS,5,
1750001000000000000000000,TRANSFERÊNCIAS DE OUTRAS INSTITUIÇÕES PÚBLICAS,5,
1758000000000000000000000,TRANSFERÊNCIAS DE OUTRAS INSTITUIÇÕES PÚBLICAS - ESPECÍFICA E/M,5,
1758010000000000000000000,TRANSFERÊNCIAS DE RECURSOS DO FUNDO DE MANUTENÇÃO E DESENVOLVIMENTO DA EDUCAÇÃO BÁSICA E DE VALORIZA,5,
1758011000000000000000000,TRANSFERÊNCIAS DE RECURSOS DO FUNDO DE MANUTENÇÃO E DESENVOLVIMENTO DA EDUCAÇÃO BÁSICA E DE VALORIZA,5,
1758011100000000000000000,TRANSFERÊNCIAS DE RECURSOS DO FUNDO DE MANUTENÇÃO E DESENVOLVIMENTO DA EDUCAÇÃO BÁSICA E DE VALORIZA,5,
1758011101000000000000000,TRANSFERÊNCIAS DE RECURSOS DO FUNDO DE MANUTENÇÃO E DESENVOLVIMENTO DA EDUCAÇÃO BÁSICA E DE VALORIZA,5,
1758011101010000000000000,TRANSFERÊNCIAS DO FUNDEB - UNIÃO,5,
1758011101010000001100000,TRANSFERÊNCIAS DO FUNDEB - UNIÃO,5,
1758011101010000001101000,Transferências do FUNDEB - União,5,
1758011101010000001109000,TOTAL DEDUÇÕES TRANSFERÊNCIAS DO FUNDEB - UNIÃO,5,
1758011101010000001109001,Deduções Transferências do FUNDEB - União,5,
1758011101020000000000000,TRANSFERÊNCIAS DO FUNDEB - ESTADO,5,
1758011101020000001100000,TRANSFERÊNCIAS DO FUNDEB - ESTADO,5,
1758011101020000001101000,Transferências do FUNDEB - Estado,5,
1758011101020000001109000,TOTAL DEDUÇÕES TRANSFERÊNCIAS DO FUNDEB - ESTADO,5,
1758011101020000001109001,Deduções Transferências do FUNDEB - Estado,5,
1758012000000000000000000,TRANSFERÊNCIAS DE RECURSOS DA COMPLEMENTAÇÃO DA UNIÃO AO FUNDO DE MANUTENÇÃO E DESENVOLVIMENTO DA ED,5,
1758012100000000000000000,TRANSFERÊNCIAS DE RECURSOS DA COMPLEMENTAÇÃO DA UNIÃO AO FUNDO DE MANUTENÇÃO E DESENVOLVIMENTO DA ED,5,
1758012101000000000000000,TRANSFERÊNCIA DE RECURSOS DA COMPLEMENTAÇÃO DA UNIÃO AO FUNDEB,5,
1758012101000000001100000,TRANSFERÊNCIA DE RECURSOS DA COMPLEMENTAÇÃO DA UNIÃO AO FUNDEB,5,
1758012101000000001101000,Transferência de Recursos da Complementação da União ao FUNDEB,5,
1758012101000000001109000,TOTAL DEDUÇÕES TRANSFERÊNCIA DE RECURSOS DA COMPLEMENTAÇÃO DA UNIÃO AO FUNDEB,5,
1758012101000000001109001,Deduções Transferência de Recursos da Complementação da União ao FUNDEB,5,
1758990000000000000000000,OUTRAS TRANSFERÊNCIAS MULTIGOVERNAMENTAIS,5,
1758991000000000000000000,OUTRAS TRANSFERÊNCIAS MULTIGOVERNAMENTAIS,5,
1758991100000000000000000,OUTRAS TRANSFERÊNCIAS MULTIGOVERNAMENTAIS - PRINCIPAL,5,
1758991101000000000000000,OUTRAS TRANSFERÊNCIAS MULTIGOVERNAMENTAIS,5,
1758991101010000000000000,FUNDO CONSTITUCIONAL DA EDUCAÇÃO - UNIÃO,5,
1758991101010000001100000,FUNDO CONSTITUCIONAL DA EDUCAÇÃO - UNIÃO,5,
1758991101010000001101000,Fundo Constitucional da Educação - União,5,
1758991101010000001109000,TOTAL DEDUÇÕES FUNDO CONSTITUCIONAL DA EDUCAÇÃO - UNIÃO,5,
1758991101010000001109001,Deduções Fundo Constitucional da Educação - União,5,
1758991101020000000000000,FUNDO CONSTITUCIONAL DA EDUCAÇÃO - ESTADO,5,
1758991101020000001100000,FUNDO CONSTITUCIONAL DA EDUCAÇÃO - ESTADO,5,
1758991101020000001101000,Fundo Constitucional da Educação - Estado,5,
1758991101020000001109000,TOTAL DEDUÇÕES FUNDO CONSTITUCIONAL DA EDUCAÇÃO - ESTADO,5,
1758991101020000001109001,Deduções Fundo Constitucional da Educação - Estado,5,
1758991101030000000000000,EMPRESAS MUNICIPAIS X PMSP,5,
1758991101030000001100000,EMPRESAS MUNICIPAIS X PMSP,5,
1758991101030000001101000,Empresas Municipais x PMSP,5,
1758991101030000001109000,TOTAL DEDUÇÕES EMPRESAS MUNICIPAIS X PMSP,5,
1758991101030000001109001,Deduções Empresas Municipais x PMSP,5,
1760000000000000000000000,TRANSFERÊNCIAS DO EXTERIOR,5,
1760001000000000000000000,TRANSFERÊNCIAS DO EXTERIOR,5,
1760001100000000000000000,TRANSFERÊNCIAS DO EXTERIOR - PRINCIPAL,5,
1760001101000000000000000,TRANSFERÊNCIAS DE PESSOAS FÍSICAS E JURÍDICAS DO EXTERIOR,5,
1760001101010000000000000,FMAS,5,
1760001101010000001100000,FMAS,5,
1760001101010000001101000,FMAS,5,
1760001101010000001109000,TOTAL DEDUÇÕES FMAS,5,
1760001101010000001109001,Deduções FMAS,5,
1760001101020000000000000,PROGRAMA URB-AL REDE Nº 10,5,
1760001101020000001100000,PROGRAMA URB-AL REDE Nº 10,5,
1760001101020000001101000,Programa URB-AL rede nº 10,5,
1760001101020000001109000,TOTAL DEDUÇÕES PROGRAMA URB-AL REDE Nº 10,5,
1760001101020000001109001,Deduções Programa URB-AL rede nº 10,5,
1760001101030000000000000,FMAS-PROJETO RESTAURANTE ESCOLA,5,
1760001101030000001100000,FMAS-PROJETO RESTAURANTE ESCOLA,5,
1760001101030000001101000,FMAS-Projeto Restaurante Escola,5,
1760001101030000001109000,TOTAL DEDUÇÕES FMAS-PROJETO RESTAURANTE ESCOLA,5,
1760001101030000001109001,Deduções FMAS-Projeto Restaurante Escola,5,
1760001101040000000000000,PROGRAMA @ LIS/ALIANÇA P/ A SOCIEDADE DA INFORMAÇÃO - SMCIS,5,
1760001101040000001100000,PROGRAMA @ LIS/ALIANÇA P/ A SOCIEDADE DA INFORMAÇÃO - SMCIS,5,
1760001101040000001101000,Programa URB-AL - Projeto Comum R3-B1-04 - Observatórios Locais da Democracia,5,
1760001101040000001109000,TOTAL DEDUÇÕES PROGRAMA @ LIS/ALIANÇA P/ A SOCIEDADE DA INFORMAÇÃO - SMCIS,5,
1760001101040000001109001,Deduções Programa URB-AL - Projeto Comum R3-B1-04 - Observatórios Locais da Democracia,5,
1760001101050000000000000,PROGRAMA URB-AL - PROJETO COMUM R3-B1-04 - OBSERVATÓRIOS LOCAIS DA DEMOCRACIA,5,
1760001101050000001100000,PROGRAMA URB-AL - PROJETO COMUM R3-B1-04 - OBSERVATÓRIOS LOCAIS DA DEMOCRACIA,5,
1760001101050000001101000,Intecâmbio Citties Alliance,5,
1760001101050000001109000,TOTAL DEDUÇÕES PROGRAMA URB-AL - PROJETO COMUM R3-B1-04 - OBSERVATÓRIOS LOCAIS DA DEMOCRACIA,5,
1760001101050000001109001,Deduções Intecâmbio Citties Alliance,5,
1760001101060000000000000,INTECÂMBIO CITTIES ALLIANCE,5,
1760001101060000001100000,INTECÂMBIO CITTIES ALLIANCE,5,
1760001101060000001101000,"Fundo Municipal de Esportes, Lazer e Recreação",5,
1760001101060000001109000,TOTAL DEDUÇÕES INTECÂMBIO CITTIES ALLIANCE,5,
1760001101060000001109001,"Deduções Fundo Municipal de Esportes, Lazer e Recreação",5,
1760001101070000000000000,"FUNDO MUNICIPAL DE ESPORTES, LAZER E RECREAÇÃO",5,
1760001101070000001100000,"FUNDO MUNICIPAL DE ESPORTES, LAZER E RECREAÇÃO",5,
1760001101070000001101000,Transferências do Exterior - FMID,5,
1760001101070000001109000,"TOTAL DEDUÇÕES FUNDO MUNICIPAL DE ESPORTES, LAZER E RECREAÇÃO",5,
1760001101070000001109001,Deduções Transferências do Exterior - FMID,5,
1760001101080000000000000,TRANSFERÊNCIAS DO EXTERIOR - FMID,5,
1760001101080000001100000,TRANSFERÊNCIAS DO EXTERIOR - FMID,5,
1760001101080000001101000,Transferências do Exterior - SMC,5,
1760001101080000001109000,TOTAL DEDUÇÕES TRANSFERÊNCIAS DO EXTERIOR - FMID,5,
1760001101080000001109001,Deduções Transferências do Exterior - SMC,5,
1760001101090000000000000,TRANSFERÊNCIAS DO EXTERIOR - SMC,5,
1760001101090000001100000,TRANSFERÊNCIAS DO EXTERIOR - SMC,5,
1760001101090000001109000,TOTAL DEDUÇÕES TRANSFERÊNCIAS DO EXTERIOR - SMC,5,
1768000000000000000000000,TRANSFERÊNCIAS DO EXTERIOR - ESPECÍFICA E/M,5,
1768100000000000000000000,TRANSFERÊNCIA DE CONVÊNIOS DO EXTERIOR,5,
1768101000000000000000000,TRANSFERÊNCIA DE CONVÊNIOS DO EXTERIOR,5,
1768101100000000000000000,TRANSFERÊNCIA DE CONVÊNIOS DO EXTERIOR - PRINCIPAL,5,
1768101101000000000000000,CONVÊNIO SEME - EXTERIOR,5,
1768101101000000001100000,CONVÊNIO SEME - EXTERIOR,5,
1768101101000000001101000,Convênio SEME - Exterior,5,
1768101101000000001109000,TOTAL DEDUÇÕES CONVÊNIO SEME - EXTERIOR,5,
1768101101000000001109001,Deduções Convênio SEME - Exterior,5,
1768101102000000000000000,FMS X OPAS/OMS,5,
1768101102000000001100000,FMS X OPAS/OMS,5,
1768101102000000001101000,FMS X OPAS/OMS,5,
1770000000000000000000000,TRANSFERÊNCIAS DE PESSOAS FÍSICAS,5,
1770001000000000000000000,TRANSFERÊNCIAS DE PESSOAS FÍSICAS,5,
1770001100000000000000000,TRANSFERÊNCIAS DE PESSOAS FÍSICAS - PRINCIPAL,5,
1770001101000000000000000,FUMCAD - IMPOSTO DE RENDA,5,
1770001101000000001100000,FUMCAD - IMPOSTO DE RENDA,5,
1770001101000000001101000,FUMCAD - Imposto de Renda,5,
1770001101000000001109000,TOTAL DEDUÇÕES FUMCAD - IMPOSTO DE RENDA,5,
1770001101000000001109001,Deduções FUMCAD - Imposto de Renda,5,
1770001102000000000000000,FMAS,5,
1770001102000000001100000,FMAS,5,
1770001102000000001101000,FMAS,5,
1770001102000000001109000,TOTAL DEDUÇÕES FMAS,5,
1770001102000000001109001,Deduções FMAS,5,
1770001103000000000000000,DOAÇÕES E LEGADOS PF - FUNCAP,5,
1770001103000000001100000,DOAÇÕES E LEGADOS PF - FUNCAP,5,
1770001103000000001101000,Doações e Legados PF - FUNCAP,5,
1770001103000000001109000,TOTAL DEDUÇÕES DOAÇÕES E LEGADOS PF - FUNCAP,5,
1770001103000000001109001,Deduções Doações e Legados PF - FUNCAP,5,
1770001104000000000000000,PMSP/SF - DOAÇÕES PARA FORMAÇÃO DE FUNDO DE CIDADANIA,5,
1770001104000000001100000,PMSP/SF - DOAÇÕES PARA FORMAÇÃO DE FUNDO DE CIDADANIA,5,
1770001104000000001101000,PMSP/SF - Doações para Formação de Fundo de Cidadania,5,
1770001104000000001109000,TOTAL DEDUÇÕES PMSP/SF - DOAÇÕES PARA FORMAÇÃO DE FUNDO DE CIDADANIA,5,
1770001104000000001109001,Deduções PMSP/SF - Doações para Formação de Fundo de Cidadania,5,
1770001105000000000000000,TRANSFERÊNCIA DE PESSOAS DOAÇÕES E CONTRIBUIÇÕES - FMDC,5,
1770001105000000001100000,TRANSFERÊNCIA DE PESSOAS DOAÇÕES E CONTRIBUIÇÕES - FMDC,5,
1770001105000000001101000,Transferência de Pessoas Doações e Contribuições - FMDC,5,
1770001105000000001109000,TOTAL DEDUÇÕES TRANSFERÊNCIA DE PESSOAS DOAÇÕES E CONTRIBUIÇÕES - FMDC,5,
1770001105000000001109001,Deduções Transferência de Pessoas Doações e Contribuições - FMDC,5,
1770001106000000000000000,TRANSFERÊNCIA DE PESSOAS DOAÇÕES E CONTRIBUIÇÕES - FMID,5,
1770001106000000001100000,TRANSFERÊNCIA DE PESSOAS DOAÇÕES E CONTRIBUIÇÕES - FMID,5,
1770001106000000001101000,Transferência de Pessoas Doações e Contribuições - FMID,5,
1770001106000000001109000,TOTAL DEDUÇÕES TRANSFERÊNCIA DE PESSOAS DOAÇÕES E CONTRIBUIÇÕES - FMID,5,
1770001106000000001109001,Deduções Transferência de Pessoas Doações e Contribuições - FMID,5,
1770001107000000000000000,TRANSFERÊNCIA DE PESSOAS DOAÇÕES E CONTRIBUIÇÕES - IR REVERTIDO-FMID,5,
1770001107000000001100000,TRANSFERÊNCIA DE PESSOAS DOAÇÕES E CONTRIBUIÇÕES - IR REVERTIDO-FMID,5,
1770001107000000001101000,Transferência de Pessoas Doações e Contribuições - IR Revertido-FMID,5,
1770001107000000001109000,TOTAL DEDUÇÕES TRANSFERÊNCIA DE PESSOAS DOAÇÕES E CONTRIBUIÇÕES - IR REVERTIDO-FMID,5,
1770001107000000001109001,Deduções Transferência de Pessoas Doações e Contribuições - IR Revertido-FMID,5,
1770001108000000000000000,TRANSFERÊNCIA DE PESSOAS - FMDS,5,
1770001108000000001100000,TRANSFERÊNCIA DE PESSOAS - FMDS,5,
1770001108000000001101000,Transferência de Pessoas - FMDS,5,
1770001109000000000000000,TRANSFERÊNCIA DE PESSOAS FISICAS - PRONAC - FTM,5,
1770001109000000001100000,TRANSFERÊNCIA DE PESSOAS FISICAS - PRONAC - FTM,5,
1770001109000000001101000,"Transferência de Pessoas Físicas - PRONAC- FTM
",5,
1770001110000000000000000,TRANSFERÊNCIAS DE PESSOAS FÍSICAS - FUMCAD - DOAÇÕES DIRECIONADAS,5,
1770001110000000001100000,TRANSFERÊNCIAS DE PESSOAS FÍSICAS - FUMCAD - DOAÇÕES DIRECIONADAS,5,
1770001110000000001101000,Transferências de Pessoas Físicas - FUMCAD - Doações Direcionadas,5,
1770001111000000000000000,DOAÇÕES - TESOURO MUNICIPAL,5,
1770001111000000001100000,DOAÇÕES - TESOURO MUNICIPAL,5,
1770001111000000001101000,Doações - Tesouro Municipal,5,
1780000000000000000000000,TRANSFERÊNCIAS PROVENIENTES DE DEPÓSITOS NÃO IDENTIFICADOS,5,
1780001000000000000000000,TRANSFERÊNCIAS PROVENIENTES DE DEPÓSITOS NÃO IDENTIFICADOS,5,
1900000000000000000000000,OUTRAS RECEITAS CORRENTES,5,
1910000000000000000000000,"MULTAS ADMINISTRATIVAS, CONTRATUAIS E JUDICIAIS",5,
1910010000000000000000000,MULTAS PREVISTAS EM LEGISLAÇÃO ESPECÍFICA,5,
1910011000000000000000000,MULTAS PREVISTAS EM LEGISLAÇÃO ESPECÍFICA,5,
1910011100000000000000000,MULTAS PREVISTAS EM LEGISLAÇÃO ESPECÍFICA - PRINCIPAL,5,
1910011101000000000000000,MULTAS PREVISTAS NA LEGISLAÇÃO ESPECÍFICA,5,
1910011101010000000000000,MULTAS POR NÃO FORNECIMENTO DE MATERIAL PREVENTIVO E EDUCATIVO DA AIDS,5,
1910011101010000001100000,MULTAS POR NÃO FORNECIMENTO DE MATERIAL PREVENTIVO E EDUCATIVO DA AIDS,5,
1910011101010000001101000,Multas por não Fornecimento de Material Preventivo e Educativo da AIDS,5,
1910011101010000001109000,TOTAL DEDUÇÕES MULTAS POR NÃO FORNECIMENTO DE MATERIAL PREVENTIVO E EDUCATIVO DA AIDS,5,
1910011101010000001109001,Deduções Multas por não Fornecimento de Material Preventivo e Educativo da AIDS,5,
1910011101020000000000000,MULTAS PREVISTAS NA LEGISLAÇÃO SANITÁRIA - FMS,5,
1910011101020000001100000,MULTAS PREVISTAS NA LEGISLAÇÃO SANITÁRIA - FMS,5,
1910011101020000001101000,Multas Previstas na Legislação Sanitária - FMS,5,
1910011101020000001109000,TOTAL DEDUÇÕES MULTAS PREVISTAS NA LEGISLAÇÃO SANITÁRIA - FMS,5,
1910011101020000001109001,Deduções Multas Previstas na Legislação Sanitária - FMS,5,
1910011101020000001200000,PPI - MULTAS PREVISTAS NA LEGISLAÇÃO SANITÁRIA - FMS,5,
1910011101020000001201000,PPI - Multas Previstas na Legislação Sanitária - FMS,5,
1910011101020000001209000,PPI - TOTAL DEDUÇÕES MULTAS PREVISTAS NA LEGISLAÇÃO SANITÁRIA - FMS,5,
1910011101020000001209001,PPI - Deduções Multas Previstas na Legislação Sanitária - FMS,5,
1910011101020050000000000,MULTAS DE TRÂNSITO INADIMPLENTES - PRIAV,5,
1910011101020050001100000,MULTAS DE TRÂNSITO INADIMPLENTES - PRIAV,5,
1910011101020050001101000,Multas de Trânsito Inadimplentes - PRIAV,5,
1910011101020050001109000,TOTAL DEDUÇÕES MULTAS DE TRÂNSITO INADIMPLENTES - PRIAV,5,
1910011101020050001109003,Deduções Multas de Trânsito Inadimplentes - PRIAV,5,
1910011101030000000000000,MULTAS POR AUTO DE INFRAÇÃO,5,
1910011101030010000000000,MULTAS POR AUTO DE INFRAÇÃO - FUNCAP,5,
1910011101030010001100000,MULTAS POR AUTO DE INFRAÇÃO - FUNCAP,5,
1910011101030010001101000,Multas por Auto de Infração - FUNCAP,5,
1910011101030010001109000,TOTAL DEDUÇÕES MULTAS POR AUTO DE INFRAÇÃO - FUNCAP,5,
1910011101030010001109003,Deduções Multas por Auto de Infração - FUNCAP,5,
1910011101030010001200000,PPI - MULTAS POR AUTO DE INFRAÇÃO - FUNCAP,5,
1910011101030010001201000,PPI - Multas por Auto de Infração - FUNCAP,5,
1910011101030010001209000,PPI - TOTAL DEDUÇÕES MULTAS POR AUTO DE INFRAÇÃO - FUNCAP,5,
1910011101030010001209003,PPI - Deduções Multas por Auto de Infração - FUNCAP,5,
1910011101030020000000000,MULTAS AUTO DE INFRAÇÃO SERVIÇO FUNERÁRIO,5,
1910011101030020001100000,MULTAS AUTO DE INFRAÇÃO SERVIÇO FUNERÁRIO,5,
1910011101030020001101000,Multas Auto de Infração Serviço Funerário,5,
1910011101030020001109000,TOTAL DEDUÇÕES MULTAS AUTO DE INFRAÇÃO SERVIÇO FUNERÁRIO,5,
1910011101030020001109003,Deduções Multas Auto de Infração Serviço Funerário,5,
1910011101040000000000000,MULTAS POR TRANSPORTE DE PRODUTOS PERIGOSOS - DSV,5,
1910011101040000001100000,MULTAS POR TRANSPORTE DE PRODUTOS PERIGOSOS - DSV,5,
1910011101040000001101000,Multas por Transporte de Produtos Perigosos - DSV,5,
1910011101040000001109000,TOTAL DEDUÇÕES MULTAS POR TRANSPORTE DE PRODUTOS PERIGOSOS - DSV,5,
1910011101040000001109001,Deduções Multas por Transporte de Produtos Perigosos - DSV,5,
1910011101040000001200000,PARCELAMENTO MULTAS POR TRANSPORTE DE PRODUTOS PERIGOSOS - DSV,5,
1910011101040000001201000,"TOTAL PARCELAMENTO MULTAS POR TRANSPORTE DE PRODUTOS PERIGOSOS - DSV
",5,
1910011101040000001201001,"PPM- Multas por Transporte de Produtos Perigosos - DSV
",5,
1910011101040000001209000,TOTAL DEDUÇÕES PPM- MULTAS POR TRANSPORTE DE PRODUTOS PERIGOSOS - DSV,5,
1910011101040000001209001,"Deduções PPM- Multas por Transporte de Produtos Perigosos - DSV
",5,
1910011101050000000000000,MULTAS DE TRÂNSITO DE VEÍCULOS DE OUTROS ESTADOS - RENAINF,5,
1910011101050000001100000,MULTAS DE TRÂNSITO DE VEÍCULOS DE OUTROS ESTADOS - RENAINF,5,
1910011101050000001101000,Multas de Trânsito de Veículos de Outros Estados - RENAINF,5,
1910011101050000001109000,TOTAL DEDUÇÕES MULTAS DE TRÂNSITO DE VEÍCULOS DE OUTROS ESTADOS - RENAINF,5,
1910011101050000001109001,Deduções Multas de Trânsito de Veículos de Outros Estados - RENAINF - FUNSET,5,
1910011101050000001109002,Deduções Multas de Trânsito de Veículos de Outros Estados - RENAINF - Restituições,5,
1910011101050000001200000,PARCELAMENTO MULTAS DE TRÂNSITO DE VEÍCULOS DE OUTROS ESTADOS - RENAINF,5,
1910011101050000001201000,TOTAL PARCELAMENTO MULTAS DE TRÂNSITO DE VEÍCULOS DE OUTROS ESTADOS - RENAINF,5,
1910011101050000001201001,"PPM- Multas de Trânsito de Veículos de Outros Estados - RENAINF
",5,
1910011101050000001209000,TOTAL DEDUÇÕES PPM- MULTAS DE TRÂNSITO DE VEÍCULOS DE OUTROS ESTADOS - RENAINF,5,
1910011101050000001209001,"Deduções PPM- Multas de Trânsito de Veículos de Outros Estados - RENAINF
",5,
1910011101060000000000000,"MULTAS ZOONOSES
",5,
1910011101060000001100000,"MULTAS ZOONOSES
",5,
1910011101060000001101000,Multas Zoonoses,5,
1910011101060000001109000,TOTAL DEDUÇÕES MULTAS ZOONOSES,5,
1910011101060000001109001,"Deduções Multas Zoonoses
",5,
1910011101070000000000000,"MULTAS  DTP
",5,
1910011101070000001100000,"MULTAS  DTP
",5,
1910011101070000001101000,"Multas  DTP
",5,
1910011101070000001109000,"TOTAL DEDUÇÕES MULTAS  DTP
",5,
1910011101070000001109001,"Deduções Multas  DTP
",5,
1910011101080000000000000,"MULTAS SAR
",5,
1910011101080000001100000,"MULTAS SAR
",5,
1910011101080000001101000,"Multas SAR
",5,
1910011101080000001109000,"TOTAL DEDUÇÕES MULTAS SAR
",5,
1910011101080000001109001,"Deduções Multas SAR
",5,
1910011101090000000000000,OUTRAS MULTAS PREVISTAS EM LEGISLAÇÃO ESPECÍFICA,5,
1910011101090000001100000,OUTRAS MULTAS PREVISTAS EM LEGISLAÇÃO ESPECÍFICA,5,
1910011101090000001101000,Outras Multas Previstas em Legislação Específica,5,
1910011101090000001109000,TOTAL DEDUÇÕES OUTRAS MULTAS PREVISTAS EM LEGISLAÇÃO ESPECÍFICA,5,
1910011101090000001109001,Deduções Outras Multas Previstas Em Legislação Específica,5,
1910011102000000000000000,MULTAS PREVISTAS NA LEGISLAÇÃO DE TRÂNSITO,5,
1910011102010000000000000,MULTAS DE TRÂNSITO - DSV,5,
1910011102010000001100000,MULTAS DE TRÂNSITO - DSV,5,
1910011102010000001101000,Multas de Trânsito - DSV,5,
1910011102010000001109000,TOTAL DEDUÇÕES MULTAS DE TRÂNSITO - DSV,5,
1910011102010000001109001,Deduções Multas de Trânsito - DSV - FUNSET,5,
1910011102010000001109002,Deduções Multas de Trânsito - DSV - Restituições,5,
1910011102010000001200000,PARCELAMENTO MULTAS DE TRÂNSITO - DSV,5,
1910011102010000001201000,TOTAL PARCELAMENTO MULTAS DE TRÂNSITO - DSV,5,
1910011102010000001201001,"PPM- Multas de Trânsito - DSV
",5,
1910011102010000001201002,PEQ - Multas de Trânsito - DSV,5,
1910011102010000001209000,TOTAL DEDUÇÕES PPM- MULTAS DE TRÂNSITO – DSV,5,
1910011102010000001209001,"Deduções PPM -Multas de Trânsito - DSV - FUNSET
",5,
1910011102010000001209002,"Deduções PPM- Multas de Trânsito - DSV
",5,
1910011102020000000000000,MULTAS DE TRÂNSITO VEÍCULOS DE OUTROS MUNICÍPIOS,5,
1910011102020000001100000,MULTAS DE TRÂNSITO VEÍCULOS DE OUTROS MUNICÍPIOS,5,
1910011102020000001101000,Multas de Trânsito Veículos de Outros Municípios,5,
1910011102020000001109000,TOTAL DEDUÇÕES MULTAS DE TRÂNSITO VEÍCULOS DE OUTROS MUNICÍPIOS,5,
1910011102020000001109001,Deduções Multas de Trânsito Veículos de Outros Municípios - FUNSET,5,
1910011102020000001200000,PARCELAMENTO MULTAS DE TRÂNSITO VEÍCULOS DE OUTROS MUNICÍPIOS,5,
1910011102020000001201000,PARCELAMENTO MULTAS DE TRÂNSITO VEÍCULOS DE OUTROS MUNICÍPIOS,5,
1910011102020000001201001,"PPM- Multas de Trânsito Veículos de Outros Municípios
",5,
1910011102020000001209000,TOTAL DEDUÇÕES PPM- MULTAS DE TRÂNSITO VEÍCULOS DE OUTROS MUNICÍPIOS,5,
1910011102020000001209001,"Deduções PPM- Multas de Trânsito Veículos de Outros Municípios
",5,
1910011200000000000000000,MULTAS PREVISTAS EM LEGISLAÇÃO ESPECÍFICA - MULTAS E JUROS,5,
1910011201000000000000000,"MULTAS PREVISTAS NA LEGISLAÇÃO ESPECÍFICA - MULTAS E JUROS
",5,
1910011201020000000000000,"MULTAS PREVISTAS NA LEGISLAÇÃO SANITÁRIA - FMS - MULTAS E JUROS
",5,
1910011201020000001100000,"MULTAS PREVISTAS NA LEGISLAÇÃO SANITÁRIA - FMS - MULTAS E JUROS
",5,
1910011201020000001101000,"Multas Previstas na Legislação Sanitária - FMS - Multas e Juros
",5,
1910011201020000001109000,"TOTAL DEDUÇÕES MULTAS PREVISTAS NA LEGISLAÇÃO SANITÁRIA - FMS - MULTAS E JUROS
",5,
1910011201020000001109001,Deduções Multas Previstas na Legislação Sanitária - FMS - Multas e Juros,5,
1910011201020000001200000,"PPI - MULTAS PREVISTAS NA LEGISLAÇÃO SANITÁRIA - FMS - MULTAS E JUROS
",5,
1910011201020000001201000,PPI - Multas Previstas na Legislação Sanitária - FMS - Multas e Juros,5,
1910011201020000001209000,"PPI - TOTAL DEDUÇÕES MULTAS PREVISTAS NA LEGISLAÇÃO SANITÁRIA - FMS - MULTAS E JUROS
",5,
1910011201020000001209001,"PPI - Deduções Multas Previstas na Legislação Sanitária - FMS - Multas e Juros
",5,
1910011201030000000000000,MULTAS POR AUTO DE INFRAÇÃO - MULTAS E JUROS,5,
1910011201030010000000000,MULTAS POR AUTO DE INFRAÇÃO - FUNCAP - MULTAS E JUROS,5,
1910011201030010001100000,MULTAS POR AUTO DE INFRAÇÃO - FUNCAP - MULTAS E JUROS,5,
1910011201030010001101000,Multas por Auto de Infração - FUNCAP - Multas e Juros,5,
1910011201030010001109000,TOTAL DEDUÇÕES MULTAS POR AUTO DE INFRAÇÃO - FUNCAP - MULTAS E JUROS,5,
1910011201030010001109003,Deduções Multas por Auto de Infração - FUNCAP - Multas e Juros,5,
1910011201030010001200000,PPI - MULTAS POR AUTO DE INFRAÇÃO - FUNCAP - MULTAS E JUROS,5,
1910011201030010001201000,PPI - Multas por Auto de Infração - FUNCAP - Multas e Juros,5,
1910011201030010001209000,PPI - TOTAL DEDUÇÕES MULTAS POR AUTO DE INFRAÇÃO - FUNCAP - MULTAS E JUROS,5,
1910011201030010001209003,PPI - Deduções Multas por Auto de Infração - FUNCAP - Multas e Juros,5,
1910011201040000000000000,"MULTAS POR TRANSPORTE DE PRODUTOS PERIGOSOS - DSV - MULTAS E JUROS
",5,
1910011201040000001100000,"MULTAS POR TRANSPORTE DE PRODUTOS PERIGOSOS - DSV - MULTAS E JUROS
",5,
1910011201040000001101000,"Multas por Transporte de Produtos Perigosos - DSV - Multas e Juros
",5,
1910011201040000001200000,PARCELAMENTO MULTAS POR TRANSPORTE DE PRODUTOS PERIGOSOS - DSV- MULTAS E JUROS,5,
1910011201040000001201000,TOTAL PARCELAMENTO MULTAS POR TRANSPORTE DE PRODUTOS PERIGOSOS – DSV- MULTAS E JUROS,5,
1910011201040000001201001,PPM- Multas por Transporte de Produtos Perigosos - DSV- Multas e Juros,5,
1910011201040000001209000,TOTAL DEDUÇÕES PPM- MULTAS POR TRANSPORTE DE PRODUTOS PERIGOSOS - DSV- MULTAS E JUROS,5,
1910011201040000001209001,"Deduções PPM- Multas por Transporte de Produtos Perigosos - DSV- Multas e Juros
",5,
1910011201050000000000000,MULTAS DE TRÂNSITO DE VEÍCULOS DE OUTROS ESTADOS - RENAINF- MULTAS E JUROS,5,
1910011201050000001100000,MULTAS DE TRÂNSITO DE VEÍCULOS DE OUTROS ESTADOS – RENAINF- MULTAS E JUROS,5,
1910011201050000001101000,Multas de Trânsito de Veículos de Outros Estados - RENAINF- Multas e Juros,5,
1910011201050000001200000,PARCELAMENTO MULTAS DE TRÂNSITO DE VEÍCULOS DE OUTROS ESTADOS – RENAINF - MULTAS E JUROS,5,
1910011201050000001201000,TOTAL PARCELAMENTO MULTAS DE TRÂNSITO DE VEÍCULOS DE OUTROS ESTADOS - RENAINF - MULTAS E JUROS,5,
1910011201050000001201001,PPM- Multas de Trânsito de Veículos de Outros Estados - RENAINF- Multas e Juros,5,
1910011201050000001209000,TOTAL DEDUÇÕES PPM- MULTAS DE TRÂNSITO DE VEÍCULOS DE OUTROS ESTADOS - RENAINF- MULTAS E JUROS,5,
1910011201050000001209001,"Deduções PPM- Multas de Trânsito de Veículos de Outros Estados - RENAINF- Multas e Juros
",5,
1910011201070000000000000,"MULTAS  DTP - MULTAS E JUROS
",5,
1910011201070000001100000,"MULTAS  DTP - MULTAS E JUROS
",5,
1910011201070000001101000,"Multas  DTP - Multas e Juros
",5,
1910011201070000001109000,"TOTAL DEDUÇÕES MULTAS  DTP - MULTAS E JUROS
",5,
1910011201070000001109001,"Deduções Multas DTP - Multas e Juros
",5,
1910011201080000000000000,MULTAS SAR - MULTAS E JUROS,5,
1910011201080000001100000,"MULTAS SAR - MULTAS E JUROS
",5,
1910011201080000001101000,"Multas SAR - Multas e Juros
",5,
1910011201080000001109000,"TOTAL DEDUÇÕES MULTAS SAR - MULTAS E JUROS
",5,
1910011201080000001109001,"Deduções Multas SAR - Multas e Juros
",5,
1910011201090000000000000,OUTRAS MULTAS PREVISTAS EM LEGISLAÇÃO ESPECÍFICA - MULTAS E JUROS,5,
1910011201090000001100000,OUTRAS MULTAS PREVISTAS EM LEGISLAÇÃO ESPECÍFICA - MULTAS E JUROS,5,
1910011201090000001101000,Outras Multas Previstas em Legislação Específica - Multas e Juros,5,
1910011202000000000000000,"MULTAS PREVISTAS NA LEGISLAÇÃO DE TRÂNSITO - MULTAS E JUROS
",5,
1910011202010000000000000,"MULTAS DE TRÂNSITO - DSV - MULTAS E JUROS
",5,
1910011202010000001100000,"MULTAS DE TRÂNSITO - DSV - MULTAS E JUROS
",5,
1910011202010000001101000,"Multas de Trânsito - DSV - Multas e Juros
",5,
1910011202010000001200000,PARCELAMENTO MULTAS DE TRÂNSITO – DSV- MULTAS E JUROS,5,
1910011202010000001201000,TOTAL PARCELAMENTO MULTAS DE TRÂNSITO – DSV- MULTAS E JUROS,5,
1910011202010000001201001,PPM- Multas de Trânsito - DSV - Multas e Juros,5,
1910011202010000001201002,PEQ- Multas de Trânsito - DSV - Multas e Juros,5,
1910011202010000001209000,TOTAL DEDUÇÕES PPM- MULTAS DE TRÂNSITO - DSV - MULTAS E JUROS,5,
1910011202010000001209001,"Deduções PPM- Multas de Trânsito - DSV - Multas e Juros
",5,
1910011202020000000000000,MULTAS DE TRÂNSITO VEÍCULOS DE OUTROS MUNICÍPIOS- MULTAS E JUROS,5,
1910011202020000001100000,MULTAS DE TRÂNSITO VEÍCULOS DE OUTROS MUNICÍPIOS- MULTAS E JUROS,5,
1910011202020000001101000,Multas de Trânsito Veículos de Outros Municípios - Multas e Juros,5,
1910011202020000001200000,PARCELAMENTO MULTAS DE TRÂNSITO VEÍCULOS DE OUTROS MUNICÍPIOS- MULTAS E JUROS,5,
1910011202020000001201000,TOTAL PARCELAMENTO MULTAS DE TRÂNSITO VEÍCULOS DE OUTROS MUNICÍPIOS- MULTAS E JUROS,5,
1910011202020000001201001,PPM- Multas de Trânsito Veículos de Outros Municípios- Multas e Juros,5,
1910011202020000001209000,TOTAL DEDUÇÕES PPM- MULTAS DE TRÂNSITO VEÍCULOS DE OUTROS MUNICÍPIOS- MULTAS E JUROS,5,
1910011202020000001209001,"Deduções PPM- Multas de Trânsito Veículos de Outros Municípios- Multas e Juros
",5,
1910011300000000000000000,MULTAS PREVISTAS EM LEGISLAÇÃO ESPECÍFICA - DÍVIDA ATIVA,5,
1910011301000000000000000,MULTAS PREVISTAS NA LEGISLAÇÃO ESPECÍFICA - DÍVIDA ATIVA,5,
1910011301020000000000000,MULTAS PREVISTAS NA LEGISLAÇÃO SANITÁRIA - FMS - DÍVIDA ATIVA,5,
1910011301020000001100000,MULTAS PREVISTAS NA LEGISLAÇÃO SANITÁRIA - FMS - DÍVIDA ATIVA,5,
1910011301020000001101000,Multas Previstas na Legislação Sanitária - FMS - Dívida Ativa,5,
1910011301020000001109000,"TOTAL DEDUÇÕES MULTAS PREVISTAS NA LEGISLAÇÃO SANITÁRIA - FMS - DÍVIDA ATIVA
",5,
1910011301020000001109001,Deduções Multas Previstas na Legislação Sanitária - FMS - Dívida Ativa,5,
1910011301020000001200000,"PPI - MULTAS PREVISTAS NA LEGISLAÇÃO SANITÁRIA - FMS - DÍVIDA ATIVA
",5,
1910011301020000001201000,PPI - Multas Previstas na Legislação Sanitária - FMS - Dívida Ativa,5,
1910011301020000001209000,PPI - TOTAL DEDUÇÕES MULTAS PREVISTAS NA LEGISLAÇÃO SANITÁRIA - FMS - DÍVIDA ATIVA,5,
1910011301020000001209001,PPI - Deduções Multas Previstas na Legislação Sanitária - FMS - Dívida Ativa,5,
1910011301040000000000000,MULTAS POR TRANSPORTE DE PRODUTOS PERIGOSOS – DSV - DÍVIDA ATIVA,5,
1910011301040000001100000,MULTAS POR TRANSPORTE DE PRODUTOS PERIGOSOS – DSV - DÍVIDA ATIVA,5,
1910011301040000001101000,Multas por Transporte de Produtos Perigosos - DSV- Dívida Ativa,5,
1910011301040000001109000,TOTAL DEDUÇÕES MULTAS POR TRANSPORTE DE PRODUTOS PERIGOSOS - DSV- DÍVIDA ATIVA,5,
1910011301040000001109001,"Deduções Multas por Transporte de Produtos Perigosos - DSV- Dívida Ativa
",5,
1910011301040000001200000,PARCELAMENTO MULTAS POR TRANSPORTE DE PRODUTOS PERIGOSOS - DSV DÍVIDA ATIVA,5,
1910011301040000001201000,TOTAL PARCELAMENTO MULTAS POR TRANSPORTE DE PRODUTOS PERIGOSOS - DSV DÍVIDA ATIVA,5,
1910011301040000001201001,"PPM- Multas por Transporte de Produtos Perigosos - DSV - Dívida Ativa
",5,
1910011301040000001209000,"TOTAL DEDUÇÕES PPM- Multas por Transporte de Produtos Perigosos - DSV - Dívida Ativa
",5,
1910011301040000001209001,"Deduções PPM- Multas por Transporte de Produtos Perigosos - DSV - Dívida Ativa
",5,
1910011301050000000000000,MULTAS DE TRÂNSITO DE VEÍCULOS DE OUTROS ESTADOS – RENAINF- DÍVIDA ATIVA,5,
1910011301050000001100000,MULTAS DE TRÂNSITO DE VEÍCULOS DE OUTROS ESTADOS – RENAINF- DÍVIDA ATIVA,5,
1910011301050000001101000,Multas de Trânsito de Veículos de Outros Estados - RENAINF- Dívida Ativa,5,
1910011301050000001109000,TOTAL DEDUÇÕES MULTAS DE TRÂNSITO DE VEÍCULOS DE OUTROS ESTADOS - RENAINF- DÍVIDA ATIVA,5,
1910011301050000001109001,"Deduções Multas de Trânsito de Veículos de Outros Estados - RENAINF- Dívida Ativa
",5,
1910011301050000001200000,PARCELAMENTO MULTAS DE TRÂNSITO DE VEÍCULOS DE OUTROS ESTADOS - RENAINF DÍVIDA ATIVA,5,
1910011301050000001201000,TOTAL PARCELAMENTO MULTAS DE TRÂNSITO DE VEÍCULOS DE OUTROS ESTADOS - RENAINF DÍVIDA ATIVA,5,
1910011301050000001201001,"PPM- Multas de Trânsito de Veículos de Outros Estados - RENAINF - Dívida Ativa
",5,
1910011301050000001209000,TOTAL DEDUÇÕES PPM- MULTAS DE TRÂNSITO DE VEÍCULOS DE OUTROS ESTADOS - RENAINF - DÍVIDA ATIVA,5,
1910011301050000001209001,"Deduções PPM- Multas de Trânsito de Veículos de Outros Estados - RENAINF - Dívida Ativa
",5,
1910011301060000000000000,PEQ - MULTAS PREVISTAS NA LEGISLAÇÃO SANITÁRIA - FMS - DÍVIDA ATIVA,5,
1910011301060000001200000,PEQ - MULTAS PREVISTAS NA LEGISLAÇÃO SANITÁRIA - FMS - DÍVIDA ATIVA,5,
1910011301060000001201000,PEQ - Multas Previstas na Legislação Sanitária - FMS - Dívida Ativa,5,
1910011301060000001209000,PEQ - DEDUÇÕES MULTAS PREVISTAS NA LEGISLAÇÃO SANITÁRIA - FMS - DÍVIDA ATIVA,5,
1910011301060000001209001,PEQ - Deduções Multas Previstas na Legislação Sanitária - FMS - Dívida Ativa,5,
1910011301090000000000000,OUTRAS MULTAS PREVISTAS EM LEGISLAÇÃO ESPECÍFICA - DÍVIDA ATIVA,5,
1910011301090000001100000,OUTRAS MULTAS PREVISTAS EM LEGISLAÇÃO ESPECÍFICA - DÍVIDA ATIVA,5,
1910011301090000001101000,Outras Multas Previstas em Legislação Específica - Dívida Ativa,5,
1910011302000000000000000,MULTAS PREVISTAS NA LEGISLAÇÃO DE TRÂNSITO - DÍVIDA ATIVA,5,
1910011302010000000000000,MULTAS DE TRÂNSITO - DSV - DÍVIDA ATIVA,5,
1910011302010000001100000,MULTAS DE TRÂNSITO – DSV – DÍVIDA ATIVA,5,
1910011302010000001101000,Multas de Trânsito - DSV - Dívida Ativa,5,
1910011302010000001109000,TOTAL DEDUÇÕES MULTAS DE TRÂNSITO - DSV - DÍVIDA ATIVA,5,
1910011302010000001109001,"Deduções Multas de Trânsito - DSV - Dívida Ativa
",5,
1910011302010000001200000,PARCELAMENTO MULTAS DE TRÂNSITO - DSV DÍVIDA ATIVA,5,
1910011302010000001201000,TOTAL PARCELAMENTO MULTAS DE TRÂNSITO - DSV DÍVIDA ATIVA,5,
1910011302010000001201001,"PPM- Multas de Trânsito - DSV - Dívida Ativa
",5,
1910011302010000001201002,PEQ - Multas de Trânsito - DSV - Dívida Ativa,5,
1910011302010000001209000,TOTAL DEDUÇÕES PPM- MULTAS DE TRÂNSITO - DSV - DÍVIDA ATIVA,5,
1910011302010000001209001,"Deduções PPM- Multas de Trânsito - DSV - Dívida Ativa
",5,
1910011302010000001209002,Deduções PEQ - Multas de Trânsito - DSV - Dívida Ativa,5,
1910011302020000000000000,MULTAS DE TRÂNSITO VEÍCULOS DE OUTROS MUNICÍPIOS- DÍVIDA ATIVA,5,
1910011302020000001100000,MULTAS DE TRÂNSITO VEÍCULOS DE OUTROS MUNICÍPIOS- DÍVIDA ATIVA,5,
1910011302020000001101000,Multas de Trânsito Veículos de Outros Municípios - Dívida Ativa,5,
1910011302020000001109000,TOTAL DEDUÇÕES MULTAS DE TRÂNSITO VEÍCULOS DE OUTROS MUNICÍPIOS - DÍVIDA ATIVA,5,
1910011302020000001109001,"Deduções Multas de Trânsito Veículos de Outros Municípios - Dívida Ativa
",5,
1910011302020000001200000,PARCELAMENTO MULTAS DE TRÂNSITO VEÍCULOS DE OUTROS MUNICÍPIOS DÍVIDA ATIVA,5,
1910011302020000001201000,TOTAL PARCELAMENTO MULTAS DE TRÂNSITO VEÍCULOS DE OUTROS MUNICÍPIOS DÍVIDA ATIVA,5,
1910011302020000001201001,"PPM- Multas de Trânsito Veículos de Outros Municípios - Dívida Ativa
",5,
1910011302020000001209000,TOTAL DEDUÇÕES PPM- MULTAS DE TRÂNSITO VEÍCULOS DE OUTROS MUNICÍPIOS - DÍVIDA ATIVA,5,
1910011302020000001209001,"Deduções PPM- Multas de Trânsito Veículos de Outros Municípios - Dívida Ativa
",5,
1910011400000000000000000,"MULTAS PREVISTAS EM LEGISLAÇÃO ESPECÍFICA - DÍVIDA ATIVA - MULTAS E JUROS
",5,
1910011401000000000000000,"MULTAS PREVISTAS EM LEGISLAÇÃO ESPECÍFICA - DÍVIDA ATIVA - MULTAS E JUROS
",5,
1910011401020000000000000,MULTAS PREVISTAS NA LEGISLAÇÃO SANITÁRIA - FMS - DÍVIDA ATIVA - MULTAS E JUROS,5,
1910011401020000001100000,MULTAS PREVISTAS NA LEGISLAÇÃO SANITÁRIA - FMS - DÍVIDA ATIVA - MULTAS E JUROS,5,
1910011401020000001101000,Multas Previstas na Legislação Sanitária - FMS - Dívida Ativa - Multas e Juros,5,
1910011401020000001109000,"TOTAL DEDUÇÕES MULTAS PREVISTAS NA LEGISLAÇÃO SANITÁRIA - FMS - DÍVIDA ATIVA - MULTAS E JUROS
",5,
1910011401020000001109001,Deduções Multas Previstas na Legislação Sanitária - FMS - Dívida Ativa - Multas e Juros,5,
1910011401020000001200000,PPI - MULTAS PREVISTAS NA LEGISLAÇÃO SANITÁRIA - FMS - DÍVIDA ATIVA - MULTAS E JUROS,5,
1910011401020000001201000,PPI - Multas Previstas na Legislação Sanitária - FMS - Dívida Ativa - Multas e Juros,5,
1910011401020000001209000,PPI - TOTAL DEDUÇÕES MULTAS PREVISTAS NA LEGISLAÇÃO SANITÁRIA - FMS - DÍVIDA ATIVA - MULTAS E JUROS,5,
1910011401020000001209001,"PPI - Deduções Multas Previstas na Legislação Sanitária - FMS - Dívida Ativa - Multas e Juros
",5,
1910011401040000000000000,MULTAS POR TRANSPORTE DE PRODUTOS PERIGOSOS – DSV- DÍVIDA ATIVA - MULTAS E JUROS,5,
1910011401040000001100000,MULTAS POR TRANSPORTE DE PRODUTOS PERIGOSOS – DSV- DÍVIDA ATIVA - MULTAS E JUROS,5,
1910011401040000001101000,Multas por Transporte de Produtos Perigosos - DSV- Dívida Ativa Multas e Juros,5,
1910011401040000001109000,TOTAL DEDUÇÕES MULTAS POR TRANSPORTE DE PRODUTOS PERIGOSOS - DSV- DÍVIDA ATIVA MULTAS E JUROS,5,
1910011401040000001109001,Deduções Multas por Transporte de Produtos Perigosos - DSV- Dívida Ativa Multas e Juros,5,
1910011401040000001200000,PARCELAMENTO MULTAS POR TRANSPORTE DE PRODUTOS PERIGOSOS - DSV DÍVIDA ATIVA- MULTAS E JUROS,5,
1910011401040000001201000,TOTAL PARCELAMENTO MULTAS POR TRANSPORTE DE PRODUTOS PERIGOSOS - DSV DÍVIDA ATIVA- MULTAS E JUROS,5,
1910011401040000001201001,"PPM- Multas por Transporte de Produtos Perigosos - DSV - Dívida Ativa- Multas e Juros
",5,
1910011401040000001209000,TOTAL DEDUÇÕES PPM- MULTAS POR TRANSPORTE DE PRODUTOS PERIGOSOS - DSV - DÍVIDA ATIVA- MULTAS E JUROS,5,
1910011401040000001209001,"Deduções PPM- Multas por Transporte de Produtos Perigosos - DSV - Dívida Ativa- Multas e Juros
",5,
1910011401050000000000000,MULTAS DE TRÂNSITO DE VEÍCULOS DE OUTROS ESTADOS - RENAINF-DÍVIDA ATIVA - MULTAS E JUROS,5,
1910011401050000001100000,"MULTAS DE TRÂNSITO DE VEÍCULOS DE OUTROS ESTADOS - RENAINF -DÍVIDA ATIVA - MULTAS E JUROS
",5,
1910011401050000001101000,"Multas de Trânsito de Veículos de Outros Estados - RENAINF- Dívida Ativa - Multas e Juros
",5,
1910011401050000001109000,TOTAL DEDUÇÕES MULTAS DE TRÂNSITO DE VEÍCULOS DE OUTROS ESTADOS - RENAINF- DÍVIDA ATIVA - MULTAS E J,5,
1910011401050000001109001,Deduções Multas de Trânsito de Veículos de Outros Estados - RENAINF- Dívida Ativa - Multas e Juros,5,
1910011401050000001200000,PARCELAMENTO MULTAS DE TRÂNSITO DE VEÍCULOS DE OUTROS ESTADOS - RENAINF DÍVIDA ATIVA- MULTAS E JUROS,5,
1910011401050000001201000,TOTAL PARCELAMENTO MULTAS DE TRÂNSITO DE VEÍCULOS DE OUTROS ESTADOS - RENAINF DÍVIDA ATIVA- MULTAS E,5,
1910011401050000001201001,"PPM- Multas de Trânsito de Veículos de Outros Estados - RENAINF - Dívida Ativa- Multas e Juros
",5,
1910011401050000001209000,TOTAL DEDUÇÕES PPM- MULTAS DE TRÂNSITO DE VEÍCULOS DE OUTROS ESTADOS - RENAINF - DÍVIDA ATIVA- MULTA,5,
1910011401050000001209001,Deduções PPM- Multas de Trânsito de Veículos de Outros Estados - RENAINF - Dívida Ativa- Multas e Ju,5,
1910011401060000000000000,PEQ - MULTAS PREVISTAS NA LEGISLAÇÃO SANITÁRIA - FMS - DÍVIDA ATIVA - MULTAS E JUROS,5,
1910011401060000001200000,PEQ - MULTAS PREVISTAS NA LEGISLAÇÃO SANITÁRIA - FMS - DÍVIDA ATIVA - MULTAS E JUROS,5,
1910011401060000001201000,PEQ - Multas Previstas na Legislação Sanitária - FMS - Dívida Ativa - Multas e Juros,5,
1910011401060000001209000,PEQ - DEDUÇÕES MULTAS PREVISTAS NA LEGISLAÇÃO SANITÁRIA - FMS - DÍVIDA ATIVA - MULTAS E JUROS,5,
1910011401060000001209001,PEQ - Deduções Multas Previstas na Legislação Sanitária - FMS - Dívida Ativa - Multas e Juros,5,
1910011401090000000000000,OUTRAS MULTAS PREVISTAS EM LEGISLAÇÃO ESPECÍFICA - MULTAS E JUROS DE DÍVIDA ATIVA,5,
1910011401090000001100000,OUTRAS MULTAS PREVISTAS EM LEGISLAÇÃO ESPECÍFICA - MULTAS E JUROS DE DÍVIDA ATIVA,5,
1910011401090000001101000,Outras Multas Previstas em Legislação Específica - Multas e Juros de Dívida Ativa,5,
1910011402000000000000000,MULTAS PREVISTAS NA LEGISLAÇÃO DE TRÂNSITO- DÍVIDA ATIVA - MULTAS E JUROS,5,
1910011402010000000000000,MULTAS DE TRÂNSITO - DSV - DÍVIDA ATIVA - MULTAS E JUROS,5,
1910011402010000001100000,MULTAS DE TRÂNSITO – DSV – DÍVIDA ATIVA -MULTAS E JUROS,5,
1910011402010000001101000,"Multas de Trânsito - DSV - Dívida Ativa- Multas e Juros
",5,
1910011402010000001109000,TOTAL DEDUÇÕES MULTAS DE TRÂNSITO - DSV - DÍVIDA ATIVA- MULTAS E JUROS,5,
1910011402010000001109001,"Deduções Multas de Trânsito - DSV - Dívida Ativa- Multas e Juros
",5,
1910011402010000001200000,PARCELAMENTO MULTAS DE TRÂNSITO - DSV DÍVIDA ATIVA- MULTAS E JUROS,5,
1910011402010000001201000,TOTAL PARCELAMENTO MULTAS DE TRÂNSITO - DSV DÍVIDA ATIVA- MULTAS E JUROS,5,
1910011402010000001201001,"PPM- Multas de Trânsito - DSV - Dívida Ativa- Multas e Juros
",5,
1910011402010000001201002,"PEQ - Multas de Trânsito - DSV - Dívida Ativa - Multas e Juros
",5,
1910011402010000001209000,TOTAL DEDUÇÕES PPM- MULTAS DE TRÂNSITO - DSV - DÍVIDA ATIVA- MULTAS E JUROS,5,
1910011402010000001209001,"Deduções PPM- Multas de Trânsito - DSV - Dívida Ativa- Multas e Juros
",5,
1910011402010000001209002,Deduções PEQ - Multas de Trânsito - DSV - Dívida Ativa -Multas e Juros,5,
1910011402020000000000000,MULTAS DE TRÂNSITO VEÍCULOS DE OUTROS MUNICÍPIOS- DÍVIDA ATIVA - MULTAS E JUROS,5,
1910011402020000001100000,MULTAS DE TRÂNSITO VEÍCULOS DE OUTROS MUNICÍPIOS- DÍVIDA ATIVA - MULTAS E JUROS,5,
1910011402020000001101000,Multas de Trânsito Veículos de Outros Municípios- Dívida Ativa- Multas e Juros,5,
1910011402020000001109000,TOTAL DEDUÇÕES MULTAS DE TRÂNSITO VEÍCULOS DE OUTROS MUNICÍPIOS- DÍVIDA ATIVA- MULTAS E JUROS,5,
1910011402020000001109001,"Deduções Multas de Trânsito Veículos de Outros Municípios- Dívida Ativa- Multas e Juros
",5,
1910011402020000001200000,PARCELAMENTO MULTAS DE TRÂNSITO - DSV DÍVIDA ATIVA- MULTAS E JUROS,5,
1910011402020000001201000,TOTAL PARCELAMENTO MULTAS DE TRÂNSITO VEÍCULOS DE OUTROS MUNICÍPIOS DÍVIDA ATIVA- MULTAS E JUROS,5,
1910011402020000001201001,"PPM- Multas de Trânsito Veículos de Outros Municípios - Dívida Ativa- Multas e Juros
",5,
1910011402020000001209000,TOTAL DEDUÇÕES PPM- MULTAS DE TRÂNSITO VEÍCULOS DE OUTROS MUNICÍPIOS - DÍVIDA ATIVA- MULTAS E JUROS,5,
1910011402020000001209001,"Deduções PPM- Multas de Trânsito Veículos de Outros Municípios - Dívida Ativa- Multas e Juros
",5,
1910020000000000000000000,MULTAS PREVISTAS NA LEI GERAL DAS TELECOMUNICAÇÕES,5,
1910021000000000000000000,MULTAS PREVISTAS NA LEI GERAL DAS TELECOMUNICAÇÕES,5,
1910030000000000000000000,MULTAS PREVISTAS NA LEGISLAÇÃO DO SEGURO-DESEMPREGO E ABONO SALARIAL,5,
1910031000000000000000000,MULTAS PREVISTAS NA LEGISLAÇÃO DO SEGURO-DESEMPREGO E ABONO SALARIAL,5,
1910040000000000000000000,MULTAS PREVISTAS NA LEGISLAÇÃO SOBRE DEFESA DOS DIREITOS DIFUSOS,5,
1910041000000000000000000,MULTAS PREVISTAS NA LEGISLAÇÃO SOBRE DEFESA DOS DIREITOS DIFUSOS,5,
1910050000000000000000000,MULTAS PREVISTAS EM LEI POR INFRAÇÕES NO SETOR DE ENERGIA ELÉTRICA,5,
1910051000000000000000000,MULTAS PREVISTAS EM LEI POR INFRAÇÕES NO SETOR DE ENERGIA ELÉTRICA,5,
1910060000000000000000000,MULTAS POR DANOS AMBIENTAIS,5,
1910061000000000000000000,MULTAS ADMINISTRATIVAS POR DANOS AMBIENTAIS,5,
1910061100000000000000000,MULTAS ADMINISTRATIVAS POR DANOS AMBIENTAIS - PRINCIPAL,5,
1910061101000000000000000,MULTAS ADMINISTRATIVAS POR DANOS AMBIENTAIS,5,
1910061101010000000000000,POLUIÇÃO AMBIENTAL - DECONT,5,
1910061101010000001100000,POLUIÇÃO AMBIENTAL - DECONT,5,
1910061101010000001101000,Poluição Ambiental - DECONT,5,
1910061101010000001109000,TOTAL DEDUÇÕES POLUIÇÃO AMBIENTAL - DECONT,5,
1910061101010000001109001,Deduções Poluição Ambiental - DECONT,5,
1910061101020000000000000,MULTAS AMBIENTAIS - FEMA,5,
1910061101020000001100000,MULTAS AMBIENTAIS - FEMA,5,
1910061101020000001101000,Multas Ambientais,5,
1910061101020000001109000,TOTAL DEDUÇÕES MULTAS AMBIENTAIS - FEMA,5,
1910061101020000001109001,Deduções Multas Ambientais - FEMA,5,
1910061101020000001200000,PPI - MULTAS AMBIENTAIS - FEMA,5,
1910061101020000001201000,PPI - Multas Ambientais - FEMA,5,
1910061101020000001209000,PPI - TOTAL DEDUÇÕES MULTAS AMBIENTAIS - FEMA,5,
1910061101020000001209001,PPI - Deduções Multas Ambientais - FEMA,5,
1910061101030000000000000,MULTAS POR FALTA DE INSPEÇÃO VEICULAR - FEMA,5,
1910061101030000001100000,MULTAS POR FALTA DE INSPEÇÃO VEICULAR - FEMA,5,
1910061101030000001101000,Multas por falta de Inspeção Veicular - FEMA,5,
1910061101030000001109000,TOTAL DEDUÇÕES MULTAS POR FALTA DE INSPEÇÃO VEICULAR - FEMA,5,
1910061101030000001109001,Deduções Multas por falta de Inspeção Veicular - FEMA,5,
1910061200000000000000000,"MULTAS ADMINISTRATIVAS POR DANOS AMBIENTAIS - MULTAS E JUROS
",5,
1910061201000000000000000,MULTAS ADMINISTRATIVAS POR DANOS AMBIENTAIS,5,
1910061201020000000000000,MULTAS AMBIENTAIS - FEMA - MULTAS E JUROS,5,
1910061201020000001100000,MULTAS AMBIENTAIS - FEMA - MULTAS E JUROS,5,
1910061201020000001101000,Multas Ambientais - FEMA - Multas e Juros,5,
1910061201020000001109000,TOTAL DEDUÇÕES MULTAS AMBIENTAIS - FEMA - MULTAS E JUROS,5,
1910061201020000001109001,Deduções Multas Ambientais - FEMA - Multas e Juros,5,
1910061201020000001200000,PPI - MULTAS AMBIENTAIS - FEMA - MULTAS E JUROS,5,
1910061201020000001201000,PPI - Multas Ambientais - FEMA - Multas e Juros,5,
1910061201020000001209000,PPI - TOTAL DEDUÇÕES MULTAS AMBIENTAIS - FEMA - MULTAS E JUROS,5,
1910061201020000001209001,PPI - Deduções Multas Ambientais - FEMA - Multas e Juros,5,
1910061201030000000000000,MULTAS POR FALTA DE INSPEÇÃO VEICULAR - FEMA - MULTAS E JUROS,5,
1910061201030000001100000,MULTAS POR FALTA DE INSPEÇÃO VEICULAR - FEMA - MULTAS E JUROS,5,
1910061201030000001101000,"Multas por falta de Inspeção Veicular - FEMA - Multas e Juros
",5,
1910061300000000000000000,MULTAS ADMINISTRATIVAS POR DANOS AMBIENTAIS - DÍVIDA ATIVA,5,
1910061301000000000000000,MULTAS ADMINISTRATIVAS POR DANOS AMBIENTAIS - DÍVIDA ATIVA,5,
1910061301020000000000000,MULTAS AMBIENTAIS - FEMA - DÍVIDA ATIVA,5,
1910061301020000001100000,MULTAS AMBIENTAIS - FEMA - DÍVIDA ATIVA,5,
1910061301020000001101000,Multas Ambientais - FEMA - Dívida Ativa,5,
1910061301020000001109000,TOTAL DEDUÇÕES MULTAS AMBIENTAIS - FEMA - DÍVIDA ATIVA,5,
1910061301020000001109001,Deduções Multas Ambientais - FEMA - Dívida Ativa,5,
1910061301020000001200000,PPI - MULTAS AMBIENTAIS - FEMA - DÍVIDA ATIVA,5,
1910061301020000001201000,PPI - Multas Ambientais - FEMA - Dívida Ativa,5,
1910061301020000001209000,PPI - TOTAL DEDUÇÕES MULTAS AMBIENTAIS - FEMA - DÍVIDA ATIVA,5,
1910061301020000001209001,PPI - Deduções Multas Ambientais - FEMA - Dívida Ativa,5,
1910061301030000000000000,PEQ - MULTAS AMBIENTAIS - FEMA - DÍVIDA ATIVA,5,
1910061301030000001200000,PEQ - MULTAS AMBIENTAIS - FEMA - DÍVIDA ATIVA,5,
1910061301030000001201000,PEQ - Multas Ambientais - FEMA - Dívida Ativa,5,
1910061301030000001209000,PEQ - DEDUÇÕES MULTAS AMBIENTAIS - FEMA - DÍVIDA ATIVA,5,
1910061301030000001209001,PEQ - Deduções Multas Ambientais - FEMA - Dívida Ativa,5,
1910061400000000000000000,"MULTAS ADMINISTRATIVAS POR DANOS AMBIENTAIS - DÍVIDA ATIVA - MULTAS E JUROS
",5,
1910061401000000000000000,MULTAS ADMINISTRATIVAS POR DANOS AMBIENTAIS - DÍVIDA ATIVA - MULTAS E JUROS,5,
1910061401020000000000000,MULTAS AMBIENTAIS - FEMA - DÍVIDA ATIVA - MULTAS E JUROS,5,
1910061401020000001100000,MULTAS AMBIENTAIS - FEMA - DÍVIDA ATIVA - MULTAS E JUROS,5,
1910061401020000001101000,Multas Ambientais - FEMA - Dívida Ativa - Multas e Juros,5,
1910061401020000001109000,TOTAL DEDUÇÕES MULTAS AMBIENTAIS - FEMA - DÍVIDA ATIVA - MULTAS E JUROS,5,
1910061401020000001109001,Deduções Multas Ambientais - FEMA - Dívida Ativa - Multas e Juros,5,
1910061401020000001200000,PPI - MULTAS AMBIENTAIS - FEMA - DÍVIDA ATIVA - MULTAS E JUROS,5,
1910061401020000001201000,PPI - Multas Ambientais - FEMA - Dívida Ativa - Multas e Juros,5,
1910061401020000001209000,PPI - TOTAL DEDUÇÕES MULTAS AMBIENTAIS - FEMA - DÍVIDA ATIVA - MULTAS E JUROS,5,
1910061401020000001209001,PPI - Deduções Multas Ambientais - FEMA - Dívida Ativa - Multas e Juros,5,
1910061401030000000000000,PEQ - MULTAS AMBIENTAIS - FEMA - DÍVIDA ATIVA - MULTAS E JUROS,5,
1910061401030000001200000,PEQ - MULTAS AMBIENTAIS - FEMA - DÍVIDA ATIVA - MULTAS E JUROS,5,
1910061401030000001201000,PEQ - Multas Ambientais - FEMA - Dívida Ativa - Multas e Juros,5,
1910061401030000001209000,PEQ - DEDUÇÕES MULTAS AMBIENTAIS - FEMA - DÍVIDA ATIVA - MULTAS E JUROS,5,
1910061401030000001209001,PEQ - Deduções Multas Ambientais - FEMA - Dívida Ativa - Multas e Juros,5,
1910062000000000000000000,MULTAS JUDICIAIS POR DANOS AMBIENTAIS,5,
1910070000000000000000000,MULTAS APLICADAS PELOS TRIBUNAIS DE CONTAS,5,
1910071000000000000000000,MULTAS APLICADAS PELOS TRIBUNAIS DE CONTAS,5,
1910071100000000000000000,MULTAS APLICADAS PELOS TRIBUNAIS DE CONTAS - PRINCIPAL,5,
1910071101000000000000000,MULTAS APLICADAS PELO TCM/SP - LEI 9.167/80,5,
1910071101010000000000000,MULTAS APLICADAS PELO TCM/SP - LEI 9.167/80,5,
1910071101010000001100000,MULTAS APLICADAS PELO TCM/SP - LEI 9.167/80,5,
1910071101010000001101000,Multas Aplicadas pelo TCM/SP - LEI 9.167/80,5,
1910071101010000001109000,TOTAL DEDUÇÕES MULTAS APLICADAS PELO TCM/SP - LEI 9.167/80,5,
1910071101010000001109001,Deduções Multas Aplicadas pelo TCM/SP - LEI 9.167/80,5,
1910080000000000000000000,MULTAS DECORRENTES DE SENTENÇAS JUDICIAIS,5,
1910081000000000000000000,MULTAS DECORRENTES DE SENTENÇAS JUDICIAIS,5,
1910081100000000000000000,MULTAS DECORRENTES DE SENTENÇAS JUDICIAIS - PRINCIPAL,5,
1910081101000000000000000,MULTAS DECORRENTES DE SENTENÇAS JUDICIAIS - FISC,5,
1910081101000000001100000,MULTAS DECORRENTES DE SENTENÇAS JUDICIAIS - FISC,5,
1910081101000000001101000,Multas Decorrentes de Sentenças Judiciais - FISC,5,
1910081101000000001109000,TOTAL DEDUÇÕES MULTAS DECORRENTES DE SENTENÇAS JUDICIAIS - FISC,5,
1910081101000000001109001,Deduções Multas Decorrentes de Sentenças Judiciais - FISC,5,
1910081102000000000000000,MULTAS DECORRENTES DE SENTENÇAS JUDICIAIS - FUMCAD,5,
1910081102000000001100000,MULTAS DECORRENTES DE SENTENÇAS JUDICIAIS - FUMCAD,5,
1910081102000000001101000,Multas Decorrentes de Sentenças Judiciais - FUMCAD,5,
1910081102000000001109000,TOTAL DEDUÇÕES MULTAS DECORRENTES DE SENTENÇAS JUDICIAIS - FUMCAD,5,
1910081102000000001109001,Deduções Multas Decorrentes de Sentenças Judiciais - FUMCAD,5,
1910081103000000000000000,MULTAS DECORRENTES DE SENTENÇAS JUDICIAIS - FMDC,5,
1910081103000000001100000,MULTAS DECORRENTES DE SENTENÇAS JUDICIAIS - FMDC,5,
1910081103000000001101000,Multas Decorrentes de Sentenças Judiciais - FMDC,5,
1910081103000000001109000,TOTAL DEDUÇÕES MULTAS DECORRENTES DE SENTENÇAS JUDICIAIS - FMDC,5,
1910081103000000001109001,Deduções Multas Decorrentes de Sentenças Judiciais - FMDC,5,
1910081104000000000000000,MULTAS DECORRENTES DE SENTENÇAS JUDICIAIS - FMID,5,
1910081104000000001100000,MULTAS DECORRENTES DE SENTENÇAS JUDICIAIS - FMID,5,
1910081104000000001101000,Multas Decorrentes de Sentenças Judiciais - FMID,5,
1910081104000000001109000,TOTAL DEDUÇÕES MULTAS DECORRENTES DE SENTENÇAS JUDICIAIS - FMID,5,
1910081104000000001109001,Deduções Multas Decorrentes de Sentenças Judiciais - FMID,5,
1910081105000000000000000,MULTAS DECORRENTES DE SENTENÇAS JUDICIAIS - FMS,5,
1910081105000000001100000,MULTAS DECORRENTES DE SENTENÇAS JUDICIAIS - FMS,5,
1910081105000000001101000,Multas Decorrentes de Sentenças Judiciais - FMS,5,
1910081106000000000000000,"MULTAS DECORRENTES DE SENTENÇAS JUDICIAIS 
",5,
1910081106000000001100000,"MULTAS DECORRENTES DE SENTENÇAS JUDICIAIS 
",5,
1910081106000000001101000,"Multas Decorrentes de Sentenças Judiciais 
",5,
1910090000000000000000000,MULTAS E JUROS PREVISTOS EM CONTRATOS,5,
1910091000000000000000000,MULTAS E JUROS PREVISTOS EM CONTRATOS,5,
1910091100000000000000000,MULTAS E JUROS PREVISTOS EM CONTRATOS - PRINCIPAL,5,
1910091101000000000000000,MULTAS E JUROS - CONTRATOS - FUNDURB,5,
1910091101000000001100000,MULTAS E JUROS - CONTRATOS - FUNDURB,5,
1910091101000000001101000,Multas e Juros - Contratos - FUNDURB,5,
1910091101000000001109000,TOTAL DEDUÇÕES MULTAS E JUROS - CONTRATOS - FUNDURB,5,
1910091101000000001109001,Deduções Multas e Juros - Contratos - FUNDURB,5,
1910091102000000000000000,MULTAS E JUROS - CONTRATOS PMSP,5,
1910091102000000001100000,MULTAS E JUROS - CONTRATOS PMSP,5,
1910091102000000001101000,Multas e Juros - Contratos PMSP,5,
1910091102000000001109000,TOTAL DEDUÇÕES MULTAS E JUROS - CONTRATOS PMSP,5,
1910091102000000001109001,Deduções Multas e Juros - Contratos PMSP,5,
1910091103000000000000000,MULTAS E JUROS - CONTRATOS ADMINISTRAÇÃO INDIRETA,5,
1910091103000000001100000,MULTAS E JUROS - CONTRATOS ADMINISTRAÇÃO INDIRETA,5,
1910091103000000001101000,Multas e Juros - Contratos Administração Indireta,5,
1910091103000000001109000,TOTAL DEDUÇÕES MULTAS E JUROS - CONTRATOS ADMINISTRAÇÃO INDIRETA,5,
1910091103000000001109001,Deduções Multas e Juros - Contratos Administração Indireta,5,
1910091104000000000000000,MULTAS E JUROS - CONTRATOS LEGISLATIVO,5,
1910091104000000001100000,MULTAS E JUROS - CONTRATOS LEGISLATIVO,5,
1910091104000000001101000,Multas e Juros - Contratos Legislativo,5,
1910091104000000001109000,TOTAL DEDUÇÕES MULTAS E JUROS - CONTRATOS LEGISLATIVO,5,
1910091104000000001109001,Deduções Multas e Juros - Contratos Legislativo,5,
1910091105000000000000000,MULTAS E JUROS - CONTRATOS LEGISLATIVOS - CMSP,5,
1910091105000000001100000,MULTAS E JUROS - CONTRATOS LEGISLATIVOS - CMSP,5,
1910091105000000001101000,Multas e Juros - Contratos Legislativos  - CMSP,5,
1910091106000000000000000,MULTAS E JUROS - CONTRATOS LEGISLATIVOS - FECAM,5,
1910091106000000001100000,MULTAS E JUROS - CONTRATOS LEGISLATIVOS - FECAM,5,
1910091106000000001101000,Multas e Juros - Contratos Legislativos - FECAM,5,
1910091107000000000000000,MULTAS E JUROS CONTRATUAIS – FEMA ,5,
1910091107000000001100000,MULTAS E JUROS CONTRATUAIS – FEMA ,5,
1910091107000000001101000,"Multas e Juros Contratuais – FEMA 
",5,
1910091200000000000000000,MULTAS E JUROS PREVISTOS EM CONTRATOS - MULTAS E JUROS,5,
1910091207000000000000000,MULTAS PREVISTAS EM CONTRATOS - FEMA - MULTAS E JUROS,5,
1910091207000000001100000,MULTAS PREVISTAS EM CONTRATOS - FEMA - MULTAS E JUROS,5,
1910091207000000001101000,Multas Previstas em Contratos - FEMA - Multas e Juros,5,
1910100000000000000000000,MULTAS PREVISTAS NA LEGISLAÇÃO SOBRE REGIME DE PREVIDÊNCIA PRIVADA COMPLEMENTAR,5,
1910101000000000000000000,MULTAS PREVISTAS NA LEGISLAÇÃO SOBRE REGIME DE PREVIDÊNCIA PRIVADA COMPLEMENTAR,5,
1910110000000000000000000,MULTA POR DESCUMPRIMENTO DE OBRIGAÇÃO PREVIDENCIÁRIA ACESSÓRIA,5,
1910111000000000000000000,MULTA POR DESCUMPRIMENTO DE OBRIGAÇÃO PREVIDENCIÁRIA ACESSÓRIA,5,
1920000000000000000000000,"INDENIZAÇÕES, RESTITUIÇÕES E RESSARCIMENTOS",5,
1921000000000000000000000,INDENIZAÇÕES,5,
1921010000000000000000000,INDENIZAÇÕES POR DANOS CAUSADOS AO PATRIMÔNIO PÚBLICO,5,
1921011000000000000000000,INDENIZAÇÕES POR DANOS CAUSADOS AO PATRIMÔNIO PÚBLICO,5,
1921011100000000000000000,INDENIZAÇÕES POR DANOS CAUSADOS AO PATRIMÔNIO PÚBLICO - PRINCIPAL,5,
1921011101000000000000000,INDENIZAÇÕES P/ CALÇAMENTOS REPOSTOS,5,
1921011101000000001100000,INDENIZAÇÕES P/ CALÇAMENTOS REPOSTOS,5,
1921011101000000001101000,Indenizações p/ Calçamentos Repostos,5,
1921011101000000001109000,TOTAL DEDUÇÕES INDENIZAÇÕES P/ CALÇAMENTOS REPOSTOS,5,
1921011101000000001109001,Deduções Indenizações p/ Calçamentos Repostos,5,
1921011102000000000000000,INDENIZAÇÕES DE COMPANHIAS SEGURADORAS,5,
1921011102000000001100000,INDENIZAÇÕES DE COMPANHIAS SEGURADORAS,5,
1921011102000000001101000,Indenizações de Companhias Seguradoras,5,
1921011102000000001109000,TOTAL DEDUÇÕES INDENIZAÇÕES DE COMPANHIAS SEGURADORAS,5,
1921011102000000001109001,Deduções Indenizações de Companhias Seguradoras,5,
1921011103000000000000000,INDENIZAÇÃO DANOS FÍSICOS: UNID. HABITACIONAIS FMH,5,
1921011103000000001100000,INDENIZAÇÃO DANOS FÍSICOS: UNID. HABITACIONAIS FMH,5,
1921011103000000001101000,Indenização Danos Físicos: Unid. Habitacionais FMH,5,
1921011103000000001109000,TOTAL DEDUÇÕES INDENIZAÇÃO DANOS FÍSICOS: UNID. HABITACIONAIS FMH,5,
1921011103000000001109001,Deduções Indenização Danos Físicos: Unid. Habitacionais FMH,5,
1921011104000000000000000,OUTRAS INDENIZAÇÕES POR DANOS CAUSADOS AO PATRIMÔNIO PÚBLICO,5,
1921011104000000001100000,OUTRAS INDENIZAÇÕES POR DANOS CAUSADOS AO PATRIMÔNIO PÚBLICO,5,
1921011104000000001101000,Outras Indenizações por Danos Causados ao Patrimônio Público,5,
1921011104000000001109000,TOTAL DEDUÇÕES OUTRAS INDENIZAÇÕES POR DANOS CAUSADOS AO PATRIMÔNIO PÚBLICO,5,
1921011104000000001109001,Deduções Outras Indenizações por Danos Causados ao Patrimônio Público,5,
1921011105000000000000000,OUTRAS INDENIZAÇÕES POR DANOS CAUSADOS AO PATRIMÔNIO PÚBLICO - FOLHA PAGAMENTO,5,
1921011105000000001100000,OUTRAS INDENIZAÇÕES POR DANOS CAUSADOS AO PATRIMÔNIO PÚBLICO - FOLHA PAGAMENTO,5,
1921011105000000001101000,Outras Indenizações por Danos Causados ao Patrimônio Público - Folha Pagamento,5,
1921011105000000001109000,TOTAL DEDUÇÕES OUTRAS INDENIZAÇÕES POR DANOS CAUSADOS AO PATRIMÔNIO PÚBLICO - FOLHA PAGAMENTO,5,
1921011105000000001109001,Deduções Outras Indenizações por Danos Causados ao Patrimônio Público - Folha Pagamento,5,
1921011106000000000000000,INDENIZAÇÃO POR DANOS E IMPROBIDADE ADMINISTRATIVA,5,
1921011106010000000000000,INDENIZAÇÃO POR DANOS E IMPROBIDADE ADMINISTRATIVA,5,
1921011106010010000000000,Indenização por danos e Improbidade Administrativa- ODEBRECHT,5,
1921011106010010001100000,Indenização por danos e Improbidade Administrativa- ODEBRECHT,5,
1921011106010010001101000,Indenização por danos e Improbidade Administrativa- ODEBRECHT,5,
1921011106010020000000000,"INDENIZAÇÃO POR DANOS E IMPROBIDADE ADMINISTRATIVA
",5,
1921011106010020001100000,"INDENIZAÇÃO POR DANOS E IMPROBIDADE ADMINISTRATIVA
",5,
1921011106010020001101000,"Indenização por danos e Improbidade Administrativa
",5,
1921011200000000000000000,INDENIZAÇÕES POR DANOS CAUSADOS AO PATRIMÔNIO PÚBLICO - MULTAS E JUROS,5,
1921011206000000000000000,"INDENIZAÇÃO POR DANOS E IMPROBIDADE ADMINISTRATIVA – MULTAS E JUROS
",5,
1921011206010000000000000,"INDENIZAÇÃO POR DANOS E IMPROBIDADE ADMINISTRATIVA – MULTAS E JUROS
",5,
1921011206010020000000000,"INDENIZAÇÃO POR DANOS E IMPROBIDADE ADMINISTRATIVA - MULTAS E JUROS
",5,
1921011206010020001100000,"INDENIZAÇÃO POR DANOS E IMPROBIDADE ADMINISTRATIVA - MULTAS E JUROS
",5,
1921011206010020001101000,"Indenização por danos e Improbidade Administrativa - Multas e Juros
",5,
1921020000000000000000000,INDENIZAÇÃO POR POSSE OU OCUPAÇÃO ILÍCITA DE BENS PÚBLICOS,5,
1921021000000000000000000,INDENIZAÇÃO POR POSSE OU OCUPAÇÃO ILÍCITA DE BENS PÚBLICOS,5,
1921021100000000000000000,INDENIZAÇÃO POR POSSE OU OCUPAÇÃO ILÍCITA DE BENS PÚBLICOS - PRINCIPAL,5,
1921021101000000000000000,INDENIZAÇÃO POR POSSE OU OCUPAÇÃO ILÍCITA DE BENS PÚBLICOS,5,
1921021101000000001100000,INDENIZAÇÃO POR POSSE OU OCUPAÇÃO ILÍCITA DE BENS PÚBLICOS,5,
1921021101000000001101000,Indenização por Posse ou Ocupação Ilícita de Bens Públicos,5,
1921021200000000000000000,INDENIZAÇÃO POR POSSE OU OCUPAÇÃO ILÍCITA DE BENS PÚBLICOS - MULTAS E JUROS,5,
1921021201000000000000000,INDENIZAÇÃO POR POSSE OU OCUPAÇÃO ILÍCITA DE BENS PÚBLICOS - MULTAS E JUROS,5,
1921021201000000001100000,INDENIZAÇÃO POR POSSE OU OCUPAÇÃO ILÍCITA DE BENS PÚBLICOS - MULTAS E JUROS,5,
1921021201000000001101000,Indenização por Posse ou Ocupação Ilícita de Bens Públicos - Multas e Juros,5,
1921030000000000000000000,INDENIZAÇÃO POR SINISTRO,5,
1921031000000000000000000,INDENIZAÇÃO POR SINISTRO,5,
1921031100000000000000000,INDENIZAÇÃO POR SINISTRO - PRINCIPAL,5,
1921031101000000000000000,SINISTROS DE BENS MÓVEIS - PMSP,5,
1921031101000000001100000,SINISTROS DE BENS MÓVEIS - PMSP,5,
1921031101000000001101000,Sinistros de Bens Móveis - PMSP,5,
1921031101000000001109000,TOTAL DEDUÇÕES SINISTROS DE BENS MÓVEIS - PMSP,5,
1921031101000000001109001,Deduções Sinistros de Bens Móveis - PMSP,5,
1921990000000000000000000,OUTRAS INDENIZAÇÕES,5,
1921991000000000000000000,OUTRAS INDENIZAÇÕES,5,
1921991100000000000000000,OUTRAS INDENIZAÇÕES - PRINCIPAL,5,
1921991101000000000000000,OUTRAS INDENIZAÇÕES - PMSP,5,
1921991101000000001100000,OUTRAS INDENIZAÇÕES - PMSP,5,
1921991101000000001101000,Outras Indenizações - PMSP,5,
1921991101000000001109000,TOTAL DEDUÇÕES OUTRAS INDENIZAÇÕES - PMSP,5,
1921991101000000001109001,Deduções Outras Indenizações - PMSP,5,
1921991102000000000000000,INDENIZAÇÕES - TERMO DE AJUSTAMENTO DE CONDUTA - FMDC,5,
1921991102000000001100000,INDENIZAÇÕES - TERMO DE AJUSTAMENTO DE CONDUTA - FMDC,5,
1921991102000000001101000,Indenizações - Termo de Ajustamento de Conduta - FMDC,5,
1921991102000000001109000,TOTAL DEDUÇÕES INDENIZAÇÕES - TERMO DE AJUSTAMENTO DE CONDUTA - FMDC,5,
1921991102000000001109001,Deduções Indenizações - Termo de Ajustamento de Conduta - FMDC,5,
1921991103000000000000000,INDENIZAÇÕES - DECISÕES JUDICIAIS - FMDC,5,
1921991103000000001100000,INDENIZAÇÕES - DECISÕES JUDICIAIS - FMDC,5,
1921991103000000001101000,Indenizações - Decisões Judiciais - FMDC,5,
1921991103000000001109000,TOTAL DEDUÇÕES INDENIZAÇÕES - DECISÕES JUDICIAIS - FMDC,5,
1921991103000000001109001,Deduções Indenizações - Decisões Judiciais - FMDC,5,
1922000000000000000000000,RESTITUIÇÕES,5,
1922010000000000000000000,RESTITUIÇÃO DE CONVÊNIOS,5,
1922011000000000000000000,RESTITUIÇÃO DE CONVÊNIOS - PRIMÁRIAS,5,
1922011100000000000000000,RESTITUIÇÃO DE CONVÊNIOS - PRIMÁRIAS - PRINCIPAL,5,
1922011101000000000000000,RESTITUIÇÕES DE VALORES NÃO UTILIZADOS EM CONVÊNIOS,5,
1922011101000000001100000,RESTITUIÇÕES DE VALORES NÃO UTILIZADOS EM CONVÊNIOS,5,
1922011101000000001101000,Restituições de valores não utilizados em convênios,5,
1922011101000000001109000,TOTAL DEDUÇÕES RESTITUIÇÕES DE VALORES NÃO UTILIZADOS EM CONVÊNIOS,5,
1922011101000000001109001,Deduções Restituições de valores não utilizados em convênios,5,
1922011102000000000000000,RESSARCIMENTO POR APLICAÇÃO INDEVIDA DA URV/94 - SUS,5,
1922011102000000001100000,RESSARCIMENTO POR APLICAÇÃO INDEVIDA DA URV/94 - SUS,5,
1922011102000000001101000,Ressarcimento por Aplicação Indevida da URV/94 - SUS,5,
1922011102000000001109000,TOTAL DEDUÇÕES RESSARCIMENTO POR APLICAÇÃO INDEVIDA DA URV/94 - SUS,5,
1922011102000000001109001,Deduções Ressarcimento por Aplicação Indevida da URV/94 - SUS,5,
1922011103000000000000000,RESTITUIÇÕES DE VALORES NÃO UTILIZADOS EM CONVÊNIOS- FMAS,5,
1922011103000000001100000,RESTITUIÇÕES DE VALORES NÃO UTILIZADOS EM CONVÊNIOS- FMAS,5,
1922011103000000001101000,Restituições de valores não utilizados em convênios- FMAS,5,
1922011104000000000000000,RESTITUIÇÃO DE CONVÊNIOS - PRIMÁRIAS - FUNDAÇÃO ZERBINI,5,
1922011104000000001100000,RESTITUIÇÃO DE CONVÊNIOS - PRIMÁRIAS - FUNDAÇÃO ZERBINI,5,
1922011104000000001101000,Restituição de Convênios - Primárias - Fundação Zerbini,5,
1922011105000000000000000,RESTITUIÇÃO ORIUNDA DE ENTIDADES PARCEIRAS - RECURSOS UNIÃO,5,
1922011105000000001100000,RESTITUIÇÃO ORIUNDA DE ENTIDADES PARCEIRAS - RECURSOS UNIÃO,5,
1922011105000000001101000,Restituição Oriunda de Entidades Parceiras - Recursos União,5,
1922011106000000000000000,RESTITUIÇÃO ORIUNDA DE ENTIDADES PARCEIRAS - RECURSOS ESTADO,5,
1922011106000000001100000,RESTITUIÇÃO ORIUNDA DE ENTIDADES PARCEIRAS - RECURSOS ESTADO,5,
1922011106000000001101000,Restituição Oriunda de Entidades Parceiras - Recursos Estado,5,
1922012000000000000000000,RESTITUIÇÃO DE CONVÊNIOS - FINANCEIRAS,5,
1922012100000000000000000,RESTITUIÇÃO DE CONVÊNIOS - FINANCEIRAS - PRINCIPAL,5,
1922012101000000000000000,RESTITUIÇÃO DE CONVÊNIOS - FINANCEIRAS - FUNDAÇÃO ZERBINI,5,
1922012101000000001100000,RESTITUIÇÃO DE CONVÊNIOS - FINANCEIRAS - FUNDAÇÃO ZERBINI,5,
1922012101000000001101000,Restituição de Convênios - Financeiras - Fundação Zerbini,5,
1922020000000000000000000,RESTITUIÇÃO DE BENEFÍCIOS NÃO DESEMBOLSADOS,5,
1922021000000000000000000,RESTITUIÇÃO DE BENEFÍCIOS NÃO DESEMBOLSADOS,5,
1922030000000000000000000,RESTITUIÇÃO DE BENEFÍCIOS PREVIDENCIÁRIOS,5,
1922031000000000000000000,RESTITUIÇÃO DE BENEFÍCIOS PREVIDENCIÁRIOS,5,
1922031100000000000000000,RESTITUIÇÃO DE BENEFÍCIOS PREVIDENCIÁRIOS - PRINCIPAL,5,
1922031101000000000000000,RESTITUIÇÃO DE BENEFÍCIOS PREVIDENCIÁRIOS - IPREM,5,
1922031101000000001100000,RESTITUIÇÃO DE BENEFÍCIOS PREVIDENCIÁRIOS - IPREM,5,
1922031101000000001101000,Restituição de Benefícios Previdenciários - IPREM,5,
1922031102000000000000000,RESTITUIÇÃO DE BENEFÍCIOS PREVIDENCIÁRIOS – INSCRITOS – IPREM,5,
1922031102000000001100000,RESTITUIÇÃO DE BENEFÍCIOS PREVIDENCIÁRIOS – INSCRITOS – IPREM,5,
1922031102000000001101000,Restituição de Benefícios Previdenciários – Inscritos – IPREM,5,
1922031102000000001200000,RESTITUIÇÃO DE BENEFÍCIOS PREVIDENCIÁRIOS - INSCRITOS - IPREM - PARCELAMENTO,5,
1922031102000000001201000,Restituição de Benefícios Previdenciários - Inscritos - IPREM - Parcelamento,5,
1922031103000000000000000,RESTITUIÇÃO DE BENEFÍCIOS PREVIDENCIÁRIOS – EXECUÇÃO – IPREM,5,
1922031103000000001100000,RESTITUIÇÃO DE BENEFÍCIOS PREVIDENCIÁRIOS – EXECUÇÃO – IPREM,5,
1922031103000000001101000,"Restituição de Benefícios Previdenciários – Execução – IPREM
",5,
1922031103000000001200000,RESTITUIÇÃO DE BENEFÍCIOS PREVIDENCIÁRIOS - EXECUÇÃO - IPREM - PARCELAMENTO,5,
1922031103000000001201000,"Restituição de Benefícios Previdenciários - Execução - IPREM
 - Parcelamento",5,
1922040000000000000000000,RESTITUIÇÃO DE BENEFÍCIOS ASSISTENCIAIS,5,
1922041000000000000000000,RESTITUIÇÃO DE BENEFÍCIOS ASSISTENCIAIS,5,
1922050000000000000000000,RESTITUIÇÃO DE CONTRIBUIÇÕES PREVIDENCIÁRIAS COMPLEMENTARES,5,
1922051000000000000000000,RESTITUIÇÃO DE CONTRIBUIÇÕES PREVIDENCIÁRIAS COMPLEMENTARES,5,
1922060000000000000000000,RESTITUIÇÃO DE DESPESAS DE EXERCÍCIOS ANTERIORES,5,
1922061000000000000000000,RESTITUIÇÃO DE DESPESAS DE EXERCÍCIOS ANTERIORES,5,
1922061100000000000000000,RESTITUIÇÃO DE DESPESAS DE EXERCÍCIOS ANTERIORES - PRINCIPAL,5,
1922061101000000000000000,RESTITUIÇÃO DE DESPESAS DE EXERCÍCIOS ANTERIORES,5,
1922061101000000001100000,RESTITUIÇÃO  DE DESPESAS DE EXERCÍCIOS ANTERIORES,5,
1922061101000000001101000,Restituição de Despesas de Exercícios Anteriores,5,
1922061101000000001109000,TOTAL DEDUÇÕES RECUPERAÇÃO DE DESPESAS DE EXERCÍCIOS ANTERIORES,5,
1922061101000000001109001,Deduções Recuperação de Despesas de Exercícios Anteriores,5,
1922061102000000000000000,RESTITUIÇÃO DE DESPESAS DE EXERCÍCIOS ANTERIORES - FMAS,5,
1922061102000000001100000,RESTITUIÇÃO DE DESPESAS DE EXERCÍCIOS ANTERIORES- FMAS,5,
1922061102000000001101000,Restituição de Despesas de Exercícios Anteriores- FMAS,5,
1922061103000000000000000,RESTITUIÇÃO DE DESPESAS DE EXERCÍCIOS ANTERIORES - AGENTES PÚBLICOS FALECIDOS,5,
1922061103000000001100000,RESTITUIÇÃO DE DESPESAS DE EXERCÍCIOS ANTERIORES - AGENTES PÚBLICOS FALECIDOS,5,
1922061103000000001101000,Restituição de Despesas de Exercícios Anteriores - Agentes Públicos Falecidos,5,
1922061104000000000000000,RESTITUIÇÃO DE DESPESAS DE EXERCÍCIOS ANTERIORES - RECURSOS VINCULADOS - FCE,5,
1922061104000000001100000,RESTITUIÇÃO DE DESPESAS DE EXERCÍCIOS ANTERIORES - RECURSOS VINCULADOS - FCE,5,
1922061104000000001101000,Restituição de Despesas de Exercícios Anteriores - Recursos Vinculados - FCE,5,
1922061105000000000000000,RESTITUIÇÃO DE DESPESAS DE EXERCÍCIOS ANTERIORES - SALDO NÃO UTILIZADO DE ADIANTAMENTO,5,
1922061105000000001100000,RESTITUIÇÃO DE DESPESAS DE EXERCÍCIOS ANTERIORES - SALDO NÃO UTILIZADO DE ADIANTAMENTO,5,
1922061105000000001101000,Restituição de Despesas de Exercícios Anteriores - Saldo Não Utilizado de Adiantamento,5,
1922061106000000000000000,RESTITUIÇÃO DE DESPESAS DE EXERCÍCIOS ANTERIORES - SALDO DECORRENTES DA REVISÃO DE CÁLCULO DE PRECAT,5,
1922061106000000001100000,RESTITUIÇÃO DE DESPESAS DE EXERCÍCIOS ANTERIORES - SALDO DECORRENTES DA REVISÃO DE CÁLCULO DE PRECAT,5,
1922061106000000001101000,Restituição de Despesas de Exercícios Anteriores - Saldo decorrentes da revisão de cálculo de precat,5,
1922061107000000000000000,RESTITUIÇÃO DE DESPESAS DE EXERCÍCIOS ANTERIORES - SALDO NÃO UTILIZADO DE ADIANTAMENTO - FMS,5,
1922061107000000001100000,RESTITUIÇÃO DE DESPESAS DE EXERCÍCIOS ANTERIORES - SALDO NÃO UTILIZADO DE ADIANTAMENTO - FMS,5,
1922061107000000001101000,Restituição de Despesas de Exercícios Anteriores - Saldo Não Utilizado de Adiantamento - FMS,5,
1922061108000000000000000,RESTITUIÇÃO DE DESPESAS DE EXERCÍCIOS ANTERIORES - SALDO NÃO UTILIZADO DE ADIANTAMENTO - FUNDIP,5,
1922061108000000001100000,RESTITUIÇÃO DE DESPESAS DE EXERCÍCIOS ANTERIORES - SALDO NÃO UTILIZADO DE ADIANTAMENTO - FUNDIP,5,
1922061108000000001101000,Restituição de Despesas de Exercícios Anteriores - Saldo Não Utilizado de Adiantamento - FUNDIP,5,
1922061109000000000000000,RESTITUIÇÃO DE DESPESAS DE EXERCÍCIOS ANTERIORES COM ÁGUA E ENERGIA ELÉTRICA - FUNDIP,5,
1922061109000000001100000,RESTITUIÇÃO DE DESPESAS DE EXERCÍCIOS ANTERIORES COM ÁGUA E ENERGIA ELÉTRICA - FUNDIP,5,
1922061109000000001101000,Restituição de Despesas de Exercícios Anteriores com Água e Energia Elétrica - FUNDIP,5,
1922070000000000000000000,RESTITUIÇÃO DE PARCELAS DO SEGURO DESEMPREGO RECEBIDAS INDEVIDAMENTE,5,
1922071000000000000000000,RESTITUIÇÃO DE PARCELAS DO SEGURO DESEMPREGO RECEBIDAS INDEVIDAMENTE,5,
1922080000000000000000000,RESTITUIÇÃO DE GARANTIAS PRESTADAS,5,
1922081000000000000000000,RESTITUIÇÃO DE GARANTIAS PRESTADAS,5,
1922090000000000000000000,RESTITUIÇÃO DE RECURSOS DE FOMENTO,5,
1922091000000000000000000,RESTITUIÇÃO DE RECURSOS DE FOMENTO,5,
1922100000000000000000000,RESTITUIÇÃO DECORRENTE DA NÃO APLICAÇÃO DE INCENTIVOS FISCAIS,5,
1922101000000000000000000,RESTITUIÇÃO DECORRENTE DA NÃO APLICAÇÃO DE INCENTIVOS FISCAIS RELATIVOS À LEI ROUANET,5,
1922102000000000000000000,RESTITUIÇÃO DECORRENTE DA NÃO APLICAÇÃO DE INCENTIVOS FISCAIS RELATIVOS À LEI DO AUDIOVISUAL,5,
1922110000000000000000000,RESTITUIÇÃO DECORRENTE DA APLICAÇÃO IRREGULAR DE RECURSOS ELEITORAIS,5,
1922111000000000000000000,RESTITUIÇÃO DECORRENTE DA APLICAÇÃO IRREGULAR DE RECURSOS ELEITORAIS,5,
1922990000000000000000000,OUTRAS RESTITUIÇÕES,5,
1922991000000000000000000,OUTRAS RESTITUIÇÕES,5,
1922991100000000000000000,OUTRAS RESTITUIÇÕES - PRINCIPAL,5,
1922991101000000000000000,OUTRAS RESTITUIÇÕES - FUMCAD,5,
1922991101000000001100000,OUTRAS RESTITUIÇÕES - FUMCAD,5,
1922991101000000001101000,Outras Restituições - FUMCAD,5,
1922991101000000001109000,TOTAL DEDUÇÕES OUTRAS RESTITUIÇÕES - FUMCAD,5,
1922991101000000001109001,Deduções Outras Restituições - FUMCAD,5,
1922991102000000000000000,RESTITUIÇÃO ESTADO X SIURB,5,
1922991102000000001100000,RESTITUIÇÃO ESTADO X SIURB,5,
1922991102000000001101000,Restituição ESTADO X SIURB,5,
1922991102000000001109000,TOTAL DEDUÇÕES RESTITUIÇÃO ESTADO X SIURB,5,
1922991102000000001109001,Deduções Restituição ESTADO X SIURB,5,
1922991103000000000000000,RESTITUIÇÕES DIVERSAS - FMS,5,
1922991103000000001100000,RESTITUIÇÕES DIVERSAS - FMS,5,
1922991103000000001101000,Restituições Diversas - FMS,5,
1922991103000000001109000,TOTAL DEDUÇÕES RESTITUIÇÕES DIVERSAS - FMS,5,
1922991103000000001109001,Deduções Restituições Diversas - FMS,5,
1922991104000000000000000,"RESTITUIÇÕES DIVERSAS - FUNDO MUNICIPAL DE ESPORTES, LAZER E RECREAÇÃO",5,
1922991104000000001100000,"RESTITUIÇÕES DIVERSAS - FUNDO MUNICIPAL DE ESPORTES, LAZER E RECREAÇÃO",5,
1922991104000000001101000,"Restituições Diversas - Fundo Municipal de Esportes, Lazer e Recreação",5,
1922991104000000001109000,"TOTAL DEDUÇÕES RESTITUIÇÕES DIVERSAS - FUNDO MUNICIPAL DE ESPORTES, LAZER E RECREAÇÃO",5,
1922991104000000001109001,"Deduções Restituições Diversas - Fundo Municipal de Esportes, Lazer e Recreação",5,
1922991105000000000000000,REEMBOLSO DE PRESTAÇÃO DE MUTUÁRIOS - COHAB,5,
1922991105000000001100000,REEMBOLSO DE PRESTAÇÃO DE MUTUÁRIOS - COHAB,5,
1922991105000000001101000,Reembolso de Prestação de Mutuários - COHAB,5,
1922991105000000001109000,TOTAL DEDUÇÕES REEMBOLSO DE PRESTAÇÃO DE MUTUÁRIOS - COHAB,5,
1922991105000000001109001,Deduções Reembolso de Prestação de Mutuários - COHAB,5,
1922991106000000000000000,REEMBOLSO DE VALE TRANSPORTE,5,
1922991106000000001100000,REEMBOLSO DE VALE TRANSPORTE,5,
1922991106000000001101000,Reembolso de Vale Transporte,5,
1922991106000000001109000,TOTAL DEDUÇÕES REEMBOLSO DE VALE TRANSPORTE,5,
1922991106000000001109001,Deduções Reembolso de Vale Transporte,5,
1922991107000000000000000,REEMBOLSO DE VALE REFEIÇÃO,5,
1922991107000000001100000,REEMBOLSO DE VALE REFEIÇÃO,5,
1922991107000000001101000,Reembolso de Vale Refeição,5,
1922991107000000001109000,TOTAL DEDUÇÕES REEMBOLSO DE VALE REFEIÇÃO,5,
1922991107000000001109001,Deduções Reembolso de Vale Refeição,5,
1922991108000000000000000,REEMBOLSO DE VALE ALIMENTAÇÃO,5,
1922991108000000001100000,REEMBOLSO DE VALE ALIMENTAÇÃO,5,
1922991108000000001101000,Reembolso de Vale Alimentação,5,
1922991108000000001109000,TOTAL DEDUÇÕES REEMBOLSO DE VALE ALIMENTAÇÃO,5,
1922991108000000001109001,Deduções Reembolso de Vale Alimentação,5,
1922991109000000000000000,REEMBOLSO DE ASSISTÊNCIA ODONTOLÓGICA,5,
1922991109000000001100000,REEMBOLSO DE ASSISTÊNCIA ODONTOLÓGICA,5,
1922991109000000001101000,Reembolso de Assistência Odontológica,5,
1922991109000000001109000,TOTAL DEDUÇÕES REEMBOLSO DE ASSISTÊNCIA ODONTOLÓGICA,5,
1922991109000000001109001,Deduções Reembolso de Assistência Odontológica,5,
1922991110000000000000000,REEMBOLSO DE AUXÍLIO DOENÇA,5,
1922991110000000001100000,REEMBOLSO DE AUXÍLIO DOENÇA,5,
1922991110000000001101000,Reembolso de Auxílio Doença,5,
1922991110000000001109000,TOTAL DEDUÇÕES REEMBOLSO DE AUXÍLIO DOENÇA,5,
1922991110000000001109001,Deduções Reembolso de Auxílio Doença,5,
1922991111000000000000000,OUTROS REEMBOLSOS - FOLHA DE PAGAMENTO,5,
1922991111000000001100000,OUTROS REEMBOLSOS - FOLHA DE PAGAMENTO,5,
1922991111000000001101000,Outros Reembolsos - Folha de Pagamento,5,
1922991111000000001109000,TOTAL DEDUÇÕES OUTROS REEMBOLSOS - FOLHA DE PAGAMENTO,5,
1922991111000000001109001,Deduções Outros Reembolsos - Folha de Pagamento,5,
1922991112000000000000000,RESTITUIÇÕES DIVERSAS,5,
1922991112000000001100000,RESTITUIÇÕES DIVERSAS,5,
1922991112000000001101000,Restituições Diversas,5,
1922991112000000001109000,TOTAL DEDUÇÕES RESTITUIÇÕES DIVERSAS,5,
1922991112000000001109001,Deduções Restituições Diversas,5,
1922991112000000001200000,RECEITA PARCELAMENTO RESTITUIÇÕES DIVERSAS,5,
1922991112000000001201000,TOTAL PARCELAMENTO RESTITUIÇÕES DIVERSAS,5,
1922991112000000001201001,Restituições Diversas - Parcelamentos,5,
1922991112000000001201002,PAT - Restituições Diversas,5,
1922991112000000001201003,PISN - Restituições Diversas,5,
1922991112000000001201004,"PRD - Restituições Diversas
",5,
1922991112000000001209000,TOTAL DEDUÇÕES PARCELAMENTO RESTITUIÇÕES DIVERSAS,5,
1922991112000000001209001,Deduções Restituições Diversas - Parcelamentos,5,
1922991112000000001209002,Deduções PAT - Restituições Diversas,5,
1922991112000000001209003,Deduções PISN - Restituições Diversas,5,
1922991113000000000000000,REEMBOLSOS DE SALÁRIO FAMÍLIA,5,
1922991113000000001100000,REEMBOLSOS DE SALÁRIO FAMÍLIA,5,
1922991113000000001101000,Reembolsos de Salário Família,5,
1922991113000000001109000,TOTAL DEDUÇÕES REEMBOLSOS DE SALÁRIO FAMÍLIA,5,
1922991113000000001109001,Deduções Reembolsos de Salário Família,5,
1922991114000000000000000,REEMBOLSO DE ASSISTÊNCIA MÉDICA,5,
1922991114000000001100000,REEMBOLSO DE ASSISTÊNCIA MÉDICA,5,
1922991114000000001101000,Reembolso de Assistência Médica,5,
1922991114000000001109000,TOTAL DEDUÇÕES REEMBOLSO DE ASSISTÊNCIA MÉDICA,5,
1922991114000000001109001,Deduções Reembolso de Assistência Médica,5,
1922991115000000000000000,RESTITUIÇÕES DIVERSAS - FMDC,5,
1922991115000000001100000,RESTITUIÇÕES DIVERSAS - FMDC,5,
1922991115000000001101000,Restituições Diversas - FMDC,5,
1922991115000000001109000,TOTAL DEDUÇÕES RESTITUIÇÕES DIVERSAS - FMDC,5,
1922991115000000001109001,Deduções Restituições Diversas - FMDC,5,
1922991116000000000000000,RESTITUIÇÕES DE BLOQUEIOS JUDICIAIS,5,
1922991116000000001100000,RESTITUIÇÕES DE BLOQUEIOS JUDICIAIS,5,
1922991116000000001101000,Restituições de Bloqueios Judiciais,5,
1922991116000000001109000,TOTAL DEDUÇÕES RESTITUIÇÕES DE BLOQUEIOS JUDICIAIS,5,
1922991116000000001109001,Deduções Restituições de Bloqueios Judiciais,5,
1922991117000000000000000,REEMBOLSO DE DESPESAS - FED/TCM,5,
1922991117000000001100000,"REEMBOLSO DE DESPESAS - FED/TCM
",5,
1922991117000000001101000,"Reembolso de Despesas - FED/TCM
",5,
1922991118000000000000000,RESTITUIÇÕES - S.D.A.,5,
1922991118000000001100000,RESTITUIÇÕES - S.D.A.,5,
1922991118000000001101000,Restituições - S.D.A.,5,
1922991119000000000000000,SALDO REMANESCENTE DE CONTRATO DE PRESTAÇÃO DE SERVIÇO,5,
1922991119000000001100000,SALDO REMANESCENTE DE CONTRATO DE PRESTAÇÃO DE SERVIÇO,5,
1922991119000000001101000,Saldo Remanescente de Contrato de Prestação de Serviço,5,
1922991120000000000000000,"RESTITUIÇÃO - AGENTES PÚBLICOS DEMITIDOS, EXONERADOS, LICENCIADOS OU FALECIDOS",5,
1922991120000000001100000,"RESTITUIÇÃO - AGENTES PÚBLICOS DEMITIDOS, EXONERADOS, LICENCIADOS OU FALECIDOS",5,
1922991120000000001101000,"Restituição - Agentes Públicos Demitidos, Exonerados, Licenciados ou Falecidos",5,
1922991121000000000000000,RESTITUIÇÕES - DÉBITOS DE SERVIDORES MUNICIPAIS ATIVOS,5,
1922991121000000001100000,RESTITUIÇÕES - DÉBITOS DE SERVIDORES MUNICIPAIS ATIVOS,5,
1922991121000000001101000,Restituições - Débitos de Servidores Municipais Ativos,5,
1922991122000000000000000,REEMBOLSO DE DESPESAS - FECAM,5,
1922991122000000001100000,REEMBOLSO DE DESPESAS - FECAM,5,
1922991122000000001101000,Reembolso de Despesas - FECAM,5,
1922991123000000000000000,RESTITUIÇÕES - ADIANTAMENTO,5,
1922991123000000001100000,RESTITUIÇÕES - ADIANTAMENTO,5,
1922991123000000001101000,Restituições - Glosa Adiantamento,5,
1922991123000000001109000,TOTAL DEDUÇÕES RESTITUIÇÕES - ADIANTAMENTO,5,
1922991123000000001109001,"Deduções Restituições - Adiantamento
",5,
1922991125000000000000000,REEMBOLSO DE DESPESAS COM ÁGUA E ENERGIA ELÉTRICA,5,
1922991125000000001100000,REEMBOLSO DE DESPESAS COM ÁGUA E ENERGIA ELÉTRICA,5,
1922991125000000001101000,Reembolso de despesas com água e energia elétrica,5,
1922991126000000000000000,RESTITUIÇÃO DE DESPESAS RELATIVAS À CUSTAS JUDICIAIS,5,
1922991126000000001100000,RESTITUIÇÃO DE DESPESAS RELATIVAS À CUSTAS JUDICIAIS,5,
1922991126000000001101000,Restituição de Despesas Relativas à Custas Judiciais,5,
1922991200000000000000000,OUTRAS RESTITUIÇÕES - MULTAS E JUROS,5,
1922991218000000000000000,RESTITUIÇÕES - S.D.A. - MULTAS E JUROS,5,
1922991218000000001100000,RESTITUIÇÕES - S.D.A. - MULTAS E JUROS,5,
1922991218000000001101000,Restituições - S.D.A. - Multas e Juros,5,
1922991219000000000000000,SALDO REMANESCENTE DE CONTRATO DE PRESTAÇÃO DE SERVIÇO - MULTAS E JUROS,5,
1922991219000000001100000,SALDO REMANESCENTE DE CONTRATO DE PRESTAÇÃO DE SERVIÇO - MULTAS E JUROS,5,
1922991219000000001101000,Saldo Remanescente de Contrato de Prestação de Serviço - Multas e Juros,5,
1923000000000000000000000,RESSARCIMENTOS,5,
1923010000000000000000000,RESSARCIMENTO POR OPERADORAS DE SEGUROS PRIVADOS DE ASSISTÊNCIA A SAÚDE,5,
1923011000000000000000000,RESSARCIMENTO POR OPERADORAS DE SEGUROS PRIVADOS DE ASSISTÊNCIA A SAÚDE,5,
1923020000000000000000000,RESSARCIMENTO DE CUSTOS,5,
1923021000000000000000000,RESSARCIMENTO DE CUSTOS,5,
1923021100000000000000000,RESSARCIMENTO DE CUSTOS - PRINCIPAL,5,
1923021100000000001100000,RESSARCIMENTO DE DESPESAS – SPDA,5,
1923021100000000001101000,Ressarcimento de Despesas – SPDA,5,
1923021100000000001109000,TOTAL DEDUÇÕES RESSARCIMENTO DE DESPESAS – SPDA,5,
1923021100000000001109001,Deduções Ressarcimento de Despesas – SPDA,5,
1923030000000000000000000,REVERSÃO DE GARANTIAS,5,
1923031000000000000000000,REVERSÃO DE GARANTIAS,5,
1923040000000000000000000,RESSARCIMENTO AO REGIME GERAL DE PREVIDÊNCIA SOCIAL - RGPS,5,
1923041000000000000000000,RESSARCIMENTO AO REGIME GERAL DE PREVIDÊNCIA SOCIAL - RGPS,5,
1923990000000000000000000,OUTROS RESSARCIMENTOS,5,
1923991000000000000000000,OUTROS RESSARCIMENTOS,5,
1923991100000000000000000,"OUTROS RESSARCIMENTOS - PRINCIPAL
",5,
1923991101000000000000000,"RESSARCIMENTOS DECORRENTES DA COBRANÇA DE DÍVIDA ATIVA
",5,
1923991101000000001100000,"RESSARCIMENTOS DECORRENTES DA COBRANÇA DE DÍVIDA ATIVA
",5,
1923991101000000001101000,"Ressarcimentos Decorrentes da Cobrança de Dívida Ativa
",5,
1923991101000000001109000,"TOTAL DEDUÇÕES RESSARCIMENTOS DECORRENTES DA COBRANÇA DE DÍVIDA ATIVA
",5,
1923991101000000001109001,"Deduções Ressarcimentos Decorrentes da Cobrança de Dívida Ativa
",5,
1923991102000000000000000,OUTROS RESSARCIMENTOS - SPTRANS,5,
1923991102000000001100000,OUTROS RESSARCIMENTOS - SPTRANS,5,
1923991102000000001101000,Outros Ressarcimentos - SPTRANS,5,
1923991103000000000000000,RESSARCIMENTOS DE DESPESAS - FUNDATEC,5,
1923991103000000001100000,RESSARCIMENTOS DE DESPESAS - FUNDATEC,5,
1923991103000000001101000,Ressarcimentos de Despesas - FUNDATEC,5,
1923991104000000000000000,RESSARCIMENTO DE DESPESAS - AUTÓDROMO MUNICIPAL “JOSÉ CARLOS PACE”,5,
1923991104000000001100000,RESSARCIMENTO DE DESPESAS - AUTÓDROMO MUNICIPAL “JOSÉ CARLOS PACE”,5,
1923991104000000001101000,Ressarcimento de Despesas - Autódromo Municipal “José Carlos Pace”,5,
1930000000000000000000000,"BENS, DIREITOS E VALORES INCORPORADOS AO PATRIMÔNIO PÚBLICO",5,
1930010000000000000000000,"BENS, DIREITOS E VALORES PERDIDOS EM FAVOR DO PODER PÚBLICO",5,
1930011000000000000000000,"BENS, DIREITOS E VALORES PERDIDOS EM FAVOR DO PODER PÚBLICO",5,
1930020000000000000000000,ALIENAÇÃO DE BENS APREENDIDOS,5,
1930021000000000000000000,ALIENAÇÃO DE BENS E MERCADORIAS APREENDIDOS,5,
1930021100000000000000000,ALIENAÇÃO DE BENS E MERCADORIAS APREENDIDOS - PRINCIPAL,5,
1930021101000000000000000,RECEITA DE LEILÕES DE MERCADORIAS APREENDIDAS,5,
1930021101000000001100000,RECEITA DE LEILÕES DE MERCADORIAS APREENDIDAS,5,
1930021101000000001101000,Receita de Leilões de Mercadorias Apreendidas,5,
1930021101000000001109000,TOTAL DEDUÇÕES RECEITA DE LEILÕES DE MERCADORIAS APREENDIDAS,5,
1930021101000000001109001,Deduções Receita de Leilões de Mercadorias Apreendidas,5,
1930022000000000000000000,ALIENAÇÃO DE BENS E MERCADORIAS ASSOCIADOS AO TRÁFICO ILÍCITO DE ENTORPECENTES E DROGAS AFINS,5,
1930030000000000000000000,DEPÓSITOS ABANDONADOS (DINHEIRO E/OU OBJETOS DE VALOR),5,
1930031000000000000000000,DEPÓSITOS ABANDONADOS (DINHEIRO E/OU OBJETOS DE VALOR),5,
1930040000000000000000000,PRÊMIOS PRESCRITOS DE CONCURSOS DE PROGNÓSTICOS,5,
1930041000000000000000000,PRÊMIOS PRESCRITOS DE CONCURSOS DE PROGNÓSTICOS,5,
1990000000000000000000000,DEMAIS RECEITAS CORRENTES,5,
1990010000000000000000000,APORTES PERIÓDICOS PARA AMORTIZAÇÃO DE DÉFICIT ATUARIAL DO RPPS,5,
1990011000000000000000000,APORTES PERIÓDICOS PARA AMORTIZAÇÃO DE DÉFICIT ATUARIAL DO RPPS,5,
1990020000000000000000000,APORTES PERIÓDICOS PARA COMPENSAÇÕES AO RGPS,5,
1990021000000000000000000,APORTES PERIÓDICOS PARA COMPENSAÇÕES AO RGPS,5,
1990030000000000000000000,COMPENSAÇÕES FINANCEIRAS ENTRE O REGIME GERAL E OS REGIMES PRÓPRIOS DE PREVIDÊNCIA DOS SERVIDORES,5,
1990031000000000000000000,COMPENSAÇÕES FINANCEIRAS ENTRE O REGIME GERAL E OS REGIMES PRÓPRIOS DE PREVIDÊNCIA DOS SERVIDORES,5,
1990031100000000000000000,COMPENSAÇÕES FINANCEIRAS ENTRE O REGIME GERAL E OS REGIMES PRÓPRIOS DE PREVIDÊNCIA DOS SERVIDORES - ,5,
1990031101000000000000000,COMPENSAÇÕES FINANCEIRAS ENTRE O RGPS E O RPPS,5,
1990031101000000001100000,COMPENSAÇÕES FINANCEIRAS ENTRE O RGPS E O RPPS,5,
1990031101000000001101000,Compensações Financeiras entre o RGPS e o RPPS,5,
1990031101000000001109000,TOTAL DEDUÇÕES COMPENSAÇÕES FINANCEIRAS ENTRE O RGPS E O RPPS,5,
1990031101000000001109001,Deduções Compensações Financeiras entre o RGPS e o RPPS,5,
1990031101000000001200000,PARCELAMENTO DE COMPENSAÇÕES FINANCEIRAS ENTRE O RGPS E O RPPS,5,
1990031101000000001201000,Parcelamento de Compensações Financeiras entre o RGPS e o RPPS,5,
1990031101000000001209000,TOTAL DAS DEDUÇÕES DE PARCELAMENTO DE COMPENSAÇÕES FINANCEIRAS ENTRE O RGPS E O RPPS,5,
1990031101000000001209001,Deduções do Parcelamento de Compensações Financeiras entre o RGPS e o RPPS,5,
1990031200000000000000000,COMPENSAÇÕES FINANCEIRAS ENTRE O REGIME GERAL E OS REGIMES PRÓPRIOS DE PREVIDÊNCIA DOS SERVIDORES - ,5,
1990031201000000000000000,MULTAS E JUROS - COMPENSAÇÕES FINANCEIRAS ENTRE O RGPS E O RPPS,5,
1990031201000000001100000,MULTAS E JUROS - COMPENSAÇÕES FINANCEIRAS ENTRE O RGPS E O RPPS,5,
1990031201000000001101000,Multas e Juros - Compensações Financeiras entre o RGPS e o RPPS,5,
1990031201000000001109000,TOTAL DEDUÇÕES COMPENSAÇÕES FINANCEIRAS ENTRE O RGPS E O RPPS - MULTAS E JUROS,5,
1990031201000000001109001,Deduções Compensações Financeiras entre o RGPS e o RPPS - Multas e Juros,5,
1990040000000000000000000,CONTRIBUIÇÃO AO MONTEPIO CIVIL,5,
1990041000000000000000000,CONTRIBUIÇÃO AO MONTEPIO CIVIL,5,
1990050000000000000000000,BARREIRAS TÉCNICAS AO COMÉRCIO EXTERIOR,5,
1990051000000000000000000,BARREIRAS TÉCNICAS AO COMÉRCIO EXTERIOR,5,
1990060000000000000000000,CONTRAPARTIDA DE SUBVENÇÕES OU SUBSÍDIOS,5,
1990061000000000000000000,CONTRAPARTIDA DE SUBVENÇÕES OU SUBSÍDIOS,5,
1990070000000000000000000,DISPONIBILIDADES DE RECURSOS DO FUNDO SOCIAL,5,
1990071000000000000000000,DISPONIBILIDADES DE RECURSOS DO FUNDO SOCIAL,5,
1990080000000000000000000,PRÊMIO DO SEGURO OBRIGATÓRIO DE DANOS PESSOAIS CAUSADOS POR VEÍCULOS AUTOMOTORES DE VIA TERRESTRE - ,5,
1990081000000000000000000,PRÊMIO DO SEGURO OBRIGATÓRIO DE DANOS PESSOAIS CAUSADOS POR VEÍCULOS AUTOMOTORES DE VIA TERRESTRE - ,5,
1990090000000000000000000,PRESTAÇÃO DE CONTAS ELEITORAIS,5,
1990091000000000000000000,PRESTAÇÃO DE CONTAS ELEITORAIS,5,
1990100000000000000000000,RESERVA GLOBAL DE REVERSÃO,5,
1990101000000000000000000,RESERVA GLOBAL DE REVERSÃO,5,
1990110000000000000000000,VARIAÇÃO CAMBIAL,5,
1990111000000000000000000,VARIAÇÃO CAMBIAL,5,
1990120000000000000000000,ENCARGOS LEGAIS PELA INSCRIÇÃO EM DÍVIDA ATIVA E RECEITAS DE ÔNUS DE SUCUMBÊNCIA,5,
1990121000000000000000000,ENCARGOS LEGAIS PELA INSCRIÇÃO EM DÍVIDA ATIVA,5,
1990121100000000000000000,ENCARGOS LEGAIS PELA INSCRIÇÃO EM DÍVIDA ATIVA - PRINCIPAL,5,
1990121101000000000000000,RECEITA DE HONORÁRIOS DE ADVOGADOS,5,
1990121101010000000000000,RECEITA DE HONORÁRIOS DE ADVOGADOS,5,
1990121101010000001100000,RECEITA DE HONORÁRIOS DE ADVOGADOS,5,
1990121101010000001101000,Receita de Honorários de Advogados,5,
1990121101010000001109000,TOTAL DEDUÇÕES RECEITA DE HONORÁRIOS DE ADVOGADOS,5,
1990121101010000001109001,Deduções Receita de Honorários de Advogados,5,
1990121101010000001200000,PARCELAMENTO RECEITA DE HONORÁRIOS DE ADVOGADOS,5,
1990121101010000001201000,TOTAL PARCELAMENTO RECEITA DE HONORÁRIOS DE ADVOGADOS,5,
1990121101010000001201001,Receita de Honorários de Advogados - Parcelamentos,5,
1990121101010000001201002,PAT - Receita de Honorários de Advogados,5,
1990121101010000001201003,PISN - Receita de Honorários de Advogados,5,
1990121101010000001209000,TOTAL DEDUÇÕES PARCELAMENTO RECEITA DE HONORÁRIOS DE ADVOGADOS,5,
1990121101010000001209001,Deduções Receita de Honorários de Advogados - Parcelamentos,5,
1990121101010000001209002,Deduções PAT - Receita de Honorários de Advogados,5,
1990121101010000001209003,Deduções PISN - Receita de Honorários de Advogados,5,
1990121101020000000000000,RECEITA DE HONORÁRIOS DE ADVOGADOS - FOLHA DE PAGAMENTO,5,
1990121101020000001100000,RECEITA DE HONORÁRIOS DE ADVOGADOS - FOLHA DE PAGAMENTO,5,
1990121101020000001101000,Receita de Honorários de Advogados - Folha de Pagamento,5,
1990121101020000001109000,TOTAL DEDUÇÕES RECEITA DE HONORÁRIOS DE ADVOGADOS - FOLHA DE PAGAMENTO,5,
1990121101020000001109001,Deduções Receita de Honorários de Advogados - Folha de Pagamento,5,
1990121200000000000000000,ENCARGOS LEGAIS PELA INSCRIÇÃO EM DÍVIDA ATIVA - MULTAS E JUROS,5,
1990121201000000000000000,RECEITA DE HONORÁRIOS DE ADVOGADOS - MULTAS E JUROS,5,
1990121201010000000000000,RECEITA DE HONORÁRIOS DE ADVOGADOS - MULTAS E JUROS,5,
1990121201010000001100000,RECEITA DE HONORÁRIOS DE ADVOGADOS - MULTAS E JUROS,5,
1990121201010000001101000,Receita de Honorários de Advogados - Multas e Juros,5,
1990121201010000001109000,TOTAL DEDUÇÕES RECEITA DE HONORÁRIOS DE ADVOGADOS - MULTAS E JUROS,5,
1990121201010000001109001,Deduções Receita de Honorários de Advogados - Multas e Juros,5,
1990121201010000001200000,PARCELAMENTO RECEITA DE HONORÁRIOS DE ADVOGADOS - MULTAS E JUROS,5,
1990121201010000001201000,TOTAL PARCELAMENTO RECEITA DE HONORÁRIOS DE ADVOGADOS - MULTAS E JUROS,5,
1990121201010000001201001,Receita de Honorários de Advogados - Parcelamentos - Multas e Juros,5,
1990121201010000001201002,PAT - Receita de Honorários de Advogados - Multas e Juros,5,
1990121201010000001201003,PISN - Receita de Honorários de Advogados - Multas e Juros,5,
1990121201010000001209000,TOTAL DEDUÇÕES PARCELAMENTO RECEITA DE HONORÁRIOS DE ADVOGADOS - MULTAS E JUROS,5,
1990121201010000001209001,Deduções Receita de Honorários de Advogados - Parcelamentos - Multas e Juros,5,
1990121201010000001209002,Deduções PAT - Receita de Honorários de Advogados - Multas e Juros,5,
1990121201010000001209003,Deduções PISN - Receita de Honorários de Advogados - Multas e Juros,5,
1990121201020000000000000,RECEITA DE HONORÁRIOS DE ADVOGADOS - FOLHA DE PAGAMENTO - MULTAS E JUROS,5,
1990121201020000001100000,RECEITA DE HONORÁRIOS DE ADVOGADOS - FOLHA DE PAGAMENTO - MULTAS E JUROS,5,
1990121201020000001101000,Receita de Honorários de Advogados - Folha de Pagamento - Multas e Juros,5,
1990121201020000001109000,TOTAL DEDUÇÕES RECEITA DE HONORÁRIOS DE ADVOGADOS - FOLHA DE PAGAMENTO - MULTAS E JUROS,5,
1990121201020000001109001,Deduções Receita de Honorários de Advogados - Folha de Pagamento - Multas e Juros,5,
1990122000000000000000000,ÔNUS DE SUCUMBÊNCIA,5,
1990122100000000000000000,ÔNUS DE SUCUMBÊNCIA - PRINCIPAL,5,
1990122101000000000000000,RECEITA DE ÔNUS DE SUCUMBÊNCIA,5,
1990122101010000000000000,RECEITA DE ÔNUS DE SUCUMBÊNCIA,5,
1990122101010000001100000,RECEITA DE ÔNUS DE SUCUMBÊNCIA,5,
1990122101010000001101000,Receita de Ônus de Sucumbência,5,
1990122101010000001109000,TOTAL DEDUÇÕES RECEITA DE ÔNUS DE SUCUMBÊNCIA,5,
1990122101010000001109001,Deduções Receita de Ônus de Sucumbência,5,
1990122101020000000000000,RECEITA DE ÔNUS DE SUCUMBÊNCIA - FOLHA DE PAGAMENTO,5,
1990122101020000001100000,RECEITA DE ÔNUS DE SUCUMBÊNCIA - FOLHA DE PAGAMENTO,5,
1990122101020000001101000,Receita de Ônus de Sucumbência - Folha de Pagamento,5,
1990122101020000001109000,TOTAL DEDUÇÕES RECEITA DE ÔNUS DE SUCUMBÊNCIA - FOLHA DE PAGAMENTO,5,
1990122101020000001109001,Deduções Receita de Ônus de Sucumbência - Folha de Pagamento,5,
1990122200000000000000000,ÔNUS DE SUCUMBÊNCIA - MULTAS E JUROS,5,
1990122201000000000000000,MULTAS E JUROS - RECEITA DE ÔNUS DE SUCUMBÊNCIA,5,
1990122201010000000000000,MULTAS E JUROS - RECEITA DE ÔNUS DE SUCUMBÊNCIA,5,
1990122201010000001100000,MULTAS E JUROS - RECEITA DE ÔNUS DE SUCUMBÊNCIA,5,
1990122201010000001101000,Multas e Juros - Receita de Ônus de Sucumbência,5,
1990122201010000001109000,TOTAL DEDUÇÕES RECEITA DE ÔNUS DE SUCUMBÊNCIA - MULTAS E JUROS,5,
1990122201010000001109001,Deduções Receita de Ônus de Sucumbência - Multas e Juros,5,
1990122201020000000000000,MULTAS E JUROS - RECEITA DE ÔNUS DE SUCUMBÊNCIA - FOLHA DE PAGAMENTO,5,
1990122201020000001100000,MULTAS E JUROS - RECEITA DE ÔNUS DE SUCUMBÊNCIA - FOLHA DE PAGAMENTO,5,
1990122201020000001101000,Multas e Juros - Receita de Ônus de Sucumbência - Folha de Pagamento,5,
1990122201020000001109000,TOTAL DEDUÇÕES RECEITA DE ÔNUS DE SUCUMBÊNCIA - FOLHA DE PAGAMENTO - MULTAS E JUROS,5,
1990122201020000001109001,Deduções Receita de Ônus de Sucumbência - Folha de Pagamento - Multas e Juros,5,
1990990000000000000000000,OUTRAS RECEITAS,5,
1990991000000000000000000,OUTRAS RECEITAS - PRIMÁRIAS,5,
1990991100000000000000000,OUTRAS RECEITAS - PRIMÁRIAS - PRINCIPAL,5,
1990991101000000000000000,REFIS,5,
1990991101000000001200000,REFIS,5,
1990991101000000001201000,REFIS,5,
1990991101000000001209000,TOTAL DEDUÇÕES REFIS,5,
1990991101000000001209001,Deduções REFIS,5,
1990991102000000000000000,RECEITAS EVENTUAIS - FTMSP,5,
1990991102000000001100000,RECEITAS EVENTUAIS - FTMSP,5,
1990991102000000001101000,Receitas Eventuais - FTMSP,5,
1990991102000000001109000,TOTAL DEDUÇÕES RECEITAS EVENTUAIS - FTMSP,5,
1990991102000000001109001,Deduções Receitas Eventuais - FTMSP,5,
1990991103000000000000000,FEPAC,5,
1990991103000000001100000,FEPAC,5,
1990991103000000001101000,FEPAC,5,
1990991103000000001109000,TOTAL DEDUÇÕES FEPAC,5,
1990991103000000001109001,Deduções FEPAC,5,
1990991104000000000000000,FMS/SMS,5,
1990991104000000001100000,FMS/SMS,5,
1990991104000000001101000,FMS/SMS,5,
1990991104000000001109000,TOTAL DEDUÇÕES FMS/SMS,5,
1990991104000000001109001,Deduções FMS/SMS,5,
1990991105000000000000000,FUMCAD,5,
1990991105000000001100000,FUMCAD,5,
1990991105000000001101000,FUMCAD,5,
1990991105000000001109000,TOTAL DEDUÇÕES FUMCAD,5,
1990991105000000001109001,Deduções FUMCAD,5,
1990991106000000000000000,FUTUR,5,
1990991106000000001100000,FUTUR,5,
1990991106000000001101000,FUTUR,5,
1990991106000000001109000,TOTAL DEDUÇÕES FUTUR,5,
1990991106000000001109001,Deduções FUTUR,5,
1990991107000000000000000,FMAS,5,
1990991107000000001100000,FMAS,5,
1990991107000000001101000,FMAS,5,
1990991107000000001109000,TOTAL DEDUÇÕES FMAS,5,
1990991107000000001109001,Deduções FMAS,5,
1990991108000000000000000,FEMA,5,
1990991108000000001100000,FEMA,5,
1990991108000000001101000,FEMA,5,
1990991108000000001109000,TOTAL DEDUÇÕES FEMA,5,
1990991108000000001109001,Deduções FEMA,5,
1990991109000000000000000,SALDO NÃO UTILIZADO DO ADIANTAMENTO,5,
1990991109000000001100000,SALDO NÃO UTILIZADO DO ADIANTAMENTO,5,
1990991109000000001101000,Saldo não Utilizado do Adiantamento - PMSP,5,
1990991110000000000000000,SALDO NÃO UTILIZADO DO ADIANTAMENTO - FUNDURB/OUTORGA ONEROSA,5,
1990991110000000001100000,SALDO NÃO UTILIZADO DO ADIANTAMENTO - FUNDURB/OUTORGA ONEROSA,5,
1990991110000000001101000,Saldo não Utilizado do Adiantamento - FUNDURB/Outorga Onerosa,5,
1990991111000000000000000,FUNDO ESPECIAL DE DESPESAS DA CÂMARA MUNICIPAL DE SÃO PAULO,5,
1990991111000000001100000,FUNDO ESPECIAL DE DESPESAS DA CÂMARA MUNICIPAL DE SÃO PAULO,5,
1990991111000000001101000,Fundo Especial de Despesas da Câmara Municipal de São Paulo,5,
1990991112000000000000000,OUTRAS RECEITAS,5,
1990991112000000001100000,OUTRAS RECEITAS,5,
1990991112000000001101000,Outras Receitas,5,
1990991112000000001109000,TOTAL DEDUÇÕES OUTRAS RECEITAS,5,
1990991112000000001109001,Deduções Outras Receitas,5,
1990991113000000000000000,OUTRAS RECEITAS - FMS,5,
1990991113000000001100000,OUTRAS RECEITAS - FMS,5,
1990991113000000001101000,Outras Receitas - FMS,5,
1990991113000000001109000,TOTAL DEDUÇÕES OUTRAS RECEITAS - FMS,5,
1990991113000000001109001,Deduções Outras Receitas - FMS,5,
1990991114000000000000000,SALDO NÃO UTILIZADO DO ADIANTAMENTO - FUMCAD,5,
1990991114000000001100000,SALDO NÃO UTILIZADO DO ADIANTAMENTO - FUMCAD,5,
1990991114000000001101000,Saldo não Utilizado do Adiantamento - FUMCAD,5,
1990991115000000000000000,SALDO NÃO UTILIZADO DO ADIANTAMENTO - FMH,5,
1990991115000000001100000,SALDO NÃO UTILIZADO DO ADIANTAMENTO - FMH,5,
1990991115000000001101000,Saldo não Utilizado do Adiantamento - FMH,5,
1990991116000000000000000,SALDO NÃO UTILIZADO DO ADIANTAMENTO - FMAS,5,
1990991116000000001100000,SALDO NÃO UTILIZADO DO ADIANTAMENTO - FMAS,5,
1990991116000000001101000,Saldo não Utilizado do Adiantamento - FMAS,5,
1990991117000000000000000,SALDO NÃO UTILIZADO DO ADIANTAMENTO - FEMA,5,
1990991117000000001100000,SALDO NÃO UTILIZADO DO ADIANTAMENTO - FEMA,5,
1990991117000000001101000,Saldo não Utilizado do Adiantamento - FEMA,5,
1990991118000000000000000,SALDO NÃO UTILIZADO DO ADIANTAMENTO - FEPAC,5,
1990991118000000001100000,SALDO NÃO UTILIZADO DO ADIANTAMENTO - FEPAC,5,
1990991118000000001101000,Saldo não Utilizado do Adiantamento - FEPAC,5,
1990991119000000000000000,SALDO NÃO UTILIZADO DO ADIANTAMENTO - FUTUR,5,
1990991119000000001100000,SALDO NÃO UTILIZADO DO ADIANTAMENTO - FUTUR,5,
1990991119000000001101000,Saldo não Utilizado do Adiantamento - FUTUR,5,
1990991120000000000000000,EVENTUAIS DIVERSOS - PMSP,5,
1990991120000000001100000,EVENTUAIS DIVERSOS - PMSP,5,
1990991120000000001101000,Eventuais Diversos - PMSP,5,
1990991120000000001109000,TOTAL DEDUÇÕES EVENTUAIS DIVERSOS - PMSP,5,
1990991120000000001109001,Deduções Eventuais Diversos - PMSP,5,
1990991121000000000000000,LEILÕES - DSV/SPTRANS/CET,5,
1990991121000000001100000,LEILÕES - DSV/SPTRANS/CET,5,
1990991121000000001101000,Leilões - DSV/SPTRANS/CET,5,
1990991121000000001109000,TOTAL DEDUÇÕES LEILÕES - DSV/SPTRANS/CET,5,
1990991121000000001109001,Deduções Leilões - DSV/SPTRANS/CET,5,
1990991122000000000000000,LEILÕES - DTP,5,
1990991122000000001100000,LEILÕES - DTP,5,
1990991122000000001101000,Leilões - DTP,5,
1990991122000000001109000,TOTAL DEDUÇÕES LEILÕES - DTP,5,
1990991122000000001109001,Deduções Leilões - DTP,5,
1990991123000000000000000,OFERTA PÚBLICA DE RECURSOS - DESCONTOS OBTIDOS,5,
1990991123000000001100000,OFERTA PÚBLICA DE RECURSOS - DESCONTOS OBTIDOS,5,
1990991123000000001101000,Oferta Pública de Recursos - Descontos Obtidos,5,
1990991123000000001109000,TOTAL DEDUÇÕES OFERTA PÚBLICA DE RECURSOS - DESCONTOS OBTIDOS,5,
1990991123000000001109001,Deduções Oferta Pública de Recursos - Descontos Obtidos,5,
1990991124000000000000000,RECEITAS DIVERSAS - FUNCAP,5,
1990991124000000001100000,RECEITAS DIVERSAS - FUNCAP,5,
1990991124000000001101000,Receitas Diversas - FUNCAP,5,
1990991124000000001109000,TOTAL DEDUÇÕES RECEITAS DIVERSAS - FUNCAP,5,
1990991124000000001109001,Deduções Receitas Diversas - FUNCAP,5,
1990991125000000000000000,LEILÕES - FUNDIP,5,
1990991125000000001100000,LEILÕES - FUNDIP,5,
1990991125000000001101000,Leilões - FUNDIP,5,
1990991125000000001109000,TOTAL DEDUÇÕES LEILÕES - FUNDIP,5,
1990991125000000001109001,Deduções Leilões - FUNDIP,5,
1990991126000000000000000,OUTRAS RECEITAS - PRIMÁRIAS - FUNDURB,5,
1990991126000000001100000,OUTRAS RECEITAS - PRIMÁRIAS - FUNDURB,5,
1990991126000000001101000,Outras Receitas - Primárias - FUNDURB,5,
1990991126000000001109000,TOTAL DEDUÇÕES OUTRAS RECEITAS - PRIMÁRIAS - FUNDURB,5,
1990991126000000001109001,Deduções Outras Receitas - Primárias - FUNDURB,5,
1990991127000000000000000,SALDO NÃO UTILIZADO DO ADIANTAMENTO - FMS,5,
1990991127000000001100000,SALDO NÃO UTILIZADO DO ADIANTAMENTO - FMS,5,
1990991127000000001101000,Saldo não Utilizado do Adiantamento - FMS,5,
1990991128000000000000000,RESSARCIMENTO DE DESPESAS DE PESSOAL REQUISITADO - PMSP,5,
1990991128000000001100000,RESSARCIMENTO DE DESPESAS DE PESSOAL REQUISITADO - PMSP,5,
1990991128000000001101000,Ressarcimento de Despesas de Pessoal Requisitado - PMSP,5,
1990991128000000001109000,TOTAL DEDUÇÕES RESSARCIMENTO DE DESPESAS DE PESSOAL REQUISITADO - PMSP,5,
1990991128000000001109001,Deduções Ressarcimento de Despesas de Pessoal Requisitado - PMSP,5,
1990991128010000000000000,RESSARCIMENTO DE DESPESAS DE PESSOAL REQUISITADO - PGM,5,
1990991128010000001100000,RESSARCIMENTO DE DESPESAS DE PESSOAL REQUISITADO - PGM,5,
1990991128010000001101000,Ressarcimento de Despesas de Pessoal Requisitado - PGM,5,
1990991128010000001109000,DEDUÇÕES RESSARCIMENTO DE DESPESAS DE PESSOAL REQUISITADO - PGM,5,
1990991128010000001109001,Deduções Ressarcimento de Despesas de Pessoal Requisitado - PGM,5,
1990991129000000000000000,RESSARCIMENTO DE DESPESAS DE PESSOAL REQUISITADO - IPREM,5,
1990991129000000001100000,RESSARCIMENTO DE DESPESAS DE PESSOAL REQUISITADO - IPREM,5,
1990991129000000001101000,Ressarcimento de Despesas de Pessoal Requisitado - IPREM,5,
1990991129000000001109000,TOTAL DEDUÇÕES RESSARCIMENTO DE DESPESAS DE PESSOAL REQUISITADO - IPREM,5,
1990991129000000001109001,Deduções Ressarcimento de Despesas de Pessoal Requisitado - IPREM,5,
1990991130000000000000000,RESSARCIMENTO DE DESPESAS DE PESSOAL REQUISITADO - SERVIÇO FUNERÁRIO,5,
1990991130000000001100000,RESSARCIMENTO DE DESPESAS DE PESSOAL REQUISITADO - SERVIÇO FUNERÁRIO,5,
1990991130000000001101000,Ressarcimento de Despesas de Pessoal Requisitado - Serviço Funerário,5,
1990991130000000001109000,TOTAL DEDUÇÕES RESSARCIMENTO DE DESPESAS DE PESSOAL REQUISITADO - SERVIÇO FUNERÁRIO,5,
1990991130000000001109001,Deduções Ressarcimento de Despesas de Pessoal Requisitado - Serviço Funerário,5,
1990991131000000000000000,RESSARCIMENTO DE DESPESAS DE PESSOAL REQUISITADO - HSPM,5,
1990991131000000001100000,RESSARCIMENTO DE DESPESAS DE PESSOAL REQUISITADO - HSPM,5,
1990991131000000001101000,Ressarcimento de Despesas de Pessoal Requisitado - HSPM,5,
1990991131000000001109000,TOTAL DEDUÇÕES RESSARCIMENTO DE DESPESAS DE PESSOAL REQUISITADO - HSPM,5,
1990991131000000001109001,Deduções Ressarcimento de Despesas de Pessoal Requisitado - HSPM,5,
1990991132000000000000000,RESSARCIMENTO DE DESPESAS DE PESSOAL REQUISITADO - AHM,5,
1990991132000000001100000,RESSARCIMENTO DE DESPESAS DE PESSOAL REQUISITADO - AHM,5,
1990991132000000001101000,Ressarcimento de Despesas de Pessoal Requisitado - AHM,5,
1990991132000000001109000,TOTAL DEDUÇÕES RESSARCIMENTO DE DESPESAS DE PESSOAL REQUISITADO - AHM,5,
1990991132000000001109001,Deduções Ressarcimento de Despesas de Pessoal Requisitado - AHM,5,
1990991133000000000000000,RESSARCIMENTO DE DESPESAS DE PESSOAL REQUISITADO - FUNDAÇÃO,5,
1990991133000000001100000,RESSARCIMENTO DE DESPESAS DE PESSOAL REQUISITADO - FUNDAÇÃO,5,
1990991133000000001101000,Ressarcimento de Despesas de Pessoal Requisitado - Fundação,5,
1990991133000000001109000,TOTAL DEDUÇÕES RESSARCIMENTO DE DESPESAS DE PESSOAL REQUISITADO - FUNDAÇÃO,5,
1990991133000000001109001,Deduções Ressarcimento de Despesas de Pessoal Requisitado - Fundação,5,
1990991134000000000000000,FUNDO ESPECIAL DE DESPESAS DO TCM,5,
1990991134000000001100000,FUNDO ESPECIAL DE DESPESAS DO TCM,5,
1990991134000000001101000,Fundo Especial de Despesas do TCM,5,
1990991134000000001109000,TOTAL DEDUÇÕES FUNDO ESPECIAL DE DESPESAS DO TCM,5,
1990991134000000001109001,Deduções Fundo Especial de Despesas do TCM,5,
1990991135000000000000000,CARTEIRA PMSP - RECURSOS HABITACIONAIS - COHAB/SP,5,
1990991135000000001100000,CARTEIRA PMSP - RECURSOS HABITACIONAIS - COHAB/SP,5,
1990991135000000001101000,Carteira PMSP - Recursos Habitacionais - COHAB/SP,5,
1990991135000000001109000,TOTAL DEDUÇÕES CARTEIRA PMSP - RECURSOS HABITACIONAIS - COHAB/SP,5,
1990991135000000001109001,Deduções Carteira PMSP - Recursos Habitacionais - COHAB/SP,5,
1990991136000000000000000,CARTEIRA FMH - RECURSOS HABITACIONAIS - COHAB/SP,5,
1990991136000000001100000,CARTEIRA FMH - RECURSOS HABITACIONAIS - COHAB/SP,5,
1990991136000000001101000,Carteira FMH - Recursos Habitacionais - COHAB/SP,5,
1990991136000000001109000,TOTAL DEDUÇÕES CARTEIRA FMH - RECURSOS HABITACIONAIS - COHAB/SP,5,
1990991136000000001109001,Deduções Carteira FMH - Recursos Habitacionais - COHAB/SP,5,
1990991137000000000000000,RESSARCIMENTO DE PESSOAL REQUISITADO - COHAB,5,
1990991137000000001100000,RESSARCIMENTO DE PESSOAL REQUISITADO - COHAB,5,
1990991137000000001101000,Ressarcimento de Pessoal Requisitado - COHAB,5,
1990991137000000001109000,TOTAL DEDUÇÕES RESSARCIMENTO DE PESSOAL REQUISITADO - COHAB,5,
1990991137000000001109001,Deduções Ressarcimento de Pessoal Requisitado - COHAB,5,
1990991138000000000000000,CONSIGNAÇÕES FACULTATIVAS - ARTIGO 12 DO DECRETO 49.425/2008,5,
1990991138000000001100000,CONSIGNAÇÕES FACULTATIVAS - ARTIGO 12 DO DECRETO 49.425/2008,5,
1990991138000000001101000,Consignações Facultativas - Artigo 12 do Decreto 49.425/2008,5,
1990991138000000001109000,TOTAL DEDUÇÕES CONSIGNAÇÕES FACULTATIVAS - ARTIGO 12 DO DECRETO 49.425/2008,5,
1990991138000000001109001,Deduções Consignações Facultativas - Artigo 12 do Decreto 49.425/2008,5,
1990991139000000000000000,DEPÓSITOS JUDICIAIS - LC 151/2015,5,
1990991139000000001100000,DEPÓSITOS JUDICIAIS - LC 151/2015,5,
1990991139000000001101000,Depósitos Judiciais - LC 151/2015,5,
1990991139000000001109000,TOTAL DEDUÇÕES DEPÓSITOS JUDICIAIS - LC 151/2015,5,
1990991139000000001109001,Deduções Depósitos Judiciais - LC 151/2015,5,
1990991140000000000000000,OUTRAS RECEITAS - SMPED,5,
1990991140000000001100000,OUTRAS RECEITAS - SMPED,5,
1990991140000000001101000,Outras Receitas - SMPED,5,
1990991140000000001109000,TOTAL DEDUÇÕES OUTRAS RECEITAS - SMPED,5,
1990991140000000001109001,Deduções Outras Receitas - SMPED,5,
1990991141000000000000000,OUTROS CRÉDITOS,5,
1990991141000000001100000,OUTROS CRÉDITOS,5,
1990991141000000001101000,Outros Créditos,5,
1990991141000000001109000,TOTAL DEDUÇÕES OUTROS CRÉDITOS,5,
1990991141000000001109001,Deduções Outros Créditos,5,
1990991142000000000000000,RECEITAS DIVERSAS - FMDC,5,
1990991142000000001100000,RECEITAS DIVERSAS - FMDC,5,
1990991142000000001101000,Receitas Diversas - FMDC,5,
1990991142000000001109000,TOTAL DEDUÇÕES RECEITAS DIVERSAS - FMDC,5,
1990991142000000001109001,Deduções Receitas Diversas - FMDC,5,
1990991143000000000000000,SUBPERMISSÃO DE LANCHONETES,5,
1990991143000000001100000,SUBPERMISSÃO DE LANCHONETES,5,
1990991143000000001101000,Subpermissão de Lanchonetes,5,
1990991143000000001109000,TOTAL DEDUÇÕES SUBPERMISSÃO DE LANCHONETES,5,
1990991143000000001109001,Deduções Subpermissão de Lanchonetes,5,
1990991144000000000000000,DOAÇÕES DE RECURSOS ORIUNDOS DE BENEFÍCIO OU RENÚNCIA FISCAL - FMID,5,
1990991144000000001100000,DOAÇÕES DE RECURSOS ORIUNDOS DE BENEFÍCIO OU RENÚNCIA FISCAL - FMID,5,
1990991144000000001101000,Doações de Recursos Oriundos de Benefício ou Renúncia Fiscal - FMID,5,
1990991144000000001109000,TOTAL DEDUÇÕES DOAÇÕES DE RECURSOS ORIUNDOS DE BENEFÍCIO OU RENÚNCIA FISCAL - FMID,5,
1990991144000000001109001,Deduções Doações de Recursos Oriundos de Benefício ou Renúncia Fiscal - FMID,5,
1990991145000000000000000,RECEITAS DIVERSAS - FMID,5,
1990991145000000001100000,RECEITAS DIVERSAS - FMID,5,
1990991145000000001101000,Receitas Diversas - FMID,5,
1990991145000000001109000,TOTAL DEDUÇÕES RECEITAS DIVERSAS - FMID,5,
1990991145000000001109001,Deduções Receitas Diversas - FMID,5,
1990991146000000000000000,DOCUMENTOS ELETRÔNICOS A CLASSIFICAR,5,
1990991146000000001100000,DOCUMENTOS ELETRÔNICOS A CLASSIFICAR,5,
1990991146000000001101000,Documentos Eletrônicos a Classificar,5,
1990991147000000000000000,PROGRAMA DE PARCELAMENTO INCENTIVADO - PPI,5,
1990991147000000001100000,PROGRAMA DE PARCELAMENTO INCENTIVADO - PPI,5,
1990991147000000001101000,Programa de Parcelamento Incentivado - PPI,5,
1990991147000000001109000,TOTAL DEDUÇÕES PROGRAMA DE PARCELAMENTO INCENTIVADO - PPI,5,
1990991147000000001109001,Deduções Programa de Parcelamento Incentivado - PPI,5,
1990991148000000000000000,PROGRAMA DE PARCELAMENTO DE MULTAS DE TRÂNSITO - PPM,5,
1990991148000000001100000,PROGRAMA DE PARCELAMENTO DE MULTAS DE TRÂNSITO - PPM,5,
1990991148000000001101000,Programa de Parcelamento de Multas de Trânsito - PPM,5,
1990991148000000001109000,TOTAL DEDUÇÕES PROGRAMA DE PARCELAMENTO DE MULTAS DE TRÂNSITO - PPM,5,
1990991148000000001109001,Deduções Programa de Parcelamento de Multas de Trânsito - PPM,5,
1990991149000000000000000,PARCELAMENTO ADMINISTRATIVO DE DÉBITOS TRIBUTÁRIOS - PAT,5,
1990991149000000001100000,PARCELAMENTO ADMINISTRATIVO DE DÉBITOS TRIBUTÁRIOS - PAT,5,
1990991149000000001101000,Parcelamento Administrativo de Débitos Tributários - PAT,5,
1990991149000000001109000,DEDUÇÕES PARCELAMENTO ADMINISTRATIVO DE DÉBITOS TRIBUTÁRIOS - PAT,5,
1990991149000000001109001,Deduções Parcelamento Administrativo de Débitos Tributários - PAT,5,
1990991150000000000000000,PARCELAMENTO ESPECIAL PARA INGRESSO NO SIMPLES NACIONAL - PISN,5,
1990991150000000001100000,PARCELAMENTO ESPECIAL PARA INGRESSO NO SIMPLES NACIONAL - PISN,5,
1990991150000000001101000,PARCELAMENTO ESPECIAL PARA INGRESSO NO SIMPLES NACIONAL - PISN,5,
1990991150000000001109000,DEDUÇÕES PARCELAMENTO ESPECIAL PARA INGRESSO NO SIMPLES NACIONAL - PISN,5,
1990991150000000001109001,Deduções Parcelamento Especial para Ingresso no Simples Nacional -PISN,5,
1990991151000000000000000,ADJUDICAÇÃO DE BENS DE HERANÇA VACANTE,5,
1990991151000000001100000,ADJUDICAÇÃO DE BENS DE HERANÇA VACANTE,5,
1990991151000000001101000,Adjudicação de Bens de Herança Vacante,5,
1990991151000000001109000,TOTAL DEDUÇÕES ADJUDICAÇÃO DE BENS DE HERANÇA VACANTE,5,
1990991151000000001109001,Deduções Adjudicação de Bens de Herança Vacante,5,
1990991152000000000000000,Receita de Reversão de Garantias em Favor do Município,5,
1990991152000000001100000,Receita de Reversão de Garantias em Favor do Município,5,
1990991152000000001101000,Receita de Reversão de Garantias em Favor do Município,5,
1990991152000000001109000,TOTAL DEDUÇÕES RECEITA DE REVERSÃO DE GARANTIAS EM FAVOR DO MUNICÍPIO,5,
1990991152000000001109001,Deduções da Receita de Reversão de Garantias em Favor do Município,5,
1990991153000000000000000,OUTRAS RECEITAS - FMDS,5,
1990991153000000001100000,OUTRAS RECEITAS - FMDS,5,
1990991153000000001101000,Outras Receitas - FMDS,5,
1990991154000000000000000,RECEITAS DE LEILÃO DE BENS E MERCADORIAS APREENDIDAS - FMLU,5,
1990991154000000001100000,RECEITAS DE LEILÃO DE BENS E MERCADORIAS APREENDIDAS - FMLU,5,
1990991154000000001101000,Receitas de Leilão de Bens e Mercadorias Apreendidas - FMLU,5,
1990991154000000001109000,TOTAL DEDUÇÕES RECEITAS DE LEILÃO DE BENS E MERCADORIAS APREENDIDAS - FMLU,5,
1990991154000000001109001,Deduções Receitas de Leilão de Bens e Mercadorias Apreendidas - FMLU,5,
1990991155000000000000000,SALDO NÃO UTILIZADO DO ADIANTAMENTO - OUTRAS EMPRESAS,5,
1990991155000000001100000,SALDO NÃO UTILIZADO DO ADIANTAMENTO - OUTRAS EMPRESAS,5,
1990991155000000001101000,Saldo não Utilizado do Adiantamento - Outras Empresas,5,
1990991156000000000000000,RECEITAS DIVERSAS - CMSP,5,
1990991156000000001100000,RECEITAS DIVERSAS - CMSP,5,
1990991156000000001101000,Receitas Diversas - CMSP,5,
1990991157000000000000000,RECEITAS DIVERSAS - FECAM,5,
1990991157000000001100000,RECEITAS DIVERSAS - FECAM,5,
1990991157000000001101000,Receitas Diversas - FECAM,5,
1990991158000000000000000,SALDO NÃO UTILIZADO DO ADIANTAMENTO - FUNDIP,5,
1990991158000000001100000,SALDO NÃO UTILIZADO DO ADIANTAMENTO - FUNDIP,5,
1990991158000000001101000,Saldo não Utilizado do Adiantamento - FUNDIP,5,
1990991159000000000000000,PROGRAMA DE REGULARIZAÇÃO DE DÉBITOS- PRD,5,
1990991159000000001100000,"PROGRAMA DE REGULARIZAÇÃO DE DÉBITOS- PRD
",5,
1990991159000000001101000,Programa de Regularização de Débitos- PRD,5,
1990991159000000001109000,DEDUÇÕES PROGRAMA DE REGULARIZAÇÃO DE DÉBITOS- PRD,5,
1990991159000000001109001,Deduções Programa de Regularização de Débitos- PRD,5,
1990991160000000000000000,PROGRAMA ESPECIAL DE QUITAÇÃO DE PRECATÓRIOS- PEQ,5,
1990991160000000001100000,"PROGRAMA ESPECIAL DE QUITAÇÃO DE PRECATÓRIOS- PEQ
",5,
1990991160000000001101000,Programa Especial de Quitação de Precatórios- PEQ,5,
1990991160000000001109000,"DEDUÇÕES PROGRAMA ESPECIAL DE QUITAÇÃO DE PRECATÓRIOS- PEQ
",5,
1990991160000000001109001,Deduções Programa Especial de Quitação de Precatórios- PEQ,5,
1990991165000000000000000,MULTAS SMSUB - SISTEMA NOVO,5,
1990991165000000001100000,MULTAS SMSUB - SISTEMA NOVO,5,
1990991165000000001101000,Multas SMSUB - Sistema Novo,5,
1990991165000000001109000,TOTAL DEDUÇÕES MULTAS SMSUB - SISTEMA NOVO,5,
1990991165000000001109001,Deduções Multas SMSUB - Sistema Novo,5,
1990991165000000001200000,PPI - MULTAS SMSUB - SISTEMA NOVO,5,
1990991165000000001201000,PPI - Multas SMSUB - Sistema Novo,5,
1990991165000000001209000,PPI - TOTAL DEDUÇÕES MULTAS SMSUB - SISTEMA NOVO,5,
1990991165000000001209001,PPI - Deduções Multas SMSUB - Sistema Novo,5,
1990991167000000000000000,MULTAS POR INFRAÇÃO DO REGULAMENTO - CDC/FMDC,5,
1990991167000000001100000,MULTAS POR INFRAÇÃO DO REGULAMENTO - CDC/FMDC,5,
1990991167000000001101000,Multas por Infração do Regulamento - CDC/FMDC,5,
1990991168000000000000000,MULTAS POR INFRAÇÃO A OUTROS REGULAMENTOS - FMDC,5,
1990991168000000001100000,MULTAS POR INFRAÇÃO A OUTROS REGULAMENTOS - FMDC,5,
1990991168000000001101000,Multas por infração a Outros Regulamentos - FMDC,5,
1990991169000000000000000,MULTAS POR TERMO DE AJUSTAMENTO DE CONDUTA - FMDC,5,
1990991169000000001100000,MULTAS POR TERMO DE AJUSTAMENTO DE CONDUTA - FMDC,5,
1990991169000000001101000,Multas por Termo de Ajustamento de Conduta - FMDC,5,
1990991170000000000000000,"MULTA PREVISTA NA LEI FEDERAL Nº 12.846/2013
",5,
1990991170000000001100000,"MULTA PREVISTA NA LEI FEDERAL Nº 12.846/2013
",5,
1990991170000000001101000,"Multa Prevista na Lei Federal nº 12.846/2013
",5,
1990991170000000001109000,"TOTAL DEDUÇÕES MULTA PREVISTA NA LEI FEDERAL Nº 12.846/2013
",5,
1990991170000000001109001,"Deduções Multa Prevista na Lei Federal nº 12.846/2013
",5,
1990991171000000000000000,RECEITA EVENTUAL - CMSP – CEF FI 9.194-6,5,
1990991171000000001100000,RECEITA EVENTUAL - CMSP – CEF FI 9.194-6,5,
1990991171000000001101000,Receita Eventual  - CMSP – CEF FI 9.194-6,5,
1990991172000000000000000,EXCESSOS RELATIVOS A LEVANTAMENTOS JUDICIAIS,5,
1990991172000000001100000,EXCESSOS RELATIVOS A LEVANTAMENTOS JUDICIAIS,5,
1990991172000000001101000,Excessos relativos a levantamentos judiciais,5,
1990991172000000001109000,"TOTAL DEDUÇÕES EXCESSOS RELATIVOS A LEVANTAMENTOS JUDICIAIS
",5,
1990991172000000001109001,"Deduções de Excessos relativos a levantamentos judiciais
",5,
1990991200000000000000000,OUTRAS RECEITAS - PRIMÁRIAS - MULTAS E JUROS,5,
1990991260000000000000000,MULTAS E JUROS DIVERSOS - PMSP,5,
1990991260000000001100000,MULTAS E JUROS DIVERSOS - PMSP,5,
1990991260000000001101000,Multas e Juros Diversos - PMSP,5,
1990991260000000001109000,TOTAL DEDUÇÕES MULTAS E JUROS DIVERSOS - PMSP,5,
1990991260000000001109001,Deduções Multas e Juros Diversos - PMSP,5,
1990991261000000000000000,OUTRAS MULTAS - FMS,5,
1990991261000000001100000,OUTRAS MULTAS - FMS,5,
1990991261000000001101000,Outras Multas - FMS,5,
1990991261000000001109000,TOTAL DEDUÇÕES OUTRAS MULTAS - FMS,5,
1990991261000000001109001,Deduções Outras Multas - FMS,5,
1990991262000000000000000,OUTRAS MULTAS - FUNCAP,5,
1990991262000000001100000,OUTRAS MULTAS - FUNCAP,5,
1990991262000000001101000,Outras Multas - FUNCAP,5,
1990991262000000001109000,TOTAL DEDUÇÕES OUTRAS MULTAS - FUNCAP,5,
1990991262000000001109001,Deduções Outras Multas - FUNCAP,5,
1990991263000000000000000,MULTAS E JUROS DIVERSOS - COHAB,5,
1990991263000000001100000,MULTAS E JUROS DIVERSOS - COHAB,5,
1990991263000000001101000,Multas e Juros Diversos - COHAB,5,
1990991263000000001109000,TOTAL DEDUÇÕES MULTAS E JUROS DIVERSOS - COHAB,5,
1990991263000000001109001,Deduções Multas e Juros Diversos - COHAB,5,
1990991264000000000000000,MULTAS SMSUB - SISTEMA VELHO,5,
1990991264000000001100000,MULTAS SMSUB - SISTEMA VELHO,5,
1990991264000000001101000,Multas SMSUB - Sistema Velho,5,
1990991264000000001109000,TOTAL DEDUÇÕES MULTAS SMSUB - SISTEMA VELHO,5,
1990991264000000001109001,Deduções Multas SMSUB - Sistema Velho,5,
1990991265000000000000000,MULTAS SMSUB - SISTEMA NOVO - MULTAS E JUROS,5,
1990991265000000001100000,MULTAS SMSUB - SISTEMA NOVO - MULTAS E JUROS,5,
1990991265000000001101000,Multas SMSUB - Sistema Novo - Multas e Juros,5,
1990991265000000001109000,TOTAL DEDUÇÕES MULTAS SMSUB - SISTEMA NOVO - MULTAS E JUROS,5,
1990991265000000001109001,Deduções Multas SMSUB - Sistema Novo - Multas e Juros,5,
1990991265000000001200000,PPI - MULTAS SMSUB - SISTEMA NOVO - MULTAS E JUROS,5,
1990991265000000001201000,PPI - Multas SMSUB - Sistema Novo - Multas e Juros,5,
1990991265000000001209000,PPI - TOTAL DEDUÇÕES MULTAS SMSUB - SISTEMA NOVO - MULTAS E JUROS,5,
1990991265000000001209001,PPI - Deduções Multas SMSUB - Sistema Novo - Multas e Juros,5,
1990991266000000000000000,FUMDES,5,
1990991266000000001100000,FUMDES,5,
1990991266000000001101000,FUMDES,5,
1990991266000000001109000,DEDUÇÕES FUMDES,5,
1990991266000000001109001,Deduções FUMDES,5,
1990991267000000000000000,MULTAS POR INFRAÇÃO DO REGULAMENTO - CDC/FMDC - MULTAS E JUROS,5,
1990991267000000001100000,MULTAS POR INFRAÇÃO DO REGULAMENTO - CDC/FMDC - MULTAS E JUROS,5,
1990991267000000001101000,Multas por Infração do Regulamento - CDC/FMDC - Multas e Juros,5,
1990991267000000001109000,TOTAL DEDUÇÕES MULTAS POR INFRAÇÃO DO REGULAMENTO - CDC/FMDC- MULTAS E JUROS,5,
1990991267000000001109001,Deduções Multas por Infração do Regulamento - CDC/FMDC - Multas e Juros,5,
1990991268000000000000000,MULTAS POR INFRAÇÃO A OUTROS REGULAMENTOS - FMDC - MULTAS E JUROS,5,
1990991268000000001100000,MULTAS POR INFRAÇÃO A OUTROS REGULAMENTOS - FMDC - MULTAS E JUROS ,5,
1990991268000000001101000,Multas por infração a Outros Regulamentos - FMDC - Multas e Juros,5,
1990991268000000001109000,TOTAL DEDUÇÕES MULTAS POR INFRAÇÃO A OUTROS REGULAMENTOS - FMDC - MULTAS E JUROS,5,
1990991268000000001109001,Deduções Multas por infração a Outros Regulamentos - FMDC - Multas e Juros,5,
1990991269000000000000000,MULTAS POR TERMO DE AJUSTAMENTO DE CONDUTA - FMDC - MULTAS E JUROS,5,
1990991269000000001100000,MULTAS POR TERMO DE AJUSTAMENTO DE CONDUTA - FMDC,5,
1990991269000000001101000,Multas por Termo de Ajustamento de Conduta - FMDC - Multas e Juros,5,
1990991269000000001109000,TOTAL DEDUÇÕES MULTAS POR TERMO DE AJUSTAMENTO DE CONDUTA - FMDC - MULTAS E JUROS,5,
1990991269000000001109001,Deduções Multas por Termo de Ajustamento de Conduta - FMDC - Multas e Juros,5,
1990991270000000000000000,MULTA PREVISTA NA LEI FEDERAL Nº 12.846/2013 - MULTAS E JUROS,5,
1990991270000000001100000,MULTA PREVISTA NA LEI FEDERAL Nº 12.846/2013 - MULTAS E JUROS,5,
1990991270000000001101000,Multa Prevista na Lei Federal nº 12.846/2013 - Multas e Juros,5,
1990991270000000001109000,TOTAL DEDUÇÕES MULTA PREVISTA NA LEI FEDERAL Nº 12.846/2013 - MULTAS E JUROS,5,
1990991270000000001109001,Deduções Multa Prevista na Lei Federal nº 12.846/2013 - Multas e Juros,5,
1990991271000000000000000,MULTAS E JUROS DIVERSOS - FMH,5,
1990991271000000001100000,MULTAS E JUROS DIVERSOS - FMH,5,
1990991271000000001101000,Multas e Juros Diversos - FMH,5,
1990991271000000001109000,TOTAL DEDUÇÕES MULTAS E JUROS DIVERSOS - FMH,5,
1990991271000000001109001,Deduções Multas e Juros Diversos - FMH,5,
1990991272000000000000000,MULTAS E JUROS DO PPI - HONORÁRIOS,5,
1990991272000000001100000,MULTAS E JUROS DO PPI - HONORÁRIOS,5,
1990991272000000001101000,Multas e Juros do PPI - Honorários,5,
1990991272000000001109000,TOTAL DEDUÇÕES MULTAS E JUROS DO PPI - HONORÁRIOS,5,
1990991272000000001109001,Deduções Multas e Juros do PPI - Honorários,5,
1990991273000000000000000,MULTAS E JUROS DE MORA DE OUTROS TRIBUTOS,5,
1990991273000000001100000,MULTAS E JUROS DE MORA DE OUTROS TRIBUTOS,5,
1990991273000000001101000,Multas e Juros de Mora de Outros Tributos,5,
1990991273000000001109000,DEDUÇÕES MULTAS E JUROS DE MORA DE OUTROS TRIBUTOS,5,
1990991273000000001109001,Deduções Multas e Juros de Mora de Outros Tributos,5,
1990991273000000001200000,PARCELAMENTO MULTAS E JUROS DE MORA DE OUTROS TRIBUTOS,5,
1990991273000000001201000,TOTAL PARCELAMENTO MULTAS E JUROS DE MORA DE OUTROS TRIBUTOS,5,
1990991273000000001201001,PPI - Multas e Juros de Mora de Outros Tributos,5,
1990991273000000001201002,PAT - Multas e Juros de Mora de Outros Tributos,5,
1990991273000000001209000,TOTAL DEDUÇÕES PARCELAMENTO MULTAS E JUROS DE MORA DE OUTROS TRIBUTOS,5,
1990991273000000001209001,Deduções PPI - Multas e Juros de Mora de Outros Tributos,5,
1990991273000000001209002,Deduções PAT - Multas e Juros de Mora de Outros Tributos,5,
1990991300000000000000000,OUTRAS RECEITAS - PRIMÁRIAS - DÍVIDA ATIVA,5,
1990991301000000000000000,RECEITA DA DÍVIDA ATIVA NÃO TRIBUTÁRIA DE OUTRAS RECEITAS,5,
1990991301810000000000000,PRESTAÇÃO DE COBRANÇA DUVIDOSA,5,
1990991301810000001100000,PRESTAÇÃO DE COBRANÇA DUVIDOSA,5,
1990991301810000001101000,Prestação de Cobrança Duvidosa,5,
1990991301810000001109000,TOTAL DEDUÇÕES DÍVIDA ATIVA PRESTAÇÃO DE COBRANÇA DUVIDOSA,5,
1990991301810000001109001,Deduções Dívida Ativa Prestação de Cobrança Duvidosa,5,
1990991301820000000000000,CRÉDITOS EM EXECUÇÃO,5,
1990991301820000001100000,CRÉDITOS EM EXECUÇÃO,5,
1990991301820000001101000,Créditos em Execução,5,
1990991301820000001109000,TOTAL DEDUÇÕES CRÉDITOS EM EXECUÇÃO,5,
1990991301820000001109001,Deduções Créditos em Execução,5,
1990991301830000000000000,CRÉDITOS A RECEBER DE PENSÕES,5,
1990991301830000001100000,CRÉDITOS A RECEBER DE PENSÕES,5,
1990991301830000001101000,Créditos a Receber de Pensões,5,
1990991301830000001109000,TOTAL DEDUÇÕES CRÉDITOS A RECEBER DE PENSÕES,5,
1990991301830000001109001,Deduções Créditos a Receber de Pensões,5,
1990991301840000000000000,RECEITA DE DÍVIDA ATIVA DE CONTRIBUIÇÕES AO RPPS,5,
1990991301840000001100000,RECEITA DE DÍVIDA ATIVA DE CONTRIBUIÇÕES AO RPPS,5,
1990991301840000001101000,Receita de Dívida Ativa de Contribuições ao RPPS,5,
1990991301840000001109000,TOTAL DEDUÇÕES RECEITA DE DÍVIDA ATIVA DE CONTRIBUIÇÕES AO RPPS,5,
1990991301840000001109001,Deduções Receita de Dívida Ativa de Contribuições ao RPPS,5,
1990991301850000000000000,RECEITA DE DIVÍDA ATIVA DE CONTRIBUIÇÕES AO RPPS - OUTRO,5,
1990991301850000001100000,RECEITA DE DIVÍDA ATIVA DE CONTRIBUIÇÕES AO RPPS - OUTRO,5,
1990991301850000001101000,Receita de Divída Ativa de Contribuições ao RPPS - Outro,5,
1990991301850000001109000,TOTAL DEDUÇÕES RECEITA DE DIVÍDA ATIVA DE CONTRIBUIÇÕES AO RPPS - OUTRO,5,
1990991301850000001109001,Deduções Receita de Divída Ativa de Contribuições ao RPPS - Outro,5,
1990991301860000000000000,RECEITA DA DÍVIDA ATIVA - ADMINISTRAÇÃO INDIRETA,5,
1990991301860000001100000,RECEITA DA DÍVIDA ATIVA - ADMINISTRAÇÃO INDIRETA,5,
1990991301860000001101000,Receita da Dívida Ativa - Administração Indireta,5,
1990991301860000001109000,TOTAL DEDUÇÕES RECEITA DA DÍVIDA ATIVA - ADMINISTRAÇÃO INDIRETA,5,
1990991301860000001109001,Deduções Receita da Dívida Ativa - Administração Indireta,5,
1990991301870000000000000,RECEITA DA DÍVIDA ATIVA/FEMA,5,
1990991301870000001100000,RECEITA DA DÍVIDA ATIVA/FEMA,5,
1990991301870000001101000,Receita da Dívida Ativa/FEMA,5,
1990991301870000001109000,TOTAL DEDUÇÕES RECEITA DA DÍVIDA ATIVA/FEMA,5,
1990991301870000001109001,Deduções Receita da Dívida Ativa/FEMA,5,
1990991301880000000000000,RECEITA DA DÍVIDA ATIVA/FUMCAD,5,
1990991301880000001100000,RECEITA DA DÍVIDA ATIVA/FUMCAD,5,
1990991301880000001101000,Receita da Dívida Ativa/FUMCAD,5,
1990991301880000001109000,TOTAL DEDUÇÕES RECEITA DA DÍVIDA ATIVA/FUMCAD,5,
1990991301880000001109001,Deduções Receita da Dívida Ativa/FUMCAD,5,
1990991301890000000000000,JUD - SISTEMA CONVENCIONAL,5,
1990991301890000001100000,JUD - SISTEMA CONVENCIONAL,5,
1990991301890000001101000,JUD - Sistema Convencional,5,
1990991301890000001109000,TOTAL DEDUÇÕES JUD - SISTEMA CONVENCIONAL,5,
1990991301890000001109001,Deduções JUD - Sistema Convencional,5,
1990991301900000000000000,JUD,5,
1990991301900000001100000,JUD,5,
1990991301900000001101000,JUD,5,
1990991301900000001109000,TOTAL DEDUÇÕES JUD,5,
1990991301900000001109001,Deduções JUD,5,
1990991301900000001200000,"PPI - JUD
",5,
1990991301900000001201000,"PPI - JUD
",5,
1990991301900000001209000,"TOTAL DE DEDUÇÕES PPI - JUD
",5,
1990991301900000001209001,"Deduções PPI - JUD
",5,
1990991301910000000000000,RECEITA DA DÍVIDA ATIVA NÃO TRIBUTÁRIA DE OUTRAS RECEITAS - MULTAS TRÂNSITO I,5,
1990991301910000001100000,RECEITA DA DÍVIDA ATIVA NÃO TRIBUTÁRIA DE OUTRAS RECEITAS - MULTAS TRÂNSITO I,5,
1990991301910000001101000,Receita da Dívida Ativa Não Tributária de Outras Receitas - Multas Trânsito I,5,
1990991301910000001109000,DEDUÇÕES RECEITA DA DÍVIDA ATIVA NÃO TRIBUTÁRIA DE OUTRAS RECEITAS - MULTAS TRÂNSITO I,5,
1990991301910000001109001,Deduções Receita da Dívida Ativa Não Tributária de Outras Rec-Multas Trânsito I - FUNSET,5,
1990991301910000001109002,Deduções Receita da Dívida Ativa Não Tributária de Outras Rec-Multas Trânsito I - Restituições,5,
1990991301930000000000000,RECEITA DA DÍVIDA ATIVA - FMDC ,5,
1990991301930000001100000,RECEITA DA DÍVIDA ATIVA - FMDC ,5,
1990991301930000001101000,Receita da Dívida Ativa - FMDC ,5,
1990991301930000001109000,TOTAL DEDUÇÕES RECEITA DA DÍVIDA ATIVA - FMDC ,5,
1990991301930000001109001,Deduções Receita da Dívida Ativa - FMDC ,5,
1990991301940000000000000,PEQ - JUD,5,
1990991301940000001200000,PEQ - JUD,5,
1990991301940000001209000,PEQ - DEDUÇÕES JUD,5,
1990991365000000000000000,MULTAS SMSUB - SISTEMA NOVO - DÍVIDA ATIVA,5,
1990991365000000001100000,MULTAS SMSUB - SISTEMA NOVO - DÍVIDA ATIVA,5,
1990991365000000001101000,Multas SMSUB - Sistema Novo - Dívida Ativa,5,
1990991365000000001109000,TOTAL DEDUÇÕES MULTAS SMSUB - SISTEMA NOVO - DÍVIDA ATIVA,5,
1990991365000000001109001,Deduções Multas SMSUB - Sistema Novo - Dívida Ativa,5,
1990991365000000001200000,PPI - MULTAS SMSUB - SISTEMA NOVO - DÍVIDA ATIVA,5,
1990991365000000001201000,PPI - Multas SMSUB - Sistema Novo - Dívida Ativa,5,
1990991365000000001209000,PPI - TOTAL DEDUÇÕES MULTAS SMSUB - SISTEMA NOVO - DÍVIDA ATIVA,5,
1990991365000000001209001,PPI - Deduções Multas SMSUB - Sistema Novo - Dívida Ativa,5,
1990991367000000000000000,MULTAS POR INFRAÇÃO DO REGULAMENTO - CDC/FMDC - DÍVIDA ATIVA,5,
1990991367000000001100000,MULTAS POR INFRAÇÃO DO REGULAMENTO - CDC/FMDC - DÍVIDA ATIVA,5,
1990991367000000001101000,Multas por Infração do Regulamento - CDC/FMDC - Dívida Ativa,5,
1990991368000000000000000,MULTAS POR INFRAÇÃO A OUTROS REGULAMENTOS - FMDC - DÍVIDA ATIVA,5,
1990991368000000001100000,MULTAS POR INFRAÇÃO A OUTROS REGULAMENTOS - FMDC - DÍVIDA ATIVA,5,
1990991368000000001101000,Multas por infração a Outros Regulamentos - FMDC - Dívida Ativa,5,
1990991369000000000000000,MULTAS POR TERMO DE AJUSTAMENTO DE CONDUTA - FMDC - DÍVIDA ATIVA,5,
1990991369000000001100000,MULTAS POR TERMO DE AJUSTAMENTO DE CONDUTA - FMDC - DÍVIDA ATIVA,5,
1990991369000000001101000,Multas por Termo de Ajustamento de Conduta - FMDC - Dívida Ativa,5,
1990991370000000000000000,MULTA PREVISTA NA LEI FEDERAL Nº 12.846/2013 - DÍVIDA ATIVA,5,
1990991370000000001100000,MULTA PREVISTA NA LEI FEDERAL Nº 12.846/2013 - DÍVIDA ATIVA,5,
1990991370000000001101000,Multa Prevista na Lei Federal nº 12.846/2013 - Dívida ativa,5,
1990991370000000001109000,TOTAL DEDUÇÕES MULTA  PREVISTA NA LEI FEDERAL Nº 12.846/2013 - DÍVIDA ATIVA,5,
1990991370000000001109001,Deduções Multa Prevista na Lei Federal nº 12.846/2013 - Dívida Ativa,5,
1990991372000000000000000,PEQ - MULTAS SMSUB - SISTEMA NOVO - DÍVIDA ATIVA,5,
1990991372000000001200000,PEQ - MULTAS SMSUB - SISTEMA NOVO - DÍVIDA ATIVA,5,
1990991372000000001201000,PEQ - Multas SMSUB - Sistema Novo - Dívida Ativa,5,
1990991372000000001209000,PEQ - DEDUÇÕES MULTAS SMSUB - SISTEMA NOVO - DÍVIDA ATIVA,5,
1990991372000000001209001,PEQ - Deduções Multas SMSUB - Sistema Novo - Dívida Ativa,5,
1990991400000000000000000,OUTRAS RECEITAS - PRIMÁRIAS - DÍVIDA ATIVA - MULTAS E JUROS,5,
1990991401000000000000000,OUTRAS MULTAS E JUROS DE MORA DA DÍVIDA ATIVA DE OUTRAS RECEITAS,5,
1990991401010000000000000,OUTRAS MULTAS E JUROS DE MORA DA DÍVIDA ATIVA DE OUTRAS RECEITAS,5,
1990991401010000001100000,OUTRAS MULTAS E JUROS DE MORA DA DÍVIDA ATIVA DE OUTRAS RECEITAS,5,
1990991401010000001101000,Outras Multas e Juros de Mora da Dívida Ativa de Outras Receitas,5,
1990991401010000001109000,TOTAL DEDUÇÕES OUTRAS MULTAS E JUROS DE MORA DA DÍVIDA ATIVA DE OUTRAS RECEITAS,5,
1990991401010000001109001,Deduções Outras Multas e Juros de Mora da Dívida Ativa de Outras Receitas,5,
1990991401010000001200000,"PPI - OUTRAS MULTAS E JUROS DE MORA DA DÍVIDA ATIVA DE OUTRAS RECEITAS
",5,
1990991401010000001201000,"PPI - Outras Multas e Juros de Mora da Dívida Ativa de Outras Receitas
",5,
1990991401010000001209000,"TOTAL DE DEDUÇÕES PPI - OUTRAS MULTAS E JUROS DE MORA DA DÍVIDA ATIVA DE OUTRAS RECEITAS

",5,
1990991401010000001209001,Deduções PPI - Outras Multas e Juros de Mora da Dívida Ativa de Outras Receitas,5,
1990991401020000000000000,MULTA E JUROS DE MORA DA DÍVIDA ATIVA - FUMCAD,5,
1990991401020000001100000,MULTA E JUROS DE MORA DA DÍVIDA ATIVA - FUMCAD,5,
1990991401020000001101000,Multa e Juros de Mora da Dívida Ativa - FUMCAD,5,
1990991401020000001109000,TOTAL DEDUÇÕES DÍVIDA ATIVA MULTA E JUROS DE MORA DA DÍVIDA ATIVA - FUMCAD,5,
1990991401020000001109001,Deduções Dívida Ativa Multa e Juros de Mora da Dívida Ativa - FUMCAD,5,
1990991401860000000000000,PEQ - OUTRAS MULTAS E JUROS DE MORA DA DÍVIDA ATIVA DE OUTRAS RECEITAS,5,
1990991401860000001200000,PEQ - OUTRAS MULTAS E JUROS DE MORA DA DÍVIDA ATIVA DE OUTRAS RECEITAS,5,
1990991401860000001209000,PEQ - DEDUÇÕES OUTRAS MULTAS E JUROS DE MORA DA DÍVIDA ATIVA DE OUTRAS RECEITAS,5,
1990991401870000000000000,MULTA E JUROS DE MORA DA DÍVIDA ATIVA - FEMA,5,
1990991401870000001100000,MULTA E JUROS DE MORA DA DÍVIDA ATIVA - FEMA,5,
1990991401870000001101000,Multa e Juros de Mora da Dívida Ativa - FEMA,5,
1990991401870000001109000,TOTAL DEDUÇÕES DÍVIDA ATIVA MULTA E JUROS DE MORA DA DÍVIDA ATIVA - FEMA,5,
1990991401870000001109001,Deduções Dívida Ativa Multa e Juros de Mora da Dívida Ativa - FEMA,5,
1990991401910000000000000,OUTRAS MULTAS E JUROS DE MORA DA DÍVIDA ATIVA DE OUTRAS RECEITAS - MULTAS TRÂNSITO I,5,
1990991401910000001100000,OUTRAS MULTAS E JUROS DE MORA DA DÍVIDA ATIVA DE OUTRAS RECEITAS - MULTAS TRÂNSITO I,5,
1990991401910000001101000,Outras Multas e Juros de Mora da Dívida Ativa de Outras Receitas - Multas Trânsito I,5,
1990991401910000001109000,TOTAL DEDUÇÕES OUTRAS MULTAS E JUROS DE MORA DA DÍVIDA ATIVA DE OUTRAS RECEITAS - MULTAS TRÂNSITO I,5,
1990991401910000001109001,Outras Multas e Juros de Mora da Dívida Ativa de Outras Receitas - Multas Trânsito I - FUNSET,5,
1990991401910000001109002,Outras Multas e Juros de Mora da Dívida Ativa de Outras Receitas - Multas Trânsito I - Restituições,5,
1990991401930000000000000,RECEITA DA DÍVIDA ATIVA - FMDC ,5,
1990991401930000001100000,RECEITA DA DÍVIDA ATIVA - FMDC ,5,
1990991401930000001101000,Receita da Dívida Ativa - FMDC ,5,
1990991401930000001109000,TOTAL DEDUÇÕES RECEITA DA DÍVIDA ATIVA - FMDC ,5,
1990991401930000001109001,Deduções Receita da Dívida Ativa - FMDC ,5,
1990991465000000000000000,MULTAS SMSUB - SISTEMA NOVO - DÍVIDA ATIVA - MULTAS E JUROS,5,
1990991465000000001100000,MULTAS SMSUB - SISTEMA NOVO - DÍVIDA ATIVA - MULTAS E JUROS,5,
1990991465000000001101000,Multas SMSUB - Sistema Novo - Dívida Ativa - Multas e Juros,5,
1990991465000000001109000,TOTAL DEDUÇÕES MULTAS SMSUB - SISTEMA NOVO - DÍVIDA ATIVA - MULTAS E JUROS,5,
1990991465000000001109001,Deduções Multas SMSUB - Sistema Novo - Dívida Ativa - Multas e Juros,5,
1990991465000000001200000,PPI - MULTAS SMSUB - SISTEMA NOVO - DÍVIDA ATIVA - MULTAS E JUROS,5,
1990991465000000001201000,PPI - Multas SMSUB - Sistema Novo - Dívida Ativa - Multas e Juros,5,
1990991465000000001209000,PPI - TOTAL DEDUÇÕES MULTAS SMSUB - SISTEMA NOVO - DÍVIDA ATIVA - MULTAS E JUROS,5,
1990991465000000001209001,PPI - Deduções Multas SMSUB - Sistema Novo - Dívida Ativa - Multas e Juros,5,
1990991467000000000000000,MULTAS POR INFRAÇÃO DO REGULAMENTO - CDC/FMDC - DÍVIDA ATIVA  - MULTAS E JUROS,5,
1990991467000000001100000,MULTAS POR INFRAÇÃO DO REGULAMENTO - CDC/FMDC - DÍVIDA ATIVA  - MULTAS E JUROS,5,
1990991467000000001101000,Multas por Infração do Regulamento - CDC/FMDC  - Dívida Ativa - Multas e Juros,5,
1990991468000000000000000,MULTAS POR INFRAÇÃO A OUTROS REGULAMENTOS - FMDC - DÍVIDA ATIVA  - MULTAS E JUROS,5,
1990991468000000001100000,MULTAS POR INFRAÇÃO A OUTROS REGULAMENTOS - FMDC - DÍVIDA ATIVA  - MULTAS E JUROS,5,
1990991468000000001101000,Multas por Infração a Outros Regulamentos - FMDC - Dívida Ativa - Multas e Juros,5,
1990991469000000000000000,MULTAS POR TERMO DE AJUSTAMENTO DE CONDUTA - FMDC - DÍVIDA ATIVA  - MULTAS E JUROS,5,
1990991469000000001100000,"MULTAS POR TERMO DE AJUSTAMENTO DE CONDUTA - FMDC - DÍVIDA ATIVA - MULTAS E JUROS
",5,
1990991469000000001101000,Multas por Termo de Ajustamento de Conduta - FMDC- Dívida Ativa - Multas e Juros,5,
1990991470000000000000000,MULTA LEI FEDERAL Nº 12.846/2013 - DÍVIDA ATIVA -  MULTAS E JUROS,5,
1990991470000000001100000,MULTA LEI FEDERAL Nº 12.846/2013 - DÍVIDA ATIVA -  MULTAS E JUROS,5,
1990991470000000001101000,Multa Lei Federal nº 12.846/2013 - Dívida ativa -  Multas e juros,5,
1990991470000000001109000,TOTAL DEDUÇÕES MULTA LEI FEDERAL Nº 12.846/2013 - DÍVIDA ATIVA,5,
1990991470000000001109001,Deduções Multa Lei Federal nº 12.846/2013- Dívida Ativa - Multas e Juros,5,
1990991472000000000000000,PEQ - MULTAS SMSUB - SISTEMA NOVO - DÍVIDA ATIVA - MULTAS E JUROS,5,
1990991472000000001200000,PEQ - MULTAS SMSUB - SISTEMA NOVO - DÍVIDA ATIVA - MULTAS E JUROS,5,
1990991472000000001201000,PEQ - Multas SMSUB - Sistema Novo - Dívida Ativa - Multas e Juros,5,
1990991472000000001209000,PEQ - DEDUÇÕES MULTAS SMSUB - SISTEMA NOVO - DÍVIDA ATIVA - MULTAS E JUROS,5,
1990991472000000001209001,PEQ - Deduções Multas SMSUB - Sistema Novo - Dívida Ativa - Multas e Juros,5,
1990992000000000000000000,OUTRAS RECEITAS - FINANCEIRAS,5,
1990992200000000000000000,OUTRAS RECEITAS - FINANCEIRAS - MULTAS E JUROS,5,
1990992201000000000000000,MULTAS E JUROS - OUTRAS MULTAS E JUROS DE MORA,5,
1990992201000000001100000,MULTAS E JUROS - OUTRAS MULTAS E JUROS DE MORA,5,
1990992201000000001101000,Multas e Juros - Outras Multas e Juros de Mora,5,
1990992201000000001109000,TOTAL DEDUÇÕES OUTRAS MULTAS E JUROS DE MORA - MULTAS E JUROS,5,
1990992201000000001109001,Deduções Outras Multas e Juros de Mora,5,
1990992202000000000000000,MULTAS E JUROS - RETRIBUIÇÃO DE USO - CARTEIRA COHAB-SP,5,
1990992202000000001100000,MULTAS E JUROS - RETRIBUIÇÃO DE USO - CARTEIRA COHAB-SP,5,
1990992202000000001101000,Multas e Juros - Retribuição de Uso - Carteira COHAB-SP,5,
1990992202000000001109000,TOTAL DEDUÇÕES RETRIBUIÇÃO DE USO - CARTEIRA COHAB-SP - MULTAS E JUROS,5,
1990992202000000001109001,Deduções Retribuição de Uso - Carteira COHAB-SP,5,
1990992203000000000000000,MULTAS E JUROS - RETRIBUIÇÃO DE USO - FMH,5,
1990992203000000001100000,MULTAS E JUROS - RETRIBUIÇÃO DE USO - FMH,5,
1990992203000000001101000,Multas e Juros - Retribuição de Uso - FMH,5,
1990992203000000001109000,TOTAL DEDUÇÕES RETRIBUIÇÃO DE USO - FMH - MULTAS E JUROS,5,
1990992203000000001109001,Deduções Multas e Juros - Retribuição de Uso - FMH,5,
1990992204000000000000000,JUROS MORATÓRIOS DE FINANCIAMENTOS HABITACIONAIS,5,
1990992204000000001100000,JUROS MORATÓRIOS DE FINANCIAMENTOS HABITACIONAIS,5,
1990992204000000001101000,Juros Moratórios de Financiamentos Habitacionais,5,
1990992204000000001109000,TOTAL DEDUÇÕES JUROS MORATÓRIOS DE FINANCIAMENTOS HABITACIONAIS,5,
1990992204000000001109001,Deduções Juros Moratórios de Financiamentos Habitacionais,5,
1990992205000000000000000,JUROS MORATÓRIOS DE POUPANÇA DE RENEGOCIAÇÃO DE DÍVIDAS,5,
1990992205000000001100000,JUROS MORATÓRIOS DE POUPANÇA DE RENEGOCIAÇÃO DE DÍVIDAS,5,
1990992205000000001101000,Juros Moratórios de Poupança de Renegociação de Dívidas,5,
1990992205000000001109000,TOTAL DEDUÇÕES JUROS MORATÓRIOS DE POUPANÇA DE RENEGOCIAÇÃO DE DÍVIDAS,5,
1990992205000000001109001,Deduções Juros Moratórios de Poupança de Renegociação de Dívidas,5,
1990992206000000000000000,JUROS MORATÓRIOS DE FINANCIAMENTOS HABITACIONAIS - FMH,5,
1990992206000000001100000,JUROS MORATÓRIOS DE FINANCIAMENTOS HABITACIONAIS - FMH,5,
1990992206000000001101000,Juros Moratórios de Financiamentos Habitacionais - FMH,5,
1990992206000000001109000,TOTAL DEDUÇÕES JUROS MORATÓRIOS DE FINANCIAMENTOS HABITACIONAIS - FMH,5,
1990992206000000001109001,Deduções Juros Moratórios de Financiamentos Habitacionais - FMH,5,
1990992207000000000000000,JUROS MORATÓRIOS DE FINANCIAMENTOS HABITACIONAIS - PSH,5,
1990992207000000001100000,JUROS MORATÓRIOS DE FINANCIAMENTOS HABITACIONAIS - PSH,5,
1990992207000000001101000,Juros Moratórios de Financiamentos Habitacionais - PSH,5,
1990992207000000001109000,TOTAL DEDUÇÕES JUROS MORATÓRIOS DE FINANCIAMENTOS HABITACIONAIS - PSH,5,
1990992207000000001109001,Deduções Juros Moratórios de Financiamentos Habitacionais - PSH,5,
1990992208000000000000000,JUROS MORATÓRIOS DE FINANCIAMENTOS HABITACIONAIS - LOCAÇÃO SOCIAL,5,
1990992208000000001100000,JUROS MORATÓRIOS DE FINANCIAMENTOS HABITACIONAIS - LOCAÇÃO SOCIAL,5,
1990992208000000001101000,Juros Moratórios de Financiamentos Habitacionais - Locação Social,5,
1990992208000000001109000,TOTAL DEDUÇÕES JUROS MORATÓRIOS DE FINANCIAMENTOS HABITACIONAIS - LOCAÇÃO SOCIAL,5,
1990992208000000001109001,Deduções Juros Moratórios de Financiamentos Habitacionais - Locação Social,5,
1990992209000000000000000,JUROS MORATÓRIOS DE POUP RENEGOCIAÇÃO DE DÍVIDAS - FMH,5,
1990992209000000001100000,JUROS MORATÓRIOS DE POUP RENEGOCIAÇÃO DE DÍVIDAS - FMH,5,
1990992209000000001101000,Juros Moratórios de Poup Renegociação de Dívidas - FMH,5,
1990992209000000001109000,TOTAL DEDUÇÕES JUROS MORATÓRIOS DE POUP RENEGOCIAÇÃO DE DÍVIDAS - FMH,5,
1990992209000000001109001,Deduções Juros Moratórios de Poup Renegociação de Dívidas - FMH,5,
1990992210000000000000000,ATUALIZAÇÃO MONETÁRIA,5,
1990992210000000001100000,ATUALIZAÇÃO MONETÁRIA,5,
1990992210000000001101000,Atualização Monetária,5,
2000000000000000000000000,RECEITAS DE CAPITAL,5,
2100000000000000000000000,OPERAÇÕES DE CRÉDITO,5,
2110000000000000000000000,OPERAÇÕES DE CRÉDITO - MERCADO INTERNO,5,
2111000000000000000000000,TÍTULOS DE RESPONSABILIDADE DO TESOURO NACIONAL - MERCADO INTERNO,5,
2111001000000000000000000,TÍTULOS DE RESPONSABILIDADE DO TESOURO NACIONAL - MERCADO INTERNO,5,
2111002000000000000000000,TÍTULOS DE RESPONSABILIDADE DO TESOURO NACIONAL - REFINANCIAMENTO DA DÍVIDA PÚBLICA FEDERAL NO MERCA,5,
2111002100000000000000000,TÍTULOS DE RESPONSABILIDADE DO TESOURO NACIONAL - REFINANCIAMENTO DA DÍVIDA PÚBLICA FEDERAL NO MERCA,5,
2111002101000000000000000,TÍTULOS DE RESPONSABILIDADE DO TESOURO - REFINANCIAMENTO DA DÍVIDA PÚBLICA,5,
2111002101000000001100000,TÍTULOS DE RESPONSABILIDADE DO TESOURO - REFINANCIAMENTO DA DÍVIDA PÚBLICA,5,
2111002101000000001101000,Títulos de Responsabilidade do Tesouro - Refinanciamento da Dívida Pública,5,
2111002101000000001109000,TOTAL DEDUÇÕES TÍTULOS DE RESPONSABILIDADE DO TESOURO - REFINANCIAMENTO DA DÍVIDA PÚBLICA,5,
2111002101000000001109001,Deduções Títulos de Responsabilidade do Tesouro - Refinanciamento da Dívida Pública,5,
2111003000000000000000000,TÍTULOS DA DÍVIDA AGRÁRIA - TDA,5,
2112000000000000000000000,OPERAÇÕES DE CRÉDITO CONTRATUAIS - MERCADO INTERNO,5,
2112001000000000000000000,OPERAÇÕES DE CRÉDITO CONTRATUAIS - MERCADO INTERNO,5,
2112001100000000000000000,OPERAÇÕES DE CRÉDITO CONTRATUAIS - MERCADO INTERNO - PRINCIPAL,5,
2112001101000000000000000,OUTRAS OPERAÇÕES DE CRÉDITO INTERNAS - CONTRATUAIS,5,
2112001101010000000000000,HABITAÇÃO - CEF,5,
2112001101010000001100000,HABITAÇÃO - CEF,5,
2112001101010000001101000,Habitação - CEF,5,
2112001101010000001109000,TOTAL DEDUÇÕES HABITAÇÃO - CEF,5,
2112001101010000001109001,Deduções Habitação - CEF,5,
2112001101020000000000000,TRANSPORTE III - BNDES,5,
2112001101020000001100000,TRANSPORTE III - BNDES,5,
2112001101020000001101000,Transporte III - BNDES,5,
2112001101020000001109000,TOTAL DEDUÇÕES TRANSPORTE III - BNDES,5,
2112001101020000001109001,Deduções Transporte III - BNDES,5,
2112001101030000000000000,TRANSPORTE / PRÓ-MOB,5,
2112001101030000001100000,TRANSPORTE / PRÓ-MOB,5,
2112001101030000001101000,Transporte / PRÓ-MOB,5,
2112001101030000001109000,TOTAL DEDUÇÕES TRANSPORTE / PRÓ-MOB,5,
2112001101030000001109001,Deduções Transporte / PRÓ-MOB,5,
2112001101040000000000000,OUTRAS OPERAÇÕES DE CRÉDITO INTERNAS,5,
2112001101040000001100000,OUTRAS OPERAÇÕES DE CRÉDITO INTERNAS,5,
2112001101040000001101000,Outras Operações de Crédito Internas,5,
2112001101040000001109000,TOTAL DEDUÇÕES OUTRAS OPERAÇÕES DE CRÉDITO INTERNAS,5,
2112001101040000001109001,Deduções Outras Operações de Crédito Internas,5,
2112001102000000000000000,Programas de Intervenções,5,
2112001102010000000000000,Programa de Intervenções na Área de Mobilidade Urbana,5,
2112001102010000001100000,Programa de Intervenções na Área de Mobilidade Urbana,5,
2112001102010000001101000,Programa de Intervenções na Área de Mobilidade Urbana,5,
2112001102010000001109000,Total Deduções Programa de Intervenções na Área de Mobilidade Urbana,5,
2112001102010000001109001,Deduções Programa de Intervenções na Área de Mobilidade Urbana,5,
2112001102020000000000000,Programa de Intervenções no Sistema de Drenagem,5,
2112001102020000001100000,Programa de Intervenções no Sistema de Drenagem,5,
2112001102020000001101000,Programa de Intervenções no Sistema de Drenagem,5,
2112001102020000001109000,Total Deduções Programa de Intervenções no Sistema de Drenagem,5,
2112001102020000001109001,Deduções Programa de Intervenções no Sistema de Drenagem,5,
2112001103000000000000000,Programa Asfalto Novo,5,
2112001103010000000000000,Programa Asfalto Novo,5,
2112001103010000001100000,Programa Asfalto Novo,5,
2112001103010000001101000,Programa Asfalto Novo,5,
2112001103010000001109000,Total Programa Asfalto Novo,5,
2112001103010000001109001,Deduções Programa Asfalto Novo,5,
2112001104000000000000000,Programa Habitacional Casa da Família,5,
2112001104010000000000000,Programa Habitacional Casa da Família,5,
2112001104010000001100000,Programa Habitacional Casa da Família,5,
2112001104010000001101000,Programa Habitacional Casa da Família,5,
2112001104010000001109000,Total Deduções Programa Habitacional Casa da Família,5,
2112001104010000001109001,Deduções Programa Habitacional Casa da Família,5,
2113000000000000000000000,EMPRÉSTIMOS COMPULSÓRIOS,5,
2113001000000000000000000,EMPRÉSTIMOS COMPULSÓRIOS,5,
2118000000000000000000000,OPERAÇÕES DE CRÉDITO - MERCADO INTERNO - ESTADOS/DF/MUNICÍPIOS,5,
2118010000000000000000000,OPERAÇÕES DE CRÉDITO INTERNAS DE ESTADOS/DF/MUNICÍPIOS,5,
2118011000000000000000000,OPERAÇÕES DE CRÉDITO INTERNAS PARA PROGRAMAS DE EDUCAÇÃO,5,
2118012000000000000000000,OPERAÇÕES DE CRÉDITO INTERNAS PARA PROGRAMAS DE SAÚDE,5,
2118013000000000000000000,OPERAÇÕES DE CRÉDITO INTERNAS PARA PROGRAMAS DE SANEAMENTO,5,
2118013100000000000000000,OPERAÇÕES DE CRÉDITO INTERNAS PARA PROGRAMAS DE SANEAMENTO - PRINCIPAL,5,
2118013101000000000000000,SIURB x CEF,5,
2118013101000000001100000,SIURB x CEF,5,
2118013101000000001101000,SIURB x CEF,5,
2118014000000000000000000,OPERAÇÕES DE CRÉDITO INTERNAS PARA PROGRAMAS DE MEIO AMBIENTE,5,
2118015000000000000000000,OPERAÇÕES DE CRÉDITO INTERNAS PARA PROGRAMAS DE MODERNIZAÇÃO DA ADMINISTRAÇÃO PÚBLICA,5,
2118015100000000000000000,OPERAÇÕES DE CRÉDITO INTERNAS PARA PROGRAMAS DE MODERNIZAÇÃO DA ADMINISTRAÇÃO PÚBLICA - PRINCIPAL,5,
2118015101000000000000000,PROGRAMA DE MODERNIZAÇÃO DA ADMINISTRAÇÃO TRIBUTÁRIA - PMAT/BNDES,5,
2118015101000000001100000,PROGRAMA DE MODERNIZAÇÃO DA ADMINISTRAÇÃO TRIBUTÁRIA - PMAT/BNDES,5,
2118015101000000001101000,Programa de Modernização da Administração Tributária - PMAT/BNDES,5,
2118015101000000001109000,TOTAL DEDUÇÕES PROGRAMA DE MODERNIZAÇÃO DA ADMINISTRAÇÃO TRIBUTÁRIA - PMAT/BNDES,5,
2118015101000000001109001,Deduções Programa de Modernização da Administração Tributária - PMAT/BNDES,5,
2118015102000000000000000,PNAFM,5,
2118015102000000001100000,PNAFM,5,
2118015102000000001101000,PNAFM,5,
2118015102000000001109000,TOTAL DEDUÇÕES PNAFM,5,
2118015102000000001109001,Deduções PNAFM,5,
2118015103000000000000000,"OPERAÇÕES DE CRÉDITO SMSU X BNDS
",5,
2118015103000000001100000,OPERAÇÕES DE CRÉDITO SMSU X BNDS,5,
2118015103000000001101000,"Operações de Crédito SMSU X BNDS
",5,
2118015104000000000000000,PNAFM – SEGUNDA FASE,5,
2118015104000000001100000,PNAFM – SEGUNDA FASE,5,
2118015104000000001101000,PNAFM – Segunda Fase,5,
2118016000000000000000000,OPERAÇÕES DE CRÉDITO INTERNAS PARA REFINANCIAMENTO DA DÍVIDA CONTRATUAL,5,
2118017000000000000000000,OPERAÇÕES DE CRÉDITO INTERNAS PARA PROGRAMAS DE MORADIA POPULAR,5,
2118017100000000000000000,OPERAÇÕES DE CRÉDITO INTERNAS PARA PROGRAMAS DE MORADIA POPULAR,5,
2118017101000000000000000,PROGRAMA HABITACIONAL CASA DA FAMÍLIA,5,
2118017101000000001100000,PROGRAMA HABITACIONAL CASA DA FAMÍLIA,5,
2118017101000000001101000,Programa Habitacional Casa da Família,5,
2119000000000000000000000,OUTRAS OPERAÇÕES DE CRÉDITO - MERCADO INTERNO,5,
2119001000000000000000000,OUTRAS OPERAÇÕES DE CRÉDITO - MERCADO INTERNO,5,
2119001100000000000000000,OUTRAS OPERAÇÕES DE CRÉDITO - MERCADO INTERNO - PRINCIPAL,5,
2119001101000000000000000,CESSÃO DE DIREITOS CREDITÓRIOS - PPI,5,
2119001101000000001100000,CESSÃO DE DIREITOS CREDITÓRIOS - PPI,5,
2119001101000000001101000,Cessão de Direitos Creditórios - PPI,5,
2120000000000000000000000,OPERAÇÕES DE CRÉDITO - MERCADO EXTERNO,5,
2121000000000000000000000,TÍTULOS DE RESPONSABILIDADE DO TESOURO NACIONAL - MERCADO EXTERNO,5,
2121001000000000000000000,TÍTULOS DE RESPONSABILIDADE DO TESOURO NACIONAL - MERCADO EXTERNO,5,
2121002000000000000000000,TÍTULOS DE RESPONSABILIDADE DO TESOURO NACIONAL - REFINANCIAMENTO DA DÍVIDA PÚBLICA FEDERAL NO MERCA,5,
2122000000000000000000000,OPERAÇÕES DE CRÉDITO CONTRATUAIS - MERCADO EXTERNO,5,
2122001000000000000000000,OPERAÇÕES DE CRÉDITO CONTRATUAIS - MERCADO EXTERNO,5,
2122001100000000000000000,OPERAÇÕES DE CRÉDITO CONTRATUAIS - MERCADO EXTERNO - PRINCIPAL,5,
2122001101000000000000000,OUTRAS OPERAÇÕES DE CRÉDITO EXTERNAS - CONTRATUAIS,5,
2122001101010000000000000,PROCENTRO - BID,5,
2122001101010000001100000,PROCENTRO - BID,5,
2122001101010000001101000,PROCENTRO - BID,5,
2122001101010000001109000,TOTAL DEDUÇÕES PROCENTRO - BID,5,
2122001101010000001109001,Deduções PROCENTRO - BID,5,
2122001101020000000000000,HABITAÇÃO - BID,5,
2122001101020000001100000,HABITAÇÃO - BID,5,
2122001101020000001101000,Habitação - BID,5,
2122001101020000001109000,TOTAL DEDUÇÕES HABITAÇÃO - BID,5,
2122001101020000001109001,Deduções Habitação - BID,5,
2122001101030000000000000,PNAFM,5,
2122001101030000001100000,PNAFM,5,
2122001101030000001101000,PNAFM,5,
2122001101030000001109000,TOTAL DEDUÇÕES PNAFM,5,
2122001101030000001109001,Deduções PNAFM,5,
2122001101040000000000000,Saúde - BID,5,
2122001101040000001100000,Saúde - BID,5,
2122001101040000001101000,Saúde - BID,5,
2122001101040000001109000,Total Deduções Saúde - BID,5,
2122001101040000001109001,Deduções Saúde - BID,5,
2122001101050000000000000,OPERAÇÕES DE CRÉDITO EXTERNAS - CORREDOR ARICANDUVA,5,
2122001101050000001100000,OPERAÇÕES DE CRÉDITO EXTERNAS - CORREDOR ARICANDUVA,5,
2122001101050000001101000,Operações de Crédito Externas - Corredor Aricanduva,5,
2128000000000000000000000,OPERAÇÃO DE CRÉDITO EXTERNAS - ESTADOS/DF/MUNICÍPIOS,5,
2128010000000000000000000,OPERAÇÕES DE CRÉDITO EXTERNAS - ESTADOS/DF/ MUNICÍPIOS,5,
2128010100000000000000000,OPERAÇÕES DE CRÉDITO EXTERNAS,5,
2128011000000000000000000,OPERAÇÕES DE CRÉDITO EXTERNAS PARA PROGRAMAS DE EDUCAÇÃO,5,
2128012000000000000000000,OPERAÇÕES DE CRÉDITO EXTERNAS PARA PROGRAMAS DE SAÚDE,5,
2128012100000000000000000,OPERAÇÕES DE CRÉDITO EXTERNAS PARA PROGRAMAS DE SAÚDE - PRINCIPAL,5,
2128012101000000000000000,CONTRATO 4641/OC-BR - BID,5,
2128012101000000001100000,CONTRATO 4641/OC-BR - BID,5,
2128012101000000001101000,Contrato 4641/OC-BR - BID,5,
2128013000000000000000000,OPERAÇÕES DE CRÉDITO EXTERNAS PARA PROGRAMAS DE SANEAMENTO,5,
2128014000000000000000000,OPERAÇÕES DE CRÉDITO EXTERNAS PARA PROGRAMAS DE MEIO AMBIENTE,5,
2128015000000000000000000,OPERAÇÕES DE CRÉDITO EXTERNAS PARA PROGRAMAS DE MODERNIZAÇÃO DA ADMINISTRAÇÃO PÚBLICA,5,
2128016000000000000000000,OPERAÇÕES DE CRÉDITO EXTERNAS PARA REFINANCIAMENTO DA DÍVIDA CONTRATUAL,5,
2129000000000000000000000,OUTRAS OPERAÇÕES DE CRÉDITO - MERCADO EXTERNO,5,
2129001000000000000000000,OUTRAS OPERAÇÕES DE CRÉDITO - MERCADO EXTERNO,5,
2200000000000000000000000,ALIENAÇÃO DE BENS,5,
2210000000000000000000000,ALIENAÇÃO DE BENS MÓVEIS,5,
2211000000000000000000000,ALIENAÇÃO DE TÍTULOS MOBILIÁRIOS,5,
2211001000000000000000000,ALIENAÇÃO DE TÍTULOS MOBILIÁRIOS,5,
2211001100000000000000000,ALIENAÇÃO DE TÍTULOS MOBILIÁRIOS - PRINCIPAL,5,
2211001102000000000000000,ALIENAÇÃO DE PARTICIPAÇÃO SOCIETÁRIA - FMDS,5,
2211001102000000001100000,ALIENAÇÃO DE PARTICIPAÇÃO SOCIETÁRIA - FMDS,5,
2211001102000000001101000,Alienação de Participação Societária - FMDS,5,
2212000000000000000000000,ALIENAÇÃO DE ESTOQUES,5,
2212010000000000000000000,ALIENAÇÃO DE ESTOQUES DA POLÍTICA DE GARANTIA DE PREÇOS MÍNIMOS - PGPM,5,
2212011000000000000000000,ALIENAÇÃO DE ESTOQUES DA POLÍTICA DE GARANTIA DE PREÇOS MÍNIMOS - PGPM,5,
2212020000000000000000000,ALIENAÇÃO DE ESTOQUES COMERCIAIS DESTINADOS A PROGRAMAS SOCIAIS,5,
2212021000000000000000000,ALIENAÇÃO DE ESTOQUES COMERCIAIS DESTINADOS A PROGRAMAS SOCIAIS,5,
2212030000000000000000000,ALIENAÇÃO DE ESTOQUES DO PROGRAMA DE AQUISIÇÃO DE ALIMENTOS - PAA,5,
2212031000000000000000000,ALIENAÇÃO DE ESTOQUES DO PROGRAMA DE AQUISIÇÃO DE ALIMENTOS - PAA,5,
2212040000000000000000000,ALIENAÇÃO DE ESTOQUES DE CAFÉ - FUNCAFÉ,5,
2212041000000000000000000,ALIENAÇÃO DE ESTOQUES DE CAFÉ - FUNCAFÉ,5,
2213000000000000000000000,ALIENAÇÃO DE BENS MÓVEIS E SEMOVENTES,5,
2213001000000000000000000,ALIENAÇÃO DE BENS MÓVEIS E SEMOVENTES,5,
2213001100000000000000000,ALIENAÇÃO DE BENS MÓVEIS E SEMOVENTES - PRINCIPAL,5,
2213001101000000000000000,CESSÃO DE DIREITOS CREDITÓRIOS - PPI,5,
2213001101000000001100000,CESSÃO DE DIREITOS CREDITÓRIOS - PPI,5,
2213001101000000001101000,Cessão de Direitos Creditórios - PPI,5,
2213001101010000000000000,CESSÃO DE DIREITOS CREDITÓRIOS - PPI,5,
2213001101010000001100000,CESSÃO DE DIREITOS CREDITÓRIOS - PPI,5,
2213001101010000001101000,Cessão de Direitos Creditórios - PPI,5,
2213001102000000000000000,CESSÃO DE DIREITOS CREDITÓRIOS - FMSAI,5,
2213001102000000001100000,CESSÃO DE DIREITOS CREDITÓRIOS - FMSAI,5,
2213001102000000001101000,Cessão de Direitos Creditórios - FMSAI,5,
2213001102000000001109000,TOTAL DEDUÇÕES CESSÃO DE DIREITOS CREDITÓRIOS - FMSAI,5,
2213001102000000001109001,Deduções Cessão de Direitos Creditórios - FMSAI,5,
2213001103000000000000000,CESSÃO DO SISTEMA DE BILHETAGEM ELETRÔNICA,5,
2213001103000000001100000,CESSÃO DO SISTEMA DE BILHETAGEM ELETRÔNICA,5,
2213001103000000001101000,Cessão do Sistema de Bilhetagem Eletrônica,5,
2213001103000000001109000,TOTAL DEDUÇÕES CESSÃO DO SISTEMA DE BILHETAGEM ELETRÔNICA,5,
2213001103000000001109001,Deduções Cessão do Sistema de Bilhetagem Eletrônica,5,
2213001104000000000000000,ALIENAÇÃO DE OUTROS BENS MÓVEIS,5,
2213001104000000001100000,ALIENAÇÃO DE OUTROS BENS MÓVEIS,5,
2213001104000000001101000,Alienação de Outros Bens Móveis,5,
2213001104000000001109000,TOTAL DEDUÇÕES ALIENAÇÃO DE OUTROS BENS MÓVEIS,5,
2213001104000000001109001,Deduções Alienação de Outros Bens Móveis,5,
2213001105000000000000000,"ALIENAÇÃO DE BENS E MATERIAIS - FED/TCM
",5,
2213001105000000001100000,"ALIENAÇÃO DE BENS E MATERIAIS - FED/TCM
",5,
2213001105000000001101000,"Alienação de Bens e Materiais - FED/TCM
",5,
2213001106000000000000000,ALIENAÇÃO DE VEÍCULOS,5,
2213001106000000001100000,ALIENAÇÃO DE VEÍCULOS,5,
2213001106000000001101000,Alienação de Veículos,5,
2218000000000000000000000,"ALIENAÇÃO DE BENS MÓVEIS ESPECÍFICAS PARA ESTADOS, DF E MUNICÍPIOS",5,
2218010000000000000000000,ALIENAÇÃO DE TÍTULOS MOBILIÁRIOS,5,
2218011000000000000000000,ALIENAÇÃO DE INVESTIMENTOS TEMPORÁRIOS,5,
2218011100000000000000000,ALIENAÇÃO DE INVESTIMENTOS TEMPORÁRIOS - PRINCIPAL,5,
2218011101000000000000000,ALIENAÇÕES DE DEBÊNTURES - PPI,5,
2218011101000000001100000,ALIENAÇÕES DE DEBÊNTURES - PPI,5,
2218011101000000001101000,Alienações de Debêntures - PPI,5,
2218011101000000001109000,TOTAL DEDUÇÕES ALIENAÇÕES DE DEBÊNTURES - PPI,5,
2218011101000000001109001,Deduções Alienações de Debêntures - PPI,5,
2218012000000000000000000,ALIENAÇÃO DE INVESTIMENTOS PERMANENTES,5,
2218012100000000000000000,ALIENAÇÃO DE INVESTIMENTOS PERMANENTES - PRINCIPAL,5,
2218012101000000000000000,ALIENAÇÃO DE PARTICIPAÇÃO SOCIETÁRIA - FMDS,5,
2218012101000000001100000,ALIENAÇÃO DE PARTICIPAÇÃO SOCIETÁRIA - FMDS,5,
2218012101000000001101000,Alienação de Participação Societária - FMDS,5,
2218012102000000000000000,ALIENAÇÃO DE OUTROS BENS MÓVEIS,5,
2218012102000000001100000,ALIENAÇÃO DE OUTROS BENS MÓVEIS,5,
2218012102000000001101000,Alienação de Outros Bens Móveis,5,
2220000000000000000000000,ALIENAÇÃO DE BENS IMÓVEIS,5,
2220001000000000000000000,ALIENAÇÃO DE BENS IMÓVEIS,5,
2220001100000000000000000,ALIENAÇÃO DE BENS IMÓVEIS - PRINCIPAL,5,
2220001101000000000000000,ALIENAÇÃO DE IMÓVEIS URBANOS,5,
2220001101010000000000000,IMÓVEIS DE PROPRIEDADE DA COHAB-SP,5,
2220001101010010000000000,"ALIENAÇÃO DE ÁREAS, TERRENOS, GLEBAS, LOJAS, SALAS",5,
2220001101010010001100000,"ALIENAÇÃO DE ÁREAS, TERRENOS, GLEBAS, LOJAS, SALAS",5,
2220001101010010001101000,"Alienação de Áreas, Terrenos, Glebas, Lojas, Salas",5,
2220001101010010001109000,"TOTAL DEDUÇÕES ALIENAÇÃO DE ÁREAS, TERRENOS, GLEBAS, LOJAS, SALAS",5,
2220001101010010001109001,"Deduções Alienação de Áreas, Terrenos, Glebas, Lojas, Salas",5,
2220001101020000000000000,ALIENAÇÃO DE IMÓVEIS DA PMSP,5,
2220001101020010000000000,ALIENAÇÃO DE IMÓVEIS DA PMSP - RECURSOS VINCULADOS AO FMS,5,
2220001101020010001100000,ALIENAÇÃO DE IMÓVEIS DA PMSP - RECURSOS VINCULADOS AO FMS,5,
2220001101020010001101000,Alienação de Imóveis da PMSP - Recursos Vinculados ao FMS,5,
2220001101020010001109000,TOTAL DEDUÇÕES ALIENAÇÃO DE IMÓVEIS DA PMSP - RECURSOS VINCULADOS AO FMS,5,
2220001101020010001109001,Deduções Alienação de Imóveis da PMSP - Recursos Vinculados ao FMS,5,
2220001101020010010000000,ALIENAÇÃO DE IMÓVEIS DA PMSP-  HOSPITAL M. BRASILÂNDIA-  FMS,5,
2220001101020010011100000,ALIENAÇÃO DE IMÓVEIS DA PMSP-  HOSPITAL M. BRASILÂNDIA-  FMS,5,
2220001101020010011101000,Alienação de Imóveis PMSP- Construção Hosp. M. Brasilândia- FMS,5,
2220001101020020000000000,ALIENAÇÃO DE BENS E DIREITOS IMOBILIÁRIOS - FMDS,5,
2220001101020020001100000,ALIENAÇÃO DE BENS E DIREITOS IMOBILIÁRIOS - FMDS,5,
2220001101020020001101000,Alienação de Bens e Direitos Imobiliários - FMD,5,
2220001101020020001109000,DEDUÇÕES ALIENAÇÃO DE BENS E DIREITOS IMOBILIÁRIOS - FMDS,5,
2220001101020020001109001,Deduções Alienação de Bens e Direitos Imobiliários - FMD,5,
2220001101020030000000000,ALIENAÇÃO DE IMÓVEIS DA PMSP - PMD,5,
2220001101020030001100000,ALIENAÇÃO DE IMÓVEIS DA PMSP - PMD,5,
2220001101020030001101000,Alienação de Imóveis da PMSP  - PMD,5,
2220001102000000000000000,ALIENAÇÃO DE OUTROS BENS IMÓVEIS,5,
2220001102010000000000000,ALIENAÇÃO DE OUTROS BENS IMÓVEIS,5,
2220001102010000001100000,ALIENAÇÃO DE OUTROS BENS IMÓVEIS,5,
2220001102010000001101000,Alienação de Outros Bens Imóveis,5,
2220001102010000001109000,TOTAL DEDUÇÕES ALIENAÇÃO DE OUTROS BENS IMÓVEIS,5,
2220001102010000001109001,Deduções Alienação de Outros Bens Imóveis,5,
2230000000000000000000000,ALIENAÇÃO DE BENS INTANGÍVEIS,5,
2230001000000000000000000,ALIENAÇÃO DE BENS INTANGÍVEIS,5,
2300000000000000000000000,AMORTIZAÇÃO DE EMPRÉSTIMOS,5,
2300010000000000000000000,AMORTIZAÇÃO DE EMPRÉSTIMOS - BEA/BIB,5,
2300011000000000000000000,AMORTIZAÇÃO DE EMPRÉSTIMOS - BEA/BIB,5,
2300020000000000000000000,AMORTIZAÇÃO PROVENIENTE DA EXECUÇÃO DE GARANTIA - OPERAÇÕES DE CRÉDITO,5,
2300021000000000000000000,AMORTIZAÇÃO PROVENIENTE DA EXECUÇÃO DE GARANTIA - OPERAÇÕES DE CRÉDITO,5,
2300030000000000000000000,AMORTIZAÇÃO DE EMPRÉSTIMOS - ESTADOS E MUNICÍPIOS,5,
2300031000000000000000000,AMORTIZAÇÃO DE EMPRÉSTIMOS - ESTADOS E MUNICÍPIOS,5,
2300040000000000000000000,AMORTIZAÇÃO DE EMPRÉSTIMOS - REFINANCIAMENTO DE DÍVIDAS DE MÉDIO E LONGO PRAZO,5,
2300041000000000000000000,AMORTIZAÇÃO DE EMPRÉSTIMOS - REFINANCIAMENTO DE DÍVIDAS DE MÉDIO E LONGO PRAZO,5,
2300050000000000000000000,AMORTIZAÇÃO DE EMPRÉSTIMOS - PROGRAMA DAS OPERAÇÕES OFICIAIS DE CRÉDITO,5,
2300051000000000000000000,AMORTIZAÇÃO DE EMPRÉSTIMOS - PROGRAMA DAS OPERAÇÕES OFICIAIS DE CRÉDITO,5,
2300060000000000000000000,AMORTIZAÇÃO DE EMPRÉSTIMOS CONTRATUAIS,5,
2300061000000000000000000,AMORTIZAÇÃO DE EMPRÉSTIMOS CONTRATUAIS,5,
2300061100000000000000000,AMORTIZAÇÃO DE EMPRÉSTIMOS CONTRATUAIS - PRINCIPAL,5,
2300061101000000000000000,AMORTIZAÇÃO DE EMPRÉSTIMOS,5,
2300061101010000000000000,AMORTIZAÇÃO DE EMPRÉSTIMOS DIVERSOS,5,
2300061101010010000000000,AMORTIZAÇÕES VOLUNTÁRIAS - FINANCIAMENTOS HABITACIONAIS/COHAB-SP,5,
2300061101010010001100000,AMORTIZAÇÕES VOLUNTÁRIAS - FINANCIAMENTOS HABITACIONAIS/COHAB-SP,5,
2300061101010010001101000,Amortizações Voluntárias - Financiamentos Habitacionais/COHAB-SP,5,
2300061101010010001109000,TOTAL DEDUÇÕES AMORTIZAÇÕES VOLUNTÁRIAS - FINANCIAMENTOS HABITACIONAIS/COHAB-SP,5,
2300061101010010001109001,Deduções Amortizações Voluntárias - Financiamentos Habitacionais/COHAB-SP,5,
2300061101010020000000000,EMPRÉSTIMOS HIPOTECÁRIOS - 1° SÉRIE,5,
2300061101010020001100000,EMPRÉSTIMOS HIPOTECÁRIOS - 1° SÉRIE,5,
2300061101010020001101000,Empréstimos Hipotecários - 1° série,5,
2300061101010020001109000,TOTAL DEDUÇÕES EMPRÉSTIMOS HIPOTECÁRIOS - 1° SÉRIE,5,
2300061101010020001109001,Deduções Empréstimos Hipotecários - 1° série,5,
2300061101010030000000000,EMPRÉSTIMOS HIPOTECÁRIOS - DEC. 34.985/95,5,
2300061101010030001100000,EMPRÉSTIMOS HIPOTECÁRIOS - DEC. 34.985/95,5,
2300061101010030001101000,Empréstimos Hipotecários - Dec. 34.985/95,5,
2300061101010030001109000,TOTAL DEDUÇÕES EMPRÉSTIMOS HIPOTECÁRIOS - DEC. 34.985/95,5,
2300061101010030001109001,Deduções Empréstimos Hipotecários - Dec. 34.985/95,5,
2300061101010040000000000,EMPRÉSTIMOS HIPOTECÁRIOS - RESOLUÇÃO 546/96,5,
2300061101010040001100000,EMPRÉSTIMOS HIPOTECÁRIOS - RESOLUÇÃO 546/96,5,
2300061101010040001101000,Empréstimos Hipotecários - Resolução 546/96,5,
2300061101010040001109000,TOTAL DEDUÇÕES EMPRÉSTIMOS HIPOTECÁRIOS - RESOLUÇÃO 546/96,5,
2300061101010040001109001,Deduções Empréstimos Hipotecários - Resolução 546/96,5,
2300061101010050000000000,EMPRÉSTIMOS - COBRANÇA DUVIDOSA – IPREM,5,
2300061101010050001100000,EMPRÉSTIMOS - COBRANÇA DUVIDOSA – IPREM,5,
2300061101010050001101000,Empréstimos - Cobrança Duvidosa – IPREM,5,
2300061101010050001200000,EMPRÉSTIMOS - COBRANÇA DUVIDOSA IPREM - INSCRITOS - PARCELAMENTOS,5,
2300061101010050001201000,Empréstimos - Cobrança Duvidosa - IPREM - Inscritos - Parcelamentos,5,
2300061101010060000000000,EMPRÉSTIMOS - COBRANÇA DUVIDOSA – EXECUÇÃO – IPREM,5,
2300061101010060001100000,EMPRÉSTIMOS - COBRANÇA DUVIDOSA – EXECUÇÃO – IPREM,5,
2300061101010060001101000,Empréstimos - Cobrança Duvidosa – Execução – IPREM,5,
2300061101010060001200000,EMPRÉSTIMOS - COBRANÇA DUVIDOSA IPREM - EXECUÇÃO - PARCELAMENTOS,5,
2300061101010060001201000,Empréstimos - Cobrança Duvidosa IPREM - Execução - Parcelamentos,5,
2300061101020000000000000,CARTEIRA COHAB-SP,5,
2300061101020010000000000,AMORTIZAÇÃO - FINANCIAMENTOS HABITACIONAIS - COHAB-SP,5,
2300061101020010001100000,AMORTIZAÇÃO - FINANCIAMENTOS HABITACIONAIS - COHAB-SP,5,
2300061101020010001101000,Amortização - Financiamentos Habitacionais - COHAB-SP,5,
2300061101020010001109000,TOTAL DEDUÇÕES AMORTIZAÇÃO - FINANCIAMENTOS HABITACIONAIS - COHAB-SP,5,
2300061101020010001109001,Deduções Amortização - Financiamentos Habitacionais - COHAB-SP,5,
2300061101020020000000000,AMORTIZAÇÃO - POUPANÇA PRÉVIA COHAB - SP,5,
2300061101020020001100000,AMORTIZAÇÃO - POUPANÇA PRÉVIA COHAB - SP,5,
2300061101020020001101000,Amortização - Poupança Prévia COHAB - SP,5,
2300061101020020001109000,TOTAL DEDUÇÕES AMORTIZAÇÃO - POUPANÇA PRÉVIA COHAB - SP,5,
2300061101020020001109001,Deduções Amortização - Poupança Prévia COHAB - SP,5,
2300061101020030000000000,AMORTIZAÇÕES FCVS,5,
2300061101020030001100000,AMORTIZAÇÕES FCVS,5,
2300061101020030001101000,Amortizações FCVS,5,
2300061101020030001109000,TOTAL DEDUÇÕES AMORTIZAÇÕES FCVS,5,
2300061101020030001109001,Deduções Amortizações FCVS,5,
2300061101020040000000000,AMORTIZAÇÕES POR SINISTROS - FINANCIAMENTOS HABITACIONAIS/COHAB-SP,5,
2300061101020040001100000,AMORTIZAÇÕES POR SINISTROS - FINANCIAMENTOS HABITACIONAIS/COHAB-SP,5,
2300061101020040001101000,Amortizações por Sinistros - Financiamentos Habitacionais/COHAB-SP,5,
2300061101020040001109000,TOTAL DEDUÇÕES AMORTIZAÇÕES POR SINISTROS - FINANCIAMENTOS HABITACIONAIS/COHAB-SP,5,
2300061101020040001109001,Deduções Amortizações por Sinistros - Financiamentos Habitacionais/COHAB-SP,5,
2300061101020050000000000,INDENIZAÇÕES DE DANOS FÍSICOS - UNIDADES HABITACIONAIS/COHAB-SP,5,
2300061101020050001100000,INDENIZAÇÕES DE DANOS FÍSICOS - UNIDADES HABITACIONAIS/COHAB-SP,5,
2300061101020050001101000,Indenizações de Danos Físicos - Unidades Habitacionais/COHAB-SP,5,
2300061101020050001109000,TOTAL DEDUÇÕES INDENIZAÇÕES DE DANOS FÍSICOS - UNIDADES HABITACIONAIS/COHAB-SP,5,
2300061101020050001109001,Deduções Indenizações de Danos Físicos - Unidades Habitacionais/COHAB-SP,5,
2300061101020060000000000,AMORTIZAÇÃO - FINANCIAMENTO HABITACIONAL/FMH,5,
2300061101020060001100000,AMORTIZAÇÃO - FINANCIAMENTO HABITACIONAL/FMH,5,
2300061101020060001101000,Amortização - Financiamento Habitacional/FMH,5,
2300061101020060001109000,TOTAL DEDUÇÕES AMORTIZAÇÃO - FINANCIAMENTO HABITACIONAL/FMH,5,
2300061101020060001109001,Deduções Amortização - Financiamento Habitacional/FMH,5,
2300061101020070000000000,AMORTIZAÇÃO - POUPANÇA PRÉVIA FMH,5,
2300061101020070001100000,AMORTIZAÇÃO - POUPANÇA PRÉVIA FMH,5,
2300061101020070001101000,Amortização - Poupança Prévia FMH,5,
2300061101020070001109000,TOTAL DEDUÇÕES AMORTIZAÇÃO - POUPANÇA PRÉVIA FMH,5,
2300061101020070001109001,Deduções Amortização - Poupança Prévia FMH,5,
2300061101020080000000000,AMORTIZAÇÃO - SINISTROS FMH - PART. CART. COHAB-SP,5,
2300061101020080001100000,AMORTIZAÇÃO - SINISTROS FMH - PART. CART. COHAB-SP,5,
2300061101020080001101000,Amortização - Sinistros FMH - Part. Cart. COHAB-SP,5,
2300061101020080001109000,TOTAL DEDUÇÕES AMORTIZAÇÃO - SINISTROS FMH - PART. CART. COHAB-SP,5,
2300061101020080001109001,Deduções Amortização - Sinistros FMH - Part. Cart. COHAB-SP,5,
2300061101020090000000000,FINANCIAMENTOS HABITACIONAIS - CARTEIRA COHAB/FMH,5,
2300061101020090001100000,FINANCIAMENTOS HABITACIONAIS - CARTEIRA COHAB/FMH,5,
2300061101020090001101000,Financiamentos Habitacionais - Carteira COHAB/FMH,5,
2300061101020090001109000,TOTAL DEDUÇÕES FINANCIAMENTOS HABITACIONAIS - CARTEIRA COHAB/FMH,5,
2300061101020090001109001,Deduções Financiamentos Habitacionais - Carteira COHAB/FMH,5,
2300070000000000000000000,AMORTIZAÇÃO DE FINANCIAMENTOS,5,
2300071000000000000000000,AMORTIZAÇÃO DE FINANCIAMENTOS,5,
2300071100000000000000000,AMORTIZAÇÃO DE FINANCIAMENTOS - PRINCIPAL,5,
2300071101000000000000000,AMORTIZAÇÃO DE FINANCIAMENTOS - PROGRAMA MONUMENTA,5,
2300071101000000001100000,AMORTIZAÇÃO DE FINANCIAMENTOS - PROGRAMA MONUMENTA,5,
2300071101000000001101000,Amortização De Financiamentos - Programa Monumenta,5,
2300800000000000000000000,AMORTIZAÇÃO DE FINANCIAMENTO DO FUNDO DE FINANCIAMENTO AO ESTUDANTE DO ENSINO SUPERIOR - FIES,5,
2300801000000000000000000,AMORTIZAÇÃO DE FINANCIAMENTO DO FUNDO DE FINANCIAMENTO AO ESTUDANTE DO ENSINO SUPERIOR - FIES,5,
2400000000000000000000000,TRANSFERÊNCIAS DE CAPITAL,5,
2410000000000000000000000,TRANSFERÊNCIAS DA UNIÃO E DE SUAS ENTIDADES,5,
2410001000000000000000000,TRANSFERÊNCIAS DA UNIÃO E DE SUAS ENTIDADES,5,
2418000000000000000000000,TRANSFERÊNCIAS DA UNIÃO,5,
2418010000000000000000000,TRANSFERÊNCIAS DA UNIÃO A CONSÓRCIOS PÚBLICOS,5,
2418011000000000000000000,TRANSFERÊNCIAS DA UNIÃO A CONSÓRCIOS PÚBLICOS,5,
2418030000000000000000000,TRANSFERÊNCIA DE RECURSOS DO SISTEMA ÚNICO DE SAÚDE - SUS - BLOCO CUSTEIO DAS AÇÕES E SERVIÇOS PÚBLI,5,
2418031000000000000000000,TRANSFERÊNCIA DE RECURSOS DO SUS - ATENÇÃO BÁSICA,5,
2418031100000000000000000,TRANSFERÊNCIA DE RECURSOS DO SUS - ATENÇÃO BÁSICA - PRINCIPAL,5,
2418031101000000000000000,TRANSFERÊNCIAS DE RECURSOS DO SUS,5,
2418031101000000001100000,TRANSFERÊNCIAS DE RECURSOS DO SUS,5,
2418031101000000001101000,Transferências de Recursos do SUS,5,
2418031101000000001109000,TOTAL DEDUÇÕES TRANSFERÊNCIAS DE RECURSOS DO SUS,5,
2418031101000000001109001,Deduções Transferências de Recursos do SUS,5,
2418031102000000000000000,PROJETOS MUNICIPAIS DE EXPANSÃO DA SAÚDE DA FAMÍLIA - PROESF - FNS/FMS,5,
2418031102000000001100000,PROJETOS MUNICIPAIS DE EXPANSÃO DA SAÚDE DA FAMÍLIA - PROESF - FNS/FMS,5,
2418031102000000001101000,Projetos Municipais de Expansão da Saúde da Família - Proesf - FNS/FMS,5,
2418031102000000001109000,TOTAL DEDUÇÕES PROJETOS MUNICIPAIS DE EXPANSÃO DA SAÚDE DA FAMÍLIA - PROESF - FNS/FMS,5,
2418031102000000001109001,Deduções Projetos Municipais de Expansão da Saúde da Família - Proesf - FNS/FMS,5,
2418031103000000000000000,PROGRAMA NACIONAL DE HIV AIDS/DST - FMS,5,
2418031103000000001100000,PROGRAMA NACIONAL DE HIV AIDS/DST - FMS,5,
2418031103000000001101000,Programa Nacional de HIV AIDS/DST - FMS,5,
2418031103000000001109000,TOTAL DEDUÇÕES PROGRAMA NACIONAL DE HIV AIDS/DST - FMS,5,
2418031103000000001109001,Deduções Programa Nacional de HIV AIDS/DST - FMS,5,
2418031104000000000000000,PISO DA ATENÇÃO BÁSICA - PAB - EPIDEMIOLOGIA E CONTROLE DE DOENÇAS - FMS,5,
2418031104000000001100000,PISO DA ATENÇÃO BÁSICA - PAB - EPIDEMIOLOGIA E CONTROLE DE DOENÇAS - FMS,5,
2418031104000000001101000,Piso da Atenção Básica - PAB - Epidemiologia e Controle de Doenças - FMS,5,
2418031104000000001109000,TOTAL DEDUÇÕES PISO DA ATENÇÃO BÁSICA - PAB - EPIDEMIOLOGIA E CONTROLE DE DOENÇAS - FMS,5,
2418031104000000001109001,Deduções Piso da Atenção Básica - PAB - Epidemiologia e Controle de Doenças - FMS,5,
2418031105000000000000000,GESTÃO PLENA DO SISTEMA MUNICIPAL DE SAÚDE - FMS,5,
2418031105000000001100000,GESTÃO PLENA DO SISTEMA MUNICIPAL DE SAÚDE - FMS,5,
2418031105000000001101000,Gestão Plena do Sistema Municipal de Saúde - FMS,5,
2418031105000000001109000,TOTAL DEDUÇÕES GESTÃO PLENA DO SISTEMA MUNICIPAL DE SAÚDE - FMS,5,
2418031105000000001109001,Deduções Gestão Plena do Sistema Municipal de Saúde - FMS,5,
2418031106000000000000000,PROGRAMA FARMÁCIA POPULAR DO BRASIL - FNS/FMS,5,
2418031106000000001100000,PROGRAMA FARMÁCIA POPULAR DO BRASIL - FNS/FMS,5,
2418031106000000001101000,Programa Farmácia Popular do Brasil - FNS/FMS,5,
2418031106000000001109000,TOTAL DEDUÇÕES PROGRAMA FARMÁCIA POPULAR DO BRASIL - FNS/FMS,5,
2418031106000000001109001,Deduções Programa Farmácia Popular do Brasil - FNS/FMS,5,
2418031107000000000000000,PROGRAMA CENTROS DE ESPECIALIDADES ODONTOLÓGICAS - FNS/FMS,5,
2418031107000000001100000,PROGRAMA CENTROS DE ESPECIALIDADES ODONTOLÓGICAS - FNS/FMS,5,
2418031107000000001101000,Programa Centros de Especialidades Odontológicas - FNS/FMS,5,
2418031107000000001109000,TOTAL DEDUÇÕES PROGRAMA CENTROS DE ESPECIALIDADES ODONTOLÓGICAS - FNS/FMS,5,
2418031107000000001109001,Deduções Programa Centros de Especialidades Odontológicas - FNS/FMS,5,
2418031108000000000000000,PROGRAMAS FINANCIADOS POR TRANSFERÊNCIAS FUNDO A FUNDO - FMS,5,
2418031108000000001100000,PROGRAMAS FINANCIADOS POR TRANSFERÊNCIAS FUNDO A FUNDO - FMS,5,
2418031108000000001101000,Programas Financiados por Transferências Fundo a Fundo - FMS,5,
2418031108000000001109000,TOTAL DEDUÇÕES PROGRAMAS FINANCIADOS POR TRANSFERÊNCIAS FUNDO A FUNDO - FMS,5,
2418031108000000001109001,Deduções Programas Financiados por Transferências Fundo a Fundo - FMS,5,
2418031109000000000000000,BLOCO DE INVESTIMENTO NA REDE DE SERVIÇOS PÚBLICOS DE SAÚDE - FNS,5,
2418031109000000001100000,BLOCO DE INVESTIMENTO NA REDE DE SERVIÇOS PÚBLICOS DE SAÚDE - FNS,5,
2418031109000000001101000,Bloco de Investimento na Rede de Serviços Públicos de Saúde - FNS,5,
2418032000000000000000000,TRANSFERÊNCIA DE RECURSOS DO SUS - ATENÇÃO DE MÉDIA E ALTA COMPLEXIDADE AMBULATORIAL E HOSPITALAR,5,
2418032100000000000000000,TRANSFERÊNCIA DE RECURSOS DO SUS - ATENÇÃO DE MÉDIA E ALTA COMPLEXIDADE AMBULATORIAL E HOSPITALAR - ,5,
2418032101000000000000000,TRANSFERÊNCIA DE RECURSOS DO SUS - ATENÇÃO DE MÉDIA E ALTA COMPLEXIDADE AMBULATORIAL E HOSPITALAR - ,5,
2418032101000000001100000,TRANSFERÊNCIA DE RECURSOS DO SUS - ATENÇÃO DE MÉDIA E ALTA COMPLEXIDADE AMBULATORIAL E HOSPITALAR - ,5,
2418032101000000001101000,Transferência De Recursos Do SUS - Atenção De Média E Alta Complexidade Ambulatorial E Hospitalar - ,5,
2418033000000000000000000,TRANSFERÊNCIA DE RECURSOS DO SUS - VIGILÂNCIA EM SAÚDE,5,
2418033100000000000000000,TRANSFERÊNCIA DE RECURSOS DO SUS - VIGILÂNCIA EM SAÚDE - PRINCIPAL,5,
2418033101000000000000000,TRANSFERÊNCIA DE RECURSOS DO SUS - VIGILÂNCIA EM SAÚDE - PRINCIPAL,5,
2418033101000000001100000,TRANSFERÊNCIA DE RECURSOS DO SUS - VIGILÂNCIA EM SAÚDE - PRINCIPAL,5,
2418033101000000001101000,Transferência De Recursos Do SUS - Vigilância Em Saúde - Principal,5,
2418034000000000000000000,TRANSFERÊNCIA DE RECURSOS DO SUS - ASSISTÊNCIA FARMACÊUTICA,5,
2418034100000000000000000,TRANSFERÊNCIA DE RECURSOS DO SUS - ASSISTÊNCIA FARMACÊUTICA - PRINCIPAL,5,
2418034101000000000000000,TRANSFERÊNCIA DE RECURSOS DO SUS - ASSISTÊNCIA FARMACÊUTICA - PRINCIPAL,5,
2418034101000000001100000,TRANSFERÊNCIA DE RECURSOS DO SUS - ASSISTÊNCIA FARMACÊUTICA - PRINCIPAL,5,
2418034101000000001101000,Transferência De Recursos Do SUS - Assistência Farmacêutica - Principal,5,
2418035000000000000000000,TRANSFERÊNCIA DE RECURSOS DO SUS - GESTÃO DO SUS,5,
2418035100000000000000000,TRANSFERÊNCIA DE RECURSOS DO SUS - GESTÃO DO SUS - PRINCIPAL,5,
2418035101000000000000000,TRANSFERÊNCIA DE RECURSOS DO SUS - GESTÃO DO SUS - PRINCIPAL,5,
2418035101000000001100000,TRANSFERÊNCIA DE RECURSOS DO SUS - GESTÃO DO SUS - PRINCIPAL,5,
2418035101000000001101000,Transferência De Recursos Do SUS - Gestão Do SUS - Principal,5,
2418039000000000000000000,TRANSFERÊNCIA DE RECURSOS DO SUS - OUTROS PROGRAMAS FINANCIADOS POR TRANSFERÊNCIAS FUNDO A FUNDO,5,
2418039100000000000000000,TRANSFERÊNCIA DE RECURSOS DO SUS - OUTROS PROGRAMAS FINANCIADOS POR TRANSFERÊNCIAS FUNDO A FUNDO - P,5,
2418039101000000000000000,TRANSFERÊNCIA DE RECURSOS DO SUS - OUTROS PROGRAMAS FINANCIADOS POR TRANSFERÊNCIAS FUNDO A FUNDO - P,5,
2418039101000000001100000,TRANSFERÊNCIA DE RECURSOS DO SUS - OUTROS PROGRAMAS FINANCIADOS POR TRANSFERÊNCIAS FUNDO A FUNDO - P,5,
2418039101000000001101000,Transferência De Recursos Do SUS - Outros Programas Financiados Por Transferências Fundo A Fundo - P,5,
2418040000000000000000000,TRANSFERÊNCIA DE RECURSOS DO SISTEMA ÚNICO DE SAÚDE - SUS - BLOCO INVESTIMENTOS NA REDE DE SERVIÇOS ,5,
2418041000000000000000000,TRANSFERÊNCIA DE RECURSOS DO SISTEMA ÚNICO DE SAÚDE - SUS - DESTINADOS À ATENÇÃO BÁSICA,5,
2418041100000000000000000,TRANSFERÊNCIA DE RECURSOS DO SISTEMA ÚNICO DE SAÚDE - SUS - DESTINADOS À ATENÇÃO BÁSICA - PRINCIPAL,5,
2418041101000000000000000,TRANSFERÊNCIA DE RECURSOS DO SISTEMA ÚNICO DE SAÚDE - SUS - DESTINADOS À ATENÇÃO BÁSICA - PRINCIPAL,5,
2418041101000000001100000,TRANSFERÊNCIA DE RECURSOS DO SISTEMA ÚNICO DE SAÚDE - SUS - DESTINADOS À ATENÇÃO BÁSICA - PRINCIPAL,5,
2418041101000000001101000,Transferência De Recursos Do Sistema Único De Saúde - SUS - Destinados À Atenção Básica - Principal,5,
2418042000000000000000000,TRANSFERÊNCIA DE RECURSOS DO SISTEMA ÚNICO DE SAÚDE - SUS - DESTINADOS À ATENÇÃO ESPECIALIZADA,5,
2418042100000000000000000,TRANSFERÊNCIA DE RECURSOS DO SISTEMA ÚNICO DE SAÚDE - SUS - DESTINADOS À ATENÇÃO ESPECIALIZADA - PRI,5,
2418042101000000000000000,TRANSFERÊNCIA DE RECURSOS DO SISTEMA ÚNICO DE SAÚDE - SUS - DESTINADOS À ATENÇÃO ESPECIALIZADA - PRI,5,
2418042101000000001100000,TRANSFERÊNCIA DE RECURSOS DO SISTEMA ÚNICO DE SAÚDE - SUS - DESTINADOS À ATENÇÃO ESPECIALIZADA - PRI,5,
2418042101000000001101000,Transferência De Recursos Do Sistema Único De Saúde - SUS - Destinados À Atenção Especializada - Pri,5,
2418043000000000000000000,TRANSFERÊNCIA DE RECURSOS DO SISTEMA ÚNICO DE SAÚDE - SUS - DESTINADOS À VIGILÂNCIA EM SAÚDE,5,
2418043100000000000000000,TRANSFERÊNCIA DE RECURSOS DO SISTEMA ÚNICO DE SAÚDE - SUS - DESTINADOS À VIGILÂNCIA EM SAÚDE - PRINC,5,
2418043101000000000000000,TRANSFERÊNCIA DE RECURSOS DO SISTEMA ÚNICO DE SAÚDE - SUS - DESTINADOS À VIGILÂNCIA EM SAÚDE - PRINC,5,
2418043101000000001100000,TRANSFERÊNCIA DE RECURSOS DO SISTEMA ÚNICO DE SAÚDE - SUS - DESTINADOS À VIGILÂNCIA EM SAÚDE - PRINC,5,
2418043101000000001101000,Transferência De Recursos Do Sistema Único De Saúde - SUS - Destinados À Vigilância Em Saúde - Princ,5,
2418044000000000000000000,TRANSFERÊNCIA DE RECURSOS DO SISTEMA ÚNICO DE SAÚDE - SUS - DESTINADOS À GESTÃO E DESENVOLVIMENTO DE,5,
2418044100000000000000000,TRANSFERÊNCIA DE RECURSOS DO SISTEMA ÚNICO DE SAÚDE - SUS - DESTINADOS À GESTÃO E DESENVOLVIMENTO DE,5,
2418044101000000000000000,TRANSFERÊNCIA DE RECURSOS DO SISTEMA ÚNICO DE SAÚDE - SUS - DESTINADOS À GESTÃO E DESENVOLVIMENTO DE,5,
2418044101000000001100000,TRANSFERÊNCIA DE RECURSOS DO SISTEMA ÚNICO DE SAÚDE - SUS - DESTINADOS À GESTÃO E DESENVOLVIMENTO DE,5,
2418044101000000001101000,Transferência De Recursos Do Sistema Único De Saúde - SUS - Destinados À Gestão E Desenvolvimento De,5,
2418045000000000000000000,TRANSFERÊNCIA DE RECURSOS DO SISTEMA ÚNICO DE SAÚDE - SUS - DESTINADOS À GESTÃO DO SUS,5,
2418045100000000000000000,TRANSFERÊNCIA DE RECURSOS DO SISTEMA ÚNICO DE SAÚDE - SUS - DESTINADOS À GESTÃO DO SUS - PRINCIPAL,5,
2418045101000000000000000,TRANSFERÊNCIA DE RECURSOS DO SISTEMA ÚNICO DE SAÚDE - SUS - DESTINADOS À GESTÃO DO SUS - PRINCIPAL,5,
2418045101000000001100000,TRANSFERÊNCIA DE RECURSOS DO SISTEMA ÚNICO DE SAÚDE - SUS - DESTINADOS À GESTÃO DO SUS - PRINCIPAL,5,
2418045101000000001101000,Transferência De Recursos Do Sistema Único De Saúde - SUS - Destinados À Gestão Do SUS - Principal,5,
2418046000000000000000000,OUTRAS TRANSFERÊNCIA DE RECURSOS DO SISTEMA ÚNICO DE SAÚDE - SUS NÃO DETALHADAS ANTERIORMENTE,5,
2418046100000000000000000,OUTRAS TRANSFERÊNCIA DE RECURSOS DO SISTEMA ÚNICO DE SAÚDE - SUS NÃO DETALHADAS ANTERIORMENTE,5,
2418046101000000000000000,OUTRAS TRANSFERÊNCIA DE RECURSOS DO SISTEMA ÚNICO DE SAÚDE - SUS NÃO DETALHADAS ANTERIORMENTE,5,
2418046101000000001100000,OUTRAS TRANSFERÊNCIA DE RECURSOS DO SISTEMA ÚNICO DE SAÚDE - SUS NÃO DETALHADAS ANTERIORMENTE,5,
2418046101000000001101000,Outras Transferências De Recursos Do Sistema Único De Saúde - SUS Não Detalhadas Anteriormente - Pri,5,
2418050000000000000000000,TRANSFERÊNCIAS DE RECURSOS DESTINADOS A PROGRAMAS DE EDUCAÇÃO,5,
2418051000000000000000000,TRANSFERÊNCIAS DE RECURSOS DESTINADOS A PROGRAMAS DE EDUCAÇÃO,5,
2418051100000000000000000,TRANSFERÊNCIAS DE RECURSOS DESTINADOS A PROGRAMAS DE EDUCAÇÃO - PRINCIPAL,5,
2418051101000000000000000,PROGRAMA DINHEIRO DIRETO NA ESCOLA - PDDE/FNDE,5,
2418051101000000001100000,PROGRAMA DINHEIRO DIRETO NA ESCOLA - PDDE/FNDE,5,
2418051101000000001101000,Programa Dinheiro Direto na Escola - PDDE/FNDE,5,
2418051101000000001109000,TOTAL DEDUÇÕES PROGRAMA DINHEIRO DIRETO NA ESCOLA - PDDE/FNDE,5,
2418051101000000001109001,Deduções Programa Dinheiro Direto na Escola - PDDE/FNDE,5,
2418051102000000000000000,FNDE - PLANO DE AÇÕES ARTICULADAS,5,
2418051102000000001100000,FNDE - PLANO DE AÇÕES ARTICULADAS,5,
2418051102000000001101000,FNDE - Plano de Ações Articuladas,5,
2418051102000000001109000,TOTAL DEDUÇÕES FNDE - PLANO DE AÇÕES ARTICULADAS,5,
2418051102000000001109001,Deduções FNDE - Plano de Ações Articuladas,5,
2418080000000000000000000,TRANSFERÊNCIAS ADVINDAS DE EMENDAS PARLAMENTARES,5,
2418081000000000000000000,TRANSFERÊNCIAS ADVINDAS DE EMENDAS PARLAMENTARES,5,
2418081100000000000000000,TRANSFERÊNCIAS ADVINDAS DE EMENDAS PARLAMENTARES - PRINCIPAL,5,
2418081101000000000000000,TRANSFERÊNCIAS ADVINDAS DE EMENDAS PARLAMENTARES - CONVÊNIO FMS X UNIÃO,5,
2418081101000000001100000,TRANSFERÊNCIAS ADVINDAS DE EMENDAS PARLAMENTARES - CONVÊNIO FMS X UNIÃO,5,
2418081101000000001101000,Transferências Advindas de Emendas Parlamentares - Convênio FMS X União,5,
2418081102000000000000000,TRANSFERÊNCIAS ADVINDAS DE EMENDAS PARLAMENTARES - FUNDO A FUNDO - FMS,5,
2418081102000000001100000,TRANSFERÊNCIAS ADVINDAS DE EMENDAS PARLAMENTARES - FUNDO A FUNDO - FMS ,5,
2418081102000000001101000,Transferências Advindas de Emendas Parlamentares - Fundo a Fundo - FMS ,5,
2418081103000000000000000,TRANSFERÊNCIAS ADVINDAS DE EMENDAS PARLAMENTARES - CONVÊNIO SUB-JT X UNIÃO,5,
2418081103000000001100000,TRANSFERÊNCIAS ADVINDAS DE EMENDAS PARLAMENTARES - CONVÊNIO SUB-JT X UNIÃO,5,
2418081103000000001101000,Transferências Advindas de Emendas Parlamentares - Convênio SUB-JT X União,5,
2418081104000000000000000,TRANSFERÊNCIAS ADVINDAS DE EMENDAS PARLAMENTARES - CONVÊNIO SUB-JA X UNIÃO,5,
2418081104000000001100000,TRANSFERÊNCIAS ADVINDAS DE EMENDAS PARLAMENTARES - CONVÊNIO SUB-JA X UNIÃO,5,
2418081104000000001101000,Transferências Advindas de Emendas Parlamentares - Convênio SUB-JA X União,5,
2418081105000000000000000,TRANSFERÊNCIAS ADVINDAS DE EMENDAS PARLAMENTARES - CONVÊNIO SEME X UNIÃO,5,
2418081105000000001100000,TRANSFERÊNCIAS ADVINDAS DE EMENDAS PARLAMENTARES - CONVÊNIO SEME X UNIÃO,5,
2418081105000000001101000,Transferências Advindas de Emendas Parlamentares - Convênio SEME X União,5,
2418100000000000000000000,TRANSFERÊNCIA DE CONVÊNIOS DA UNIÃO E DE SUAS ENTIDADES,5,
2418101000000000000000000,TRANSFERÊNCIAS DE CONVÊNIO DA UNIÃO PARA O SISTEMA ÚNICO DE SAÚDE – SUS,5,
2418101100000000000000000,TRANSFERÊNCIAS DE CONVÊNIO DA UNIÃO PARA O SISTEMA ÚNICO DE SAÚDE – SUS - PRINCIPAL,5,
2418101101000000000000000,CONVÊNIO DST/AIDS/FMS,5,
2418101101000000001100000,CONVÊNIO DST/AIDS/FMS,5,
2418101101000000001101000,Convênio DST/AIDS/FMS,5,
2418101101000000001109000,TOTAL DEDUÇÕES CONVÊNIO DST/AIDS/FMS,5,
2418101101000000001109001,Deduções Convênio DST/AIDS/FMS,5,
2418101102000000000000000,CONVÊNIO DENGUE/FMS,5,
2418101102000000001100000,CONVÊNIO DENGUE/FMS,5,
2418101102000000001101000,Convênio Dengue/FMS,5,
2418101102000000001109000,TOTAL DEDUÇÕES CONVÊNIO DENGUE/FMS,5,
2418101102000000001109001,Deduções Convênio Dengue/FMS,5,
2418101103000000000000000,OUTROS CONVÊNIOS SMS/FMS,5,
2418101103000000001100000,OUTROS CONVÊNIOS SMS/FMS,5,
2418101103000000001101000,Outros Convênios SMS/FMS,5,
2418101103000000001109000,TOTAL DEDUÇÕES OUTROS CONVÊNIOS SMS/FMS,5,
2418101103000000001109001,Deduções Outros Convênios SMS/FMS,5,
2418101104000000000000000,CEUS SAÚDE,5,
2418101104000000001100000,CEUS SAÚDE,5,
2418101104000000001101000,CEUs Saúde,5,
2418101104000000001109000,TOTAL DEDUÇÕES CEUS SAÚDE,5,
2418101104000000001109001,Deduções CEUs Saúde,5,
2418101105000000000000000,HOSPITAL M BOI MIRIM,5,
2418101105000000001100000,HOSPITAL M BOI MIRIM,5,
2418101105000000001101000,Hospital M Boi Mirim,5,
2418101105000000001109000,TOTAL DEDUÇÕES HOSPITAL M BOI MIRIM,5,
2418101105000000001109001,Deduções Hospital M Boi Mirim,5,
2418101106000000000000000,HOSPITAL CIDADE TIRADENTES,5,
2418101106000000001100000,HOSPITAL CIDADE TIRADENTES,5,
2418101106000000001101000,Hospital Cidade Tiradentes,5,
2418101106000000001109000,TOTAL DEDUÇÕES HOSPITAL CIDADE TIRADENTES,5,
2418101106000000001109001,Deduções Hospital Cidade Tiradentes,5,
2418101107000000000000000,CONVÊNIOS COM O MINISTÉRIO DA SAÚDE -FMS,5,
2418101107000000001100000,CONVÊNIOS COM O MINISTÉRIO DA SAÚDE -FMS,5,
2418101107000000001101000,Convênios com o Ministério da Saúde -FMS,5,
2418101107000000001109000,TOTAL DEDUÇÕES CONVÊNIOS COM O MINISTÉRIO DA SAÚDE -FMS,5,
2418101107000000001109001,Deduções Convênios com o Ministério da Saúde -FMS,5,
2418101108000000000000000,OUTROS CONVÊNIOS DA UNIÃO PARA A ÁREA DA SAÚDE -FMS,5,
2418101108000000001100000,OUTROS CONVÊNIOS DA UNIÃO PARA A ÁREA DA SAÚDE -FMS,5,
2418101108000000001101000,Outros convênios da União para a Área da Saúde -FMS,5,
2418101108000000001109000,TOTAL DEDUÇÕES OUTROS CONVÊNIOS DA UNIÃO PARA A ÁREA DA SAÚDE -FMS,5,
2418101108000000001109001,Deduções Outros convênios da União para a Área da Saúde -FMS,5,
2418102000000000000000000,TRANSFERÊNCIAS DE CONVÊNIO DA UNIÃO DESTINADAS A PROGRAMAS DE EDUCAÇÃO,5,
2418102100000000000000000,TRANSFERÊNCIAS DE CONVÊNIO DA UNIÃO DESTINADAS A PROGRAMAS DE EDUCAÇÃO - PRINCIPAL,5,
2418102101000000000000000,CONVÊNIO MEC/FNDE - ASSISTÊNCIA FINANCEIRA A PROGRAMAS E PROJETOS EDUCACIONAIS,5,
2418102101000000001100000,CONVÊNIO MEC/FNDE - ASSISTÊNCIA FINANCEIRA A PROGRAMAS E PROJETOS EDUCACIONAIS,5,
2418102101000000001101000,Convênio MEC/FNDE - Assistência Financeira a Programas e Projetos Educacionais,5,
2418102101000000001109000,TOTAL DEDUÇÕES CONVÊNIO MEC/FNDE - ASSISTÊNCIA FINANCEIRA A PROGRAMAS E PROJETOS EDUCACIONAIS,5,
2418102101000000001109001,Deduções Convênio MEC/FNDE - Assistência Financeira a Programas e Projetos Educacionais,5,
2418102102000000000000000,FNDE- ASSISTÊNCIA FINANCEIRA A PROGRAMAS E PROJETOS EDUCACIONAIS - PAC2,5,
2418102102000000001100000,FNDE- ASSISTÊNCIA FINANCEIRA A PROGRAMAS E PROJETOS EDUCACIONAIS - PAC2,5,
2418102102000000001101000,FNDE- Assistência Financeira a Programas e Projetos Educacionais - PAC2,5,
2418102102000000001109000,TOTAL DEDUÇÕES FNDE- ASSISTÊNCIA FINANCEIRA A PROGRAMAS E PROJETOS EDUCACIONAIS - PAC2,5,
2418102102000000001109001,Deduções FNDE- Assistência Financeira a Programas e Projetos Educacionais - PAC2,5,
2418102103000000000000000,FNDE - ASSISTÊNCIA FINANCEIRA A PROGRAMAS E PROJETOS EDUCACIONAIS - PAR,5,
2418102103000000001100000,FNDE - ASSISTÊNCIA FINANCEIRA A PROGRAMAS E PROJETOS EDUCACIONAIS - PAR,5,
2418102103000000001101000,FNDE - Assistência Financeira a Programas e Projetos Educacionais - PAR,5,
2418102103000000001109000,TOTAL DEDUÇÕES FNDE - ASSISTÊNCIA FINANCEIRA A PROGRAMAS E PROJETOS EDUCACIONAIS - PAR,5,
2418102103000000001109001,Deduções FNDE - Assistência Financeira a Programas e Projetos Educacionais - PAR,5,
2418105000000000000000000,TRANSFERÊNCIAS DE CONVÊNIOS DA UNIÃO DESTINADAS A PROGRAMAS DE SANEAMENTO BÁSICO,5,
2418105100000000000000000,TRANSFERÊNCIAS DE CONVÊNIOS DA UNIÃO DESTINADAS A PROGRAMAS DE SANEAMENTO BÁSICO - PRINCIPAL,5,
2418105101000000000000000,CONVÊNIO SIURB X UNIÃO,5,
2418105101000000001100000,CONVÊNIO SIURB X UNIÃO,5,
2418105101000000001101000,Convênio SIURB X União,5,
2418105101000000001109000,TOTAL DEDUÇÕES CONVÊNIO SIURB X UNIÃO,5,
2418105101000000001109001,Deduções Convênio SIURB X União,5,
2418105102000000000000000,CONVÊNIO SMSUB X UNIÃO,5,
2418105102000000001100000,CONVÊNIO SMSUB X UNIÃO,5,
2418105102000000001101000,Convênio SMSUB X União,5,
2418105102000000001109000,TOTAL DEDUÇÕES CONVÊNIO SMSUB X UNIÃO,5,
2418105102000000001109001,Deduções Convênio SMSUB X União,5,
2418106000000000000000000,TRANSFERÊNCIAS DE CONVÊNIOS DA UNIÃO DESTINADAS A PROGRAMAS DE MEIO AMBIENTE,5,
2418106100000000000000000,TRANSFERÊNCIAS DE CONVÊNIOS DA UNIÃO DESTINADAS A PROGRAMAS DE MEIO AMBIENTE - PRINCIPAL,5,
2418106101000000000000000,PMSP-SVMA-PARQUE NATURAL MUNICIPAL DA CRATERA DE COLONIA/CONVÊNIO FURNAS,5,
2418106101000000001100000,PMSP-SVMA-PARQUE NATURAL MUNICIPAL DA CRATERA DE COLONIA/CONVÊNIO FURNAS,5,
2418106101000000001101000,PMSP-SVMA-Parque Natural Municipal da Cratera de Colonia/Convênio FURNAS,5,
2418106101000000001109000,TOTAL DEDUÇÕES PMSP-SVMA-PARQUE NATURAL MUNICIPAL DA CRATERA DE COLONIA/CONVÊNIO FURNAS,5,
2418106101000000001109001,Deduções PMSP-SVMA-Parque Natural Municipal da Cratera de Colonia/Convênio FURNAS,5,
2418107000000000000000000,TRANSFERÊNCIAS DE CONVÊNIOS DA UNIÃO DESTINADAS A PROGRAMAS DE INFRA-ESTRUTURA EM TRANSPORTE,5,
2418107100000000000000000,TRANSFERÊNCIAS DE CONVÊNIOS DA UNIÃO DESTINADAS A PROGRAMAS DE INFRA-ESTRUTURA EM TRANSPORTE - PRINC,5,
2418107101000000000000000,CONVÊNIO JACU - PÊSSEGO,5,
2418107101000000001100000,CONVÊNIO JACU - PÊSSEGO,5,
2418107101000000001101000,Convênio Jacu - Pêssego,5,
2418107101000000001109000,TOTAL DEDUÇÕES CONVÊNIO JACU - PÊSSEGO,5,
2418107101000000001109001,Deduções Convênio Jacu - Pêssego,5,
2418107102000000000000000,TERMINAL DE CARGAS FERNÃO DIAS/MT-DNIT/SP-MG,5,
2418107102000000001100000,TERMINAL DE CARGAS FERNÃO DIAS/MT-DNIT/SP-MG,5,
2418107102000000001101000,Terminal de Cargas Fernão Dias/MT-DNIT/SP-MG,5,
2418107102000000001109000,TOTAL DEDUÇÕES TERMINAL DE CARGAS FERNÃO DIAS/MT-DNIT/SP-MG,5,
2418107102000000001109001,Deduções Terminal de Cargas Fernão Dias/MT-DNIT/SP-MG,5,
2418109000000000000000000,OUTRAS TRANSFERÊNCIAS DE CONVÊNIOS DA UNIÃO,5,
2418109100000000000000000,OUTRAS TRANSFERÊNCIAS DE CONVÊNIOS DA UNIÃO - PRINCIPAL,5,
2418109101000000000000000,CONVÊNIO SMSUB X UNIÃO,5,
2418109101000000001100000,CONVÊNIO SMSUB X UNIÃO,5,
2418109101000000001101000,Convênio SMSUB X União,5,
2418109101000000001109000,TOTAL DEDUÇÕES CONVÊNIO SMSUB X UNIÃO,5,
2418109101000000001109001,Deduções Convênio SMSUB X União,5,
2418109102000000000000000,CONVÊNIO SECRETARIA NACIONAL DE SEGURANÇA PÚBLICA - SENASP,5,
2418109102000000001100000,CONVÊNIO SECRETARIA NACIONAL DE SEGURANÇA PÚBLICA - SENASP,5,
2418109102000000001101000,Convênio Secretaria Nacional de Segurança Pública - SENASP,5,
2418109102000000001109000,TOTAL DEDUÇÕES CONVÊNIO SECRETARIA NACIONAL DE SEGURANÇA PÚBLICA - SENASP,5,
2418109102000000001109001,Deduções Convênio Secretaria Nacional de Segurança Pública - SENASP,5,
2418109103000000000000000,PROGRAMA DE MODERNIZAÇÃO DO SISTEMA DE CONTROLE EXTERNO DOS ESTADOS E MUNICÍPIOS BRASILEIROS - PROMO,5,
2418109103000000001100000,PROGRAMA DE MODERNIZAÇÃO DO SISTEMA DE CONTROLE EXTERNO DOS ESTADOS E MUNICÍPIOS BRASILEIROS - PROMO,5,
2418109103000000001101000,Programa de Modernização do Sistema de Controle Externo dos Estados e Municípios Brasileiros - Promo,5,
2418109103000000001109000,TOTAL DEDUÇÕES PROGRAMA DE MODERNIZAÇÃO DO SISTEMA DE CONTROLE EXTERNO DOS ESTADOS E MUNICÍPIOS BRAS,5,
2418109103000000001109001,Deduções Programa de Modernização do Sistema de Controle Externo dos Estados e Municípios Brasileiro,5,
2418109104000000000000000,CONVÊNIO SMC X UNIÃO,5,
2418109104000000001100000,CONVÊNIO SMC X UNIÃO,5,
2418109104000000001101000,Convênio SMC X União,5,
2418109104000000001109000,TOTAL DEDUÇÕES CONVÊNIO SMC X UNIÃO,5,
2418109104000000001109001,Deduções Convênio SMC X União,5,
2418109105000000000000000,CONVÊNIO SEME X UNIÃO,5,
2418109105000000001100000,CONVÊNIO SEME X UNIÃO,5,
2418109105000000001101000,Convênio SEME X União,5,
2418109105000000001109000,TOTAL DEDUÇÕES CONVÊNIO SEME X UNIÃO,5,
2418109105000000001109001,Deduções Convênio SEME X União,5,
2418109106000000000000000,CONVÊNIO SMPED X UNIÃO,5,
2418109106000000001100000,CONVÊNIO SMPED X UNIÃO,5,
2418109106000000001101000,Convênio SMPED X União,5,
2418109106000000001109000,TOTAL DEDUÇÕES CONVÊNIO SMPED X UNIÃO,5,
2418109106000000001109001,Deduções Convênio SMPED X União,5,
2418109107000000000000000,CONVÊNIO SVMA X UNIÃO,5,
2418109107000000001100000,CONVÊNIO SVMA X UNIÃO,5,
2418109107000000001101000,Convênio SVMA X União,5,
2418109107000000001109000,TOTAL DEDUÇÕES CONVÊNIO SVMA X UNIÃO,5,
2418109107000000001109001,Deduções Convênio SVMA X União,5,
2418109108000000000000000,CONVÊNIO SMDET X UNIÃO,5,
2418109108000000001100000,CONVÊNIO SMDET X UNIÃO,5,
2418109108000000001101000,Convênio SMDET X União,5,
2418109108000000001109000,TOTAL DEDUÇÕES CONVÊNIO SMDET X UNIÃO,5,
2418109108000000001109001,Deduções Convênio SMDETX União,5,
2418109109000000000000000,CONVÊNIO SMT - FMDT X UNIÃO,5,
2418109109000000001100000,CONVÊNIO SMT - FMDT X UNIÃO,5,
2418109109000000001101000,Convênio SMT - FMDT x União,5,
2418109109000000001109000,TOTAL DEDUÇÕES CONVÊNIO SMT - FMDT X UNIÃO,5,
2418109109000000001109001,Deduções Convênio SMT - FMDT x União,5,
2418109110000000000000000,CONVÊNIO SGM X UNIÃO,5,
2418109110000000001100000,CONVÊNIO SGM X UNIÃO,5,
2418109110000000001101000,Convênio SGM X União,5,
2418109110000000001109000,TOTAL DEDUÇÕES CONVÊNIO SGM X UNIÃO,5,
2418109110000000001109001,Deduções Convênio SGM X União,5,
2418109111000000000000000,CONVÊNIO COHAB-SP X UNIÃO,5,
2418109111000000001100000,CONVÊNIO COHAB-SP X UNIÃO,5,
2418109111000000001101000,Convênio COHAB-SP X União,5,
2418109111000000001109000,TOTAL DEDUÇÕES CONVÊNIO COHAB-SP X UNIÃO,5,
2418109111000000001109001,Deduções Convênio COHAB-SP X União,5,
2418109112000000000000000,CONVÊNIO FMH X UNIÃO,5,
2418109112000000001100000,CONVÊNIO FMH X UNIÃO,5,
2418109112000000001101000,Convênio FMH X União,5,
2418109112000000001109000,TOTAL DEDUÇÕES CONVÊNIO FMH X UNIÃO,5,
2418109112000000001109001,Deduções Convênio FMH X União,5,
2418109113000000000000000,CONVÊNIO SIURB X UNIÃO,5,
2418109113000000001100000,CONVÊNIO SIURB X UNIÃO,5,
2418109113000000001101000,Convênio SIURB X União,5,
2418109113000000001109000,TOTAL DEDUÇÕES CONVÊNIO SIURB X UNIÃO,5,
2418109113000000001109001,Deduções Convênio SIURB X União,5,
2418109114000000000000000,CONVÊNIO PMSP/SUB-MP X UNIÃO,5,
2418109114000000001100000,CONVÊNIO PMSP/SUB-MP X UNIÃO,5,
2418109114000000001101000,Convênio PMSP/SUB-MP X União,5,
2418109114000000001109000,TOTAL DEDUÇÕES CONVÊNIO PMSP/SUB-MP X UNIÃO,5,
2418109114000000001109001,Deduções Convênio PMSP/SUB-MP X União,5,
2418109115000000000000000,CONVÊNIO SMDHC X UNIÃO,5,
2418109115000000001100000,CONVÊNIO SMDHC X UNIÃO,5,
2418109115000000001101000,Convênio SMDHC X União,5,
2418109115000000001109000,TOTAL DEDUÇÕES CONVÊNIO SMDHC X UNIÃO,5,
2418109115000000001109001,Deduções Convênio SMDHC X União,5,
2418109116000000000000000,CONVÊNIO AMLURB X BNDES,5,
2418109116000000001100000,CONVÊNIO AMLURB X BNDES,5,
2418109116000000001101000,Convênio AMLURB X BNDES,5,
2418109116000000001109000,TOTAL DEDUÇÕES CONVÊNIO AMLURB X BNDES,5,
2418109116000000001109001,Deduções Convênio AMLURB X BNDES,5,
2418109117000000000000000,CONVÊNIO AMLURB X UNIÃO,5,
2418109117000000001100000,CONVÊNIO AMLURB X UNIÃO,5,
2418109117000000001101000,Convênio AMLURB X União,5,
2418109117000000001109000,TOTAL DEDUÇÕES CONVÊNIO AMLURB X UNIÃO,5,
2418109117000000001109001,Deduções Convênio AMLURB X União,5,
2418109118000000000000000,CONVÊNIO SMADS X UNIÃO,5,
2418109118000000001100000,CONVÊNIO SMADS X UNIÃO,5,
2418109118000000001101000,Convênio SMADS X União,5,
2418109118000000001109000,TOTAL DEDUÇÕES CONVÊNIO SMADS X UNIÃO,5,
2418109118000000001109001,Deduções Convênio SMADS X União,5,
2418109120000000000000000,CONVÊNIO AHM X UNIÃO,5,
2418109120000000001100000,CONVÊNIO AHM X UNIÃO,5,
2418109120000000001101000,Convênio AHM X União,5,
2418109120000000001109000,TOTAL DEDUÇÕES CONVÊNIO AHM X UNIÃO,5,
2418109120000000001109001,Deduções Convênio AHM X União,5,
2418109121000000000000000,CONVÊNIO PMSP/SUB-CS X UNIÃO,5,
2418109121000000001100000,CONVÊNIO PMSP/SUB-CS X UNIÃO,5,
2418109121000000001101000,Convênio PMSP/SUB-CS X União,5,
2418109121000000001109000,TOTAL DEDUÇÕES CONVÊNIO PMSP/SUB-CS X UNIÃO,5,
2418109121000000001109001,Deduções Convênio PMSP/SUB-CS X União,5,
2418109122000000000000000,CONVÊNIO SEHAB X UNIÃO,5,
2418109122000000001100000,CONVÊNIO SEHAB X UNIÃO,5,
2418109122000000001101000,Convênio SEHAB X União,5,
2418109122000000001109000,TOTAL DEDUÇÕES CONVÊNIO SEHAB X UNIÃO,5,
2418109122000000001109001,Deduções Convênio SEHAB X União,5,
2418109127000000000000000,TRANSFERÊNCIAS ADVINDAS DE EMENDAS PARLAMENTARES - CONVÊNIO SMSUB X UNIÃO,5,
2418109127000000001100000,TRANSFERÊNCIAS ADVINDAS DE EMENDAS PARLAMENTARES - CONVÊNIO SMSUB X UNIÃO,5,
2418109127000000001101000,Transferências Advindas de Emendas Parlamentares - Convênio SMSUB X União,5,
2418109128000000000000000,CEF - PROGRAMA MINHA CASA MINHA VIDA - RECURSOS FAR E FDS,5,
2418109128000000001100000,CEF - PROGRAMA MINHA CASA MINHA VIDA - RECURSOS FAR E FDS,5,
2418109128000000001101000,CEF - Programa Minha Casa Minha Vida - Recursos FAR e FDS,5,
2418109129000000000000000,CEF - PROGRAMA MINHA CASA MINHA VIDA - RECURSOS FAR,5,
2418109129000000001100000,CEF - PROGRAMA MINHA CASA MINHA VIDA - RECURSOS FAR,5,
2418109129000000001101000,CEF - Programa Minha Casa Minha Vida - Recursos FAR,5,
2418120000000000000000000,TRANSFERÊNCIAS DE RECURSOS DO FUNDO NACIONAL DE ASSISTÊNCIA SOCIAL - FNAS,5,
2418121000000000000000000,TRANSFERÊNCIAS DE RECURSOS DO FUNDO NACIONAL DE ASSISTÊNCIA SOCIAL - FNAS,5,
2418990000000000000000000,OUTRAS TRANSFERÊNCIAS DA UNIÃO,5,
2418991000000000000000000,OUTRAS TRANSFERÊNCIAS DA UNIÃO,5,
2418991100000000000000000,OUTRAS TRANSFERÊNCIAS DA UNIÃO - PRINCIPAL,5,
2418991101000000000000000,FUNDO ESPECIAL LEI 7525/86 - PETROBRÁS,5,
2418991101000000001100000,FUNDO ESPECIAL LEI 7525/86 - PETROBRÁS,5,
2418991101000000001101000,Fundo Especial Lei 7525/86 - Petrobrás,5,
2418991101000000001109000,TOTAL DEDUÇÕES FUNDO ESPECIAL LEI 7525/86 - PETROBRÁS,5,
2418991101000000001109001,Deduções Fundo Especial Lei 7525/86 - Petrobrás,5,
2418991103000000000000000,SMT/FMDT X UNIÃO,5,
2418991103000000001100000,SMT/FMDT X UNIÃO,5,
2418991103000000001101000,SMT/FMDT x União,5,
2418991103000000001109000,TOTAL DEDUÇÕES SMT/FMDT X UNIÃO,5,
2418991103000000001109001,Deduções SMT/FMDT x União,5,
2420000000000000000000000,TRANSFERÊNCIAS DOS ESTADOS E DO DISTRITO FEDERAL E DE SUAS ENTIDADES,5,
2420001000000000000000000,TRANSFERÊNCIAS DOS ESTADOS E DO DISTRITO FEDERAL E DE SUAS ENTIDADES,5,
2428000000000000000000000,"TRANSFERÊNCIAS DOS ESTADOS, DISTRITO FEDERAL, E DE SUAS ENTIDADES",5,
2428010000000000000000000,TRANSFERÊNCIAS DOS ESTADOS E DISTRITO FEDERAL A CONSÓRCIOS PÚBLICOS,5,
2428011000000000000000000,TRANSFERÊNCIAS DOS ESTADOS E DISTRITO FEDERAL A CONSÓRCIOS PÚBLICOS,5,
2428030000000000000000000,TRANSFERÊNCIAS DE RECURSOS DO SISTEMA ÚNICO DE SAÚDE – SUS,5,
2428031000000000000000000,TRANSFERÊNCIAS DE RECURSOS DO SISTEMA ÚNICO DE SAÚDE – SUS,5,
2428031100000000000000000,TRANSFERÊNCIAS DE RECURSOS DO SISTEMA ÚNICO DE SAÚDE – SUS- PRINCIPAL,5,
2428031101000000000000000,SECRETARIA DE ESTADO DA SAÚDE - SMS/FMS,5,
2428031101000000001100000,SECRETARIA DE ESTADO DA SAÚDE - SMS/FMS,5,
2428031101000000001101000,Secretaria de Estado da Saúde - SMS/FMS,5,
2428031101000000001109000,TOTAL DEDUÇÕES SECRETARIA DE ESTADO DA SAÚDE - SMS/FMS,5,
2428031101000000001109001,Deduções Secretaria de Estado da Saúde - SMS/FMS,5,
2428050000000000000000000,TRANSFERÊNCIAS DE RECURSOS DESTINADOS A PROGRAMAS DE EDUCAÇÃO,5,
2428051000000000000000000,TRANSFERÊNCIAS DE RECURSOS DESTINADOS A PROGRAMAS DE EDUCAÇÃO,5,
2428100000000000000000000,TRANSFERÊNCIAS DE CONVÊNIOS DOS ESTADOS E DO DISTRITO FEDERAL E DE SUAS ENTIDADES,5,
2428101000000000000000000,TRANSFERÊNCIAS DE CONVÊNIOS DOS ESTADOS PARA O SISTEMA ÚNICO DE SAÚDE – SUS,5,
2428101100000000000000000,TRANSFERÊNCIAS DE CONVÊNIOS DOS ESTADOS PARA O SISTEMA ÚNICO DE SAÚDE – SUS - PRINCIPAL,5,
2428101101000000000000000,TRANSFERÊNCIAS DE CONVÊNIOS DOS ESTADOS PARA O SISTEMA ÚNICO DE SAÚDE - SUS,5,
2428101101000000001100000,TRANSFERÊNCIAS DE CONVÊNIOS DOS ESTADOS PARA O SISTEMA ÚNICO DE SAÚDE - SUS,5,
2428101101000000001101000,Transferências de Convênios dos Estados para o Sistema Único de Saúde - SUS,5,
2428101101000000001109000,TOTAL DEDUÇÕES TRANSFERÊNCIAS DE CONVÊNIOS DOS ESTADOS PARA O SISTEMA ÚNICO DE SAÚDE - SUS,5,
2428101101000000001109001,Deduções Transferências de Convênios dos Estados para o Sistema Único de Saúde - SUS,5,
2428101102000000000000000,TRANSFERÊNCIAS ADVINDAS DE EMENDAS PARLAMENTARES - CONVÊNIO FMS X ESTADO,5,
2428101102000000001100000,TRANSFERÊNCIAS ADVINDAS DE EMENDAS PARLAMENTARES - CONVÊNIO FMS X ESTADO,5,
2428101102000000001101000,Transferências Advindas de Emendas Parlamentares - Convênio FMS X ESTADO,5,
2428102000000000000000000,TRANSFERÊNCIAS DE CONVÊNIOS DOS ESTADOS DESTINADAS A PROGRAMAS DE EDUCAÇÃO,5,
2428102100000000000000000,TRANSFERÊNCIAS DE CONVÊNIOS DOS ESTADOS DESTINADAS A PROGRAMAS DE EDUCAÇÃO - PRINCIPAL,5,
2428102101000000000000000,CONVÊNIO SME X ESTADO,5,
2428102101000000001100000,CONVÊNIO SME X ESTADO,5,
2428102101000000001101000,Convênio SME X ESTADO,5,
2428102101000000001109000,TOTAL DEDUÇÕES CONVÊNIO SME X ESTADO,5,
2428102101000000001109001,Deduções Convênio SME X ESTADO,5,
2428105000000000000000000,TRANSFERÊNCIAS DE CONVÊNIOS DOS ESTADOS DESTINADAS A PROGRAMAS DE SANEAMENTO BÁSICO,5,
2428105100000000000000000,TRANSFERÊNCIAS DE CONVÊNIOS DOS ESTADOS DESTINADAS A PROGRAMAS DE SANEAMENTO BÁSICO - PRINCIPAL,5,
2428105101000000000000000,CONVÊNIO SEHAB X ESTADO,5,
2428105101000000001100000,CONVÊNIO SEHAB X ESTADO,5,
2428105101000000001101000,Convênio SEHAB x Estado,5,
2428105101000000001109000,TOTAL DEDUÇÕES CONVÊNIO SEHAB X ESTADO,5,
2428105101000000001109001,Deduções Convênio SEHAB x Estado,5,
2428105102000000000000000,CONVÊNIO PMSP X SABESP - FUNDO MUNICIPAL DE SANEAMENTO AMBIENTAL E INFRAESTRUTURA,5,
2428105102000000001100000,CONVÊNIO PMSP X SABESP - FUNDO MUNICIPAL DE SANEAMENTO AMBIENTAL E INFRAESTRUTURA,5,
2428105102000000001101000,Convênio PMSP x SABESP - Fundo Municipal de Saneamento Ambiental e Infraestrutura,5,
2428105102000000001109000,TOTAL DEDUÇÕES CONVÊNIO PMSP X SABESP - FUNDO MUNICIPAL DE SANEAMENTO AMBIENTAL E INFRAESTRUTURA,5,
2428105102000000001109001,Deduções Convênio PMSP x SABESP - Fundo Municipal de Saneamento Ambiental e Infraestrutura,5,
2428105103000000000000000,CONVÊNIO SIURB X ESTADO,5,
2428105103000000001100000,CONVÊNIO SIURB X ESTADO,5,
2428105103000000001101000,Convênio SIURB x Estado,5,
2428105103000000001109000,TOTAL DEDUÇÕES CONVÊNIO SIURB X ESTADO,5,
2428105103000000001109001,Deduções Convênio SIURB x Estado,5,
2428106000000000000000000,TRANSFERÊNCIAS DE CONVÊNIOS DOS ESTADOS DESTINADAS A PROGRAMAS DE MEIO AMBIENTE,5,
2428106100000000000000000,"TRANSFERÊNCIAS DE CONVÊNIOS DOS ESTADOS DESTINADAS A PROGRAMAS DE MEIO AMBIENTE
",5,
2428106101000000000000000,CONVÊNIO PMSP X SABESP- FEMA,5,
2428106101000000001100000,CONVÊNIO PMSP X SABESP - FEMA,5,
2428106101000000001101000,Convênio PMSP X SABESP - FEMA,5,
2428107000000000000000000,TRANSFERÊNCIAS DE CONVÊNIOS DOS ESTADOS DESTINADAS A PROGRAMAS DE INFRA-ESTRUTURA EM TRANSPORTE,5,
2428107100000000000000000,TRANSFERÊNCIAS DE CONVÊNIOS DOS ESTADOS DESTINADAS A PROGRAMAS DE INFRA-ESTRUTURA EM TRANSPORTE - PR,5,
2428107101000000000000000,CONVÊNIO DE TRANSPORTES - FUNCOR,5,
2428107101000000001100000,CONVÊNIO DE TRANSPORTES - FUNCOR,5,
2428107101000000001101000,Convênio de Transportes - FUNCOR,5,
2428107101000000001109000,TOTAL DEDUÇÕES CONVÊNIO DE TRANSPORTES - FUNCOR,5,
2428107101000000001109001,Deduções Convênio de Transportes - FUNCOR,5,
2428107102000000000000000,CONVÊNIO JACU - PÊSSEGO,5,
2428107102000000001100000,CONVÊNIO JACU - PÊSSEGO,5,
2428107102000000001101000,Convênio Jacu - Pêssego,5,
2428107102000000001109000,TOTAL DEDUÇÕES CONVÊNIO JACU - PÊSSEGO,5,
2428107102000000001109001,Deduções Convênio Jacu - Pêssego,5,
2428109000000000000000000,OUTRAS TRANSFERÊNCIAS DE CONVÊNIO DOS ESTADOS,5,
2428109100000000000000000,OUTRAS TRANSFERÊNCIAS DE CONVÊNIO DOS ESTADOS - PRINCIPAL,5,
2428109101000000000000000,CONVÊNIO SMPED - ESTADO,5,
2428109101000000001100000,CONVÊNIO SMPED - ESTADO,5,
2428109101000000001101000,Convênio SMPED - Estado,5,
2428109101000000001109000,TOTAL DEDUÇÕES CONVÊNIO SMPED - ESTADO,5,
2428109101000000001109001,Deduções Convênio SMPED - Estado,5,
2428109102000000000000000,CONVÊNIO CDHU X SEHAB,5,
2428109102000000001100000,CONVÊNIO CDHU X SEHAB,5,
2428109102000000001101000,Convênio CDHU x SEHAB,5,
2428109102000000001109000,TOTAL DEDUÇÕES CONVÊNIO CDHU X SEHAB,5,
2428109102000000001109001,Deduções Convênio CDHU x SEHAB,5,
2428109103000000000000000,CONVÊNIO SEME - ESTADO,5,
2428109103000000001100000,CONVÊNIO SEME - ESTADO,5,
2428109103000000001101000,Convênio SEME - Estado,5,
2428109103000000001109000,TOTAL DEDUÇÕES CONVÊNIO SEME - ESTADO,5,
2428109103000000001109001,Deduções Convênio SEME - Estado,5,
2428109104000000000000000,CONVÊNIO SEHAB X ESTADO,5,
2428109104000000001100000,CONVÊNIO SEHAB X ESTADO,5,
2428109104000000001101000,Convênio SEHAB x Estado,5,
2428109104000000001109000,TOTAL DEDUÇÕES CONVÊNIO SEHAB X ESTADO,5,
2428109104000000001109001,Deduções Convênio SEHAB x Estado,5,
2428109105000000000000000,CONVÊNIO SMSUB X ESTADO,5,
2428109105000000001100000,CONVÊNIO SMSUB X ESTADO,5,
2428109105000000001101000,Convênio SMSUB x Estado,5,
2428109105000000001109000,TOTAL DEDUÇÕES CONVÊNIO SMSUB X ESTADO,5,
2428109105000000001109001,Deduções Convênio SMSUB x Estado,5,
2428109106000000000000000,CONVÊNIO SMC X ESTADO,5,
2428109106000000001100000,CONVÊNIO SMC X ESTADO,5,
2428109106000000001101000,Convênio SMC x Estado,5,
2428109106000000001109000,TOTAL DEDUÇÕES CONVÊNIO SMC X ESTADO,5,
2428109106000000001109001,Deduções Convênio SMC x Estado,5,
2428109107000000000000000,CONVÊNIO COHAB-SP/ FMH E CDHU,5,
2428109107000000001100000,CONVÊNIO COHAB-SP/ FMH E CDHU,5,
2428109107000000001101000,Convênio COHAB-SP/ FMH e CDHU,5,
2428109107000000001109000,TOTAL DEDUÇÕES CONVÊNIO COHAB-SP/ FMH E CDHU,5,
2428109107000000001109001,Deduções Convênio COHAB-SP/ FMH e CDHU,5,
2428109108000000000000000,CONVÊNIO FMH X ESTADO,5,
2428109108000000001100000,CONVÊNIO FMH X ESTADO,5,
2428109108000000001101000,Convênio FMH X ESTADO,5,
2428109108000000001109000,TOTAL DEDUÇÕES CONVÊNIO FMH X ESTADO,5,
2428109108000000001109001,Deduções Convênio FMH X ESTADO,5,
2428109109000000000000000,CONVÊNIO COHAB-SP X CPTM,5,
2428109109000000001100000,CONVÊNIO COHAB-SP X CPTM,5,
2428109109000000001101000,Convênio COHAB-SP X CPTM,5,
2428109109000000001109000,TOTAL DEDUÇÕES CONVÊNIO COHAB-SP X CPTM,5,
2428109109000000001109001,Deduções Convênio COHAB-SP X CPTM,5,
2428109110000000000000000,CONVÊNIO COHAB-SP X DERSA,5,
2428109110000000001100000,CONVÊNIO COHAB-SP X DERSA,5,
2428109110000000001101000,Convênio COHAB-SP X DERSA,5,
2428109110000000001109000,TOTAL DEDUÇÕES CONVÊNIO COHAB-SP X DERSA,5,
2428109110000000001109001,Deduções Convênio COHAB-SP X DERSA,5,
2428109111000000000000000,CONVÊNIO SIURB X ESTADO,5,
2428109111000000001100000,CONVÊNIO SIURB X ESTADO,5,
2428109111000000001101000,Convênio SIURB x Estado,5,
2428109111000000001109000,TOTAL DEDUÇÕES CONVÊNIO SIURB X ESTADO,5,
2428109111000000001109001,Deduções Convênio SIURB x Estado,5,
2428109112000000000000000,Convênio SUB-PI X Estado,5,
2428109112000000001100000,Convênio SUB-PI X Estado,5,
2428109112000000001101000,Convênio SUB-PI X Estado,5,
2428109112000000001109000,Total Deduções Convênio SUB-PI X Estado,5,
2428109112000000001109001,Deduções Convênio SUB-PI X Estado,5,
2428990000000000000000000,OUTRAS TRANSFERÊNCIAS DOS ESTADOS,5,
2428991000000000000000000,OUTRAS TRANSFERÊNCIAS DOS ESTADOS,5,
2428991100000000000000000,OUTRAS TRANSFERÊNCIAS DOS ESTADOS - PRINCIPAL,5,
2428991101000000000000000,PROJETO PARQUE TECNOLÓGICO DE SÃO PAULO - ZONA LESTE,5,
2428991101000000001100000,PROJETO PARQUE TECNOLÓGICO DE SÃO PAULO - ZONA LESTE,5,
2428991101000000001101000,Projeto Parque Tecnológico de São Paulo - Zona Leste,5,
2428991101000000001109000,TOTAL DEDUÇÕES PROJETO PARQUE TECNOLÓGICO DE SÃO PAULO - ZONA LESTE,5,
2428991101000000001109001,Deduções Projeto Parque Tecnológico de São Paulo - Zona Leste,5,
2428991102000000000000000,OUTRAS TRANSFERÊNCIAS DOS ESTADOS,5,
2428991102000000001100000,OUTRAS TRANSFERÊNCIAS DOS ESTADOS,5,
2428991102000000001101000,OUTRAS TRANSFERÊNCIAS DOS ESTADOS,5,
2428991102000000001109000,TOTAL DEDUÇÕES OUTRAS TRANSFERÊNCIAS DOS ESTADOS,5,
2428991102000000001109001,Deduções OUTRAS TRANSFERÊNCIAS DOS ESTADOS,5,
2430000000000000000000000,TRANSFERÊNCIAS DOS MUNICÍPIOS E DE SUAS ENTIDADES,5,
2430001000000000000000000,TRANSFERÊNCIAS DOS MUNICÍPIOS E DE SUAS ENTIDADES,5,
2438000000000000000000000,TRANSFERÊNCIAS DOS MUNICÍPIOS E DE SUAS ENTIDADES,5,
2438010000000000000000000,TRANSFERÊNCIAS DE MUNICÍPIOS A CONSÓRCIOS PÚBLICOS,5,
2438011000000000000000000,TRANSFERÊNCIAS DE MUNICÍPIOS A CONSÓRCIOS PÚBLICOS,5,
2438100000000000000000000,TRANSFERÊNCIAS DE CONVÊNIOS DOS MUNICÍPIOS E DE SUAS ENTIDADES,5,
2438101000000000000000000,TRANSFERÊNCIAS DE CONVÊNIOS DOS MUNICÍPIOS DESTINADOS A PROGRAMAS DE SAÚDE,5,
2438102000000000000000000,TRANSFERÊNCIAS DE CONVÊNIOS DOS MUNICÍPIOS DESTINADAS A PROGRAMAS DE EDUCAÇÃO,5,
2438103000000000000000000,TRANSFERÊNCIAS DE CONVÊNIOS DOS MUNICÍPIOS DESTINADAS A PROGRAMAS DE SANEAMENTO BÁSICO,5,
2438109000000000000000000,OUTRAS TRANSFERÊNCIAS DE CONVÊNIOS DOS MUNICÍPIOS,5,
2438109100000000000000000,OUTRAS TRANSFERÊNCIAS DE CONVÊNIOS DOS MUNICÍPIOS - PRINCIPAL,5,
2438109101000000000000000,TERMINAL DE CARGAS FERNÃO DIAS / PREFEITURA DE GUARULHOS / SP - MG,5,
2438109101000000001100000,TERMINAL DE CARGAS FERNÃO DIAS / PREFEITURA DE GUARULHOS / SP - MG,5,
2438109101000000001101000,Terminal de Cargas Fernão Dias / Prefeitura de Guarulhos / SP - MG,5,
2438109101000000001109000,TOTAL DEDUÇÕES TERMINAL DE CARGAS FERNÃO DIAS / PREFEITURA DE GUARULHOS / SP - MG,5,
2438109101000000001109001,Deduções Terminal de Cargas Fernão Dias / Prefeitura de Guarulhos / SP - MG,5,
2438990000000000000000000,OUTRAS TRANSFERÊNCIAS DOS MUNICÍPIOS,5,
2438991000000000000000000,OUTRAS TRANSFERÊNCIAS DOS MUNICÍPIOS,5,
2438991100000000000000000,OUTRAS TRANSFERÊNCIAS DOS MUNICÍPIOS - PRINCIPAL,5,
2438991101000000000000000,CONTRIBUIÇÕES DA PMSP,5,
2438991101000000001100000,CONTRIBUIÇÕES DA PMSP,5,
2438991101000000001101000,Contribuições da PMSP,5,
2438991101000000001109000,TOTAL DEDUÇÕES CONTRIBUIÇÕES DA PMSP,5,
2438991101000000001109001,Deduções Contribuições da PMSP,5,
2440000000000000000000000,TRANSFERÊNCIAS DE INSTITUIÇÕES PRIVADAS,5,
2440001000000000000000000,TRANSFERÊNCIAS DE INSTITUIÇÕES PRIVADAS,5,
2440001100000000000000000,TRANSFERÊNCIAS DE INSTITUIÇÕES PRIVADAS - PRINCIPAL,5,
2440001101000000000000000,PARCERIA PARA RECUPERAÇÃO DE AVENIDAS E RUAS COMERCIAIS,5,
2440001101000000001100000,PARCERIA PARA RECUPERAÇÃO DE AVENIDAS E RUAS COMERCIAIS,5,
2440001101000000001101000,Parceria para Recuperação de Avenidas e Ruas Comerciais,5,
2440001101000000001109000,TOTAL DEDUÇÕES PARCERIA PARA RECUPERAÇÃO DE AVENIDAS E RUAS COMERCIAIS,5,
2440001101000000001109001,Deduções Parceria para Recuperação de Avenidas e Ruas Comerciais,5,
2440001102000000000000000,CONVÊNIO URBIS,5,
2440001102000000001100000,CONVÊNIO URBIS,5,
2440001102000000001101000,Convênio Urbis,5,
2440001102000000001109000,TOTAL DEDUÇÕES CONVÊNIO URBIS,5,
2440001102000000001109001,Deduções Convênio Urbis,5,
2440001103000000000000000,INSTITUIÇÕES PRIVADAS X SMS,5,
2440001103000000001100000,INSTITUIÇÕES PRIVADAS X SMS,5,
2440001103000000001101000,Instituições Privadas x SMS,5,
2440001103000000001109000,TOTAL DEDUÇÕES INSTITUIÇÕES PRIVADAS X SMS,5,
2440001103000000001109001,Deduções Instituições Privadas x SMS,5,
2440001104000000000000000,Projeto Centro Lindo - Meta 35,5,
2440001104000000001100000,Projeto Centro Lindo - Meta 35,5,
2440001104000000001101000,Projeto Centro Lindo - Meta 35,5,
2440001104000000001109000,Total Deduções Projeto Centro Lindo - Meta 35,5,
2440001104000000001109001,Deduções Projeto Centro Lindo - Meta 35,5,
2440001106000000000000000,"TRANSFERÊNCIAS DE INSTITUIÇÕES PRIVADAS PJ COM FINS LUCRATIVOS- FTM

",5,
2440001106000000001100000,"TRANSFERÊNCIAS DE INSTITUIÇÕES PRIVADAS PJ COM FINS LUCRATIVOS- FTM

",5,
2440001106000000001101000,"Transferências Instituições Privadas PJ com fins lucrativos-PRONAC-FTM

",5,
2448000000000000000000000,TRANSFERÊNCIAS DE INSTITUIÇÕES PRIVADAS - ESPECÍFICA E/M,5,
2448010000000000000000000,TRANSFERÊNCIAS DE CONVÊNIOS DE INSTITUIÇÕES PRIVADAS,5,
2448011000000000000000000,TRANSFERÊNCIAS DE CONVÊNIOS DE INSTITUIÇÕES PRIVADAS DESTINADOS A PROGRAMAS DE SAÚDE,5,
2448100000000000000000000,OUTRAS TRANSFERÊNCIAS DE INSTITUIÇÕES PRIVADAS,5,
2448101000000000000000000,OUTRAS TRANSFERÊNCIAS DE INSTITUIÇÕES PRIVADAS,5,
2448101100000000000000000,OUTRAS TRANSFERÊNCIAS DE INSTITUIÇÕES PRIVADAS- PRINCIPAL,5,
2448101101000000000000000,INSTITUIÇÕES PRIVADAS X SMS ,5,
2448101101010000000000000,INSTITUIÇÕES PRIVADAS X SMS - ACORDO MP - UPA PEDIATRA MENINO JESUS,5,
2448101101010000001100000,INSTITUIÇÕES PRIVADAS X SMS - ACORDO MP - UPA PEDIATRA MENINO JESUS,5,
2448101101010000001101000,Instituições Privadas x SMS- Acordo MP- UPA Pediatra Menino Jesus,5,
2450000000000000000000000,TRANSFERÊNCIAS DE OUTRAS INSTITUIÇÕES PÚBLICAS,5,
2450001000000000000000000,TRANSFERÊNCIAS DE OUTRAS INSTITUIÇÕES PÚBLICAS,5,
2458000000000000000000000,"TRANSFERÊNCIAS DE OUTRAS INSTITUIÇÕES PÚBLICAS - ESPECÍFICAS DE ESTADOS, DF E MUNICÍPIOS",5,
2458010000000000000000000,TRANSFERÊNCIAS DE OUTRAS INSTITUIÇÕES PÚBLICAS,5,
2458011000000000000000000,TRANSFERÊNCIAS DE OUTRAS INSTITUIÇÕES PÚBLICAS,5,
2460000000000000000000000,TRANSFERÊNCIAS DO EXTERIOR,5,
2468000000000000000000000,"TRANSFERÊNCIAS DO EXTERIOR - ESPECÍFICAS DE ESTADOS, DF E MUNICÍPIOS",5,
2468010000000000000000000,"TRANSFERÊNCIAS DO EXTERIOR - ESPECÍFICAS DE ESTADOS, DF E MUNICÍPIOS",5,
2468011000000000000000000,"TRANSFERÊNCIAS DO EXTERIOR - ESPECÍFICAS DE ESTADOS, DF E MUNICÍPIOS",5,
2468011100000000000000000,"TRANSFERÊNCIAS DO EXTERIOR - ESPECÍFICAS DE ESTADOS, DF E MUNICÍPIOS",5,
2468011101000000000000000,Programa URB-AL - Projeto Comum R3-B1-04 - Observatórios Locais da Democracia,5,
2468011101000000001100000,Programa URB-AL - Projeto Comum R3-B1-04 - Observatórios Locais da Democracia,5,
2468011101000000001101000,Programa URB-AL - Projeto Comum R3-B1-04 - Observatórios Locais da Democracia,5,
2468011101000000001109000,Total Deduções Programa URB-AL - Projeto Comum R3-B1-04 - Observatórios Locais da Democracia,5,
2468011101000000001109001,Deduções Programa URB-AL - Projeto Comum R3-B1-04 - Observatórios Locais da Democracia,5,
2468011102000000000000000,Programa de Melhoria de Transporte e Qualidade do Ar para São Paulo,5,
2468011102000000001100000,Programa de Melhoria de Transporte e Qualidade do Ar para São Paulo,5,
2468011102000000001101000,Programa de Melhoria de Transporte e Qualidade do Ar para São Paulo,5,
2468011102000000001109000,Total Deduções Programa de Melhoria de Transporte e Qualidade do Ar para São Paulo,5,
2468011102000000001109001,Deduções Programa de Melhoria de Transporte e Qualidade do Ar para São Paulo,5,
2468011103000000000000000,Evento Internacional  URBAN - AGE,5,
2468011103000000001100000,Evento Internacional  URBAN - AGE,5,
2468011103000000001101000,Evento Internacional  URBAN - AGE,5,
2468011103000000001109000,Total Deduções Evento Internacional  URBAN - AGE,5,
2468011103000000001109001,Deduções Evento Internacional  URBAN - AGE,5,
2468011104000000000000000,Portal da Ásia - SMRI,5,
2468011104000000001100000,Portal da Ásia - SMRI,5,
2468011104000000001101000,Portal da Ásia - SMRI,5,
2468011104000000001109000,Total Deduções Portal da Ásia - SMRI,5,
2468011104000000001109001,Deduções Portal da Ásia - SMRI,5,
2468011105000000000000000,Convênio SMC -  Exterior,5,
2468011105000000001100000,Convênio SMC -  Exterior,5,
2468011105000000001101000,Convênio SMC -  Exterior,5,
2468011105000000001109000,Total Deduções Convênio SMC -  Exterior,5,
2468011105000000001109001,Deduções Convênio SMC -  Exterior,5,
2470000000000000000000000,TRANSFERÊNCIAS DE PESSOAS FÍSICAS,5,
2470001000000000000000000,"TRANSFERÊNCIAS DE PESSOAS FÍSICAS
",5,
2470001100000000000000000,"TRANSFERÊNCIAS DE PESSOAS FÍSICAS - PRINCIPAL
",5,
2470001101000000000000000,"TRANSFERÊNCIA DE PESSOAS FISICAS - PRONAC - FTM
",5,
2470001101000000001100000,"TRANSFERÊNCIA DE PESSOAS FISICAS - PRONAC - FTM
",5,
2470001101000000001101000,"Transferência de Pessoas Físicas - PRONAC - FTM
",5,
2478000000000000000000000,"Transferências de Pessoas Físicas - Específicas de Estados, DF e Municípios",5,
2478010000000000000000000,Transferências de Pessoas Físicas,5,
2478011000000000000000000,Transferências de Pessoas Físicas,5,
2478011100000000000000000,Transferências de Pessoas Físicas - Principal  ,5,
2478011101000000000000000,Transferências de Pessoas para Programas de Saúde - FMS,5,
2478011101000000001100000,Transferências de Pessoas para Programas de Saúde - FMS,5,
2478011101000000001101000,Transferências de Pessoas para Programas de Saúde - FMS,5,
2478011101000000001109000,Total Deduções Transferências de Pessoas para Programas de Saúde - FMS,5,
2478011101000000001109001,Deduções Transferências de Pessoas para Programas de Saúde - FMS,5,
2480000000000000000000000,Transferências Provenientes de Depósito Não Identificados - Específica E/DF/M,5,
2488000000000000000000000,Transferências Provenientes de Depósito Não Identificados - Específica E/DF/M,5,
2488010000000000000000000,Transferências Provenientes de Depósito Não Identificados - Específica E/M,5,
2488011000000000000000000,Transferências Provenientes de Depósito Não Identificados - Específica E/M,5,
2900000000000000000000000,OUTRAS RECEITAS DE CAPITAL,5,
2910000000000000000000000,INTEGRALIZAÇÃO DE CAPITAL SOCIAL,5,
2910001000000000000000000,INTEGRALIZAÇÃO DE CAPITAL SOCIAL,5,
2920000000000000000000000,RESULTADO DO BANCO CENTRAL,5,
2920001000000000000000000,RESULTADO DO BANCO CENTRAL - OPERAÇÕES COM RESERVAS E DERIVATIVOS CAMBIAIS,5,
2920002000000000000000000,RESULTADO DO BANCO CENTRAL - DEMAIS OPERAÇÕES,5,
2930000000000000000000000,REMUNERAÇÃO DAS DISPONIBILIDADES DO TESOURO,5,
2930001000000000000000000,REMUNERAÇÃO DAS DISPONIBILIDADES DO TESOURO,5,
2940000000000000000000000,RESGATE DE TÍTULOS DO TESOURO,5,
2940001000000000000000000,RESGATE DE TÍTULOS DO TESOURO,5,
2990000000000000000000000,DEMAIS RECEITAS DE CAPITAL,5,
2990001000000000000000000,DEMAIS RECEITAS DE CAPITAL,5,
2990001100000000000000000,DEMAIS RECEITAS DE CAPITAL - PRINCIPAL,5,
2990001101000000000000000,RECEITAS DIVERSAS,5,
2990001101010000000000000,PMSP,5,
2990001101010000001100000,PMSP,5,
2990001101010000001101000,PMSP,5,
2990001101010000001109000,TOTAL DEDUÇÕES PMSP,5,
2990001101010000001109001,Deduções PMSP,5,
2990001101020000000000000,FUMCAD,5,
2990001101020000001100000,FUMCAD,5,
2990001101020000001101000,FUMCAD,5,
2990001101020000001109000,TOTAL DEDUÇÕES FUMCAD,5,
2990001101020000001109001,Deduções FUMCAD,5,
2990001101030000000000000,FUMDES,5,
2990001101030000001100000,FUMDES,5,
2990001101030000001101000,FUMDES,5,
2990001101030000001109000,TOTAL DEDUÇÕES FUMDES,5,
2990001101030000001109001,Deduções FUMDES,5,
2990001101040000000000000,OPERAÇÃO URBANA FARIA LIMA,5,
2990001101040000001100000,OPERAÇÃO URBANA FARIA LIMA,5,
2990001101040000001101000,Operação Urbana Faria Lima,5,
2990001101040000001109000,TOTAL DEDUÇÕES OPERAÇÃO URBANA FARIA LIMA,5,
2990001101040000001109001,Deduções Operação Urbana Faria Lima,5,
2990001101050000000000000,OPERAÇÕES URBANA ANHANGABAÚ,5,
2990001101050000001100000,OPERAÇÕES URBANA ANHANGABAÚ,5,
2990001101050000001101000,Operações Urbana Anhangabaú,5,
2990001101050000001109000,TOTAL DEDUÇÕES OPERAÇÕES URBANA ANHANGABAÚ,5,
2990001101050000001109001,Deduções Operações Urbana Anhangabaú,5,
2990001101060000000000000,FUNDO MUNICIPAL DE PARQUES - FMP,5,
2990001101060000001100000,FUNDO MUNICIPAL DE PARQUES - FMP,5,
2990001101060000001101000,Fundo Municipal de Parques - FMP,5,
2990001101060000001109000,TOTAL DEDUÇÕES FUNDO MUNICIPAL DE PARQUES - FMP,5,
2990001101060000001109001,Deduções Fundo Municipal de Parques - FMP,5,
2990001101070000000000000,FUNDO ESPECIAL OPERAÇÃO URBANA  ÁGUA BRANCA - FEAB,5,
2990001101070000001100000,FUNDO ESPECIAL OPERAÇÃO URBANA  ÁGUA BRANCA - FEAB,5,
2990001101070000001101000,Fundo Especial Operação Urbana  Água Branca - FEAB,5,
2990001101070000001109000,TOTAL DEDUÇÕES FUNDO ESPECIAL OPERAÇÃO URBANA  ÁGUA BRANCA - FEAB,5,
2990001101070000001109001,Deduções Fundo Especial Operação Urbana  Água Branca - FEAB,5,
2990001101080000000000000,SERVIÇOS DA DÍVIDA - DEPÓSITOS JUDICIAIS,5,
2990001101080000001100000,SERVIÇOS DA DÍVIDA - DEPÓSITOS JUDICIAIS,5,
2990001101080000001101000,Serviços da dívida - Depósitos judiciais,5,
2990001101080000001109000,TOTAL DEDUÇÕES SERVIÇOS DA DÍVIDA - DEPÓSITOS JUDICIAIS,5,
2990001101080000001109001,Deduções Serviços da dívida - Depósitos judiciais,5,
2990001101090000000000000,OUTORGA ONEROSA COTA SOLIDARIEDADE - FUNDURB,5,
2990001101090000001100000,OUTORGA ONEROSA COTA SOLIDARIEDADE - FUNDURB,5,
2990001101090000001101000,Outorga Onerosa Cota Solidariedade - FUNDURB,5,
2990001101090000001109000,TOTAL DEDUÇÕES OUTORGA ONEROSA COTA SOLIDARIEDADE - FUNDURB,5,
2990001101090000001109001,Deduções Outorga Onerosa Cota Solidariedade - FUNDURB,5,
2990001101100000000000000,FUNDO DE DESENVOLVIMENTO URBANO - FUNDURB,5,
2990001101100000001100000,FUNDO DE DESENVOLVIMENTO URBANO - FUNDURB,5,
2990001101100000001101000,Fundo de Desenvolvimento Urbano - FUNDURB,5,
2990001101100000001109000,TOTAL DEDUÇÕES FUNDO DE DESENVOLVIMENTO URBANO - FUNDURB,5,
2990001101100000001109001,Deduções Fundo de Desenvolvimento Urbano - FUNDURB,5,
2990001101110000000000000,OUTORGA ONEROSA - PLANO DIRETOR - DIREITO DE CONSTRUIR - FUNDURB,5,
2990001101110000001100000,OUTORGA ONEROSA - PLANO DIRETOR - DIREITO DE CONSTRUIR - FUNDURB,5,
2990001101110000001101000,Outorga Onerosa - Plano Diretor - Direito de Construir - FUNDURB,5,
2990001101110000001109000,TOTAL DEDUÇÕES OUTORGA ONEROSA - PLANO DIRETOR - DIREITO DE CONSTRUIR - FUNDURB,5,
2990001101110000001109001,Deduções Outorga Onerosa - Plano Diretor - Direito de Construir - FUNDURB,5,
2990001101120000000000000,OUTORGA ONEROSA - LEI DE ANISTIA,5,
2990001101120000001100000,OUTORGA ONEROSA - LEI DE ANISTIA,5,
2990001101120000001101000,Outorga Onerosa - Lei de Anistia,5,
2990001101120000001109000,TOTAL DEDUÇÕES OUTORGA ONEROSA - LEI DE ANISTIA,5,
2990001101120000001109001,Deduções Outorga Onerosa - Lei de Anistia,5,
2990001101130000000000000,PRECATÓRIOS,5,
2990001101130000001100000,PRECATÓRIOS,5,
2990001101130000001101000,Precatórios,5,
2990001101130000001109000,TOTAL DEDUÇÕES PRECATÓRIOS,5,
2990001101130000001109001,Deduções Precatórios,5,
2990001101140000000000000,FUNDO ESPECIAL DE DESPESAS DA CÂMARA MUNICIPAL DE SÃO PAULO,5,
2990001101140000001100000,FUNDO ESPECIAL DE DESPESAS DA CÂMARA MUNICIPAL DE SÃO PAULO,5,
2990001101140000001101000,Fundo Especial de Despesas da Câmara Municipal de São Paulo,5,
2990001101140000001109000,TOTAL DEDUÇÕES FUNDO ESPECIAL DE DESPESAS DA CÂMARA MUNICIPAL DE SÃO PAULO,5,
2990001101140000001109001,Deduções Fundo Especial de Despesas da Câmara Municipal de São Paulo,5,
2990001101150000000000000,PMSP/SEMAB - TORRES DO MERCADO CENTRAL,5,
2990001101150000001100000,PMSP/SEMAB - TORRES DO MERCADO CENTRAL,5,
2990001101150000001101000,PMSP/SEMAB - Torres do Mercado Central,5,
2990001101150000001109000,TOTAL DEDUÇÕES PMSP/SEMAB - TORRES DO MERCADO CENTRAL,5,
2990001101150000001109001,Deduções PMSP/SEMAB - Torres do Mercado Central,5,
2990001101160000000000000,FUNPATRI,5,
2990001101160000001100000,FUNPATRI,5,
2990001101160000001101000,FUNPATRI,5,
2990001101160000001109000,TOTAL DEDUÇÕES FUNPATRI,5,
2990001101160000001109001,Deduções FUNPATRI,5,
2990001101170000000000000,FEMA - CRÉDITO DE CARBONO,5,
2990001101170000001100000,FEMA - CRÉDITO DE CARBONO,5,
2990001101170000001101000,FEMA - Crédito de Carbono,5,
2990001101170000001109000,TOTAL DEDUÇÕES FEMA - CRÉDITO DE CARBONO,5,
2990001101170000001109001,Deduções FEMA - Crédito de Carbono,5,
2990001101180000000000000,CONSTRUÇÃO BIBLIOTECA DE ITAQUERA/SAVOY,5,
2990001101180000001100000,CONSTRUÇÃO BIBLIOTECA DE ITAQUERA/SAVOY,5,
2990001101180000001101000,Construção Biblioteca de Itaquera/Savoy,5,
2990001101180000001109000,TOTAL DEDUÇÕES CONSTRUÇÃO BIBLIOTECA DE ITAQUERA/SAVOY,5,
2990001101180000001109001,Deduções Construção Biblioteca de Itaquera/Savoy,5,
2990001101190000000000000,SERVIÇO FUNERÁRIO DO MUNICÍPIO DE SÃO PAULO,5,
2990001101190000001100000,SERVIÇO FUNERÁRIO DO MUNICÍPIO DE SÃO PAULO,5,
2990001101190000001101000,Serviço Funerário do Município de São Paulo,5,
2990001101190000001109000,TOTAL DEDUÇÕES SERVIÇO FUNERÁRIO DO MUNICÍPIO DE SÃO PAULO,5,
2990001101190000001109001,Deduções Serviço Funerário do Município de São Paulo,5,
2990001101200000000000000,"PROMOÇÃO, APOIO E DESENVOLVIMENTO DE PROJETOS CULTURAIS",5,
2990001101200000001100000,"PROMOÇÃO, APOIO E DESENVOLVIMENTO DE PROJETOS CULTURAIS",5,
2990001101200000001101000,"Promoção, Apoio e Desenvolvimento de Projetos Culturais",5,
2990001101200000001109000,"TOTAL DEDUÇÕES PROMOÇÃO, APOIO E DESENVOLVIMENTO DE PROJETOS CULTURAIS",5,
2990001101200000001109001,"Deduções Promoção, Apoio e Desenvolvimento de Projetos Culturais",5,
2990001101210000000000000,OPERAÇÃO URBANA ÁGUA ESPRAIADA,5,
2990001101210000001100000,OPERAÇÃO URBANA ÁGUA ESPRAIADA,5,
2990001101210000001101000,Operação Urbana Água Espraiada,5,
2990001101210000001109000,TOTAL DEDUÇÕES OPERAÇÃO URBANA ÁGUA ESPRAIADA,5,
2990001101210000001109001,Deduções Operação Urbana Água Espraiada,5,
2990001101220000000000000,SMC/ RECURSOS PARA APLICAÇÃO EM AÇÕES CULTURAIS - DECISÃO JUDICIAL,5,
2990001101220000001100000,SMC/ RECURSOS PARA APLICAÇÃO EM AÇÕES CULTURAIS - DECISÃO JUDICIAL,5,
2990001101220000001101000,SMC/ Recursos para Aplicação em Ações Culturais - Decisão Judicial,5,
2990001101220000001109000,TOTAL DEDUÇÕES SMC/ RECURSOS PARA APLICAÇÃO EM AÇÕES CULTURAIS - DECISÃO JUDICIAL,5,
2990001101220000001109001,Deduções SMC/ Recursos para Aplicação em Ações Culturais - Decisão Judicial,5,
2990001101230000000000000,FUNDO MUNICIPAL DE DESENVOLVIMENTO DO TRÂNSITO - FMDT,5,
2990001101230000001100000,FUNDO MUNICIPAL DE DESENVOLVIMENTO DO TRÂNSITO - FMDT,5,
2990001101230000001101000,Fundo Municipal de Desenvolvimento do Trânsito - FMDT,5,
2990001101230000001109000,TOTAL DEDUÇÕES FUNDO MUNICIPAL DE DESENVOLVIMENTO DO TRÂNSITO - FMDT,5,
2990001101230000001109001,Deduções Fundo Municipal de Desenvolvimento do Trânsito - FMDT,5,
2990001101240000000000000,FUNDO ESPECIAL DE DESPESAS DO TCM,5,
2990001101240000001100000,FUNDO ESPECIAL DE DESPESAS DO TCM,5,
2990001101240000001101000,Fundo Especial de Despesas do TCM,5,
2990001101240000001109000,TOTAL DEDUÇÕES FUNDO ESPECIAL DE DESPESAS DO TCM,5,
2990001101240000001109001,Deduções Fundo Especial de Despesas do TCM,5,
2990001101250000000000000,OPERAÇÃO URBANA ÁGUA ESPRAIADA - TRANSPORTES,5,
2990001101250000001100000,OPERAÇÃO URBANA ÁGUA ESPRAIADA - TRANSPORTES,5,
2990001101250000001101000,Operação Urbana Água Espraiada - Transportes,5,
2990001101250000001109000,TOTAL DEDUÇÕES OPERAÇÃO URBANA ÁGUA ESPRAIADA - TRANSPORTES,5,
2990001101250000001109001,Deduções Operação Urbana Água Espraiada - Transportes,5,
2990001101260000000000000,OPERAÇÃO URBANA FARIA LIMA - TRANSPORTES,5,
2990001101260000001100000,OPERAÇÃO URBANA FARIA LIMA - TRANSPORTES,5,
2990001101260000001101000,Operação Urbana Faria Lima - Transportes,5,
2990001101260000001109000,TOTAL DEDUÇÕES OPERAÇÃO URBANA FARIA LIMA - TRANSPORTES,5,
2990001101260000001109001,Deduções Operação Urbana Faria Lima - Transportes,5,
2990001101270000000000000,PMSP - SEHAB/GESTÃO DE CRÉDITO - COHAB/HABI,5,
2990001101270000001100000,PMSP - SEHAB/GESTÃO DE CRÉDITO - COHAB/HABI,5,
2990001101270000001101000,PMSP - SEHAB/Gestão de Crédito - COHAB/HABI,5,
2990001101270000001109000,TOTAL DEDUÇÕES PMSP - SEHAB/GESTÃO DE CRÉDITO - COHAB/HABI,5,
2990001101270000001109001,Deduções PMSP - SEHAB/Gestão de Crédito - COHAB/HABI,5,
2990001101280000000000000,PMSP/COHAB-SP - CARTEIRA HABITACIONAL PMSP,5,
2990001101280000001100000,PMSP/COHAB-SP - CARTEIRA HABITACIONAL PMSP,5,
2990001101280000001101000,PMSP/COHAB-SP - Carteira Habitacional PMSP,5,
2990001101280000001109000,TOTAL DEDUÇÕES PMSP/COHAB-SP - CARTEIRA HABITACIONAL PMSP,5,
2990001101280000001109001,Deduções PMSP/COHAB-SP - Carteira Habitacional PMSP,5,
2990001101290000000000000,OPERAÇÃO URBANA VILA SONIA,5,
2990001101290000001100000,OPERAÇÃO URBANA VILA SONIA,5,
2990001101290000001101000,Operação Urbana Vila Sonia,5,
2990001101290000001109000,TOTAL DEDUÇÕES OPERAÇÃO URBANA VILA SONIA,5,
2990001101290000001109001,Deduções Operação Urbana Vila Sonia,5,
2990001101300000000000000,OPERAÇÃO URBANA CENTRO,5,
2990001101300000001100000,OPERAÇÃO URBANA CENTRO,5,
2990001101300000001101000,Operação Urbana Centro,5,
2990001101300000001109000,TOTAL DEDUÇÕES OPERAÇÃO URBANA CENTRO,5,
2990001101300000001109001,Deduções Operação Urbana Centro,5,
2990001101310000000000000,CARTEIRA FMH - RECURSOS HABITACIONAIS - COHAB/SP,5,
2990001101310000001100000,CARTEIRA FMH - RECURSOS HABITACIONAIS - COHAB/SP,5,
2990001101310000001101000,Carteira FMH - Recursos Habitacionais - COHAB/SP,5,
2990001101310000001109000,TOTAL DEDUÇÕES CARTEIRA FMH - RECURSOS HABITACIONAIS - COHAB/SP,5,
2990001101310000001109001,Deduções Carteira FMH - Recursos Habitacionais - COHAB/SP,5,
2990001101320000000000000,CARTEIRA FMH - OUTRAS RECEITAS,5,
2990001101320000001100000,CARTEIRA FMH - OUTRAS RECEITAS,5,
2990001101320000001101000,Carteira FMH - Outras Receitas,5,
2990001101320000001109000,TOTAL DEDUÇÕES CARTEIRA FMH - OUTRAS RECEITAS,5,
2990001101320000001109001,Deduções Carteira FMH - Outras Receitas,5,
2990001101330000000000000,CARTEIRA COHAB SP,5,
2990001101330000001100000,CARTEIRA COHAB SP,5,
2990001101330000001101000,Carteira COHAB SP,5,
2990001101330000001109000,TOTAL DEDUÇÕES CARTEIRA COHAB SP,5,
2990001101330000001109001,Deduções Carteira COHAB SP,5,
2990001101340000000000000,PMSP-FUNCAP-SMC/TAC-PAVILHÃO CULTURAS BRASILEIRAS,5,
2990001101340000001100000,PMSP-FUNCAP-SMC/TAC-PAVILHÃO CULTURAS BRASILEIRAS,5,
2990001101340000001101000,PMSP-FUNCAP-SMC/TAC-Pavilhão Culturas Brasileiras,5,
2990001101340000001109000,TOTAL DEDUÇÕES PMSP-FUNCAP-SMC/TAC-PAVILHÃO CULTURAS BRASILEIRAS,5,
2990001101340000001109001,Deduções PMSP-FUNCAP-SMC/TAC-Pavilhão Culturas Brasileiras,5,
2990001101350000000000000,DIREITOS CREDITÓRIOS - PMSP/COHAB,5,
2990001101350000001100000,DIREITOS CREDITÓRIOS - PMSP/COHAB,5,
2990001101350000001101000,Direitos Creditórios - PMSP/COHAB,5,
2990001101350000001109000,TOTAL DEDUÇÕES DIREITOS CREDITÓRIOS - PMSP/COHAB,5,
2990001101350000001109001,Deduções Direitos Creditórios - PMSP/COHAB,5,
2990001101360000000000000,FEMA - COMPENSAÇÕES AMBIENTAIS,5,
2990001101360000001100000,FEMA - COMPENSAÇÕES AMBIENTAIS,5,
2990001101360000001101000,FEMA - Compensações Ambientais,5,
2990001101360000001109000,TOTAL DEDUÇÕES FEMA - COMPENSAÇÕES AMBIENTAIS,5,
2990001101360000001109001,Deduções FEMA - Compensações Ambientais,5,
2990001101370000000000000,EMPRÉSTIMO - INDENIZAÇÃO A RECEBER,5,
2990001101370000001100000,EMPRÉSTIMO - INDENIZAÇÃO A RECEBER,5,
2990001101370000001101000,Empréstimo - Indenização a Receber,5,
2990001101370000001109000,TOTAL DEDUÇÕES EMPRÉSTIMO - INDENIZAÇÃO A RECEBER,5,
2990001101370000001109001,Deduções Empréstimo - Indenização a Receber,5,
2990001101380000000000000,RSR - LEI 3979/50,5,
2990001101380000001100000,RSR - LEI 3979/50,5,
2990001101380000001101000,RSR - LEI 3979/50,5,
2990001101380000001109000,TOTAL DEDUÇÕES RSR - LEI 3979/50,5,
2990001101380000001109001,Deduções RSR - LEI 3979/50,5,
2990001101390000000000000,RSR - LEI 403/86,5,
2990001101390000001100000,RSR - LEI 403/86,5,
2990001101390000001101000,RSR - LEI 403/86,5,
2990001101390000001109000,TOTAL DEDUÇÕES RSR - LEI 403/86,5,
2990001101390000001109001,Deduções RSR - LEI 403/86,5,
2990001101400000000000000,RSR - DEC. 34.985/95,5,
2990001101400000001100000,RSR - DEC. 34.985/95,5,
2990001101400000001101000,RSR - DEC. 34.985/95,5,
2990001101400000001109000,TOTAL DEDUÇÕES RSR - DEC. 34.985/95,5,
2990001101400000001109001,Deduções RSR - DEC. 34.985/95,5,
2990001101410000000000000,CARTEIRA FMH - RECURSOS HABITACIONAIS - TPU,5,
2990001101410000001100000,CARTEIRA FMH - RECURSOS HABITACIONAIS - TPU,5,
2990001101410000001101000,Carteira FMH - Recursos Habitacionais - TPU,5,
2990001101410000001109000,TOTAL DEDUÇÕES CARTEIRA FMH - RECURSOS HABITACIONAIS - TPU,5,
2990001101410000001109001,Deduções Carteira FMH - Recursos Habitacionais - TPU,5,
2990001101420000000000000,CARTEIRA FMH - PERMIS. COM OU SEM OPÇÃO DE COMPRA,5,
2990001101420000001100000,CARTEIRA FMH - PERMIS. COM OU SEM OPÇÃO DE COMPRA,5,
2990001101420000001101000,Carteira FMH - Permis. com ou sem opção de compra,5,
2990001101420000001109000,TOTAL DEDUÇÕES CARTEIRA FMH - PERMIS. COM OU SEM OPÇÃO DE COMPRA,5,
2990001101420000001109001,Deduções Carteira FMH - Permis. com ou sem opção de compra,5,
2990001101430000000000000,DEPÓSITO JUDICIAL - LEI COMPLEMENTAR 151/2015 - BB,5,
2990001101430000001100000,DEPÓSITO JUDICIAL - LEI COMPLEMENTAR 151/2015 - BB,5,
2990001101430000001101000,Depósito Judicial - LEI COMPLEMENTAR 151/2015 - BB,5,
2990001101430000001109000,TOTAL DEDUÇÕES DEPÓSITO JUDICIAL - LEI COMPLEMENTAR 151/2015 - BB,5,
2990001101430000001109001,Deduções Depósito Judicial - Lei Complementar 151/2015 - BB,5,
2990001101440000000000000,OUTORGA ONEROSA - PARCELAMENTO DECRETO 38.080/99,5,
2990001101440000001100000,OUTORGA ONEROSA - PARCELAMENTO DECRETO 38.080/99,5,
2990001101440000001101000,Outorga Onerosa - Parcelamento Decreto 38.080/99,5,
2990001101440000001109000,TOTAL DEDUÇÕES OUTORGA ONEROSA - PARCELAMENTO DECRETO 38.080/99,5,
2990001101440000001109001,Deduções Outorga Onerosa - Parcelamento Decreto 38.080/99,5,
2990001101450000000000000,RECURSOS ADVINDOS DO EXTERIOR - DECISÃO JUDICIAL,5,
2990001101450000001100000,RECURSOS ADVINDOS DO EXTERIOR - DECISÃO JUDICIAL,5,
2990001101450000001101000,Recursos Advindos do Exterior - Decisão Judicial,5,
2990001101450000001109000,TOTAL DEDUÇÕES RECURSOS ADVINDOS DO EXTERIOR - DECISÃO JUDICIAL,5,
2990001101450000001109001,Deduções Recursos Advindos do Exterior - Decisão Judicial,5,
2990001101460000000000000,OUTRAS RECEITAS AMLURB,5,
2990001101460000001100000,OUTRAS RECEITAS AMLURB,5,
2990001101460000001101000,Outras Receitas AMLURB,5,
2990001101460000001109000,TOTAL DEDUÇÕES OUTRAS RECEITAS AMLURB,5,
2990001101460000001109001,Deduções Outras Receitas AMLURB,5,
2990001101470000000000000,RECURSOS DE ACORDOS JUDICIAIS,5,
2990001101470000001100000,RECURSOS DE ACORDOS JUDICIAIS,5,
2990001101470000001101000,Recursos de Acordos Judiciais,5,
2990001101470000001109000,TOTAL DEDUÇÕES RECURSOS DE ACORDOS JUDICIAIS,5,
2990001101470000001109001,Deduções Recursos de Acordos Judiciais,5,
2990001101480000000000000,OUTORGA ONEROSA - PLANO DIRETOR - AIU – JURUBATUBA – FUNDURB,5,
2990001101480000001100000,OUTORGA ONEROSA - PLANO DIRETOR - AIU – JURUBATUBA – FUNDURB,5,
2990001101480000001101000,Outorga Onerosa - Plano Diretor - AIU – Jurubatuba – FUNDURB,5,
2990001101490000000000000,OUTORGA ONEROSA - PLANO DIRETOR - AIU– INTERLAGOS – FUNDURB,5,
2990001101490000001100000,OUTORGA ONEROSA - PLANO DIRETOR - AIU– INTERLAGOS – FUNDURB,5,
2990001101490000001101000,Outorga Onerosa - Plano Diretor - AIU – Interlagos – FUNDURB,5,
2990001101500000000000000,OUTORGA ONEROSA - PLANO DIRETOR - AIU – VILA ANDRADE – FUNDURB,5,
2990001101500000001100000,OUTORGA ONEROSA - PLANO DIRETOR - AIU – VILA ANDRADE – FUNDURB,5,
2990001101500000001101000,Outorga Onerosa - Plano Diretor - AIU – Vila Andrade – FUNDURB,5,
2990001101510000000000000,DEPÓSITO JUDICIAL - LEI COMPLEMENTAR 151/2015 - CEF,5,
2990001101510000001100000,DEPÓSITO JUDICIAL - LEI COMPLEMENTAR 151/2015 - CEF,5,
2990001101510000001101000,Depósito Judicial - LEI COMPLEMENTAR 151/2015 - CEF,5,
2990001101510000001109000,TOTAL DEDUÇÕES DEPÓSITO JUDICIAL - LEI COMPLEMENTAR 151/2015 - CEF,5,
2990001101510000001109001,Deduções Depósito Judicial - Lei Complementar 151/2015 - CEF,5,
2990001101520000000000000,ACORDO BANCO DO BRASIL-REGULARIZAÇÃO AMBIENTAL E FUNDIÁRIA JD KERALUX,5,
2990001101520000001100000,ACORDO BANCO DO BRASIL-REGULARIZAÇÃO AMBIENTAL E FUNDIÁRIA JD KERALUX,5,
2990001101520000001101000,Acordo Banco do Brasil - Regularização Ambiental e Fundiária Jd Keralux,5,
2990001101550000000000000,INDENIZAÇÃO POR EXPROPRIAÇÃO DE IMÓVEL MUNICIPAL,5,
2990001101550000001100000,INDENIZAÇÃO POR EXPROPRIAÇÃO DE IMÓVEL MUNICIPAL,5,
2990001101550000001101000,Indenização por Expropriação de Imóvel Municipal,5,
2990001101560000000000000,ACORDO MP - UPA PEDIATRA MENINO JESUS,5,
2990001101560000001100000,ACORDO MP - UPA PEDIATRA MENINO JESUS,5,
2990001101560000001101000,Acordo MP - UPA Pediatra Menino Jesus,5,
2990001102000000000000000,RESTITUIÇÕES,5,
2990001102010000000000000,DEVOLUÇÃO DE VALORES NÃO UTILIZADOS EM CONVÊNIOS,5,
2990001102010000001100000,DEVOLUÇÃO DE VALORES NÃO UTILIZADOS EM CONVÊNIOS,5,
2990001102010000001101000,Devolução de Valores Não Utilizados em Convênios,5,
2990001102010000001109000,TOTAL DEDUÇÕES DEVOLUÇÃO DE VALORES NÃO UTILIZADOS EM CONVÊNIOS,5,
2990001102010000001109001,Deduções Devolução de Valores Não Utilizados em Convênios,5,
2990001102020000000000000,DESISTÊNCIA/EXCESSO DE DESAPROPRIAÇÕES,5,
2990001102020000001100000,DESISTÊNCIA/EXCESSO DE DESAPROPRIAÇÕES,5,
2990001102020000001101000,Desistência/Excesso de Desapropriações - Tesouro Municipal,5,
2990001102020000001109000,TOTAL DEDUÇÕES/EXCESSO DESISTÊNCIA DE DESAPROPRIAÇÕES,5,
2990001102020000001109001,Deduções Desistência/Excesso de Desapropriações,5,
2990001102030000000000000,DESISTÊNCIA/EXCESSO DE DESAPROPRIAÇÕES - FUNDURB,5,
2990001102030000001100000,DESISTÊNCIA/EXCESSO DE DESAPROPRIAÇÕES - FUNDURB,5,
2990001102030000001101000,Desistência/Excesso de Desapropriações - FUNDURB,5,
2990001102030000001109000,TOTAL DEDUÇÕES DESISTÊNCIA/EXCESSO DE DESAPROPRIAÇÕES - FUNDURB,5,
2990001102030000001109001,Deduções Desistência/Excesso de Desapropriações - FUNDURB,5,
2990001102040000000000000,DESISTÊNCIA/EXCESSO DE DESAPROPRIAÇÕES - FEMA,5,
2990001102040000001100000,DESISTÊNCIA/EXCESSO DE DESAPROPRIAÇÕES - FEMA,5,
2990001102040000001101000,Desistência/Excesso de Desapropriações - FEMA,5,
2990001102040000001109000,TOTAL DEDUÇÕES DESISTÊNCIA/EXCESSO DE DESAPROPRIAÇÕES - FEMA,5,
2990001102040000001109001,Deduções Desistência/Excesso de Desapropriações - FEMA,5,
2990001102050000000000000,DESISTÊNCIA/EXCESSO - DEPÓSITO JUDICIAL EM DESAPROPRIAÇÕES - OPERAÇÕES URBANAS - ÁGUA ESPRAIADA,5,
2990001102050000001100000,DESISTÊNCIA/EXCESSO - DEPÓSITO JUDICIAL EM DESAPROPRIAÇÕES - OPERAÇÕES URBANAS - ÁGUA ESPRAIADA,5,
2990001102050000001101000,Desistência/Excesso - Depósito Judicial em Desapropriações - Operações Urbanas - Água Espraiada,5,
2990001102050000001109000,TOTAL DEDUÇÕES DESISTÊNCIA/EXCESSO - DEPÓSITO JUDICIAL EM DESAPROPRIAÇÕES - OPERAÇÕES URBANAS - ÁGUA,5,
2990001102050000001109001,Deduções Desistência/Excesso - Depósito Judicial em Desapropriações - Operações Urbanas - Água Espra,5,
2990001102060000000000000,DESISTÊNCIA/EXCESSO - DEPÓSITO JUDICIAL EM DESAPROPRIAÇÕES - OPERAÇÕES URBANAS - FARIA LIMA,5,
2990001102060000001100000,DESISTÊNCIA/EXCESSO - DEPÓSITO JUDICIAL EM DESAPROPRIAÇÕES - OPERAÇÕES URBANAS - FARIA LIMA,5,
2990001102060000001101000,Desistência/Excesso - Depósito Judicial em Desapropriações - Operações Urbanas - Faria Lima,5,
2990001102060000001109000,TOTAL DEDUÇÕES DESISTÊNCIA/EXCESSO - DEPÓSITO JUDICIAL EM DESAPROPRIAÇÕES - OPERAÇÕES URBANAS - FARI,5,
2990001102060000001109001,Deduções Desistência/Excesso - Depósito Judicial em Desapropriações - Operações Urbanas - Faria Lima,5,
2990001102070000000000000,DEVOLUÇÃO DE RECURSOS - AFAC,5,
2990001102070000001100000,DEVOLUÇÃO DE RECURSOS - AFAC,5,
2990001102070000001101000,Devolução de Recursos - AFAC,5,
2990001102070000001109000,TOTAL DEDUÇÕES DEVOLUÇÃO DE RECURSOS - AFAC,5,
2990001102070000001109001,Deduções Devolução de Recursos - AFAC,5,
2990001102080000000000000,SALDO REMANESCENTE DE DESAPROPRIAÇÕES - FMSAI,5,
2990001102080000001100000,SALDO REMANESCENTE DE DESAPROPRIAÇÕES - FMSAI,5,
2990001102080000001101000,Saldo Remanescente de Desapropriações - FMSAI,5,
2990001102090000000000000,SALDO REMANESCENTE DE DESAPROPRIAÇÕES - FMDT,5,
2990001102090000001100000,SALDO REMANESCENTE DE DESAPROPRIAÇÕES - FMDT,5,
2990001102090000001101000,Saldo Remanescente de Desapropriações - FMDT,5,
2990001102100000000000000,DESISTÊNCIA/EXCESSO - DEPÓSITO JUDICIAL EM DESAPROPRIAÇÕES - OPERAÇÕES URBANAS - ÁGUA BRANCA,5,
2990001102100000001100000,DESISTÊNCIA/EXCESSO - DEPÓSITO JUDICIAL EM DESAPROPRIAÇÕES - OPERAÇÕES URBANAS - ÁGUA BRANCA,5,
2990001102100000001101000,Desistência/Excesso - Depósito Judicial em Desapropriações - Operações Urbanas - Água Branca,5,
2990001103000000000000000,Receitas de Cessão de Direitos Creditórios,5,
2990001103010000000000000,Cessão de Direitos Creditórios de Multas de Trânsito,5,
2990001103010000001100000,Cessão de Direitos Creditórios de Multas de Trânsito,5,
2990001103010000001101000,Cessão de Direitos Creditórios de Multas de Trânsito,5,
2990001103010000001109000,Total Deduções Cessão de Direitos Creditórios de Multas de Trânsito,5,
2990001103010000001109001,Deduções Cessão de Direitos Creditórios de Multas de Trânsito,5,
2998000000000000000000000,"Demais Receitas de Capital Específicas de Estados, DF e Municípios",5,
2998010000000000000000000, Demais Receitas de Capital Específicas de E/DF/M,5,
2998011000000000000000000, Receitas de Alienação de Certificados de Potencial Adicional de Construção - CEPAC,5,
2998011100000000000000000,Receitas de Alienação de Certificados de Potencial Adicional de Construção - CEPAC,5,
2998011101000000000000000,Operação Urbana Consorciada Água Branca,5,
2998011101000000001100000,Operação Urbana Consorciada Água Branca,5,
2998011101000000001101000,Operação Urbana Consorciada Água Branca,5,
2998011101000000001109000,Total Deduções Operação Urbana Consorciada Água Branca,5,
2998011101000000001109001,Deduções Operação Urbana Consorciada Água Branca,5,
2998011102000000000000000,Operação Urbana Faria Lima,5,
2998011102000000001100000,Operação Urbana Faria Lima,5,
2998011102000000001101000,Operação Urbana Faria Lima,5,
2998011102000000001109000,Total Deduções Operação Urbana Faria Lima,5,
2998011102000000001109001,Deduções Operação Urbana Faria Lima,5,
2998011103000000000000000,Operação Urbana Água Espraiada,5,
2998011103000000001100000,Operação Urbana Água Espraiada,5,
2998011103000000001101000,Operação Urbana Água Espraiada,5,
2998011103000000001109000,Total Deduções Operação Urbana Água Espraiada,5,
2998011103000000001109001,Deduções Operação Urbana Água Espraiada,5,
2998011104000000000000000,Operação Urbana Vila Sônia,5,
2998011104000000001100000,Operação Urbana Vila Sônia,5,
2998011104000000001101000,Operação Urbana Vila Sônia,5,
2998011104000000001109000,Total Deduções Operação Urbana Vila Sônia,5,
2998011104000000001109001,Deduções Operação Urbana Vila Sônia,5,
2998011105000000000000000,Operação Urbana Centro,5,
2998011105000000001100000,Operação Urbana Centro,5,
2998011105000000001101000,Operação Urbana Centro,5,
2998011105000000001109000,Total Deduções Operação Urbana Centro,5,
2998011105000000001109001,Deduções Operação Urbana Centro,5,
2998011106000000000000000,Restituição de Receita - Recursos Não Utilizados do CEPAC,5,
2998011106000000001100000,Restituição de Receita - Recursos Não Utilizados do CEPAC,5,
2998011106000000001101000,Restituição de Receita - Recursos Não Utilizados do CEPAC,5,
2998011106000000001109000,Total Deduções Restituição de Receita - Recursos Não Utilizados do CEPAC,5,
2998011106000000001109001,Deduções Restituição de Receita - Recursos Não Utilizados do CEPAC,5,
6000000000000000000000000,RECEITA EXTRA-ORÇAMENTÁRIA,5,
6100000000000000000000000,RECEITA EXTRA-ORÇAMENTÁRIA,5,
6110000000000000000000000,ATIVO CIRCULANTE  ,5,
6112000000000000000000000,CRÉDITOS EM CIRCULAÇÃO  ,5,
6112000010000000000000000,CRÉDITOS A RECEBER  ,5,
6112000011000000000000000,DEPÓSITOS RESTITUÍVEIS E VALORES VINCULADOS - CONSOLIDAÇÃO,5,
6112000011010000000000000,DEPÓSITOS JUDICIAIS,5,
6112000011020000000000000,DEPÓSITOS E CAUÇÕES RELATIVOS A CONTRATOS OU A CONVENÇÕES,5,
6112000011020010000000000,Garantia Em Caução,5,
6112000019000000000000000,CRÉDITOS DIVERSOS A RECEBER  ,5,
6112000019990000000000000,OUTROS CRÉDITOS A RECEBER  ,5,
6112000019990040000000000,Devedores Diversos-Exatores c/ Caixa e Postos  ,5,
6112000019990050000000000,Recursos a Receber  ,5,
6112000019990070000000000,DAT - OP,5,
6112000019990080000000000,Valores a Receber - Simples Nacional/ STN,5,
6112000019990150000000000,COHAB - VALORES A REEMBOLSAR,5,
6112000019990160000000000,COHAB-MOV. A REALIZAR VALORES A COMPENSAR,5,
6112000019990170000000000,COHAB-Movtos. Div. Realizar - Valores a Receber,5,
6112000019990180000000000,Cheques em Cobrança,5,
6112000019990190000000000,CRÉDITOS A RECEBER/RESTITUIR DECORRENTES DE DEPÓSITOS JUDICIAIS/FUNDO DE RESERVA - BB,5,
6112000019990200000000000,CRÉDITOS A RECEBER/RESTITUIR DECORRENTES DE DEPÓSITOS JUDICIAIS/NOVOS DEPÓSITOS - BB,5,
6112000019990210000000000,Créditos a Receber/Restituir - Dep. Judiciais/Fundo de Reserva - CEF  ,5,
6112000019990220000000000,Créditos a Receber/Restituir - Dep. Judiciais/Novos Depósitos - CEF  ,5,
6112000019990320000000000,MOVTOS DIVS. A REALIZAR-VALORES DEVEDORES,5,
6112000019990330000000000,DÉBITOS A REGULARIZAR - PORTARIA SF 101/2016,5,
6112000019990330010000000,"Secretaria Municipal de Modernização, Gestão e Desburocratização",5,
6112000019990330020000000,Secretaria Municipal de Finanças e Desenvolvimento Econômico,5,
6112000019990330030000000,Secretaria Municipal da Saúde,5,
6112000019990330040000000,Secretaria Municipal de Transportes,5,
6112000019990330050000000,Secretaria Municipal de Assistência e Desenvolvimento Social,5,
6112000019990330060000000,Secretaria Municipal de Cultura,5,
6112000019990330070000000,Controladoria Geral do Município de São Paulo,5,
6112000019990400000000000,COHAB-MOVTOS DIVS. A REALIZAR-IRPJ/CSLL COMPENSAR,5,
6112000019990420000000000,COHAB-Movtos Divs a Realizar - Mov. de Segs - PSH,5,
6112000019990450000000000,COHAB - Gastos com a PMSP,5,
6112000019990460000000000,Recursos Arrecadados  - Barras Não-FEBRABAN,5,
6112000019990470000000000,Recursos Arrecadados - Barras FEBRABAN,5,
6112000019990480000000000,Recursos Arrecadados - RENAINF,5,
6112000019990490000000000,Recursos Arrecadados - FUMCAD,5,
6112000019990500000000000,Recursos Arrecadados - Levantamentos Judiciais - FISC,5,
6112000019990510000000000,Recursos Arrecadados - Levantamentos Judiciais - JUD,5,
6112000019990520000000000,Recursos Arrecadados - Simples Nacional,5,
6112000019990530000000000,Recursos Arrecadados - ISS-STN,5,
6112000019990540000000000,AMLURB - FMLU DAT Coleta de Resíduos Sólidos - Saúde,5,
6112000019990550000000000,AMLURB - FMLU DAT Taxa de Fiscalização dos Serviços de Limpeza Urbana,5,
6112000019990560000000000,AMLURB - FMLU DAT Taxa de Limpeza Pública,5,
6112000019990570000000000,AMLURB - FMLU DAT Taxa de Resíduos Sólidos Domiciliares,5,
6112000019990580000000000,AMLURB - FMLU DAT Taxa de Resíduos Sólidos de Serviços de Saúde,5,
6112000019990590000000000,"AMLURB - Divida ativa - FMLU DAT Taxa de Resíduos Sólidos Domiciliares
",5,
6112000019990600000000000,"AMLURB - Multas e Juros - FMLU DAT Taxa de Resíduos Sólidos Domiciliares
",5,
6112000019990610000000000,"AMLURB - Multas e Juros da divida ativa - FMLU DAT Taxa de Resíduos Sólidos Domiciliares
",5,
6112000019990620000000000,"AMLURB - Divida ativa - FMLU DAT Taxa de Resíduos Sólidos de Serviços de Saúde
",5,
6112000019990630000000000,"AMLURB - Multas e Juros  - FMLU DAT Taxa de Resíduos Sólidos de Serviços de Saúde
",5,
6112000019990640000000000,"AMLURB - Multas e Juros da Divida Ativa - FMLU DAT Taxa de Resíduos Sólidos de Serviços de Saúde
",5,
6112000019990650000000000,AMLURB - FMLU Arrecadações Diversas,5,
6112000019990660000000000,Valores a Receber – CMSP,5,
6112000019990670000000000,Créditos a receber por reembolso de Salário Maternidade Pago - RGPS,5,
6112000019990680000000000,Créditos A Receber Por Reembolso De Salário-Maternidade Pago - RGPS,5,
6112000019990690000000000,Recursos Arrecadados - Multa de Trânsito,5,
6112000019990700000000000,MOVTOS DIVS. A REALIZAR-VALORES DO FMH ,5,
6112000019990710000000000,MOVTOS DIVS. A REALIZAR-VALORES DA COHAB,5,
6112000020000000000000000,DEVEDORES - ENTIDADES E AGENTES  ,5,
6112000021000000000000000,ENTIDADES DEVEDORAS,5,
6112000021020000000000000,"ENTIDADES ESTADUAIS, DISTRITAIS E MUNICIPAIS",5,
6112000021020010000000000,Tribunal de Contas do Município de São Paulo,5,
6112000021020020000000000,Câmara Municipal de São Paulo,5,
6112000029000000000000000, DIVERSOS RESPONSÁVEIS - APURADOS  ,5,
6112000029010000000000000,PAGAMENTOS INDEVIDOS,5,
6112000029010010000000000,Débitos de Terceiros  ,5,
6112000029020000000000000,SALDOS NÃO RECOLHIDOS  ,5,
6112000029020010000000000,Débitos Servidores Municipais  ,5,
6112000029020020000000000,Restituições de débito servidores - folha aposentados,5,
6112000049000000000000000,ADIANTAMENTOS DIVERSOS CONCEDIDOS,5,
6112000049010000000000000,ADIANTAMENTOS A SERVIDORES - DOCS,5,
6112000049020000000000000,COHAB - Adiantamentos Férias,5,
6112000049030000000000000,COHAB - Adiantamento diversos a servidores,5,
6112000060000000000000000,VALORES EM TRÂNSITO REALIZÁVEIS,5,
6112000061000000000000000,VALORES A CREDITAR,5,
6112000061010000000000000,DEPÓSITOS A REALIZAR,5,
6112000061020000000000000,CARTÃO DE CRÉDITO/ DÉBITO,5,
6112000062000000000000000,ORDENS BANCÁRIAS EMITIDAS A COMPENSAR,5,
6112000062010000000000000,CHEQUES NÃO COMPENSADOS E/OU EM TRÂNSITO,5,
6114000000000000000000000,VALORES PENDENTES A CURTO PRAZO  ,5,
6114000010000000000000000,CUSTOS E DESPESAS PAGOS ANTECIPADAMENTE  ,5,
6114000011000000000000000,DESPESAS ANTECIPADAS  ,5,
6114000011010000000000000,DESPESAS CARTORÁRIAS A APROPRIAR,5,
6114000011010010000000000,NOTIFICAÇÕES E REGISTROS,5,
6114000011060000000000000,DESPESAS FINANCEIRAS A APROPRIAR,5,
6114000011060010000000000,DESPESAS FINANCEIRAS A APROPRIAR - IOF,5,
6114000011990000000000000,Débitos Pagos a Regularizar  ,5,
6120000000000000000000000,ATIVO REALIZÁVEL A LONGO PRAZO  ,5,
6121000000000000000000000,DEPÓSITOS REALIZÁVEIS A LONGO PRAZO  ,5,
6121000020000000000000000,RECURSOS VINCULADOS  ,5,
6121000024000000000000000,DEPÓSITOS ESPECIAIS  ,5,
6121000025000000000000000,RECURSOS APREENDIDOS POR DECISÃO JUDICIAL  ,5,
6121000025010000000000000,Retenções Judiciais - Administração Indireta,5,
6121000025020000000000000,Bloqueios Judiciais,5,
6122000000000000000000000,CRÉDITOS REALIZÁVEIS A LONGO PRAZO  ,5,
6122000040000000000000000,CRÉDITOS A RECEBER  ,5,
6122000049000000000000000,CRÉDITOS DIVERSOS A RECEBER  ,5,
6122000049990000000000000,OUTROS CRÉDITOS A RECEBER,5,
6122000049990010000000000,Cheques em Cobrança Judicial  ,5,
6200000000000000000000000,PASSIVO,5,
6210000000000000000000000,PASSIVO CIRCULANTE,5,
6211000000000000000000000,DEPÓSITOS,5,
6211000010000000000000000,CONSIGNAÇÕES,5,
6211000011000000000000000,PREVIDÊNCIA SOCIAL,5,
6211000011020000000000000,INSS,5,
6211000011080000000000000,RPPS - EXTERNO,5,
6211000011080010000000000,SÃO PAULO PREVIDÊNCIA - SPPREV,5,
6211000011080040000000000,INSTITUTO PREVIDÊNCIA SERV. MUNIC. DIADEMA,5,
6211000011080050000000000,PLANO DE SEGURIDADE SOCIAL - PSS,5,
6211000011080060000000000,PREVIMPA - DEPTO.MUNIC.PREV.PORTO ALEGRE,5,
6211000011080070000000000,INSTITUTO DE PREVIDÊNCIA DE SANTO ANDRÉ,5,
6211000011080080000000000,"IPRED - Inst.Previdencia De Diadema
",5,
6211000011080090000000000,Inst.Previdência De Campinas - CAMPREV,5,
6211000011080100000000000,"Rio Preto PREV - Segurados
",5,
6211000012000000000000000,PENSÃO ALIMENTÍCIA,5,
6211000012010000000000000,Pensão Alimentícia,5,
6211000012020000000000000,Pensão Alimentícia - RF 10813,5,
6211000012030000000000000,Pensão Alimentícia - RF 101250,5,
6211000013000000000000000,TESOURO NACIONAL,5,
6211000013040000000000000,IRRF,5,
6211000013040080000000000,IRRF SOBRE OS RENDIMENTOS DO TRABALHO - COHAB,5,
6211000013040080010000000,IRRF sobre os Rendimentos do Trabalho - Pessoa Física - COHAB,5,
6211000013040090000000000,IRRF SOBRE REMESSA DE RECURSOS AO EXTERIOR - COHAB,5,
6211000013040090010000000,IRRF sobre Remessa de Recursos ao Exterior - Pessoa Física - COHAB,5,
6211000013040090020000000,IRRF sobre Remessa de Recursos ao Exterior - Pessoa Jurídica - COHAB,5,
6211000013040100000000000,IRRF SOBRE OUTROS RENDIMENTOS - COHAB/FMH,5,
6211000013040100010000000,IRRF sobre Outros Rendimentos - Pessoa Física - COHAB/FMH,5,
6211000013040100020000000,IRRF sobre Outros Rendimentos - Pessoa Jurídica - COHAB/FMH,5,
6211000014000000000000000,TESOURO MUNICIPAL  ,5,
6211000014020000000000000,ISS Retido na Fonte,5,
6211000014030000000000000, ISS RETIDO NA FONTE S/ SERVIÇOS DE TERCEIROS,5,
6211000014040000000000000,IRRF/GDF,5,
6211000014040080000000000,IRRF SOBRE OS RENDIMENTOS DO TRABALHO,5,
6211000014040080010000000,IRRF sobre os Rendimentos do Trabalho - Pessoa Física,5,
6211000014040090000000000,IRRF SOBRE REMESSA DE RECURSOS AO EXTERIOR,5,
6211000014040090010000000,IRRF sobre Remessa de Recursos ao Exterior - Pessoa Física,5,
6211000014040090020000000,IRRF sobre Remessa de Recursos ao Exterior - Pessoa Jurídica,5,
6211000014040100000000000,IRRF SOBRE OUTROS RENDIMENTOS,5,
6211000014040100010000000,IRRF sobre Outros Rendimentos - Pessoa Física,5,
6211000014040100020000000,IRRF sobre Outros Rendimentos - Pessoa Jurídica,5,
6211000014040110000000000,IRRF - TESOURO MUNICIPAL/TCMSP,5,
6211000014050000000000000,"Receitas Eventuais
",5,
6211000014060000000000000,"Taxas E Emolumentos
",5,
6211000014070000000000000,Remuneração pelo Uso de Espaço na CMSP,5,
6211000014080000000000000,"Honrarias - 2ª Via
",5,
6211000014090000000000000,"Rend. Aplic. Financeira
",5,
6211000014100000000000000,"Atualização Monetária
",5,
6211000014110000000000000,"FOPAG - Devol Imp. Rec. Maior Em Exerc. Anteriores
",5,
6211000014120000000000000,"Multa Contratual
",5,
6211000014130000000000000,"Taxas Remuneratórias
",5,
6211000014140000000000000,Multa Contratual – CMSP ,5,
6211000015000000000000000,Ressarcimento de indenizações de Seguradoras,5,
6211000019000000000000000,CONSIGNATÁRIOS,5,
6211000019010000000000000,ASSOCIAÇÕES E ENTIDADES BENEFICENTES,5,
6211000019010010000000000,ACRESP - Associação de Civis e Servidores Públicos,5,
6211000019010020000000000,AMED - Associação dos Médicos do HSPM,5,
6211000019010030000000000,Associação de Classe,5,
6211000019010040000000000,Assoc. dos Servidores e Empreg. Públicos do Est SP,5,
6211000019010050000000000,ASSERV - Assoc. Serv. do Munic. de São Paulo,5,
6211000019010060000000000,Associação dos Funcionarios do SFMSP,5,
6211000019010070000000000,Assoc. dos Aux. Atend. Enf. A. Saúde do Munic SP,5,
6211000019010080000000000,Associação dos Contadores do Munic. de São Paulo,5,
6211000019010090000000000,Associação dos Escriturarios Munic. de São Paulo,5,
6211000019010100000000000,Assoc. Inspetores Fiscais da PMSP,5,
6211000019010110000000000,Associação dos Médicos Residentes,5,
6211000019010120000000000,AMESP - Assoc. dos Motoristas e Servidores da PMSP,5,
6211000019010130000000000,Assoc. dos Procuradores do Municipio de São Paulo,5,
6211000019010140000000000,Assoc. dos Servidores da Pref. do Munic. São Paulo,5,
6211000019010150000000000,Assoc. Feminina Servidoras Públicas do Brasil,5,
6211000019010160000000000,Assoc Nacional de Assist aos Serv Públ Municipais,5,
6211000019010170000000000,Assoc Odontológica da Pref Munic São Paulo,5,
6211000019010180000000000,Assoc Paulista Integr. e Func Guardas Municipais,5,
6211000019010190000000000,Assoc Recreativa Cultural Grêmio Servidores PMSP,5,
6211000019010200000000000,ATCAM -  Ass. Trab. Celetista das Autarquias Munic,5,
6211000019010210000000000,"CAPEMI-Caixa de Peculios, Pensões e Montep. Benef",5,
6211000019010220000000000,CIASP - Centro de Integr Assist Servidor Público,5,
6211000019010230000000000,Centro do Professorado Paulista,5,
6211000019010240000000000,GBOEX - Grêmio Beneficente ,5,
6211000019010250000000000,"GSERV-Grêmio Rec Esp Cult Benef Serv Publ Munic, E",5,
6211000019010260000000000,Legião Cristã dos Servidores do Brasil,5,
6211000019010270000000000,SASE- Soc. Benef de Assist aos Servidores Públicos,5,
6211000019010280000000000,Soc de Atendimento Social aos Serv Publ Municipais,5,
6211000019010290000000000,Soc. dos Engenheiros e Arquitetos Municipais de SP,5,
6211000019010300000000000,UBB - União Brasileira Beneficente,5,
6211000019010310000000000,União dos Servidores Públicos do Estado de SP,5,
6211000019010320000000000,UNSP - União Nac dos Serv Publ Civis do Brasil,5,
6211000019010330000000000,ASSOCIAÇÃO DOS SERVIDORES MUNICIPAIS DE SÃO PAULO,5,
6211000019010350000000000,ASSEC - Associação dos Servidores da COHAB - SP,5,
6211000019010370000000000,Ass Aux Enferm e Serv da Área Saúde Pub e Aut M SP,5,
6211000019010380000000000,"Associação De Servidores Da CMSP
",5,
6211000019010390000000000,Entidades Representativas de Classes – ATRICON,5,
6211000019020000000000000,COOPERATIVAS,5,
6211000019020010000000000,COOPERCREDI - Coop. Econ. e Cred. Mutuo,5,
6211000019020020000000000,COOSERP - Coop. Consumo Serv Publ Estado de SP,5,
6211000019040000000000000,SINDICATOS,5,
6211000019040010000000000,APROFEM - Sind. Prof e Func do Ensino Municipal,5,
6211000019040030000000000,MTB - Contribuição Sindical,5,
6211000019040040000000000,SAAESP - Sind Auxiliares Adm Escolar de Sao Paulo,5,
6211000019040050000000000,SIMPRO - Sind Professores do Estado de São Paulo,5,
6211000019040060000000000,SEDIN-Sind Trab em Estab Educ Inf Munic São Paulo,5,
6211000019040070000000000,Sind Professores e Funcionarios Publ Mun Aposentad,5,
6211000019040080000000000,Sind Guardas Civis Metropolitanos de São Paulo,5,
6211000019040090000000000,Sindicato dos Agentes Vistores Municipais,5,
6211000019040100000000000,Sindicato dos Enfermeiros do Estado de SP,5,
6211000019040110000000000,Sind Especialistas de Educ Ensino Públ do Mun.,5,
6211000019040120000000000,Sind Fisioterapeutas Ocupacionais de SP,5,
6211000019040130000000000,Sindicato dos Médicos de São Paulo,5,
6211000019040140000000000,Sindicato dos Motoristas e Servidores da PMSP,5,
6211000019040150000000000,Sindicato Odontologistas do Estado de São Paulo,5,
6211000019040160000000000,Sind Serv Operacionais Municipio de SP,5,
6211000019040170000000000,Sindicato dos Trabalhadores na Administração Pública e Autarquias do Município de São Paulo.,5,
6211000019040180000000000,Sind Técnicos Segurança Trabalho Estado SP,5,
6211000019040190000000000,Sind dos Técnicos e Auxiliares em Radiologia de SP,5,
6211000019040200000000000,SINPEEM - Sind dos Prof em Educ do Ensino Munic.,5,
6211000019040250000000000,Sindicato dos Nutricionistas do Estado de SP,5,
6211000019040260000000000,SINBIESP - Sindicato dos Bibliotecários do Estado ,5,
6211000019040270000000000,"SINDSEP - Sindicato dos Servidores Publ. Município De S. Paulo
",5,
6211000019040280000000000,"SINDILEX - Sind dos Serv da CMSP e TCM
",5,
6211000019040290000000000,"Contribuição Sindical
",5,
6211000019060000000000000,BANCOS,5,
6211000019060010000000000,Banco ABC Brasil S/A,5,
6211000019060020000000000,Banco ABN AMRO Real S/A,5,
6211000019060030000000000,Banco Alfa de Investimentos S/A,5,
6211000019060040000000000,Banco ARBI S/A,5,
6211000019060050000000000,Banco Cetelen S/A,5,
6211000019060060000000000,Banco Bradesco Financiamento S/A,5,
6211000019060070000000000,Banco BMG S/A,5,
6211000019060080000000000,Banco BNL S/A,5,
6211000019060090000000000,Banco Bonsucesso S/A,5,
6211000019060100000000000,Banco BRADESCO S/A,5,
6211000019060110000000000,Banco BVA S/A,5,
6211000019060120000000000,Banco Cacique S/A,5,
6211000019060130000000000,BANCOOC - Banco Cooperativo do Brasil S/A,5,
6211000019060140000000000,Banco Credibel S/A,5,
6211000019060150000000000,Banco Cruzeiro do Sul S/A,5,
6211000019060160000000000,Banco Daycoval S/A,5,
6211000019060170000000000,BANESPA - Banco do Estado de São Paulo S/A,5,
6211000019060180000000000,BANRISUL - Banco do Estado do Rio Gde do Sul,5,
6211000019060190000000000,Banco Fibra S/A,5,
6211000019060200000000000,Banco Ficsa S/A,5,
6211000019060210000000000,Banco GE Capital S/A,5,
6211000019060220000000000,Banco Industrial do Brasil S/A,5,
6211000019060230000000000,BICBANCO - Banco Industrial e Comercial S/A,5,
6211000019060240000000000,Banco Itaú S/A,5,
6211000019060250000000000,Banco Luso Brasileiro S/A,5,
6211000019060260000000000,Banco Mantone S/A,5,
6211000019060270000000000,Banco Mercantil do Brasil S/A,5,
6211000019060280000000000,Banco Morada S/A,5,
6211000019060290000000000,Banco Panamericano S/A,5,
6211000019060300000000000,Banco Paulista S/A,5,
6211000019060310000000000,Banco Pine S/A,5,
6211000019060320000000000,Banco Prosper S/A,5,
6211000019060340000000000,Banco Rural S/A,5,
6211000019060350000000000,Banco Safra S/A,5,
6211000019060360000000000,Banco Santander Banespa,5,
6211000019060370000000000,BCV - Banco de Crédito e Varejo S/A,5,
6211000019060380000000000,Banco Semear S/A,5,
6211000019060390000000000,Banco SOFISA S/A,5,
6211000019060400000000000,Banco Sudameris S/A,5,
6211000019060410000000000,Banco Votorantim S/A,5,
6211000019060420000000000,Banco VR S/A,5,
6211000019060430000000000,HSBC - Bank Brasil S/A,5,
6211000019060440000000000,Nossa Caixa Nosso Banco S/A,5,
6211000019060450000000000,Paraná Banco S/A,5,
6211000019060460000000000,UNIBANCO - União de Bancos Brasileiros S/A,5,
6211000019060470000000000,CEF - CAIXA ECONÔMICA FEDERAL ,5,
6211000019060510000000000,Banco Alfa S/A  ,5,
6211000019060520000000000,BRB BANCO DE BRASÍLIA S/A,5,
6211000019060530000000000,EMPRÉSTIMOS - CONVÊNIO  - B. BRASIL,5,
6211000019990000000000000,OUTROS CONSIGNATARIOS,5,
6211000019990010000000000,Empréstimos Pessoais,5,
6211000019990020000000000,HSPM,5,
6211000019990030000000000,Sindicatos e Associações,5,
6211000019990040000000000,Outras Consignações,5,
6211000019990050000000000,American Life Companhia de Seguros,5,
6211000019990060000000000,"BESCREDI - Besc Financ S/A Créd, Financ e Invest",5,
6211000019990070000000000,BRADESCO Seguros S/A,5,
6211000019990080000000000,CAPEMISA Seguradora de Vida e Previdência S/A,5,
6211000019990090000000000,Chubb Seguros,5,
6211000019990100000000000,Coifa Peculios e Pensões,5,
6211000019990110000000000,Companhia de Seguros Minas Brasil,5,
6211000019990120000000000,COSESP - Cia de Seguros do Estado de São Paulo,5,
6211000019990130000000000,Dayprev Vida e Previdência S/A,5,
6211000019990140000000000,Federal de Seguros S/A,5,
6211000019990150000000000,GEPLAN - Sociedade de Previdência Privada,5,
6211000019990160000000000,Metropolitan Life Seguros e Previd Privada S/A,5,
6211000019990170000000000,Mongeral Aegon Seguros e Previdência S.A.,5,
6211000019990180000000000,Previmil - Sociedade de Previdência Privada,5,
6211000019990190000000000,Prodent - Assistência Odontológica,5,
6211000019990200000000000,Real Previdência e Seguros S/A,5,
6211000019990210000000000,Rescisões Contratuais a Pagar,5,
6211000019990220000000000,RSPP Previdência Privada,5,
6211000019990230000000000,Solimeo Assistência Odontológica S/C Ltda,5,
6211000019990240000000000,FUTURO - PREVIDENCIA PRIVADA,5,
6211000019990250000000000,Vera Cruz Vida e Previdência ,5,
6211000019990260000000000,EMPRÉSTIMOS CONSIGNADOS - CONVÊNIO CEF/COHAB,5,
6211000019990280000000000,NOTRE DAME SEGURADORA S/A,5,
6211000019990290000000000,Amil Assistência Médica Internacional S/A,5,
6211000019990300000000000,SABEMI SEGURADORA S/A.,5,
6211000019990310000000000,Valores do FMH - Responsabilidade COHAB,5,
6211000019990320000000000,ENTIDADES REPRESENTATIVAS DE CLASSES,5,
6211000019990330000000000,CONSIGNAÇÕES RETIDAS PELO TCMSP,5,
6211000019990340000000000,"INVESTPREV Seguros e Previdência S.A.
",5,
6211000019990350000000000,"IPREM - Instituto de Previdência Municipal de São Paulo
",5,
6211000019990360000000000,VALORES A REPASSAR - FETCMSP,5,
6211000019990360010000000,FED - Multas Contratuais,5,
6211000019990360020000000,"FED - Reembolso de Despesas
",5,
6211000019990360030000000,"FED - Taxa de Serviços Prestados - Permissão de Uso
",5,
6211000019990360040000000,"FED - Taxa de Serviços Prestados (certidões, atestados, contrato)
",5,
6211000019990360050000000,"FED - Taxa de Serviços Prestados (cópias)
",5,
6211000019990360060000000,"FED - Taxa de Serviços Prestados (taxa de custeio)
",5,
6211000019990360070000000,"PMSP - Devoluções Diversas
",5,
6211000019990360080000000,"PMSP - Restituições
",5,
6211000019990360090000000,"PMSP - Reversão de Despesas
",5,
6211000019990370000000000,Prima Vida Odontológica de Grupo Ltda.,5,
6211000020000000000000000,Valores a Restituir ao Estado,5,
6211000040000000000000000,DEPÓSITOS DE DIVERSAS ORIGENS  ,5,
6211000041000000000000000,DEPÓSITOS E CAUÇÕES,5,
6211000041010000000000000,CRÉDITOS DE CONTRIBUINTES,5,
6211000041010010000000000,Contribuintes Ignorados  ,5,
6211000041010020000000000,CRÉDITOS A REGULARIZAR  ,5,
6211000041010030000000000,RECOLHIMENTOS PARCIAIS DE CONTRIBUINTES  ,5,
6211000041010040000000000,RECOLHIMENTOS DE DIFERENÇAS DE ARRECADAÇÃO A REGULARIZAR  ,5,
6211000041010050000000000,Averbação por Processo,5,
6211000041010060000000000,Averbação DAT,5,
6211000041010070000000000,Averbação - Restituições de Exercícios Anteriores,5,
6211000041010080000000000,Receitas a Regularizar - DAMSP,5,
6211000041010090000000000,Valores a Regularizar,5,
6211000041010100000000000,Prêmios NF Paulistana,5,
6211000041010110000000000,Créditos NF Paulistana,5,
6211000041010120000000000,Crédito de DAMSPs Complementares - Recolhimentos Caixa PMSP,5,
6211000041020000000000000,GOVERNO DO ESTADO,5,
6211000041020010000000000,C / QUITAÇÃO  ,5,
6211000041020020000000000,RECOLHIMENTOS A MAIOR  ,5,
6211000041030000000000000,GOVERNO DA UNIÃO,5,
6211000041030010000000000,C / QUITAÇÃO  ,5,
6211000041030020000000000,RECOLHIMENTOS A MAIOR  ,5,
6211000041040000000000000,DEPÓSITOS DE CONTRIBUINTES,5,
6211000041040010000000000,EXERCÍCIO DE 1991  ,5,
6211000041040020000000000,EXERCÍCIO DE 1992  ,5,
6211000041040030000000000,EXERCÍCIO DE 1993  ,5,
6211000041040040000000000,EXERCÍCIO DE 1994  ,5,
6211000041040050000000000,EXERCÍCIO DE 1995  ,5,
6211000041040060000000000,EXERCÍCIO DE 1996  ,5,
6211000041040070000000000,EXERCÍCIO DE 1997  ,5,
6211000041040080000000000,EXERCÍCIO DE 1998  ,5,
6211000041040090000000000,EXERCÍCIO DE 1999  ,5,
6211000041040100000000000,EXERCÍCIO DE 2000  ,5,
6211000041040110000000000,EXERCÍCIO DE 2001  ,5,
6211000041040120000000000,EXERCÍCIO DE 2002  ,5,
6211000041040130000000000,EXERCÍCIO DE 2003  ,5,
6211000041050000000000000,OUTROS DEPÓSITOS,5,
6211000041050010000000000,GARANTIA DE CONTRATOS  ,5,
6211000041050020000000000,CAUÇÃO DE TERMO DE PERMISSÃO DE USO DE VIAS PÚBLICAS  ,5,
6211000041050030000000000,TAXA DE ESCRITURAS,5,
6211000041050040000000000,"Caução Em Dinheiro - Contratos
",5,
6211000041050050000000000,"Atualização Monetária - Caução Em Dinheiro
",5,
6211000041050060000000000,"Deposito Aplic Conta 111.100 - BB/DM 1022/2011
",5,
6211000041050070000000000,"Deposito Vinc. Vereadores - Fundo 1
",5,
6211000041050080000000000,"Rend Aplic Conta 111.100 - BB/DM 1022/2011
",5,
6211000041050090000000000,"Rend Aplic Conta 111.100 - BB/DM 1022/2011 Inicial
",5,
6211000041050100000000000,"Vereador 22 - DM 1331/11
",5,
6211000041050110000000000,"Vereador 22B - DM 1331/11
",5,
6211000041050120000000000,"Vereador 22C - DM 1331/11
",5,
6211000041050130000000000,"Vereador 22D - DM 1331/11
",5,
6211000041050140000000000,"Pensão Alimentícia - DM 1331/11
",5,
6211000041050150000000000,"IRRF Vereadores - DM 1331/11
",5,
6211000041050160000000000,"Reembolso Relativa À Contribuição Previdenciária Patronal
",5,
6211000041050170000000000,"Reembolso De Despesa De Exercícios Anteriores
",5,
6211000041050180000000000,"Ressarcimento De Despesas Com Servidores Afastados
",5,
6211000041050190000000000,"Ressarcimento De Despesas Com Água, Luz, Gás E Telefone
",5,
6211000041050200000000000,"Ressarcimento De Multas De Trânsito
",5,
6211000041060000000000000,CAUÇÃO DE FEIRANTES E USUÁRIO DE MERCADOS,5,
6211000041060010000000000,CAUÇÃO DE FEIRANTES E USUÁRIOS DE MERCADO  ,5,
6211000041070000000000000,CRÉDITOS DE AGENTES ARRECADADOREES,5,
6211000041070010000000000,CRÉDITOS DE AGENTES ARRECADADOREES,5,
6211000041070020000000000,DOCUMENTOS REJEITADOS - TRIBUTOS NÃO IDENTIFICADOS,5,
6211000041070030000000000,Créditos de Repasse RENAINF,5,
6211000041070040000000000,Créditos de Levantamentos Judiciais,5,
6211000041070050000000000,Créditos de Repasse FUMCAD,5,
6211000041070060000000000,VALORES A RESTITUIR/RECEBER DECORRENTES DE DEPÓSITOS JUDICIAIS/LEVANT.,5,
6211000041070070000000000,Créditos a Regularizar - Barras Não-FEBRABAN,5,
6211000041070080000000000,Créditos a Regularizar - Barras FEBRABAN,5,
6211000041070090000000000,Créditos a Regularizar-  Simples Nacional,5,
6211000041070100000000000,Créditos a Regularizar - ISS-STN,5,
6211000041070110000000000,Créditos a Regularizar - Multa de Trânsito,5,
6211000041070120000000000,Documentos Rejeitados - Multa de Trânsito,5,
6211000041080000000000000,VALORES A REPASSAR - SEGUROS,5,
6211000041090000000000000,VALORES A REPASSAR - FCVS,5,
6211000041990000000000000,OUTROS DEPÓSITOS E CAUÇÕES,5,
6211000042000000000000000,DEPÓSITOS JUDICIAIS,5,
6211000042030000000000000,Depósitos Judiciais,5,
6211000042040000000000000,Levantamentos Judiciais a Regularizar,5,
6211000042070000000000000,DEPÓSITOS JUDICIAS - LC 151/2015,5,
6211000042070010000000000,DEPÓSITOS JUDICIAS - LC 151/2015 - FUNDO DE RESERVA,5,
6211000042070020000000000,DEPÓSITOS JUDICIAIS - LC 151/2015 - PARCELA REPASSADA,5,
6211000042070030000000000,Depósitos Judiciais - LC 151/2015 - Fundo de Reserva - CEF,5,
6211000042070040000000000,Depósitos Judiciais LC 151/2015 - Parcela Repassada - CEF,5,
6211000042990000000000000,Depósito Judicial,5,
6211000043000000000000000,DEPÓSITOS PARA RECURSOS  ,5,
6211000043010000000000000,DEPÓSITOS PARA SUSPENSÃO DA CORREÇÃO MONETÁRIA,5,
6211000043010010000000000,TRIBUTOS  ,5,
6211000043010020000000000,MULTAS  ,5,
6211000043040000000000000,DEPÓSITOS P/ RECURSOS  ADMINISTRATIVOS  ,5,
6211000044000000000000000,DEPÓSITOS ESPECIAIS  ,5,
6211000044010000000000000,DEPTO JURÍDICO - FISCAL - C/ AMORT. DÍVIDA ATIVA,5,
6211000044010010000000000,FISCAO - TPCL - Sistema 01/09/76  ,5,
6211000044010020000000000,ISS - SISTEMA 01/12/76  ,5,
6211000044010030000000000,DIVERSOS  ,5,
6211000044010040000000000,FISCAO - PAV  ,5,
6211000044010050000000000,"FISCAO - TAXA DE LICENÇA,LOCAL,E INSTAL. E AUTOS DE MULTA  ",5,
6211000044010060000000000,FISCAO - ISS  ,5,
6211000044010070000000000,FISCAO - DIVERSOS  ,5,
6211000044020000000000000,DEPARTAMENTO JURÍDICO FISCAL - QUITAÇÃO DE CUSTAS JUDICIAIS  ,5,
6211000044030000000000000,PENHORA DE RENDA  ,5,
6211000044040000000000000,SEÇÃO DE DIVERSÕES PÚBLICAS  ,5,
6211000044050000000000000,ISS - INSTITUIÇÕES FINANCEIRAS  ,5,
6211000044060000000000000,DEPARTAMENTO JUDICIAL - AMORTIZAÇÃO DA DÍVIDA ATIVA  ,5,
6211000044070000000000000,Patrocínios,5,
6211000049000000000000000,DEPÓSITOS PARA QUEM DE DIREITO  ,5,
6211000049010000000000000,DEPÓSITOS DE TERCEIROS,5,
6211000049010010000000000,Diversos Credores - Seguros Emp. Hipotecario,5,
6211000049010020000000000,Diversos Credores Outros,5,
6211000049010030000000000,Depósitos Diversas Origens,5,
6211000049010040000000000,"CREDORES DIVERSOS, PARTICULARES - CREDORES DE LEILÃO DSV  ",5,
6211000049010050000000000,DÉBITO DE TERCEIRO - REVERSÃO,5,
6211000049010060000000000,Créditos a Regularizar,5,
6211000049010070000000000,"Pendências De Fornecedores A Regularizar
",5,
6211000049010080000000000,"Folha De Pagamento Pendente A Regularizar
",5,
6211000049010100000000000,Honorários de Sucumbência - Principal,5,
6211000049010110000000000,Honorários de Sucumbência - Atualização Monetária,5,
6211000049010990000000000,DIVERSOS  ,5,
6211000049020000000000000,DEPÓSITOS DE RENDIMENTOS DO PIS/PASEP,5,
6211000049020010000000000,BENEFICIÁRIOS DO PASEP  ,5,
6211000049990000000000000,OUTROS DEPÓSITOS  ,5,
6211000049990010000000000,DEPÓSITOS PARA GARANTIA DE PROPOSTA EM CONCORRÊNCIA  ,5,
6211000049990020000000000,DEPÓSITOS PARA GARANTIA DE INDENIZAÇÃO  ,5,
6211000049990030000000000,DEPÓSITOS P/A QUITAÇÃO DO PREÇO DE OCUPAÇÃO DA AREA  ,5,
6211000049990040000000000,DEPÓSITOS P/A QUITAÇÃO DE MULTAS NÃO TRIBUTÁRIAS  ,5,
6211000049990990000000000,Outros Depósitos,5,
6212000000000000000000000,OBRIGAÇÕES EM CIRCULAÇÃO  ,5,
6212000010000000000000000,OBRIGAÇÕES A PAGAR  ,5,
6212000011000000000000000,FORNECEDORES,5,
6212000011010000000000000,FORNECEDORES A PAGAR DO EXERCÍCIO,5,
6212000012000000000000000,PESSOAL A PAGAR  ,5,
6212000012010000000000000,PESSOAL A PAGAR DO EXERCÍCIO,5,
6212000012010010000000000,Pessoal a Pagar do Exercício,5,
6212000012010020000000000,CREDORES POR FOLHA DE PAGAMENTOS  ,5,
6212000012010080000000000,COHAB - Rescisões Contratuais a Pagar,5,
6212000012020000000000000,AÇÕES JUDICIAIS,5,
6212000012020010000000000,Ações Judiciais,5,
6212000013000000000000000,ENCARGOS SOCIAIS A RECOLHER  ,5,
6212000013010000000000000,INSS  ,5,
6212000013010010000000000,INSS / EMPRESAS - CNPJ / MF  ,5,
6212000013010020000000000,INSS  -  CONTRIBUIÇÃO AO RGPS / FUNCIONÁRIOS  ,5,
6212000013010030000000000,INSS - CONTRIBUINTE INDIVIDUAL  ,5,
6212000013010040000000000,INSS - EMPRESAS - CEI  ,5,
6212000013010050000000000,INSS - AQUISIÇÃO DE PRODUTO RURAL - PESSOA FÍSICA  ,5,
6212000013010060000000000,INSS - TRANSPORTADOR RODOVIÁRIO AUTÔNOMO - SEST e SENAT  ,5,
6212000013010070000000000,INSS - CONTRIBUIÇÃO INDIVIDUAL - SMS/GRATIF. MUNICIPAL  ,5,
6212000013010080000000000,INSS - COOPERATIVA DE TRABALHO,5,
6212000013010100000000000,INSS - CONTRIBUINTE INDIVIDUAL - CONSELHEIRO TUTELAR,5,
6212000013080000000000000,INSTITUTO DE PREVIDÊNCIA MUNICIPAL - IPREM  ,5,
6212000013090000000000000,Retenções sobe salários – contribuição a recolher ao RPPS-IPREM (Encargos Previdenciários + Patronal,5,
6212000013990000000000000,OUTROS ENCARGOS  ,5,
6212000013990010000000000,"Retenções - COFINS -  PIS/PASEP - CSLL (4,65%)  ",5,
6212000013990020000000000,"Retenções - COFINS (3,0%)  ",5,
6212000013990030000000000,"Retenções - PIS/PASEP (0,65%)  ",5,
6212000013990040000000000,"Retenções - CSLL (1,0%)  ",5,
6212000013990050000000000,HOSPITAL DO SERVIDOR PÚBLICO MUNICIPAL  ,5,
6212000013990060000000000,Créditos a Regularizar,5,
6212000013990070000000000,Retenção Vale Refeição,5,
6212000013990090000000000,Hospital do Servidor Público Municipal -EC 62/2009,5,
6212000013990900000000000,RETENÇÃO VALE TRANSPORTE,5,
6212000016000000000000000,RECURSOS ESPECIAIS A LIBERAR  ,5,
6212000016000010000000000,RETORNO DE RECURSOS,5,
6212000016000010010000000,RETORNO DE RECURSOS - BENEFICIÁRIOS/SEMDET ,5,
6212000016000010020000000,Retorno de Recursos do PETI  ,5,
6212000016000010030000000,Retorno de Recursos SDTS/FAT  ,5,
6212000016000010040000000,PAGAMENTOS DEVOLVIDOS A REAPRESENTAR,5,
6212000016000020000000000,RETORNO DE RECURSOS - PARCERIA SOCIAL,5,
6212000016000020010000000,Retorno de Recursos - Bolsa Aluguel,5,
6212000016000030000000000,RECURSOS A LIBERAR POR VINCULAÇÃO DE PAGAMENTO ,5,
6212000016000030010000000,Credores da Campanha contra o Aedes Aegypti,5,
6212000019000000000000000,DÉBITOS DIVERSOS A PAGAR  ,5,
6212000019010000000000000,CONSORCIO DE FLORICULTURAS,5,
6212000019990000000000000,OUTRAS OBRIGAÇÕES A PAGAR,5,
6212000019990020000000000,COMGÁS  -  C/ RESSARCIMENTOS  ,5,
6212000019990060000000000,Telesp  -  c/ Ressarcimentos  ,5,
6212000019990080000000000,SECRETARIA MUNICIPAL DE TRANSPORTES  -  DSV  ,5,
6212000019990110000000000,INSTITUTO DE PREVIDÊNCIA MUNICIPAL DE SÃO PAULO  ,5,
6212000019990160000000000,DIVERSOS,5,
6212000019990190000000000,MULTAS DE TRÂNSITO  ,5,
6212000019990200000000000,Inconsistências de Pagamentos a Fornecedores,5,
6212000019990260000000000,VAL. A REPASS. AO MUTUÁRIO- SINISTRO DANOS FÍSICOS,5,
6212000019990270000000000,Prestações Recebidas - PPG/Sehab,5,
6212000019990310000000000,COHAB - DEVOLUÇÃO DE SALDO CREDOR,5,
6212000019990320000000000,Prestações Recebidas - CDHU,5,
6212000019990330000000000,COHAB - VALORES DO FMH - RESPONSABILIDADE COHAB,5,
6212000019990340000000000,COHAB - VALORES COHAB - RESPONSABILIDADE FMH,5,
6212000019990390000000000,COHAB - RECEBIMENTOS IMOB. A DISCRIMINAR-COHAB,5,
6212000019990410000000000,Prestações Recebidas - PMSP,5,
6212000019990420000000000,Prestações Recebidas - SPDA,5,
6212000019990430000000000,Rendimentos de Aplicações Financeiras de Terceiros - SPDA/RCB,5,
6212000019990440000000000,Rendimentos de Aplicações Financeiras de Terceiros - SEHAB,5,
6212000019990450000000000,Amortizações Extraordinárias SPDA a Repassar,5,
6212000019990460000000000,Rendimentos de Aplicações Financeiras de Terceiros - PMSP/Carteira Cedida,5,
6212000019990500000000000,COHAB - PAGAMENTOS DIVERSOS,5,
6212000019990510000000000,Arrecadação Locação Social,5,
6212000019990520000000000,Inst. Previdência Municipal São Paulo - EC 62/2009,5,
6212000019990530000000000,PAGAMENTOS DEVOLVIDOS - FORNECEDORES,5,
6212000019990540000000000,CONSIGNAÇÕES ASSEPAR A RESTITUIR AOS SERVIDORES,5,
6212000019990550000000000,FED - Aplicações Financeiras - FI,5,
6212000019990560000000000,Suprimento de Fundos a Pagar – Cartão Corporativo,5,
6212000019990570000000000,Cartão Corporativo PTRF- Associações de Pais e Mestres,5,
6212000019990580000000000,Rendimentos de Aplicações Financeiras - Locação Social,5,
6212000019990590000000000,VALORES A REPASSAR IPREM - RESTITUIÇÃO DÉBITO SERVIDORES FOLHA APOSENTADOS,5,
6212000019990990000000000,OUTRAS RETENÇÕES A RECOLHER ,5,
6212000020000000000000000,CREDORES - ENTIDADES E AGENTES  ,5,
6212000021000000000000000,ENTIDADES CREDORAS,5,
6212000021010000000000000,ENTIDADES FEDERAIS,5,
6212000021010010000000000,DESAPROPRIAÇÕES  ,5,
6212000021010050000000000,DEPARTAMENTO NACIONAL DE TELECOMUNICAÇÕES  -  DENTEL  ,5,
6212000021010060000000000,FUNDO NACIONAL DE ARTE  -  FUNARTE  ,5,
6212000021010070000000000,MINISTÉRIO DOS TRANSPORTES - DPTO NACIONAL DE ESTR. DE RODAGEM  ,5,
6212000021010080000000000,DELEGACIA DA RECEITA FEDERAL  ,5,
6212000021010090000000000,FUNDO NACIONAL DE DESENVOLVIMENTO DA EDUCAÇÃO  -  MEC  ,5,
6212000021010100000000000,PETROBRÁS DISTRIBUIDORA S/A  ,5,
6212000021020000000000000,"ESTADOS, DF E MUNICÍPIOS",5,
6212000021020010000000000,SECRETARIA DA FAZENDA - D.R.T. - 1  ,5,
6212000021020020000000000,SEDAC  ,5,
6212000021020030000000000,SABESP  -  RECEBIMENTOS A CLASSIFICAR  ,5,
6212000021020040000000000,SABESP  -  ACERTO DE CONTAS  ,5,
6212000021020050000000000,SABESP -  OBRAS DE ÁGUA E ESGOTO DE EXERCÍCIOS ANTERIORES  ,5,
6212000021020060000000000,SABESP - C/ RESSARCIMENTOS  ,5,
6212000021020070000000000,SECRETARIA DA SEGURANÇA PÚBLICA DO ESTADO DE SÃO PAULO - DETRAN  ,5,
6212000021020080000000000,CUSTAS JUDICIAIS  ,5,
6212000021020090000000000,SABESP  -  RECOLHIMENTOS A MAIOR  ,5,
6212000021020100000000000,INSTITUTO DE PREVIDÊNCIA DO ESTADO DE SÃO PAULO  ,5,
6212000021020110000000000,SECRETARIA DA FAZENDA DO ESTADO DE SÃO PAULO  -  D.E.R.  ,5,
6212000021020120000000000,Secretaria da Fazenda do Estado de São Paulo  -  DETRAN  ,5,
6212000021020130000000000,VARA DA FAZENDA PÚBLICA  ,5,
6212000021020140000000000,PODER JURÍDICO  ,5,
6212000021020150000000000,FERROVIA PAULISTA S/A  -  FEPASA  ,5,
6212000021020170000000000,SECRETARIA DO ESTADO DO MEIO AMBIENTE  -  CETESB  ,5,
6212000021020180000000000,GARE  ,5,
6212000021020240000000000,Inconsistências de Pagamentos a Fornecedores,5,
6212000029000000000000000,OUTROS CREDORES - ENTIDADES E AGENTES  ,5,
6212000029010000000000000,CAIXA ECONÔMICA FEDERAL  ,5,
6212000029020000000000000,BANCO DO BRASIL S/A,5,
6212000029030000000000000,BANCO DO BRASIL S/A  -  PASEP  ,5,
6212000029060000000000000,FMLU,5,
6212000030000000000000000,OUTROS VALORES RESTITUÍVEIS,5,
6212000030010000000000000,Levantamentos Judiciais Pendentes de Reclassificação,5,
6212000030020000000000000,Valores a Restituir/Receber - Depósitos Judiciais/Levantamento - CEF,5,
6212000030030000000000000,AMLURB - FMLU Taxa de Limpeza Pública,5,
6212000030040000000000000,AMLURB - FMLU Subproduto da Limpeza Pública,5,
6212000030050000000000000,AMLURB - FMLU Taxa de Fiscalização dos Serviços de Limpeza Urbana,5,
6212000030060000000000000,AMLURB - FMLU Taxa de Resíduos Sólidos Domiciliares,5,
6212000030070000000000000,AMLURB - FMLU Taxa de Resíduos Sólidos de Serviços de Saúde,5,
6212000030080000000000000,AMLURB - FMLU Outorga Onerosa - Prestação de Serviços de Limpeza Urbana em Regime Público,5,
6212000030090000000000000,AMLURB - FMLU Contratos de Concessão e Permissão dos Serviços de Limpeza Urbana,5,
6212000030100000000000000,AMLURB - FMLU Coleta de Resíduos Sólidos - Saúde,5,
6212000030110000000000000,AMLURB - Divida ativa - FMLU Taxa de Fiscalização dos Serviços de Limpeza Urbana,5,
6212000030120000000000000,AMLURB - Multas e Juros - FMLU Taxa de Fiscalização dos Serviços de Limpeza Urbana,5,
6212000030130000000000000,AMLURB - Multas e Juros da Divida Ativa - FMLU Taxa de Fiscalização dos Serviços de Limpeza Urbana,5,
6212000030140000000000000,AMLURB - Divida ativa - FMLU Taxa de Resíduos Sólidos Domiciliares,5,
6212000030150000000000000,AMLURB - Multas e Juros - FMLU Taxa de Resíduos Sólidos Domiciliares,5,
6212000030160000000000000,AMLURB - Multas e Juros da Divida ativa - FMLU Taxa de Resíduos Sólidos Domiciliares,5,
6212000030170000000000000,AMLURB - Divida Ativa  - FMLU Taxa de Resíduos Sólidos de Serviços de Saúde,5,
6212000030180000000000000,AMLURB - Multas e Juros - FMLU Taxa de Resíduos Sólidos de Serviços de Saúde,5,
6212000030190000000000000,AMLURB - Multas e Juros da Divida Ativa - FMLU Taxa de Resíduos Sólidos de Serviços de Saúde,5,
6212000030200000000000000,AMLURB - FMLU Rendimentos a Repassar,5,
6212000030210000000000000,FECAM - Fundo Especial de Despesas da CMSP,5,
6212000030220000000000000,Valores a Repassar - FECAM,5,
6212000030230000000000000,AMLURB - FMLU - Multas e Juros de Contratos,5,
6220000000000000000000000,PASSIVO NÃO CIRCULANTE ,5,
6228000000000000000000000,DEMAIS OBRIGAÇÕES A LONGO PRAZO,5,
6228000008000000000000000,VALORES RESTITUÍVEIS ,5,
6228000008990000000000000,OUTROS VALORES RESTITUÍVEIS ,5,
6228000008990010000000000,AMLURB - Valores a Regularizar ,5,
7000000000000000000000000,RECEITAS CORRENTES INTRAORÇAMENTÁRIAS,5,
7100000000000000000000000,"IMPOSTOS, TAXAS E CONTRIBUIÇÕES DE MELHORIA",5,
7110000000000000000000000,IMPOSTOS,5,
7111000000000000000000000,IMPOSTOS SOBRE O COMÉRCIO EXTERIOR,5,
7111010000000000000000000,IMPOSTO SOBRE A IMPORTAÇÃO,5,
7111020000000000000000000,IMPOSTO SOBRE A EXPORTAÇÃO,5,
7112000000000000000000000,IMPOSTOS SOBRE O PATRIMÔNIO,5,
7112010000000000000000000,IMPOSTO SOBRE A PROPRIEDADE TERRITORIAL RURAL,5,
7113000000000000000000000,IMPOSTOS SOBRE A RENDA E PROVENTOS DE QUALQUER NATUREZA,5,
7113010000000000000000000,IMPOSTO SOBRE A RENDA DE PESSOA FÍSICA - IRPF,5,
7113020000000000000000000,IMPOSTO SOBRE A RENDA DE PESSOA JURÍDICA - IRPJ - LÍQUIDA DE INCENTIVOS,5,
7113030000000000000000000,IMPOSTO SOBRE A RENDA - RETIDO NA FONTE,5,
7114000000000000000000000,IMPOSTOS SOBRE A PRODUÇÃO,5,
7114010000000000000000000,IMPOSTO SOBRE PRODUTOS INDUSTRIALIZADOS - IPI,5,
7115000000000000000000000,"IMPOSTOS SOBRE OPERAÇÕES DE CRÉDITO, CÂMBIO E SEGURO, OU RELATIVAS A TÍTULOS OU VALORES MOBILIÁRIOS",5,
7115010000000000000000000,IMPOSTO SOBRE OPERAÇÕES FINANCEIRAS - IOF,5,
7118000000000000000000000,IMPOSTOS ESPECÍFICOS DE ESTADOS/DF MUNICÍPIOS,5,
7118010000000000000000000,IMPOSTOS SOBRE O PATRIMÔNIO PARA ESTADOS/DF/MUNICÍPIOS,5,
7118011000000000000000000,IMPOSTO SOBRE A PROPRIEDADE PREDIAL E TERRITORIAL URBANA,5,
7118011100000000000000000,IMPOSTO SOBRE A PROPRIEDADE PREDIAL E TERRITORIAL URBANA - PRINCIPAL,5,
7118011101000000000000000,IMPOSTO SOBRE A PROPRIEDADE PREDIAL E TERRITORIAL URBANA - PRINCIPAL,5,
7118011101000000001100000,IMPOSTO SOBRE A PROPRIEDADE PREDIAL E TERRITORIAL URBANA - PRINCIPAL,5,
7118011101000000001101000,Imposto sobre a Propriedade Predial e Territorial Urbana - Principal,5,
7118011200000000000000000,IMPOSTO SOBRE A PROPRIEDADE PREDIAL E TERRITORIAL URBANA - MULTAS E JUROS,5,
7118011201000000000000000,IMPOSTO SOBRE A PROPRIEDADE PREDIAL E TERRITORIAL URBANA - MULTAS E JUROS,5,
7118011201000000001100000,IMPOSTO SOBRE A PROPRIEDADE PREDIAL E TERRITORIAL URBANA - MULTAS E JUROS,5,
7118011201000000001101000,Imposto sobre a Propriedade Predial e Territorial Urbana - Multas e Juros,5,
7118011300000000000000000,IMPOSTO SOBRE A PROPRIEDADE PREDIAL E TERRITORIAL URBANA - DÍVIDA ATIVA,5,
7118011301000000000000000,IMPOSTO SOBRE A PROPRIEDADE PREDIAL E TERRITORIAL URBANA - DÍVIDA ATIVA,5,
7118011301000000001100000,IMPOSTO SOBRE A PROPRIEDADE PREDIAL E TERRITORIAL URBANA - DÍVIDA ATIVA,5,
7118011301000000001101000,Imposto sobre a Propriedade Predial e Territorial Urbana - Dívida Ativa,5,
7118011400000000000000000,IMPOSTO SOBRE A PROPRIEDADE PREDIAL E TERRITORIAL URBANA - DÍVIDA ATIVA - MULTAS E JUROS,5,
7118011401000000000000000,IMPOSTO SOBRE A PROPRIEDADE PREDIAL E TERRITORIAL URBANA - DÍVIDA ATIVA - MULTAS E JUROS,5,
7118011401000000001100000,IMPOSTO SOBRE A PROPRIEDADE PREDIAL E TERRITORIAL URBANA - DÍVIDA ATIVA - MULTAS E JUROS,5,
7118011401000000001101000,Imposto sobre a Propriedade Predial e Territorial Urbana - Dívida Ativa - Multas e Juros,5,
7118020000000000000000000,"IMPOSTOS SOBRE A PRODUÇÃO, CIRCULAÇÃO DE MERCADORIAS E SERVIÇOS",5,
7118023000000000000000000,IMPOSTO SOBRE SERVIÇOS DE QUALQUER NATUREZA,5,
7118023100000000000000000,IMPOSTO SOBRE SERVIÇOS DE QUALQUER NATUREZA - PRINCIPAL,5,
7118023101000000000000000,IMPOSTO SOBRE SERVIÇOS DE QUALQUER NATUREZA - PRINCIPAL,5,
7118023101000000001100000,IMPOSTO SOBRE SERVIÇOS DE QUALQUER NATUREZA - PRINCIPAL,5,
7118023101000000001101000,Imposto sobre Serviços de Qualquer Natureza - Principal,5,
7118023200000000000000000,IMPOSTO SOBRE SERVIÇOS DE QUALQUER NATUREZA - MULTAS E JUROS,5,
7118023201000000000000000,IMPOSTO SOBRE SERVIÇOS DE QUALQUER NATUREZA - MULTAS E JUROS,5,
7118023201000000001100000,IMPOSTO SOBRE SERVIÇOS DE QUALQUER NATUREZA - MULTAS E JUROS,5,
7118023201000000001101000,Imposto sobre Serviços de Qualquer Natureza - Multas e Juros,5,
7118023300000000000000000,IMPOSTO SOBRE SERVIÇOS DE QUALQUER NATUREZA - DÍVIDA ATIVA,5,
7118023301000000000000000,IMPOSTO SOBRE SERVIÇOS DE QUALQUER NATUREZA - DÍVIDA ATIVA,5,
7118023301000000001100000,IMPOSTO SOBRE SERVIÇOS DE QUALQUER NATUREZA - DÍVIDA ATIVA,5,
7118023301000000001101000,Imposto sobre Serviços de Qualquer Natureza - Dívida Ativa,5,
7118023400000000000000000,IMPOSTO SOBRE SERVIÇOS DE QUALQUER NATUREZA - DÍVIDA ATIVA - MULTAS E JUROS,5,
7118023401000000000000000,IMPOSTO SOBRE SERVIÇOS DE QUALQUER NATUREZA - DÍVIDA ATIVA - MULTAS E JUROS,5,
7118023401000000001100000,IMPOSTO SOBRE SERVIÇOS DE QUALQUER NATUREZA - DÍVIDA ATIVA - MULTAS E JUROS,5,
7118023401000000001101000,Imposto sobre Serviços de Qualquer Natureza - Dívida Ativa - Multas e Juros,5,
7119000000000000000000000,OUTROS IMPOSTOS,5,
7119010000000000000000000,OUTROS IMPOSTOS,5,
7120000000000000000000000,TAXAS,5,
7121000000000000000000000,TAXAS PELO EXERCÍCIO DO PODER DE POLÍCIA,5,
7121010000000000000000000,"TAXAS DE INSPEÇÃO, CONTROLE E FISCALIZAÇÃO",5,
7121011000000000000000000,"TAXAS DE INSPEÇÃO, CONTROLE E FISCALIZAÇÃO",5,
7121011100000000000000000,"TAXAS DE INSPEÇÃO, CONTROLE E FISCALIZAÇÃO - PRINCIPAL",5,
7121011101000000000000000,"TAXA DE LICENÇA P/ LOCALIZAÇÃO, INSTALAÇÃO E FUNCIONAMENTO",5,
7121011101000000001100000,"TAXA DE LICENÇA P/ LOCALIZAÇÃO, INSTALAÇÃO E FUNCIONAMENTO",5,
7121011101000000001101000,"Taxa de Licença p/ Localização, Instalação e Funcionamento",5,
7121011102000000000000000,TAXA DE VISTORIA DE NORMAS DE SEGURANÇA,5,
7121011102000000001100000,TAXA DE VISTORIA DE NORMAS DE SEGURANÇA,5,
7121011102000000001101000,Taxa de Vistoria de Normas de Segurança,5,
7121011103000000000000000,TAXA DE FISCALIZAÇÃO DE ESTABELECIMENTOS - TFE,5,
7121011103000000001100000,TAXA DE FISCALIZAÇÃO DE ESTABELECIMENTOS - TFE,5,
7121011103000000001101000,Taxa de Fiscalização de Estabelecimentos - TFE,5,
7121011104000000000000000,TAXA DE FISCALIZAÇÃO DE ANÚNCIOS - TFA,5,
7121011104000000001100000,TAXA DE FISCALIZAÇÃO DE ANÚNCIOS - TFA,5,
7121011104000000001101000,Taxa de Fiscalização de Anúncios - TFA,5,
7121011105000000000000000,TAXA P/ EXAME E VERIFICAÇÃO DE  PROJETOS E CONSTRUÇÕES,5,
7121011105000000001100000,TAXA P/ EXAME E VERIFICAÇÃO DE  PROJETOS E CONSTRUÇÕES,5,
7121011105000000001101000,Taxa p/ Exame e Verificação de  Projetos e Construções,5,
7121011106000000000000000,TAXA DE VISTORIA DE APARELHOS DE TRANSPORTE VERTICAL E HORIZONTAL,5,
7121011106000000001100000,TAXA DE VISTORIA DE APARELHOS DE TRANSPORTE VERTICAL E HORIZONTAL,5,
7121011106000000001101000,Taxa de Vistoria de Aparelhos de Transporte Vertical e Horizontal,5,
7121011108000000000000000,TAXA DE LICENÇA P/ ARRUAMENTOS E LOTEAMENTOS,5,
7121011108000000001100000,TAXA DE LICENÇA P/ ARRUAMENTOS E LOTEAMENTOS,5,
7121011108000000001101000,Taxa de Licença p/ Arruamentos e Loteamentos,5,
7121011109000000000000000,TAXA DE FISCALIZAÇÃO DOS SERVIÇOS DE LIMPEZA URBANA - FISLURB,5,
7121011109000000001100000,TAXA DE FISCALIZAÇÃO DOS SERVIÇOS DE LIMPEZA URBANA - FISLURB,5,
7121011109000000001101000,Taxa de Fiscalização dos Serviços de Limpeza Urbana - FISLURB,5,
7121011200000000000000000,"TAXAS DE INSPEÇÃO, CONTROLE E FISCALIZAÇÃO - MULTAS E JUROS",5,
7121011201000000000000000,"TAXA DE LICENÇA P/ LOCALIZAÇÃO, INSTALAÇÃO E FUNCIONAMENTO - MULTAS E JUROS
",5,
7121011201000000001100000,"TAXA DE LICENÇA P/ LOCALIZAÇÃO, INSTALAÇÃO E FUNCIONAMENTO - MULTAS E JUROS",5,
7121011201000000001101000,"Taxa de Licença p/ Localização, Instalação e Funcionamento - Multas e Juros
",5,
7121011202000000000000000,TAXA DE VISTORIA DE NORMAS DE SEGURANÇA - MULTAS E JUROS,5,
7121011202000000001100000,TAXA DE VISTORIA DE NORMAS DE SEGURANÇA - MULTAS E JUROS,5,
7121011202000000001101000,Taxa de Vistoria de Normas de Segurança - Multas e Juros,5,
7121011203000000000000000,TAXA DE FISCALIZAÇÃO DE ESTABELECIMENTOS - TFE - MULTAS E JUROS,5,
7121011203000000001100000,TAXA DE FISCALIZAÇÃO DE ESTABELECIMENTOS - TFE - MULTAS E JUROS,5,
7121011203000000001101000,Taxa de Fiscalização de Estabelecimentos - TFE - Multas e Juros,5,
7121011204000000000000000,TAXA DE FISCALIZAÇÃO DE ANÚNCIOS - TFA - MULTAS E JUROS,5,
7121011204000000001100000,TAXA DE FISCALIZAÇÃO DE ANÚNCIOS - TFA - MULTAS E JUROS,5,
7121011204000000001101000,Taxa de Fiscalização de Anúncios - TFA - Multas e Juros,5,
7121011205000000000000000,TAXA P/ EXAME E VERIFICAÇÃO DE  PROJETOS E CONSTRUÇÕES - MULTA E JUROS,5,
7121011205000000001100000,TAXA P/ EXAME E VERIFICAÇÃO DE  PROJETOS E CONSTRUÇÕES - MULTA E JUROS,5,
7121011205000000001101000,Taxa p/ Exame e Verificação de  Projetos e Construções - Multas e Juros,5,
7121011206000000000000000,"TAXA DE VISTORIA DE APARELHOS DE TRANSPORTE VERTICAL E HORIZONTAL - MULTAS E JUROS
",5,
7121011206000000001100000,TAXA DE VISTORIA DE APARELHOS DE TRANSPORTE VERTICAL E HORIZONTAL - MULTAS E JUROS,5,
7121011206000000001101000,Taxa de Vistoria de Aparelhos de Transporte Vertical e Horizontal - Multas e Juros,5,
7121011208000000000000000,TAXA DE LICENÇA P/ ARRUAMENTOS E LOTEAMENTOS - MULTAS E JUROS,5,
7121011208000000001100000,TAXA DE LICENÇA P/ ARRUAMENTOS E LOTEAMENTOS - MULTAS E JUROS,5,
7121011208000000001101000,Taxa de Licença p/ Arruamentos e Loteamentos - Multas e Juros,5,
7121011209000000000000000,TAXA DE FISCALIZAÇÃO DOS SERVIÇOS DE LIMPEZA URBANA - FISLURB - MULTAS E JUROS,5,
7121011209000000001100000,"TAXA DE FISCALIZAÇÃO DOS SERVIÇOS DE LIMPEZA URBANA - FISLURB - MULTAS E JUROS
",5,
7121011209000000001101000,Taxa de Fiscalização dos Serviços de Limpeza Urbana - FISLURB - Multas e Juros,5,
7121011300000000000000000,"TAXAS DE INSPEÇÃO, CONTROLE E FISCALIZAÇÃO - DÍVIDA ATIVA",5,
7121011301000000000000000,"TAXA DE LICENÇA P/ LOCALIZAÇÃO, INSTALAÇÃO E FUNCIONAMENTO - DÍVIDA ATIVA",5,
7121011301000000001100000,"TAXA DE LICENÇA P/ LOCALIZAÇÃO, INSTALAÇÃO E FUNCIONAMENTO - DÍVIDA ATIVA",5,
7121011301000000001101000,"Taxa de Licença p/ Localização, Instalação e Funcionamento - Dívida Ativa
",5,
7121011303000000000000000,"TAXA DE FISCALIZAÇÃO DE ESTABELECIMENTOS - TFE - DÍVIDA ATIVA


",5,
7121011303000000001100000,"TAXA DE FISCALIZAÇÃO DE ESTABELECIMENTOS - TFE - DÍVIDA ATIVA
",5,
7121011303000000001101000,"Taxa de Fiscalização de Estabelecimentos - TFE - Dívida Ativa
",5,
7121011304000000000000000,"TAXA DE FISCALIZAÇÃO DE ANÚNCIOS - TFA - DÍVIDA ATIVA

",5,
7121011304000000001100000,TAXA DE FISCALIZAÇÃO DE ANÚNCIOS - TFA - DÍVIDA ATIVA,5,
7121011304000000001101000,"Taxa de Fiscalização de Anúncios - TFA - Dívida Ativa

",5,
7121011305000000000000000,TAXA P/ EXAME E VERIFICAÇÃO DE  PROJETOS E CONSTRUÇÕES - DÍVIDA ATIVA,5,
7121011305000000001100000,TAXA P/ EXAME E VERIFICAÇÃO DE  PROJETOS E CONSTRUÇÕES - DÍVIDA ATIVA,5,
7121011305000000001101000,"Taxa p/ Exame e Verificação de  Projetos e Construções - Dívida Ativa
",5,
7121011306000000000000000,TAXA DE VISTORIA DE APARELHOS DE TRANSPORTE VERTICAL E HORIZONTAL - DÍVIDA ATIVA,5,
7121011306000000001100000,TAXA DE VISTORIA DE APARELHOS DE TRANSPORTE VERTICAL E HORIZONTAL - DÍVIDA ATIVA,5,
7121011306000000001101000,Taxa de Vistoria de Aparelhos de Transporte Vertical e Horizontal - Dívida Ativa,5,
7121011309000000000000000,TAXA DE FISCALIZAÇÃO DOS SERVIÇOS DE LIMPEZA URBANA - FISLURB - DÍVIDA ATIVA,5,
7121011309000000001100000,TAXA DE FISCALIZAÇÃO DOS SERVIÇOS DE LIMPEZA URBANA - FISLURB - DÍVIDA ATIVA,5,
7121011309000000001101000,Taxa de Fiscalização dos Serviços de Limpeza Urbana - FISLURB - Dívida Ativa,5,
7121011400000000000000000,"TAXAS DE INSPEÇÃO, CONTROLE E FISCALIZAÇÃO - DÍVIDA ATIVA - MULTAS E JUROS",5,
7121011401000000000000000,"TAXA DE LICENÇA P/ LOCALIZAÇÃO, INSTALAÇÃO E FUNCIONAMENTO - DÍVIDA ATIVA - MULTAS E JUROS",5,
7121011401000000001100000,"TAXA DE LICENÇA P/ LOCALIZAÇÃO, INSTALAÇÃO E FUNCIONAMENTO - DÍVIDA ATIVA - MULTAS E JUROS",5,
7121011401000000001101000,"Taxa de Licença p/ Localização, Instalação e Funcionamento - Dívida Ativa - Multas e Juros
",5,
7121011403000000000000000,TAXA DE FISCALIZAÇÃO DE ESTABELECIMENTOS - TFE - DÍVIDA ATIVA - MULTAS E JUROS,5,
7121011403000000001100000,"TAXA DE FISCALIZAÇÃO DE ESTABELECIMENTOS - TFE - DÍVIDA ATIVA - MULTAS E JUROS
",5,
7121011403000000001101000,Taxa de Fiscalização de Estabelecimentos - TFE - Dívida Ativa - Multas e Juros,5,
7121011404000000000000000,"TAXA DE FISCALIZAÇÃO DE ANÚNCIOS - TFA - DÍVIDA ATIVA - MULTAS E JUROS
",5,
7121011404000000001100000,TAXA DE FISCALIZAÇÃO DE ANÚNCIOS - TFA - DÍVIDA ATIVA - MULTAS E JUROS,5,
7121011404000000001101000,Taxa de Fiscalização de Anúncios - TFA - Dívida Ativa - Multas e Juros,5,
7121011405000000000000000,TAXA P/ EXAME E VERIFICAÇÃO DE  PROJETOS E CONSTRUÇÕES - DÍVIDA ATIVA - MULTAS E JUROS,5,
7121011405000000001100000,"TAXA P/ EXAME E VERIFICAÇÃO DE  PROJETOS E CONSTRUÇÕES - DÍVIDA ATIVA - MULTAS E JUROS
",5,
7121011405000000001101000,"Taxa p/ Exame e Verificação de  Projetos e Construções - Dívida Ativa - Multas e Juros
",5,
7121011406000000000000000,TAXA DE VISTORIA DE APARELHOS DE TRANSPORTE VERTICAL E HORIZONTAL - DÍVIDA ATIVA - MULTAS E JUROS,5,
7121011406000000001100000,TAXA DE VISTORIA DE APARELHOS DE TRANSPORTE VERTICAL E HORIZONTAL - DÍVIDA ATIVA - MULTAS E JUROS,5,
7121011406000000001101000,Taxa de Vistoria de Aparelhos de Transporte Vertical e Horizontal - Dívida Ativa - Multas e Juros,5,
7121011409000000000000000,TAXA DE FISCALIZAÇÃO DOS SERVIÇOS DE LIMPEZA URBANA - FISLURB - DÍVIDA ATIVA - MULTAS E JUROS,5,
7121011409000000001100000,TAXA DE FISCALIZAÇÃO DOS SERVIÇOS DE LIMPEZA URBANA - FISLURB - DÍVIDA ATIVA - MULTAS E JUROS,5,
7121011409000000001101000,Taxa de Fiscalização dos Serviços de Limpeza Urbana - FISLURB - Dívida Ativa - Multas e Juros,5,
7121020000000000000000000,TAXAS DE FISCALIZAÇÃO DAS TELECOMUNICAÇÕES,5,
7121030000000000000000000,TAXA DE CONTROLE E FISCALIZAÇÃO DE PRODUTOS QUÍMICOS,5,
7121040000000000000000000,TAXA DE CONTROLE E FISCALIZAÇÃO AMBIENTAL,5,
7121050000000000000000000,TAXA DE CONTROLE E FISCALIZAÇÃO DA PESCA E AQUICULTURA,5,
7122000000000000000000000,TAXAS PELA PRESTAÇÃO DE SERVIÇOS,5,
7122010000000000000000000,TAXAS PELA PRESTAÇÃO DE SERVIÇOS,5,
7122011000000000000000000,TAXAS PELA PRESTAÇÃO DE SERVIÇOS,5,
7122011100000000000000000,TAXAS PELA PRESTAÇÃO DE SERVIÇOS - PRINCIPAL,5,
7122011101000000000000000,TAXA DE CONSERVAÇÃO DE VIAS E LOGRADOUROS PÚBLICOS,5,
7122011101000000001100000,TAXA DE CONSERVAÇÃO DE VIAS E LOGRADOUROS PÚBLICOS,5,
7122011101000000001101000,Taxa de Conservação de Vias e Logradouros Públicos,5,
7122011102000000000000000,TAXA DE ESTUDOS P/ FIXAÇÃO DE DIRETRIZES,5,
7122011102000000001100000,TAXA DE ESTUDOS P/ FIXAÇÃO DE DIRETRIZES,5,
7122011102000000001101000,Taxa de Estudos p/ Fixação de Diretrizes,5,
7122011103000000000000000,TAXA DE COMBATE A SINISTROS,5,
7122011103000000001100000,TAXA DE COMBATE A SINISTROS,5,
7122011103000000001101000,Taxa de Combate a Sinistros,5,
7122011104000000000000000,TAXA DE LIMPEZA PÚBLICA,5,
7122011104000000001100000,TAXA DE LIMPEZA PÚBLICA,5,
7122011104000000001101000,Taxa de Limpeza Pública,5,
7122011105000000000000000,TAXA DE RESÍDUOS SÓLIDOS DOMICILIARES - TRSD,5,
7122011105000000001100000,TAXA DE RESÍDUOS SÓLIDOS DOMICILIARES - TRSD,5,
7122011105000000001101000,Taxa de Resíduos Sólidos Domiciliares - TRSD,5,
7122011106000000000000000,TAXA DE RESÍDUOS SÓLIDOS DE SERVIÇOS DE SAÚDE - TRSS,5,
7122011106000000001100000,TAXA DE RESÍDUOS SÓLIDOS DE SERVIÇOS DE SAÚDE - TRSS,5,
7122011106000000001101000,Taxa de Resíduos Sólidos de Serviços de Saúde - TRSS,5,
7122011200000000000000000,TAXAS PELA PRESTAÇÃO DE SERVIÇOS - MULTAS E JUROS,5,
7122011201000000000000000,TAXA DE CONSERVAÇÃO DE VIAS E LOGRADOUROS PÚBLICOS - MULTAS E JUROS,5,
7122011201000000001100000,TAXA DE CONSERVAÇÃO DE VIAS E LOGRADOUROS PÚBLICOS - MULTAS E JUROS,5,
7122011201000000001101000,Taxa de Conservação de Vias e Logradouros Públicos - Multas e Juros,5,
7122011202000000000000000,TAXA DE ESTUDOS P/ FIXAÇÃO DE DIRETRIZES - MULTAS E JUROS,5,
7122011202000000001100000,TAXA DE ESTUDOS P/ FIXAÇÃO DE DIRETRIZES - MULTAS E JUROS,5,
7122011202000000001101000,Taxa de Estudos p/ Fixação de Diretrizes - Multas e Juros,5,
7122011203000000000000000,TAXA DE COMBATE A SINISTROS - MULTAS E JUROS,5,
7122011203000000001100000,TAXA DE COMBATE A SINISTROS - MULTAS E JUROS,5,
7122011203000000001101000,Taxa de Combate a Sinistros - Multas e Juros,5,
7122011204000000000000000,TAXA DE LIMPEZA PÚBLICA - MULTAS E JUROS,5,
7122011204000000001100000,TAXA DE LIMPEZA PÚBLICA - MULTAS E JUROS,5,
7122011204000000001101000,Taxa de Limpeza Pública - Multas e Juros,5,
7122011205000000000000000,TAXA DE RESÍDUOS SÓLIDOS DOMICILIARES - TRSD - MULTAS E JUROS,5,
7122011205000000001100000,TAXA DE RESÍDUOS SÓLIDOS DOMICILIARES - TRSD - MULTAS E JUROS,5,
7122011205000000001101000,Taxa de Resíduos Sólidos Domiciliares - TRSD - Multas e Juros,5,
7122011206000000000000000,TAXA DE RESÍDUOS SÓLIDOS DE SERVIÇOS DE SAÚDE - TRSS - MULTAS E JUROS,5,
7122011206000000001100000,TAXA DE RESÍDUOS SÓLIDOS DE SERVIÇOS DE SAÚDE - TRSS - MULTAS E JUROS,5,
7122011206000000001101000,Taxa de Resíduos Sólidos de Serviços de Saúde - TRSS - Multas e Juros,5,
7122011300000000000000000,"TAXAS PELA PRESTAÇÃO DE SERVIÇOS - DÍVIDA ATIVA
",5,
7122011303000000000000000,"TAXA DE COMBATE A SINISTROS - DÍVIDA ATIVA

",5,
7122011303000000001100000,TAXA DE COMBATE A SINISTROS - DÍVIDA ATIVA,5,
7122011303000000001101000,"Taxa de Combate a Sinistros - Dívida Ativa
",5,
7122011305000000000000000,TAXA DE RESÍDUOS SÓLIDOS DOMICILIARES - TRSD - DÍVIDA ATIVA,5,
7122011305000000001100000,TAXA DE RESÍDUOS SÓLIDOS DOMICILIARES - TRSD - DÍVIDA ATIVA,5,
7122011305000000001101000,Taxa de Resíduos Sólidos Domiciliares - TRSD - Dívida Ativa,5,
7122011306000000000000000,TAXA DE RESÍDUOS SÓLIDOS DE SERVIÇOS DE SAÚDE - TRSS - DÍVIDA ATIVA,5,
7122011306000000001100000,TAXA DE RESÍDUOS SÓLIDOS DE SERVIÇOS DE SAÚDE - TRSS - DÍVIDA ATIVA,5,
7122011306000000001101000,Taxa de Resíduos Sólidos de Serviços de Saúde - TRSS - Dívida Ativa,5,
7122011400000000000000000,"TAXAS PELA PRESTAÇÃO DE SERVIÇOS - DÍVIDA ATIVA - MULTAS E JUROS
",5,
7122011403000000000000000,TAXA DE COMBATE A SINISTROS - DÍVIDA ATIVA - MULTAS E JUROS,5,
7122011403000000001100000,TAXA DE COMBATE A SINISTROS - DÍVIDA ATIVA - MULTAS E JUROS,5,
7122011403000000001101000,"Taxa de Combate a Sinistros - Dívida Ativa - Multas e Juros
",5,
7122011405000000000000000,TAXA DE RESÍDUOS SÓLIDOS DOMICILIARES - TRSD - DÍVIDA ATIVA - MULTAS E JUROS,5,
7122011405000000001100000,TAXA DE RESÍDUOS SÓLIDOS DOMICILIARES - TRSD - DÍVIDA ATIVA - MULTAS E JUROS,5,
7122011405000000001101000,Taxa de Resíduos Sólidos Domiciliares - TRSD - Dívida Ativa - Multas e Juros,5,
7122011406000000000000000,TAXA DE RESÍDUOS SÓLIDOS DE SERVIÇOS DE SAÚDE - TRSS - DÍVIDA ATIVA - MULTAS E JUROS,5,
7122011406000000001100000,TAXA DE RESÍDUOS SÓLIDOS DE SERVIÇOS DE SAÚDE - TRSS - DÍVIDA ATIVA - MULTAS E JUROS,5,
7122011406000000001101000,Taxa de Resíduos Sólidos de Serviços de Saúde - TRSS - Dívida Ativa - Multas e Juros,5,
7122020000000000000000000,EMOLUMENTOS E CUSTAS JUDICIAIS,5,
7130000000000000000000000,CONTRIBUIÇÃO DE MELHORIA,5,
7130001000000000000000000,CONTRIBUIÇÃO DE MELHORIA,5,
7138000000000000000000000,CONTRIBUIÇÃO DE MELHORIA - ESPECÍFICA E/M,5,
7138010000000000000000000,CONTRIBUIÇÃO DE MELHORIA PARA EXPANSÃO DA REDE DE ÁGUA POTÁVEL E ESGOTO SANITÁRIO,5,
7138020000000000000000000,CONTRIBUIÇÃO DE MELHORIA PARA EXPANSÃO DA REDE DE ILUMINAÇÃO PÚBLICA NA CIDADE,5,
7138030000000000000000000,CONTRIBUIÇÃO DE MELHORIA PARA EXPANSÃO DE REDE DE ILUMINAÇÃO PÚBLICA RURAL,5,
7138040000000000000000000,CONTRIBUIÇÃO DE MELHORIA PARA PAVIMENTAÇÃO E OBRAS COMPLEMENTARES,5,
7138041000000000000000000,CONTRIBUIÇÃO DE MELHORIA PARA PAVIMENTAÇÃO E OBRAS COMPLEMENTARES,5,
7138041100000000000000000,CONTRIBUIÇÃO DE MELHORIA PARA PAVIMENTAÇÃO E OBRAS COMPLEMENTARES - PRINCIPAL,5,
7138041101000000000000000,CONTRIBUIÇÃO DE MELHORIA PARA PAVIMENTAÇÃO E OBRAS COMPLEMENTARES - PRINCIPAL,5,
7138041101000000001100000,CONTRIBUIÇÃO DE MELHORIA PARA PAVIMENTAÇÃO E OBRAS COMPLEMENTARES - PRINCIPAL,5,
7138041101000000001101000,Contribuição de Melhoria para Pavimentação e Obras Complementares - Principal,5,
7138041200000000000000000,"CONTRIBUIÇÃO DE MELHORIA PARA PAVIMENTAÇÃO E OBRAS COMPLEMENTARES - MULTAS E JUROS
",5,
7138041201000000000000000,CONTRIBUIÇÃO DE MELHORIA PARA PAVIMENTAÇÃO E OBRAS COMPLEMENTARES - MULTAS E JUROS,5,
7138041201000000001100000,CONTRIBUIÇÃO DE MELHORIA PARA PAVIMENTAÇÃO E OBRAS COMPLEMENTARES - MULTAS E JUROS,5,
7138041201000000001101000,Contribuição de Melhoria para Pavimentação e Obras Complementares - Multas e Juros,5,
7138041300000000000000000,CONTRIBUIÇÃO DE MELHORIA PARA PAVIMENTAÇÃO E OBRAS COMPLEMENTARES - DÍVIDA ATIVA,5,
7138041301000000000000000,CONTRIBUIÇÃO DE MELHORIA PARA PAVIMENTAÇÃO E OBRAS COMPLEMENTARES  - DÍVIDA ATIVA,5,
7138041301000000001100000,CONTRIBUIÇÃO DE MELHORIA PARA PAVIMENTAÇÃO E OBRAS COMPLEMENTARES  - DÍVIDA ATIVA,5,
7138041301000000001101000,Contribuição de Melhoria para Pavimentação e Obras Complementares - Dívida Ativa,5,
7138041400000000000000000,"CONTRIBUIÇÃO DE MELHORIA PARA PAVIMENTAÇÃO E OBRAS COMPLEMENTARES - DÍVIDA ATIVA - MULTAS E JUROS
",5,
7138041401000000000000000,CONTRIBUIÇÃO DE MELHORIA PARA PAVIMENTAÇÃO E OBRAS COMPLEMENTARES - DÍVIDA ATIVA - MULTAS E JUROS,5,
7138041401000000001100000,CONTRIBUIÇÃO DE MELHORIA PARA PAVIMENTAÇÃO E OBRAS COMPLEMENTARES - DÍVIDA ATIVA - MULTAS E JUROS,5,
7138041401000000001101000,Contribuição de Melhoria para Pavimentação e Obras Complementares - Dívida Ativa - Multas e Juros,5,
7138990000000000000000000,OUTRAS CONTRIBUIÇÕES DE MELHORIA,5,
7200000000000000000000000,CONTRIBUIÇÕES INTRAORÇAMENTÁRIAS,5,
7210000000000000000000000,CONTRIBUIÇÕES SOCIAIS,5,
7210010000000000000000000,CONTRIBUIÇÃO PARA O FINANCIAMENTO DA SEGURIDADE SOCIAL - COFINS,5,
7210020000000000000000000,CONTRIBUIÇÃO SOCIAL SOBRE O LUCRO LÍQUIDO - CSLL,5,
7210030000000000000000000,CONTRIBUIÇÕES PARA O REGIME GERAL DE PREVIDÊNCIA SOCIAL - RGPS,5,
7210040000000000000000000,CONTRIBUIÇÃO PARA O REGIME PRÓPRIO DE PREVIDÊNCIA SOCIAL - RPPS,5,
7210041000000000000000000,CONTRIBUIÇÃO PATRONAL DE SERVIDOR ATIVO CIVIL PARA O RPPS,5,
7210041100000000000000000,CONTRIBUIÇÃO PATRONAL DE SERVIDOR ATIVO CIVIL PARA O RPPS - PRINCIPAL,5,
7210041101000000000000000,CONTRIBUIÇÃO PATRONAL DE SERVIDOR CIVIL ATIVO PARA O RPPS - PMSP,5,
7210041101000000001100000,CONTRIBUIÇÃO PATRONAL DE SERVIDOR CIVIL ATIVO PARA O RPPS - PMSP,5,
7210041101000000001101000,Receita de Contribuição Patronal - PMSP,5,
7210041101000000001109000,TOTAL DEDUÇÕES  RECEITA DE CONTRIBUIÇÃO PATRONAL - PMSP,5,
7210041101000000001109001,Deduções Receita de Contribuição Patronal - PMSP,5,
7210041102000000000000000,CONTRIBUIÇÃO PATRONAL DE SERVIDOR CIVIL ATIVO PARA O RPPS - IPREM,5,
7210041102000000001100000,CONTRIBUIÇÃO PATRONAL DE SERVIDOR CIVIL ATIVO PARA O RPPS - IPREM,5,
7210041102000000001101000,Contribuição Patronal de Servidor Civil Ativo para o RPPS - IPREM,5,
7210041102000000001109000,TOTAL DEDUÇÕES  CONTRIBUIÇÃO PATRONAL DE SERVIDOR CIVIL ATIVO PARA O RPPS - IPREM,5,
7210041102000000001109001,Deduções Contribuição Patronal de Servidor Civil Ativo para o RPPS - IPREM,5,
7210041103000000000000000,CONTRIBUIÇÃO PATRONAL DE SERVIDOR CIVIL ATIVO PARA O RPPS - SFMSP,5,
7210041103000000001100000,CONTRIBUIÇÃO PATRONAL DE SERVIDOR CIVIL ATIVO PARA O RPPS - SFMSP,5,
7210041103000000001101000,Contribuição Patronal de Servidor Civil Ativo para o RPPS - SFMSP,5,
7210041103000000001109000,TOTAL DEDUÇÕES  CONTRIBUIÇÃO PATRONAL DE SERVIDOR CIVIL ATIVO PARA O RPPS - SFMSP,5,
7210041103000000001109001,Deduções Contribuição Patronal de Servidor Civil Ativo para o RPPS - SFMSP,5,
7210041104000000000000000,CONTRIBUIÇÃO PATRONAL DE SERVIDOR CIVIL ATIVO PARA O RPPS - HSPM,5,
7210041104000000001100000,CONTRIBUIÇÃO PATRONAL DE SERVIDOR CIVIL ATIVO PARA O RPPS - HSPM,5,
7210041104000000001101000,Contribuição Patronal de Servidor Civil Ativo para o RPPS - HSPM,5,
7210041104000000001109000,TOTAL DEDUÇÕES  CONTRIBUIÇÃO PATRONAL DE SERVIDOR CIVIL ATIVO PARA O RPPS - HSPM,5,
7210041104000000001109001,Deduções Contribuição Patronal de Servidor Civil Ativo para o RPPS - HSPM,5,
7210041105000000000000000,CONTRIBUIÇÃO PATRONAL DE SERVIDOR CIVIL ATIVO PARA O RPPS - TCMSP,5,
7210041105000000001100000,CONTRIBUIÇÃO PATRONAL DE SERVIDOR CIVIL ATIVO PARA O RPPS - TCMSP,5,
7210041105000000001101000,Contribuição Patronal de Servidor Civil Ativo para o RPPS - TCMSP,5,
7210041105000000001109000,TOTAL DEDUÇÕES  CONTRIBUIÇÃO PATRONAL DE SERVIDOR CIVIL ATIVO PARA O RPPS - TCMSP,5,
7210041105000000001109001,Deduções Contribuição Patronal de Servidor Civil Ativo para o RPPS - TCMSP,5,
7210041106000000000000000,CONTRIBUIÇÃO PATRONAL DE SERVIDOR CIVIL ATIVO PARA O RPPS - CMSP,5,
7210041106000000001100000,CONTRIBUIÇÃO PATRONAL DE SERVIDOR CIVIL ATIVO PARA O RPPS - CMSP,5,
7210041106000000001101000,Contribuição Patronal de Servidor Civil Ativo para o RPPS - CMSP,5,
7210041106000000001109000,TOTAL DEDUÇÕES  CONTRIBUIÇÃO PATRONAL DE SERVIDOR CIVIL ATIVO PARA O RPPS - CMSP,5,
7210041106000000001109001,Deduções Contribuição Patronal de Servidor Civil Ativo para o RPPS - CMSP,5,
7210041107000000000000000,CONTRIBUIÇÃO PATRONAL DE SERVIDOR CIVIL ATIVO PARA O RPPS - AUTARQUIAS HOSPITALARES,5,
7210041107000000001100000,CONTRIBUIÇÃO PATRONAL DE SERVIDOR CIVIL ATIVO PARA O RPPS - AUTARQUIAS HOSPITALARES,5,
7210041107000000001101000,Contribuição Patronal de Servidor Civil Ativo para o RPPS - AUTARQUIAS HOSPITALARES,5,
7210041107000000001109000,TOTAL DEDUÇÕES  CONTRIBUIÇÃO PATRONAL DE SERVIDOR CIVIL ATIVO PARA O RPPS - AUTARQUIAS HOSPITALARES,5,
7210041107000000001109001,Deduções Contribuição Patronal de Servidor Civil Ativo para o RPPS - AUTARQUIAS HOSPITALARES,5,
7210041108000000000000000,CONTRIBUIÇÃO PATRONAL DE SERVIDOR CIVIL ATIVO PARA O RPPS - AMLURB,5,
7210041108000000001100000,CONTRIBUIÇÃO PATRONAL DE SERVIDOR CIVIL ATIVO PARA O RPPS - AMLURB,5,
7210041108000000001101000,Contribuição Patronal de Servidor Civil Ativo para o RPPS - AMLURB,5,
7210041108000000001109000,TOTAL DEDUÇÕES  CONTRIBUIÇÃO PATRONAL DE SERVIDOR CIVIL ATIVO PARA O RPPS - AMLURB,5,
7210041108000000001109001,Deduções Contribuição Patronal de Servidor Civil Ativo para o RPPS - AMLURB,5,
7210041109000000000000000,CONTRIBUIÇÃO PATRONAL DE SERVIDOR CIVIL ATIVO PARA O RPPS - FTMSP,5,
7210041109000000001100000,CONTRIBUIÇÃO PATRONAL DE SERVIDOR CIVIL ATIVO PARA O RPPS - FTMSP,5,
7210041109000000001101000,Contribuição Patronal de Servidor Civil Ativo para o RPPS - FTMSP,5,
7210041109000000001109000,TOTAL DEDUÇÕES  CONTRIBUIÇÃO PATRONAL DE SERVIDOR CIVIL ATIVO PARA O RPPS - FTMSP,5,
7210041109000000001109001,Deduções Contribuição Patronal de Servidor Civil Ativo para o RPPS -FTMSP,5,
7210041110000000000000000,CONTRIBUIÇÃO PATRONAL DE SERVIDOR CIVIL ATIVO PARA O RPPS - FUNDATEC,5,
7210041110000000001100000,CONTRIBUIÇÃO PATRONAL DE SERVIDOR CIVIL ATIVO PARA O RPPS - FUNDATEC,5,
7210041110000000001101000,Contribuição Patronal de Servidor Civil Ativo para o RPPS - FUNDATEC,5,
7210041110000000001109000,TOTAL DEDUÇÕES  CONTRIBUIÇÃO PATRONAL DE SERVIDOR CIVIL ATIVO PARA O RPPS - FUNDATEC,5,
7210041110000000001109001,Deduções Contribuição Patronal de Servidor Civil Ativo para o RPPS - FUNDATEC,5,
7210041111000000000000000,CONTRIBUIÇÃO PATRONAL DE SERVIDOR CIVIL ATIVO PARA O RPPS - COHAB,5,
7210041111000000001100000,CONTRIBUIÇÃO PATRONAL DE SERVIDOR CIVIL ATIVO PARA O RPPS - COHAB,5,
7210041111000000001101000,Contribuição Patronal de Servidor Civil Ativo para o RPPS - COHAB,5,
7210041111000000001109000,TOTAL DEDUÇÕES  CONTRIBUIÇÃO PATRONAL DE SERVIDOR CIVIL ATIVO PARA O RPPS - COHAB,5,
7210041111000000001109001,Deduções Contribuição Patronal de Servidor Civil Ativo para o RPPS - COHAB,5,
7210042000000000000000000,CONTRIBUIÇÃO DO SERVIDOR ATIVO CIVIL PARA O RPPS,5,
7210043000000000000000000,CONTRIBUIÇÃO DOS SERVIDORES INATIVOS CIVIS PARA O RPPS,5,
7210044000000000000000000,CONTRIBUIÇÃO DOS PENSIONISTAS CIVIS PARA O RPPS,5,
7210045000000000000000000,CONTRIBUIÇÃO PATRONAL PARA O RPPS ORIUNDA DE SENTENÇAS JUDICIAIS,5,
7210046000000000000000000,CONTRIBUIÇÃO DO SERVIDOR ATIVO CIVIL AO RPPS ORIUNDA DE SENTENÇAS JUDICIAIS,5,
7210047000000000000000000,CONTRIBUIÇÃO DO SERVIDOR INATIVO CIVIL AO RPPS ORIUNDA DE SENTENÇAS JUDICIAIS,5,
7210050000000000000000000,CONTRIBUIÇÃO PARA O CUSTEIO DAS PENSÕES MILITARES,5,
7210060000000000000000000,CONTRIBUIÇÃO PARA OS FUNDOS DE ASSISTÊNCIA MÉDICA,5,
7210070000000000000000000,CONTRIBUIÇÕES SOBRE CONCURSOS DE PROGNÓSTICOS E SORTEIOS,5,
7210080000000000000000000,CONTRIBUIÇÃO SOBRE SORTEIOS REALIZADOS POR ENTIDADES FILANTRÓPICAS,5,
7210090000000000000000000,CONTRIBUIÇÃO PARA OS PROGRAMAS DE INTEGRAÇÃO SOCIAL E DE FORMAÇÃO DO PATRIMÔNIO DO SERVIDOR PÚBLICO ,5,
7210100000000000000000000,COTA-PARTE DA CONTRIBUIÇÃO SINDICAL,5,
7210110000000000000000000,CONTRIBUIÇÕES REFERENTES AO FUNDO DE GARANTIA DO TEMPO DE SERVIÇO - FGTS,5,
7210120000000000000000000,CONTRIBUIÇÃO SOCIAL DO SALÁRIO-EDUCAÇÃO,5,
7210130000000000000000000,CONTRIBUIÇÃO PARA O ENSINO AEROVIÁRIO,5,
7210140000000000000000000,CONTRIBUIÇÃO PARA O DESENVOLVIMENTO DO ENSINO PROFISSIONAL MARÍTIMO,5,
7210150000000000000000000,CONTRIBUIÇÃO SOBRE A ARRECADAÇÃO DOS FUNDOS DE INVESTIMENTOS REGIONAIS,5,
7210160000000000000000000,CONTRIBUIÇÃO INDUSTRIAL RURAL,5,
7210170000000000000000000,ADICIONAL À CONTRIBUIÇÃO PREVIDENCIÁRIA RURAL,5,
7210180000000000000000000,CONTRIBUIÇÃO SOBRE MOVIMENTAÇÃO OU TRANSMISSÃO DE VALORES E DE CRÉDITOS E DIREITOS DE NATUREZA FINAN,5,
7210990000000000000000000,OUTRAS CONTRIBUIÇÕES SOCIAIS,5,
7218000000000000000000000,"CONTRIBUIÇÕES SOCIAIS ESPECÍFICAS DE ESTADOS, DF, MUNICÍPIOS",5,
7218010000000000000000000,CONTRIBUIÇÕES PARA O REGIME PRÓPRIO DE PREVIDÊNCIA SOCIAL - RPPS DE ESTADOS/DF/MUNICÍPIOS,5,
7218011000000000000000000,CPSSS DO SERVIDOR CIVIL ATIVO,5,
7218011100000000000000000,CPSSS DO SERVIDOR CIVIL ATIVO - PRINCIPAL,5,
7218011101000000000000000,CPSSS DO SERVIDOR CIVIL ATIVO - PMSP - OUTROS,5,
7218011101000000001100000,"CPSSS DO SERVIDOR CIVIL ATIVO - PMSP - OUTROS
",5,
7218011101000000001101000,CPSSS do Servidor Civil Ativo - PMSP - Outros,5,
7218011102000000000000000,CPSSS DO SERVIDOR CIVIL ATIVO - CMSP - OUTROS,5,
7218011102000000001100000,CPSSS DO SERVIDOR CIVIL ATIVO - CMSP - OUTROS,5,
7218011102000000001101000,CPSSS do Servidor Civil Ativo - CMSP - Outros,5,
7218011103000000000000000,CPSSS DO SERVIDOR CIVIL ATIVO - TCMSP - OUTROS,5,
7218011103000000001100000,CPSSS DO SERVIDOR CIVIL ATIVO - TCMSP - OUTROS,5,
7218011103000000001101000,CPSSS do Servidor Civil Ativo - TCMSP - Outros,5,
7218011104000000000000000,CPSSS DO SERVIDOR CIVIL ATIVO - HSPM - OUTROS,5,
7218011104000000001100000,CPSSS DO SERVIDOR CIVIL ATIVO - HSPM - OUTROS,5,
7218011104000000001101000,CPSSS do Servidor Civil Ativo - HSPM - Outros,5,
7218011105000000000000000,CPSSS DO SERVIDOR CIVIL ATIVO - SFMSP - OUTROS,5,
7218011105000000001100000,CPSSS DO SERVIDOR CIVIL ATIVO - SFMSP - OUTROS,5,
7218011105000000001101000,CPSSS do Servidor Civil Ativo - SFMSP - Outros,5,
7218011106000000000000000,CPSSS DO SERVIDOR CIVIL ATIVO - IPREM - OUTROS,5,
7218011106000000001100000,CPSSS DO SERVIDOR CIVIL ATIVO - IPREM - OUTROS,5,
7218011106000000001101000,CPSSS do Servidor Civil Ativo - IPREM - Outros,5,
7218011108000000000000000,CPSSS DO SERVIDOR CIVIL ATIVO - AHM - OUTROS,5,
7218011108000000001100000,CPSSS DO SERVIDOR CIVIL ATIVO - AHM - OUTROS,5,
7218011108000000001101000,CPSSS do Servidor Civil Ativo - AHM - Outros,5,
7218011109000000000000000,CPSSS DO SERVIDOR CIVIL ATIVO - AMLURB - OUTROS,5,
7218011109000000001100000,CPSSS DO SERVIDOR CIVIL ATIVO - AMLURB - OUTROS,5,
7218011109000000001101000,CPSSS do Servidor Civil Ativo - AMLURB - Outros,5,
7218011110000000000000000,CPSSS DO SERVIDOR CIVIL ATIVO - FTMSP - OUTROS,5,
7218011110000000001100000,CPSSS DO SERVIDOR CIVIL ATIVO - FTMSP - OUTROS,5,
7218011110000000001101000,CPSSS do Servidor Civil Ativo - FTMSP - Outros,5,
7218011111000000000000000,CPSSS DO SERVIDOR CIVIL ATIVO - FUNDATEC - OUTROS,5,
7218011111000000001100000,CPSSS DO SERVIDOR CIVIL ATIVO - FUNDATEC - OUTROS,5,
7218011111000000001101000,CPSSS do Servidor Civil Ativo - FUNDATEC - Outros,5,
7218011112000000000000000,CPSSS DO SERVIDOR CIVIL ATIVO - COHAB - OUTROS,5,
7218011112000000001100000,CPSSS DO SERVIDOR CIVIL ATIVO - COHAB - OUTROS,5,
7218011112000000001101000,CPSSS do Servidor Civil Ativo - COHAB - Outros,5,
7218020000000000000000000,"CONTRIBUIÇÃO PARA PREVIDÊNCIA MILITAR DE ESTADOS, DF E MUNICÍPIOS",5,
7218030000000000000000000,CPSSS PATRONAL - SERVIDOR CIVIL - ESPECÍFICO DE EST/DF/MUN - INTRAORÇAMENTÁRIAS,5,
7218031000000000000000000,CPSSS PATRONAL - SERVIDOR CIVIL ATIVO - INTRAORÇAMENTÁRIAS,5,
7218031100000000000000000,CPSSS PATRONAL DO SERVIDOR CIVIL ATIVO - PRINCIPAL,5,
7218031101000000000000000,CPSSS PATRONAL DO SERVIDOR CIVIL ATIVO - PMSP,5,
7218031101000000001100000,CPSSS PATRONAL DO SERVIDOR CIVIL ATIVO - PMSP,5,
7218031101000000001101000,CPSSS Patronal do Servidor Civil Ativo - PMSP,5,
7218031102000000000000000,CPSSS PATRONAL DO SERVIDOR CIVIL ATIVO - IPREM,5,
7218031102000000001100000,CPSSS PATRONAL DO SERVIDOR CIVIL ATIVO - IPREM,5,
7218031102000000001101000,CPSSS Patronal do Servidor Civil Ativo - IPREM,5,
7218031103000000000000000,CPSSS PATRONAL DO SERVIDOR CIVIL ATIVO - SFMSP,5,
7218031103000000001100000,CPSSS PATRONAL DO SERVIDOR CIVIL ATIVO - SFMSP,5,
7218031103000000001101000,CPSSS Patronal do Servidor Civil Ativo - SFMSP,5,
7218031104000000000000000,CPSSS PATRONAL DO SERVIDOR CIVIL ATIVO - HSPM,5,
7218031104000000001100000,CPSSS PATRONAL DO SERVIDOR CIVIL ATIVO - HSPM,5,
7218031104000000001101000,CPSSS Patronal do Servidor Civil Ativo - HSPM,5,
7218031105000000000000000,CPSSS PATRONAL DO SERVIDOR CIVIL ATIVO - TCMSP,5,
7218031105000000001100000,CPSSS PATRONAL DO SERVIDOR CIVIL ATIVO - TCMSP,5,
7218031105000000001101000,CPSSS Patronal do Servidor Civil Ativo - TCMSP,5,
7218031106000000000000000,CPSSS PATRONAL DO SERVIDOR CIVIL ATIVO - CMSP,5,
7218031106000000001100000,CPSSS PATRONAL DO SERVIDOR CIVIL ATIVO - CMSP,5,
7218031106000000001101000,CPSSS Patronal do Servidor Civil Ativo - CMSP,5,
7218031107000000000000000,CPSSS PATRONAL DO SERVIDOR CIVIL ATIVO - AHM,5,
7218031107000000001100000,CPSSS PATRONAL DO SERVIDOR CIVIL ATIVO - AHM,5,
7218031107000000001101000,CPSSS Patronal do Servidor Civil Ativo - AHM,5,
7218031108000000000000000,CPSSS PATRONAL DO SERVIDOR CIVIL ATIVO - AMLURB,5,
7218031108000000001100000,CPSSS PATRONAL DO SERVIDOR CIVIL ATIVO - AMLURB,5,
7218031108000000001101000,CPSSS Patronal do Servidor Civil Ativo - AMLURB,5,
7218031109000000000000000,CPSSS PATRONAL DO SERVIDOR CIVIL ATIVO - FTMSP,5,
7218031109000000001100000,CPSSS PATRONAL DO SERVIDOR CIVIL ATIVO - FTMSP,5,
7218031109000000001101000,CPSSS Patronal do Servidor Civil Ativo - FTMSP,5,
7218031110000000000000000,CPSSS PATRONAL DO SERVIDOR CIVIL ATIVO - FUNDATEC,5,
7218031110000000001100000,CPSSS PATRONAL DO SERVIDOR CIVIL ATIVO - FUNDATEC,5,
7218031110000000001101000,CPSSS Patronal do Servidor Civil Ativo - FUNDATEC,5,
7218031111000000000000000,CPSSS PATRONAL DO SERVIDOR CIVIL ATIVO - COHAB,5,
7218031111000000001100000,CPSSS PATRONAL DO SERVIDOR CIVIL ATIVO - COHAB,5,
7218031111000000001101000,CPSSS Patronal do Servidor Civil Ativo - COHAB,5,
7218031112000000000000000,CPSSS PATRONAL DO SERVIDOR CIVIL ATIVO - PMSP - OUTROS,5,
7218031112000000001100000,CPSSS PATRONAL DO SERVIDOR CIVIL ATIVO - PMSP - OUTROS,5,
7218031112000000001101000,CPSSS Patronal do Servidor Civil Ativo - PMSP - Outros,5,
7218031113000000000000000,CPSSS PATRONAL DO SERVIDOR CIVIL ATIVO - IPREM - OUTROS,5,
7218031113000000001100000,CPSSS PATRONAL DO SERVIDOR CIVIL ATIVO - IPREM - OUTROS,5,
7218031113000000001101000,CPSSS Patronal do Servidor Civil Ativo - IPREM - Outros,5,
7218031114000000000000000,CPSSS PATRONAL DO SERVIDOR CIVIL ATIVO - SFMSP - OUTROS,5,
7218031114000000001100000,CPSSS PATRONAL DO SERVIDOR CIVIL ATIVO - SFMSP - OUTROS,5,
7218031114000000001101000,CPSSS Patronal do Servidor Civil Ativo - SFMSP - Outros,5,
7218031115000000000000000,CPSSS PATRONAL DO SERVIDOR CIVIL ATIVO - HSPM - OUTROS,5,
7218031115000000001100000,CPSSS PATRONAL DO SERVIDOR CIVIL ATIVO - HSPM - OUTROS,5,
7218031115000000001101000,CPSSS Patronal do Servidor Civil Ativo - HSPM - Outros,5,
7218031116000000000000000,CPSSS PATRONAL DO SERVIDOR CIVIL ATIVO - TCMSP - OUTROS,5,
7218031116000000001100000,CPSSS PATRONAL DO SERVIDOR CIVIL ATIVO - TCMSP - OUTROS,5,
7218031116000000001101000,CPSSS Patronal do Servidor Civil Ativo - TCMSP - Outros,5,
7218031117000000000000000,CPSSS PATRONAL DO SERVIDOR CIVIL ATIVO - CMSP - OUTROS,5,
7218031117000000001100000,CPSSS PATRONAL DO SERVIDOR CIVIL ATIVO - CMSP - OUTROS,5,
7218031117000000001101000,CPSSS Patronal do Servidor Civil Ativo - CMSP - Outros,5,
7218031118000000000000000,CPSSS PATRONAL DO SERVIDOR CIVIL ATIVO - AHM - OUTROS,5,
7218031118000000001100000,CPSSS PATRONAL DO SERVIDOR CIVIL ATIVO - AHM - OUTROS,5,
7218031118000000001101000,"CPSSS Patronal do Servidor Civil Ativo - AHM - Outros
",5,
7218031119000000000000000,CPSSS PATRONAL DO SERVIDOR CIVIL ATIVO - AMLURB - OUTROS,5,
7218031119000000001100000,CPSSS PATRONAL DO SERVIDOR CIVIL ATIVO - AMLURB - OUTROS,5,
7218031119000000001101000,CPSSS Patronal do Servidor Civil Ativo - AMLURB - Outros,5,
7218031120000000000000000,CPSSS PATRONAL DO SERVIDOR CIVIL ATIVO - FTMSP - OUTROS,5,
7218031120000000001100000,CPSSS PATRONAL DO SERVIDOR CIVIL ATIVO - FTMSP - OUTROS,5,
7218031120000000001101000,CPSSS Patronal do Servidor Civil Ativo - FTMSP - Outros,5,
7218031121000000000000000,CPSSS PATRONAL DO SERVIDOR CIVIL ATIVO - FUNDATEC - OUTROS,5,
7218031121000000001100000,CPSSS PATRONAL DO SERVIDOR CIVIL ATIVO - FUNDATEC - OUTROS,5,
7218031121000000001101000,CPSSS Patronal do Servidor Civil Ativo - FUNDATEC - Outros,5,
7218031122000000000000000,CPSSS PATRONAL DO SERVIDOR CIVIL ATIVO - COHAB - OUTROS,5,
7218031122000000001100000,CPSSS PATRONAL DO SERVIDOR CIVIL ATIVO - COHAB - OUTROS,5,
7218031122000000001101000,CPSSS Patronal do Servidor Civil Ativo - COHAB - Outros,5,
7218031200000000000000000,CPSSS PATRONAL DO SERVIDOR CIVIL ATIVO - MULTAS E JUROS,5,
7218031201000000000000000,CPSSS PATRONAL DO SERVIDOR CIVIL ATIVO - PMSP  - MULTAS E JUROS,5,
7218031201000000001100000,CPSSS PATRONAL DO SERVIDOR CIVIL ATIVO - PMSP  - MULTAS E JUROS,5,
7218031201000000001101000,CPSSS Patronal - Servidor Civil Ativo - PMSP – Multas e Juros,5,
7218031212000000000000000,MULTAS E JUROS CPSSS PATRONAL DO SERVIDOR CIVIL ATIVO - PMSP - OUTROS ,5,
7218031212000000001100000,MULTAS E JUROS CPSSS PATRONAL DO SERVIDOR CIVIL ATIVO - PMSP - OUTROS,5,
7218031212000000001101000,Multas e Juros CPSSS Patronal do Servidor Civil Ativo - PMSP - Outros ,5,
7218031213000000000000000,MULTAS E JUROS CPSSS PATRONAL DO SERVIDOR CIVIL ATIVO – IPREM - OUTROS,5,
7218031213000000001100000,MULTAS E JUROS CPSSS PATRONAL DO SERVIDOR CIVIL ATIVO – IPREM - OUTROS,5,
7218031213000000001101000,Multas e Juros CPSSS Patronal do Servidor Civil Ativo – IPREM - Outros,5,
7218031214000000000000000,MULTAS E JUROS CPSSS PATRONAL DO SERVIDOR CIVIL ATIVO - SFMSP - OUTROS,5,
7218031214000000001100000,MULTAS E JUROS CPSSS PATRONAL DO SERVIDOR CIVIL ATIVO - SFMSP - OUTROS,5,
7218031214000000001101000,Multas e Juros CPSSS Patronal do Servidor Civil Ativo - SFMSP - Outros,5,
7218031215000000000000000,Multas e Juros CPSSS Patronal do Servidor Civil Ativo – HSPM - Outros,5,
7218031215000000001100000,Multas e Juros CPSSS Patronal do Servidor Civil Ativo – HSPM - Outros,5,
7218031215000000001101000,Multas e Juros CPSSS Patronal do Servidor Civil Ativo – HSPM - Outros,5,
7218031216000000000000000,MULTAS E JUROS CPSSS PATRONAL DO SERVIDOR CIVIL ATIVO – TCMSP - OUTROS,5,
7218031216000000001100000,MULTAS E JUROS CPSSS PATRONAL DO SERVIDOR CIVIL ATIVO – TCMSP - OUTROS,5,
7218031216000000001101000,Multas e Juros CPSSS Patronal do Servidor Civil Ativo – TCMSP - Outros,5,
7218031217000000000000000,MULTAS E JUROS CPSSS PATRONAL DO SERVIDOR CIVIL ATIVO - CMSP - OUTROS,5,
7218031217000000001100000,MULTAS E JUROS CPSSS PATRONAL DO SERVIDOR CIVIL ATIVO - CMSP - OUTROS,5,
7218031217000000001101000,Multas e Juros CPSSS Patronal do Servidor Civil Ativo - CMSP - Outros,5,
7218031218000000000000000,MULTAS E JUROS CPSSS PATRONAL DO SERVIDOR CIVIL ATIVO – AHM - OUTROS,5,
7218031218000000001100000,MULTAS E JUROS CPSSS PATRONAL DO SERVIDOR CIVIL ATIVO – AHM - OUTROS,5,
7218031218000000001101000,Multas e Juros CPSSS Patronal do Servidor Civil Ativo – AHM - Outros,5,
7218031219000000000000000,MULTAS E JUROS CPSSS PATRONAL DO SERVIDOR CIVIL ATIVO – AMLURB - OUTROS,5,
7218031219000000001100000,MULTAS E JUROS CPSSS PATRONAL DO SERVIDOR CIVIL ATIVO – AMLURB - OUTROS,5,
7218031219000000001101000,Multas e Juros CPSSS Patronal do Servidor Civil Ativo – AMLURB - Outros,5,
7218031220000000000000000,MULTAS E JUROS CPSSS PATRONAL DO SERVIDOR CIVIL ATIVO - FTMSP - OUTROS,5,
7218031220000000001100000,MULTAS E JUROS CPSSS PATRONAL DO SERVIDOR CIVIL ATIVO - FTMSP - OUTROS,5,
7218031220000000001101000,Multas e Juros CPSSS Patronal do Servidor Civil Ativo - FTMSP - Outros,5,
7218031221000000000000000,MULTAS E JUROS CPSSS PATRONAL DO SERVIDOR CIVIL ATIVO – FUNDATEC - OUTROS,5,
7218031221000000001100000,MULTAS E JUROS CPSSS PATRONAL DO SERVIDOR CIVIL ATIVO – FUNDATEC - OUTROS,5,
7218031221000000001101000,Multas e Juros CPSSS Patronal do Servidor Civil Ativo – FUNDATEC - Outros,5,
7218031222000000000000000,MULTAS E JUROS CPSSS PATRONAL DO SERVIDOR CIVIL ATIVO – COHAB – OUTROS,5,
7218031222000000001100000,MULTAS E JUROS CPSSS PATRONAL DO SERVIDOR CIVIL ATIVO – COHAB – OUTROS,5,
7218031222000000001101000,Multas e Juros CPSSS Patronal do Servidor Civil Ativo – COHAB – Outros,5,
7220000000000000000000000,CONTRIBUIÇÕES ECONÔMICAS,5,
7220010000000000000000000,CONTRIBUIÇÕES PARA O PROGRAMA DE INTEGRAÇÃO NACIONAL - PIN E PARA O PROGRAMA DE REDISTRIBUIÇÃO DE TE,5,
7220020000000000000000000,"CONTRIBUIÇÃO DE LOJAS FRANCAS, ENTREPOSTOS ADUANEIROS E DEPÓSITOS ALFANDEGÁRIOS",5,
7220030000000000000000000,CONTRIBUIÇÃO SOBRE APOSTAS EM COMPETIÇÕES HÍPICAS,5,
7220040000000000000000000,CONTRIBUIÇÃO PARA O DESENVOLVIMENTO DA INDÚSTRIA CINEMATOGRÁFICA NACIONAL - CONDECINE,5,
7220050000000000000000000,COTA-PARTE DO ADICIONAL AO FRETE PARA A RENOVAÇÃO DA MARINHA MERCANTE - AFRMM,5,
7220060000000000000000000,CONTRIBUIÇÃO SOBRE AS RECEITAS DE CONCESSIONÁRIAS E PERMISSIONÁRIAS DE ENERGIA ELÉTRICA,5,
7220070000000000000000000,"CONTRIBUIÇÃO PELA LICENÇA DE USO, AQUISIÇÃO OU TRANSFERÊNCIA DE TECNOLOGIA - CIDE - REMESSAS AO EXTE",5,
7220080000000000000000000,"CONTRIBUIÇÃO RELATIVA ÀS ATIVIDADES DE IMPORTAÇÃO E COMERCIALIZAÇÃO DE PETRÓLEO E SEUS DERIVADOS, GÁ",5,
7220090000000000000000000,CONTRIBUIÇÃO SOBRE A RECEITA DAS EMPRESAS PRESTADORAS DE SERVIÇOS DE TELECOMUNICAÇÕES,5,
7220100000000000000000000,CONTRIBUIÇÃO PARA O FOMENTO DA RADIODIFUSÃO PÚBLICA,5,
7220990000000000000000000,OUTRAS CONTRIBUIÇÕES ECONÔMICAS,5,
7230000000000000000000000,CONTRIBUIÇÕES PARA ENTIDADES PRIVADAS DE SERVIÇO SOCIAL E DE FORMAÇÃO PROFISSIONAL,5,
7230010000000000000000000,CONTRIBUIÇÕES PARA ENTIDADES PRIVADAS DE SERVIÇO SOCIAL E DE FORMAÇÃO PROFISSIONAL,5,
7240000000000000000000000,CONTRIBUIÇÃO PARA O CUSTEIO DO SERVIÇO DE ILUMINAÇÃO PÚBLICA,5,
7240001000000000000000000,CONTRIBUIÇÃO PARA O CUSTEIO DO SERVIÇO DE ILUMINAÇÃO PÚBLICA,5,
7300000000000000000000000,RECEITA PATRIMONIAL INTRAORÇAMENTÁRIA,5,
7310000000000000000000000,EXPLORAÇÃO DO PATRIMÔNIO IMOBILIÁRIO DO ESTADO,5,
7310010000000000000000000,"ALUGUÉIS, ARRENDAMENTOS, FOROS, LAUDÊMIOS, TARIFAS DE OCUPAÇÃO",5,
7310011000000000000000000,ALUGUÉIS E ARRENDAMENTOS,5,
7310011100000000000000000,ALUGUÉIS E ARRENDAMENTOS - PRINCIPAL,5,
7310011101000000000000000,ALUGUÉIS,5,
7310011101000000001100000,ALUGUÉIS,5,
7310011101000000001101000,Aluguéis,5,
7310011101000000001109000,TOTAL DEDUÇÕES ALUGUÉIS,5,
7310011101000000001109001,Deduções Aluguéis,5,
7310020000000000000000000,"CONCESSÃO, PERMISSÃO, AUTORIZAÇÃO OU CESSÃO DO DIREITO DE USO DE BENS IMÓVEIS PÚBLICOS",5,
7310990000000000000000000,OUTRAS RECEITAS IMOBILIÁRIAS,5,
7310991000000000000000000,OUTRAS RECEITAS IMOBILIÁRIAS,5,
7310991100000000000000000,OUTRAS RECEITAS IMOBILIÁRIAS - PRINCIPAL,5,
7310991101000000000000000,CONDOMÍNIO,5,
7310991101000000001100000,CONDOMÍNIO,5,
7310991101000000001101000,Condomínio,5,
7310991101000000001109000,TOTAL DEDUÇÕES CONDOMÍNIO,5,
7310991101000000001109001,Deduções Condomínio,5,
7320000000000000000000000,VALORES MOBILIÁRIOS,5,
7321000000000000000000000,JUROS E CORREÇÕES MONETÁRIAS,5,
7321001000000000000000000,REMUNERAÇÃO DE DEPÓSITOS BANCÁRIOS,5,
7321002000000000000000000,REMUNERAÇÃO DE DEPÓSITOS ESPECIAIS,5,
7321003000000000000000000,REMUNERAÇÃO DE SALDOS DE RECURSOS NÃO-DESEMBOLSADOS,5,
7321004000000000000000000,REMUNERAÇÃO DOS RECURSOS DO REGIME PRÓPRIO DE PREVIDÊNCIA SOCIAL - RPPS,5,
7321005000000000000000000,JUROS DE TÍTULOS DE RENDA,5,
7321006000000000000000000,JUROS SOBRE O CAPITAL PRÓPRIO,5,
7322000000000000000000000,DIVIDENDOS,5,
7322001000000000000000000,DIVIDENDOS,5,
7323000000000000000000000,PARTICIPAÇÕES,5,
7323001000000000000000000,PARTICIPAÇÕES,5,
7329000000000000000000000,OUTROS VALORES MOBILIÁRIOS,5,
7329001000000000000000000,OUTROS VALORES MOBILIÁRIOS,5,
7330000000000000000000000,"DELEGAÇÃO DE SERVIÇOS PÚBLICOS MEDIANTE CONCESSÃO, PERMISSÃO, AUTORIZAÇÃO OU LICENÇA",5,
7331000000000000000000000,DELEGAÇÃO PARA A PRESTAÇÃO DOS SERVIÇOS DE TRANSPORTE,5,
7331010000000000000000000,DELEGAÇÃO PARA A PRESTAÇÃO DOS SERVIÇOS DE TRANSPORTE RODOVIÁRIO,5,
7331020000000000000000000,DELEGAÇÃO PARA A PRESTAÇÃO DOS SERVIÇOS DE TRANSPORTE FERROVIÁRIO,5,
7331030000000000000000000,DELEGAÇÃO PARA A PRESTAÇÃO DOS SERVIÇOS DE TRANSPORTE METROVIÁRIO,5,
7331040000000000000000000,DELEGAÇÃO PARA A PRESTAÇÃO DOS SERVIÇOS DE TRANSPORTE AQUAVIÁRIO,5,
7331050000000000000000000,DELEGAÇÃO PARA A PRESTAÇÃO DOS SERVIÇOS DE TRANSPORTE AEROVIÁRIO,5,
7332000000000000000000000,DELEGAÇÃO DOS SERVIÇOS DE INFRAESTRUTURA,5,
7332010000000000000000000,DELEGAÇÃO PARA EXPLORAÇÃO DA INFRAESTRUTURA DE TRANSPORTE RODOVIÁRIO,5,
7332020000000000000000000,DELEGAÇÃO PARA EXPLORAÇÃO DA INFRAESTRUTURA DE TRANSPORTE FERROVIÁRIO,5,
7332030000000000000000000,DELEGAÇÃO PARA EXPLORAÇÃO DA INFRAESTRUTURA DE TRANSPORTE AQUAVIÁRIO,5,
7332040000000000000000000,DELEGAÇÃO PARA EXPLORAÇÃO DA INFRAESTRUTURA AEROPORTUÁRIA,5,
7333000000000000000000000,DELEGAÇÃO DOS SERVIÇOS DE TELECOMUNICAÇÃO,5,
7333001000000000000000000,DELEGAÇÃO DOS SERVIÇOS DE TELECOMUNICAÇÃO - PODER CONCEDENTE NO REGIME PÚBLICO,5,
7333002000000000000000000,DELEGAÇÃO DOS SERVIÇOS DE TELECOMUNICAÇÃO - ATIVIDADE ORDENADORA NO REGIME PRIVADO,5,
7333003000000000000000000,DELEGAÇÃO DOS SERVIÇOS DE RADIODIFUSÃO SONORA E DE SONS E IMAGENS,5,
7333004000000000000000000,CESSÃO DO DIREITO DE USO DE RADIOFREQUÊNCIA,5,
7333005000000000000000000,CESSÃO DO DIREITO DE EXPLORAÇÃO DE SATÉLITE BRASILEIRO,5,
7333006000000000000000000,TRANSFERÊNCIA DA DELEGAÇÃO DOS SERVIÇOS DE TELECOMUNICAÇÕES OU DO DIREITO DE USO DE RADIOFREQUÊNCIA,5,
7333007000000000000000000,CONCESSÃO DE LICENÇAS E AUTORIZAÇÕES DA AGÊNCIA ESPACIAL BRASILEIRA,5,
7333009000000000000000000,OUTRAS DELEGAÇÕES DOS SERVIÇOS DE TELECOMUNICAÇÃO,5,
7339000000000000000000000,DEMAIS DELEGAÇÕES DE SERVIÇOS PÚBLICOS,5,
7339010000000000000000000,DEMAIS DELEGAÇÕES DE SERVIÇOS PÚBLICOS,5,
7339990000000000000000000,OUTRAS DELEGAÇÕES DE SERVIÇOS PÚBLICOS,5,
7340000000000000000000000,EXPLORAÇÃO DE RECURSOS NATURAIS,5,
7341000000000000000000000,PETRÓLEO - REGIME DE CONCESSÃO,5,
7341010000000000000000000,OUTORGA DE EXPLORAÇÃO E PRODUÇÃO DE PETRÓLEO E GÁS NATURAL - REGIME DE CONCESSÃO,5,
7341020000000000000000000,ROYALTIES MÍNIMOS PELA PRODUÇÃO DE PETRÓLEO - CONTRATO DE CONCESSÃO,5,
7341030000000000000000000,ROYALTIES EXCEDENTES PELA PRODUÇÃO DE PETRÓLEO - CONTRATO DE CONCESSÃO,5,
7341040000000000000000000,PARTICIPAÇÃO ESPECIAL PELA PRODUÇÃO DE PETRÓLEO - CONTRATO DE CONCESSÃO,5,
7342000000000000000000000,PETRÓLEO - REGIME DE CESSÃO ONEROSA,5,
7342020000000000000000000,ROYALTIES MÍNIMOS PELA PRODUÇÃO DE PETRÓLEO - CESSÃO ONEROSA - DECLARAÇÃO DE COMERCIALIDADE A PARTIR,5,
7342030000000000000000000,ROYALTIES EXCEDENTES PELA PRODUÇÃO DE PETRÓLEO - CESSÃO ONEROSA - DECLARAÇÃO DE COMERCIALIDADE A PAR,5,
7343000000000000000000000,PETRÓLEO - REGIME DE PARTILHA DE PRODUÇÃO,5,
7343010000000000000000000,OUTORGA DOS SERVIÇOS DE EXPLORAÇÃO E PRODUÇÃO DE PETRÓLEO E GÁS NATURAL - REGIME DE PARTILHA DE PROD,5,
7343020000000000000000000,ROYALTIES PELA PRODUÇÃO DE PETRÓLEO - PARTILHA DE PRODUÇÃO - DECLARAÇÃO DE COMERCIALIDADE A PARTIR D,5,
7344000000000000000000000,EXPLORAÇÃO DE RECURSOS MINERAIS,5,
7344010000000000000000000,OUTORGA DE DIREITOS DE EXPLORAÇÃO E PESQUISA MINERAL,5,
7344020000000000000000000,COMPENSAÇÃO FINANCEIRA PELA EXPLORAÇÃO DE RECURSOS MINERAIS,5,
7345000000000000000000000,EXPLORAÇÃO DE RECURSOS HÍDRICOS,5,
7345010000000000000000000,OUTORGA DE DIREITOS DE USO DE RECURSOS HÍDRICOS,5,
7345020000000000000000000,CONCESSÃO DE USO DO POTENCIAL DE ENERGIA HIDRÁULICA,5,
7345030000000000000000000,COMPENSAÇÃO FINANCEIRA COM A EXPLORAÇÃO DE RECURSOS HÍDRICOS,5,
7346000000000000000000000,EXPLORAÇÃO DE RECURSOS FLORESTAIS,5,
7346010000000000000000000,CONCESSÃO DE FLORESTAS NACIONAIS,5,
7346020000000000000000000,OUTRAS CONCESSÕES FLORESTAIS,5,
7346990000000000000000000,DEMAIS RECEITAS DE CONCESSÃO FLORESTAL,5,
7349000000000000000000000,EXPLORAÇÃO DE OUTROS RECURSOS NATURAIS,5,
7349010000000000000000000,COMPENSAÇÕES AMBIENTAIS,5,
7349990000000000000000000,OUTRAS DELEGAÇÕES PARA EXPLORAÇÃO DE RECURSOS NATURAIS,5,
7350000000000000000000000,EXPLORAÇÃO DO PATRIMÔNIO INTANGÍVEL,5,
7350010000000000000000000,OUTORGA DE DIREITO DE USO OU DE EXPLORAÇÃO DE CRIAÇÃO PROTEGIDA - INSTITUIÇÃO CIENTÍFICA E TECNOLÓGI,5,
7350020000000000000000000,DIREITO DE USO DA IMAGEM E DE REPRODUÇÃO DOS BENS DO ACERVO PATRIMONIAL,5,
7350030000000000000000000,ROYALTIES PELA EXPLORAÇÃO DO PATRIMÔNIO GENÉTICO OU CONHECIMENTO TRADICIONAL ASSOCIADO,5,
7360000000000000000000000,CESSÃO DE DIREITOS,5,
7360010000000000000000000,CESSÃO DO DIREITO DE OPERACIONALIZAÇÃO DE PAGAMENTOS,5,
7390000000000000000000000,DEMAIS RECEITAS PATRIMONIAIS,5,
7390001000000000000000000,DEMAIS RECEITAS PATRIMONIAIS,5,
7400000000000000000000000,RECEITA AGROPECUÁRIA INTRAORÇAMENTÁRIA,5,
7400001000000000000000000,RECEITA AGROPECUÁRIA,5,
7500000000000000000000000,RECEITA INDUSTRIAL INTRAORÇAMENTÁRIA,5,
7500001000000000000000000,RECEITA INDUSTRIAL,5,
7600000000000000000000000,RECEITA DE SERVIÇOS INTRAORÇAMENTÁRIA,5,
7610000000000000000000000,SERVIÇOS ADMINISTRATIVOS E COMERCIAIS GERAIS,5,
7610010000000000000000000,SERVIÇOS ADMINISTRATIVOS E COMERCIAIS GERAIS,5,
7610011000000000000000000,SERVIÇOS ADMINISTRATIVOS E COMERCIAIS GERAIS,5,
7610011100000000000000000,SERVIÇOS ADMINISTRATIVOS E COMERCIAIS GERAIS,5,
7610011101000000000000000,REMUNERAÇÃO DE SERVIÇOS PRESTADOS - COHAB – SEHAB,5,
7610011101000000001100000,REMUNERAÇÃO DE SERVIÇOS PRESTADOS - COHAB – SEHAB,5,
7610011101000000001101000,Remuneração de Serviços Prestados - COHAB - SEHAB,5,
7610011101000000001109000,TOTAL DEDUÇÕES REMUNERAÇÃO DE SERVIÇOS PRESTADOS - COHAB – SEHAB,5,
7610011101000000001109001,Deduções Remuneração de Serviços Prestados - COHAB - SEHAB,5,
7610020000000000000000000,INSCRIÇÃO EM CONCURSOS E PROCESSOS SELETIVOS,5,
7610030000000000000000000,"SERVIÇOS DE REGISTRO, CERTIFICAÇÃO E FISCALIZAÇÃO",5,
7610040000000000000000000,SERVIÇOS DE INFORMAÇÃO E TECNOLOGIA,5,
7620000000000000000000000,SERVIÇOS E ATIVIDADES REFERENTES À NAVEGAÇÃO E AO TRANSPORTE,5,
7620010000000000000000000,SERVIÇOS DE NAVEGAÇÃO,5,
7620020000000000000000000,SERVIÇOS DE TRANSPORTE,5,
7620030000000000000000000,SERVIÇOS PORTUÁRIOS,5,
7620040000000000000000000,SERVIÇOS AEROPORTUÁRIOS,5,
7630000000000000000000000,SERVIÇOS E ATIVIDADES REFERENTES À SAÚDE,5,
7630010000000000000000000,SERVIÇOS DE ATENDIMENTO À SAÚDE,5,
7630020000000000000000000,SERVIÇOS DE ASSISTÊNCIA À SAÚDE DE SERVIDORES CIVIS E MILITARES,5,
7640000000000000000000000,SERVIÇOS E ATIVIDADES FINANCEIRAS,5,
7640010000000000000000000,"RETORNO DE OPERAÇÕES, JUROS E ENCARGOS FINANCEIROS",5,
7640020000000000000000000,"CONCESSÃO DE AVAIS, GARANTIAS E SEGUROS",5,
7640030000000000000000000,REMUNERAÇÃO SOBRE REPASSE PARA PROGRAMAS DE DESENVOLVIMENTO ECONÔMICO,5,
7690000000000000000000000,OUTROS SERVIÇOS,5,
7690990000000000000000000,OUTROS SERVIÇOS,5,
7690991000000000000000000,OUTROS SERVIÇOS,5,
7690991100000000000000000,OUTROS SERVIÇOS - PRINCIPAL,5,
7690991101000000000000000,OUTROS SERVIÇOS,5,
7690991101010000000000000,COMERCIALIZAÇÃO DE URNAS E CAIXÕES - INTRA-ORÇAMENTÁRIA,5,
7690991101010000001100000,COMERCIALIZAÇÃO DE URNAS E CAIXÕES - INTRA-ORÇAMENTÁRIA,5,
7690991101010000001101000,Comercialização de Urnas e Caixões - Intra-Orçamentária,5,
7690991101010000001109000,TOTAL DEDUÇÕES COMERCIALIZAÇÃO DE URNAS E CAIXÕES - INTRA-ORÇAMENTÁRIA,5,
7690991101010000001109001,Deduções Comercialização de Urnas e Caixões - Intra-Orçamentária,5,
7690991101020000000000000,SEPULTAMENTO - INTRA-ORÇAMENTÁRIA,5,
7690991101020000001100000,SEPULTAMENTO - INTRA-ORÇAMENTÁRIA,5,
7690991101020000001101000,Sepultamento - Intra-Orçamentária,5,
7690991101020000001109000,TOTAL DEDUÇÕES SEPULTAMENTO - INTRA-ORÇAMENTÁRIA,5,
7690991101020000001109001,Deduções Sepultamento - Intra-Orçamentária,5,
7690991102000000000000000,RECEITAS DE PRESTAÇÃO DE SERVIÇOS - COHAB-SP AGENTE OPERADOR,5,
7690991102010000000000000,CARTEIRA PMSP,5,
7690991102010000001100000,CARTEIRA PMSP,5,
7690991102010000001101000,Carteira PMSP,5,
7690991102010000001109000,TOTAL DEDUÇÕES CARTEIRA PMSP,5,
7690991102010000001109001,Deduções Carteira PMSP,5,
7690991102020000000000000,CONTRATO COHAB-SP/SEHAB,5,
7690991102020000001100000,CONTRATO COHAB-SP/SEHAB,5,
7690991102020000001101000,Contrato COHAB-SP/SEHAB,5,
7690991102020000001109000,TOTAL DEDUÇÕES CONTRATO COHAB-SP/SEHAB,5,
7690991102020000001109001,Deduções Contrato COHAB-SP/SEHAB,5,
7690991102030000000000000,GERENCIAMENTO DE OBRAS DE CONVÊNIOS,5,
7690991102030000001100000,GERENCIAMENTO DE OBRAS DE CONVÊNIOS,5,
7690991102030000001101000,Gerenciamento de Obras de Convênios,5,
7690991102030000001109000,TOTAL DEDUÇÕES GERENCIAMENTO DE OBRAS DE CONVÊNIOS,5,
7690991102030000001109001,Deduções Gerenciamento de Obras de Convênios,5,
7690991102040000000000000,CARTEIRA FMH,5,
7690991102040000001100000,CARTEIRA FMH,5,
7690991102040000001101000,Carteira FMH,5,
7690991102040000001109000,TOTAL DEDUÇÕES CARTEIRA FMH,5,
7690991102040000001109001,Deduções Carteira FMH,5,
7700000000000000000000000,TRANSFERÊNCIAS CORRENTES INTRAORÇAMENTÁRIAS,5,
7710000000000000000000000,TRANSFERÊNCIAS DA UNIÃO E DE SUAS ENTIDADES,5,
7710001000000000000000000,TRANSFERÊNCIAS DA UNIÃO E DE SUAS ENTIDADES,5,
7718000000000000000000000,TRANSFERÊNCIAS DA UNIÃO - ESPECÍFICA E/M,5,
7718010000000000000000000,PARTICIPAÇÃO NA RECEITA DA UNIÃO,5,
7718020000000000000000000,TRANSFERÊNCIA DA COMPENSAÇÃO FINANCEIRA PELA EXPLORAÇÃO DE RECURSOS NATURAIS,5,
7718030000000000000000000,TRANSFERÊNCIA DE RECURSOS DO SISTEMA ÚNICO DE SAÚDE – SUS – REPASSES FUNDO A FUNDO,5,
7718040000000000000000000,TRANSFERÊNCIAS DE RECURSOS DO FUNDO NACIONAL DE ASSISTÊNCIA SOCIAL – FNAS,5,
7718050000000000000000000,TRANSFERÊNCIAS DE RECURSOS DO FUNDO NACIONAL DO DESENVOLVIMENTO DA EDUCAÇÃO – FNDE,5,
7718060000000000000000000,TRANSFERÊNCIA FINANCEIRA DO ICMS – DESONERAÇÃO – L.C. Nº 87/96,5,
7718070000000000000000000,TRANSFERÊNCIAS DA UNIÃO A CONSÓRCIOS PÚBLICOS,5,
7718100000000000000000000,TRANSFERÊNCIAS DE CONVÊNIOS DA UNIÃO E DE SUAS ENTIDADES,5,
7718990000000000000000000,OUTRAS TRANSFERÊNCIAS DA UNIÃO,5,
7720000000000000000000000,TRANSFERÊNCIAS DOS ESTADOS E DO DISTRITO FEDERAL E DE SUAS ENTIDADES,5,
7720001000000000000000000,TRANSFERÊNCIAS DOS ESTADOS E DO DISTRITO FEDERAL E DE SUAS ENTIDADES,5,
7728000000000000000000000,TRANSFERÊNCIAS DOS ESTADOS - ESPECÍFICA E/M,5,
7728010000000000000000000,PARTICIPAÇÃO NA RECEITA DOS ESTADOS,5,
7728020000000000000000000,TRANSFERÊNCIA DA COTA-PARTE DA COMPENSAÇÃO FINANCEIRA (25%),5,
7728030000000000000000000,TRANSFERÊNCIA DE RECURSOS DO ESTADO PARA PROGRAMAS DE SAÚDE – REPASSE FUNDO A FUNDO,5,
7728040000000000000000000,TRANSFERÊNCIAS DE ESTADOS A CONSÓRCIOS PÚBLICOS,5,
7728100000000000000000000,TRANSFERÊNCIA DE CONVÊNIOS DOS ESTADOS E DO DISTRITO FEDERAL E DE SUAS ENTIDADES,5,
7728101000000000000000000,TRANSFERÊNCIAS DE CONVÊNIO DOS ESTADOS PARA O SISTEMA ÚNICO DE SAÚDE – SUS,5,
7728109000000000000000000,OUTRAS TRANSFERÊNCIAS DE CONVÊNIO DOS ESTADOS,5,
7728990000000000000000000,OUTRAS TRANSFERÊNCIAS DOS ESTADOS,5,
7730000000000000000000000,TRANSFERÊNCIAS DOS MUNICÍPIOS E DE SUAS ENTIDADES,5,
7730001000000000000000000,TRANSFERÊNCIAS DOS MUNICÍPIOS E DE SUAS ENTIDADES,5,
7738000000000000000000000,TRANSFERÊNCIAS DOS MUNICÍPIOS - ESPECÍFICA E/M,5,
7738010000000000000000000,TRANSFERÊNCIAS DE RECURSOS DO SISTEMA ÚNICO DE SAÚDE – SUS,5,
7738020000000000000000000,TRANSFERÊNCIAS DE MUNICÍPIOS A CONSÓRCIOS PÚBLICOS,5,
7738100000000000000000000,TRANSFERÊNCIA DE CONVÊNIOS DOS MUNICÍPIOS E DE SUAS ENTIDADES,5,
7738101000000000000000000,TRANSFERÊNCIAS DE CONVÊNIO DOS MUNICÍPIOS PARA O SISTEMA ÚNICO DE SAÚDE – SUS,5,
7738109000000000000000000,OUTRAS TRANSFERÊNCIAS DE CONVÊNIOS DOS MUNICÍPIOS,5,
7738109100000000000000000,OUTRAS TRANSFERÊNCIAS DE CONVÊNIOS DOS MUNICÍPIOS - PRINCIPAL,5,
7738109101000000000000000,CONVÊNIO FUNDATEC X PMSP ,5,
7738109101000000001100000,CONVÊNIO FUNDATEC X PMSP ,5,
7738109101000000001101000,Convênio Fundatec x PMSP ,5,
7738109101000000001109000,TOTAL DEDUÇÕES CONVÊNIO FUNDATEC X PMSP ,5,
7738109101000000001109001,Deduções Convênio Fundatec x PMSP ,5,
7738990000000000000000000,OUTRAS TRANSFERÊNCIAS DOS MUNICÍPIOS,5,
7738991000000000000000000,OUTRAS TRANSFERÊNCIAS DOS MUNICÍPIOS,5,
7738991100000000000000000,OUTRAS TRANSFERÊNCIAS DOS MUNICÍPIOS - PRINCIPAL,5,
7738991101000000000000000,CONTRIBUIÇÕES DA PMSP - INTRA-ORÇAMENTÁRIA,5,
7738991101000000001100000,CONTRIBUIÇÕES DA PMSP - INTRA-ORÇAMENTÁRIA,5,
7738991101000000001101000,Contribuições da PMSP - Intra-Orçamentária,5,
7738991101000000001109000,TOTAL DEDUÇÕES CONTRIBUIÇÕES DA PMSP - INTRA-ORÇAMENTÁRIA,5,
7738991101000000001109001,Deduções Contribuições da PMSP - Intra-Orçamentária,5,
7738991102000000000000000,CONTRIBUIÇÕES DA PMSP,5,
7738991102000000001100000,PMSP X ADM INDIRETA,5,
7738991102000000001101000,PMSP x Adm Indireta,5,
7738991102000000001109000,TOTAL DEDUÇÕES PMSP X ADM INDIRETA,5,
7738991102000000001109001,Deduções PMSP x Adm Indireta,5,
7740000000000000000000000,TRANSFERÊNCIAS DE INSTITUIÇÕES PRIVADAS,5,
7740001000000000000000000,TRANSFERÊNCIAS DE INSTITUIÇÕES PRIVADAS,5,
7748000000000000000000000,TRANSFERÊNCIAS DE INSTITUIÇÕES PRIVADAS - ESPECÍFICA E/M,5,
7748100000000000000000000,TRANSFERÊNCIA DE CONVÊNIOS DE INSTITUIÇÕES PRIVADAS,5,
7750000000000000000000000,TRANSFERÊNCIAS DE OUTRAS INSTITUIÇÕES PÚBLICAS,5,
7750001000000000000000000,TRANSFERÊNCIAS DE OUTRAS INSTITUIÇÕES PÚBLICAS,5,
7758000000000000000000000,TRANSFERÊNCIAS DE OUTRAS INSTITUIÇÕES PÚBLICAS - ESPECÍFICA E/M,5,
7758010000000000000000000,TRANSFERÊNCIAS DE RECURSOS DO FUNDO DE MANUTENÇÃO E DESENVOLVIMENTO DA EDUCAÇÃO BÁSICA E DE VALORIZA,5,
7758990000000000000000000,OUTRAS TRANSFERÊNCIAS MULTIGOVERNAMENTAIS,5,
7760000000000000000000000,TRANSFERÊNCIAS DO EXTERIOR,5,
7760001000000000000000000,TRANSFERÊNCIAS DO EXTERIOR,5,
7768000000000000000000000,TRANSFERÊNCIAS DO EXTERIOR - ESPECÍFICA E/M,5,
7768100000000000000000000,TRANSFERÊNCIA DE CONVÊNIOS DO EXTERIOR,5,
7770000000000000000000000,TRANSFERÊNCIAS DE PESSOAS FÍSICAS,5,
7770001000000000000000000,TRANSFERÊNCIAS DE PESSOAS FÍSICAS,5,
7780000000000000000000000,TRANSFERÊNCIAS PROVENIENTES DE DEPÓSITOS NÃO IDENTIFICADOS,5,
7780001000000000000000000,TRANSFERÊNCIAS PROVENIENTES DE DEPÓSITOS NÃO IDENTIFICADOS,5,
7900000000000000000000000,OUTRAS RECEITAS CORRENTES INTRAORÇAMENTÁRIAS,5,
7910000000000000000000000,"MULTAS ADMINISTRATIVAS, CONTRATUAIS E JUDICIAIS",5,
7910010000000000000000000,MULTAS PREVISTAS EM LEGISLAÇÃO ESPECÍFICA,5,
7910011000000000000000000,MULTAS PREVISTAS EM LEGISLAÇÃO ESPECÍFICA,5,
7910011100000000000000000,MULTAS PREVISTAS EM LEGISLAÇÃO ESPECÍFICA - PRINCIPAL,5,
7910011102000000000000000,MULTAS PREVISTAS NA LEGISLAÇÃO DE TRÂNSITO,5,
7910011102010000000000000,MULTAS DE TRÂNSITO - DSV,5,
7910011102010000001100000,MULTAS DE TRÂNSITO - DSV,5,
7910011102010000001101000,Multas de Trânsito - DSV,5,
7910011200000000000000000,MULTAS PREVISTAS EM LEGISLAÇÃO ESPECÍFICA - MULTAS E JUROS,5,
7910011202000000000000000,MULTAS PREVISTAS NA LEGISLAÇÃO DE TRÂNSITO - MULTAS E JUROS,5,
7910011202010000000000000,MULTAS DE TRÂNSITO - DSV - MULTAS E JUROS,5,
7910011202010000001100000,MULTAS DE TRÂNSITO - DSV - MULTAS E JUROS,5,
7910011202010000001101000,Multas de Trânsito - DSV - Multas e Juros,5,
7910020000000000000000000,MULTAS PREVISTAS NA LEI GERAL DAS TELECOMUNICAÇÕES,5,
7910030000000000000000000,MULTAS PREVISTAS NA LEGISLAÇÃO DO SEGURO-DESEMPREGO E ABONO SALARIAL,5,
7910040000000000000000000,MULTAS PREVISTAS NA LEGISLAÇÃO SOBRE DEFESA DOS DIREITOS DIFUSOS,5,
7910050000000000000000000,MULTAS PREVISTAS EM LEI POR INFRAÇÕES NO SETOR DE ENERGIA ELÉTRICA,5,
7910060000000000000000000,MULTAS POR DANOS AMBIENTAIS,5,
7910070000000000000000000,MULTAS APLICADAS PELOS TRIBUNAIS DE CONTAS,5,
7910080000000000000000000,MULTAS DECORRENTES DE SENTENÇAS JUDICIAIS,5,
7910081000000000000000000,MULTAS DECORRENTES DE SENTENÇAS JUDICIAIS,5,
7910081100000000000000000,MULTAS DECORRENTES DE SENTENÇAS JUDICIAIS - PRINCIPAL,5,
7910081101000000000000000,MULTAS DECORRENTES DE SENTENÇAS JUDICIAIS - FUMCAD,5,
7910081101000000001100000,MULTAS DECORRENTES DE SENTENÇAS JUDICIAIS - FUMCAD,5,
7910081101000000001101000,Multas Decorrentes de Sentenças Judiciais - FUMCAD,5,
7910090000000000000000000,MULTAS E JUROS PREVISTOS EM CONTRATOS,5,
7910100000000000000000000,MULTAS PREVISTAS NA LEGISLAÇÃO SOBRE REGIME DE PREVIDÊNCIA PRIVADA COMPLEMENTAR,5,
7910110000000000000000000,MULTA POR DESCUMPRIMENTO DE OBRIGAÇÃO PREVIDENCIÁRIA ACESSÓRIA,5,
7920000000000000000000000,"INDENIZAÇÕES, RESTITUIÇÕES E RESSARCIMENTOS",5,
7921000000000000000000000,INDENIZAÇÕES,5,
7921010000000000000000000,INDENIZAÇÕES POR DANOS CAUSADOS AO PATRIMÔNIO PÚBLICO,5,
7921020000000000000000000,INDENIZAÇÃO POR POSSE OU OCUPAÇÃO ILÍCITA DE BENS PÚBLICOS,5,
7921030000000000000000000,INDENIZAÇÃO POR SINISTRO,5,
7921990000000000000000000,OUTRAS INDENIZAÇÕES,5,
7922000000000000000000000,RESTITUIÇÕES,5,
7922010000000000000000000,RESTITUIÇÃO DE CONVÊNIOS,5,
7922011000000000000000000,RESTITUIÇÃO DE CONVÊNIOS - PRIMÁRIAS,5,
7922011100000000000000000,RESTITUIÇÃO DE CONVÊNIOS - PRIMÁRIAS - PRINCIPAL,5,
7922011101000000000000000,RESTITUIÇÃO DE CONVÊNIOS - COHAB x IPREM,5,
7922011101000000001100000,RESTITUIÇÃO DE CONVÊNIOS - COHAB x IPREM,5,
7922011101000000001101000,Restituição De Convênios - COHAB x IPREM,5,
7922020000000000000000000,RESTITUIÇÃO DE BENEFÍCIOS NÃO DESEMBOLSADOS,5,
7922030000000000000000000,RESTITUIÇÃO DE BENEFÍCIOS PREVIDENCIÁRIOS,5,
7922040000000000000000000,RESTITUIÇÃO DE BENEFÍCIOS ASSISTENCIAIS,5,
7922050000000000000000000,RESTITUIÇÃO DE CONTRIBUIÇÕES PREVIDENCIÁRIAS COMPLEMENTARES,5,
7922060000000000000000000,RESTITUIÇÃO DE DESPESAS DE EXERCÍCIOS ANTERIORES,5,
7922070000000000000000000,RESTITUIÇÃO DE PARCELAS DO SEGURO DESEMPREGO RECEBIDAS INDEVIDAMENTE,5,
7922080000000000000000000,RESTITUIÇÃO DE GARANTIAS PRESTADAS,5,
7922090000000000000000000,RESTITUIÇÃO DE RECURSOS DE FOMENTO,5,
7922100000000000000000000,RESTITUIÇÃO DECORRENTE DA NÃO APLICAÇÃO DE INCENTIVOS FISCAIS,5,
7922110000000000000000000,RESTITUIÇÃO DECORRENTE DA APLICAÇÃO IRREGULAR DE RECURSOS ELEITORAIS,5,
7922990000000000000000000,OUTRAS RESTITUIÇÕES,5,
7922991000000000000000000,OUTRAS RESTITUIÇÕES,5,
7922991100000000000000000,OUTRAS RESTITUIÇÕES - PRINCIPAL,5,
7922991101000000000000000,RESTITUIÇÕES INTRAORÇAMENTÁRIAS,5,
7922991101010000000000000,RESTITUIÇÕES DIVERSAS - INTRA-ORÇAMENTÁRIA,5,
7922991101010000001100000,RESTITUIÇÕES DIVERSAS - INTRA-ORÇAMENTÁRIA,5,
7922991101010000001101000,Restituições Diversas - Intra-Orçamentária,5,
7922991101010000001109000,TOTAL DEDUÇÕES RESTITUIÇÕES DIVERSAS - INTRA-ORÇAMENTÁRIA,5,
7922991101010000001109001,Deduções Restituições Diversas - Intra-Orçamentária,5,
7922991101020000000000000,RESSARCIMENTO DE VALORES RELATIVOS AO PAGAMENTO DE PRECATÓRIOS,5,
7922991101020000001100000,RESSARCIMENTO DE VALORES RELATIVOS AO PAGAMENTO DE PRECATÓRIOS,5,
7922991101020000001101000,Ressarcimento de Valores Relativos ao Pagamento de Precatórios,5,
7922991101020000001109000,TOTAL DEDUÇÕES RESSARCIMENTO DE VALORES RELATIVOS AO PAGAMENTO DE PRECATÓRIOS,5,
7922991101020000001109001,Deduções Ressarcimento de Valores Relativos ao Pagamento de Precatórios,5,
7922991101030000000000000,REEMBOLSO - PRECATÓRIOS ADMINISTRAÇÃO INDIRETA,5,
7922991101030000001100000,REEMBOLSO - PRECATÓRIOS ADMINISTRAÇÃO INDIRETA,5,
7922991101030000001101000,Reembolso - Precatórios Administração Indireta,5,
7922991102000000000000000,REEMBOLSO DE VALORES RELATIVO A FUNERAL - LEI 8.989/79,5,
7922991102010000000000000,OUTROS SERVIÇOS DE TRANSPORTE,5,
7922991102010000001100000,OUTROS SERVIÇOS DE TRANSPORTE,5,
7922991102010000001101000,Outros Serviços de Transporte,5,
7922991102010000001109000,TOTAL DEDUÇÕES OUTROS SERVIÇOS DE TRANSPORTE,5,
7922991102010000001109001,Deduções Outros Serviços de Transporte,5,
7922991102020000000000000,COMERCIALIZAÇÃO DE URNAS E CAIXÕES,5,
7922991102020000001100000,COMERCIALIZAÇÃO DE URNAS E CAIXÕES,5,
7922991102020000001101000,Comercialização de Urnas e Caixões,5,
7922991102020000001109000,TOTAL DEDUÇÕES COMERCIALIZAÇÃO DE URNAS E CAIXÕES,5,
7922991102020000001109001,Deduções Comercialização de Urnas e Caixões,5,
7922991102030000000000000,COMERCIALIZAÇÃO DE FLORES,5,
7922991102030000001100000,COMERCIALIZAÇÃO DE FLORES,5,
7922991102030000001101000,Comercialização de Flores,5,
7922991102030000001109000,TOTAL DEDUÇÕES COMERCIALIZAÇÃO DE FLORES,5,
7922991102030000001109001,Deduções Comercialização de Flores,5,
7922991102040000000000000,SEPULTAMENTO,5,
7922991102040000001100000,SEPULTAMENTO,5,
7922991102040000001101000,Sepultamento,5,
7922991102040000001109000,TOTAL DEDUÇÕES SEPULTAMENTO,5,
7922991102040000001109001,Deduções Sepultamento,5,
7922991102050000000000000,VELÓRIO,5,
7922991102050000001100000,VELÓRIO,5,
7922991102050000001101000,Velório,5,
7922991102050000001109000,TOTAL DEDUÇÕES VELÓRIO,5,
7922991102050000001109001,Deduções Velório,5,
7922991102060000000000000,COMERCIALIZAÇÃO DE VELAS E LÂMPADAS,5,
7922991102060000001100000,COMERCIALIZAÇÃO DE VELAS E LÂMPADAS,5,
7922991102060000001101000,Comercialização de Velas e Lâmpadas,5,
7922991102060000001109000,TOTAL DEDUÇÕES COMERCIALIZAÇÃO DE VELAS E LÂMPADAS,5,
7922991102060000001109001,Deduções Comercialização de Velas e Lâmpadas,5,
7922991103000000000000000,REEMBOLSO DE VALORES RELATIVO A FUNERAL - LEI 11.479/94,5,
7922991103010000000000000,OUTROS SERVIÇOS DE TRANSPORTE,5,
7922991103010000001100000,OUTROS SERVIÇOS DE TRANSPORTE,5,
7922991103010000001101000,Outros Serviços de Transporte,5,
7922991103020000000000000,COMERCIALIZAÇÃO DE URNAS E CAIXÕES,5,
7922991103020000001100000,COMERCIALIZAÇÃO DE URNAS E CAIXÕES,5,
7922991103020000001101000,Comercialização de Urnas e Caixões,5,
7922991103030000000000000,COMERCIALIZAÇÃO DE FLORES,5,
7922991103030000001100000,COMERCIALIZAÇÃO DE FLORES,5,
7922991103030000001101000,Comercialização de Flores,5,
7922991103040000000000000,SEPULTAMENTO,5,
7922991103040000001100000,SEPULTAMENTO,5,
7922991103040000001101000,Sepultamento,5,
7922991103050000000000000,VELÓRIO,5,
7922991103050000001100000,VELÓRIO,5,
7922991103050000001101000,Velório,5,
7922991103060000000000000,COMERCIALIZAÇÃO DE VELAS E LÂMPADAS,5,
7922991103060000001100000,COMERCIALIZAÇÃO DE VELAS E LÂMPADAS,5,
7922991103060000001101000,Comercialização de Velas e Lâmpadas,5,
7923000000000000000000000,RESSARCIMENTOS,5,
7923010000000000000000000,RESSARCIMENTO POR OPERADORAS DE SEGUROS PRIVADOS DE ASSISTÊNCIA A SAÚDE,5,
7923020000000000000000000,RESSARCIMENTO DE CUSTOS,5,
7923030000000000000000000,REVERSÃO DE GARANTIAS,5,
7923040000000000000000000,RESSARCIMENTO AO REGIME GERAL DE PREVIDÊNCIA SOCIAL - RGPS,5,
7923990000000000000000000,OUTROS RESSARCIMENTOS,5,
7930000000000000000000000,"BENS, DIREITOS E VALORES INCORPORADOS AO PATRIMÔNIO PÚBLICO",5,
7930010000000000000000000,"BENS, DIREITOS E VALORES PERDIDOS EM FAVOR DO PODER PÚBLICO",5,
7930020000000000000000000,ALIENAÇÃO DE BENS APREENDIDOS,5,
7930030000000000000000000,DEPÓSITOS ABANDONADOS (DINHEIRO E/OU OBJETOS DE VALOR),5,
7930040000000000000000000,PRÊMIOS PRESCRITOS DE CONCURSOS DE PROGNÓSTICOS,5,
7990000000000000000000000,DEMAIS RECEITAS CORRENTES,5,
7990010000000000000000000,APORTES PERIÓDICOS PARA AMORTIZAÇÃO DE DÉFICIT ATUARIAL DO RPPS,5,
7990020000000000000000000,APORTES PERIÓDICOS PARA COMPENSAÇÕES AO RGPS,5,
7990030000000000000000000,COMPENSAÇÕES FINANCEIRAS ENTRE O REGIME GERAL E OS REGIMES PRÓPRIOS DE PREVIDÊNCIA DOS SERVIDORES,5,
7990040000000000000000000,CONTRIBUIÇÃO AO MONTEPIO CIVIL,5,
7990050000000000000000000,BARREIRAS TÉCNICAS AO COMÉRCIO EXTERIOR,5,
7990060000000000000000000,CONTRAPARTIDA DE SUBVENÇÕES OU SUBSÍDIOS,5,
7990070000000000000000000,DISPONIBILIDADES DE RECURSOS DO FUNDO SOCIAL,5,
7990080000000000000000000,PRÊMIO DO SEGURO OBRIGATÓRIO DE DANOS PESSOAIS CAUSADOS POR VEÍCULOS AUTOMOTORES DE VIA TERRESTRE - ,5,
7990090000000000000000000,PRESTAÇÃO DE CONTAS ELEITORAIS,5,
7990100000000000000000000,RESERVA GLOBAL DE REVERSÃO,5,
7990110000000000000000000,VARIAÇÃO CAMBIAL,5,
7990120000000000000000000,ENCARGOS LEGAIS PELA INSCRIÇÃO EM DÍVIDA ATIVA E RECEITAS DE ÔNUS DE SUCUMBÊNCIA,5,
7990121000000000000000000,ENCARGOS LEGAIS PELA INSCRIÇÃO EM DÍVIDA ATIVA,5,
7990121100000000000000000,ENCARGOS LEGAIS PELA INSCRIÇÃO EM DÍVIDA ATIVA - PRINCIPAL,5,
7990121101000000000000000,RECEITA DE HONORÁRIOS DE ADVOGADOS,5,
7990121101010000000000000,RECEITA DE HONORÁRIOS DE ADVOGADOS,5,
7990121101010000001100000,RECEITA DE HONORÁRIOS DE ADVOGADOS,5,
7990121101010000001101000,Receita de Honorários de Advogados - Intraorçamentária,5,
7990990000000000000000000,OUTRAS RECEITAS,5,
8000000000000000000000000,RECEITAS DE CAPITAL INTRAORÇAMENTÁRIAS,5,
8100000000000000000000000,OPERAÇÕES DE CRÉDITO INTRAORÇAMENTÁRIAS,5,
8110000000000000000000000,OPERAÇÕES DE CRÉDITO - MERCADO INTERNO,5,
8111000000000000000000000,TÍTULOS DE RESPONSABILIDADE DO TESOURO NACIONAL - MERCADO INTERNO,5,
8112000000000000000000000,OPERAÇÕES DE CRÉDITO CONTRATUAIS - MERCADO INTERNO,5,
8113000000000000000000000,EMPRÉSTIMOS COMPULSÓRIOS,5,
8118000000000000000000000,OPERAÇÕES DE CRÉDITO - MERCADO INTERNO - ESTADOS/DF/MUNICÍPIOS,5,
8118010000000000000000000,OPERAÇÕES DE CRÉDITO INTERNAS DE ESTADOS/DF/MUNICÍPIOS,5,
8119000000000000000000000,OUTRAS OPERAÇÕES DE CRÉDITO - MERCADO INTERNO,5,
8120000000000000000000000,OPERAÇÕES DE CRÉDITO - MERCADO EXTERNO,5,
8121000000000000000000000,TÍTULOS DE RESPONSABILIDADE DO TESOURO NACIONAL - MERCADO EXTERNO,5,
8122000000000000000000000,OPERAÇÕES DE CRÉDITO CONTRATUAIS - MERCADO EXTERNO,5,
8128000000000000000000000,OPERAÇÃO DE CRÉDITO EXTERNAS - ESTADOS/DF/MUNICÍPIOS,5,
8128010000000000000000000,OPERAÇÕES DE CRÉDITO EXTERNAS - ESTADOS/DF/ MUNICÍPIOS,5,
8129000000000000000000000,OUTRAS OPERAÇÕES DE CRÉDITO - MERCADO EXTERNO,5,
8200000000000000000000000,ALIENAÇÃO DE BENS INTRAORÇAMENTÁRIA,5,
8210000000000000000000000,ALIENAÇÃO DE BENS MÓVEIS,5,
8211000000000000000000000,ALIENAÇÃO DE TÍTULOS MOBILIÁRIOS,5,
8212000000000000000000000,ALIENAÇÃO DE ESTOQUES,5,
8212010000000000000000000,ALIENAÇÃO DE ESTOQUES DA POLÍTICA DE GARANTIA DE PREÇOS MÍNIMOS - PGPM,5,
8212020000000000000000000,ALIENAÇÃO DE ESTOQUES COMERCIAIS DESTINADOS A PROGRAMAS SOCIAIS,5,
8212030000000000000000000,ALIENAÇÃO DE ESTOQUES DO PROGRAMA DE AQUISIÇÃO DE ALIMENTOS - PAA,5,
8212040000000000000000000,ALIENAÇÃO DE ESTOQUES DE CAFÉ - FUNCAFÉ,5,
8213000000000000000000000,ALIENAÇÃO DE BENS MÓVEIS E SEMOVENTES,5,
8220000000000000000000000,ALIENAÇÃO DE BENS IMÓVEIS,5,
8220001000000000000000000,ALIENAÇÃO DE BENS IMÓVEIS,5,
8220001100000000000000000,ALIENAÇÃO DE BENS IMÓVEIS - PRINCIPAL,5,
8220001101000000000000000,ALIENAÇÃO DE BENS IMÓVEIS - IPREM,5,
8220001101000000001100000,ALIENAÇÃO DE BENS IMÓVEIS - IPREM,5,
8220001101000000001101000,Alienação de Bens Imóveis - IPREM,5,
8230000000000000000000000,ALIENAÇÃO DE BENS INTANGÍVEIS,5,
8300000000000000000000000,AMORTIZAÇÃO DE EMPRÉSTIMOS INTRAORÇAMENTÁRIA,5,
8300010000000000000000000,AMORTIZAÇÃO DE EMPRÉSTIMOS - BEA/BIB,5,
8300020000000000000000000,AMORTIZAÇÃO PROVENIENTE DA EXECUÇÃO DE GARANTIA - OPERAÇÕES DE CRÉDITO,5,
8300030000000000000000000,AMORTIZAÇÃO DE EMPRÉSTIMOS - ESTADOS E MUNICÍPIOS,5,
8300040000000000000000000,AMORTIZAÇÃO DE EMPRÉSTIMOS - REFINANCIAMENTO DE DÍVIDAS DE MÉDIO E LONGO PRAZO,5,
8300050000000000000000000,AMORTIZAÇÃO DE EMPRÉSTIMOS - PROGRAMA DAS OPERAÇÕES OFICIAIS DE CRÉDITO,5,
8300060000000000000000000,AMORTIZAÇÃO DE EMPRÉSTIMOS CONTRATUAIS,5,
8300070000000000000000000,AMORTIZAÇÃO DE FINANCIAMENTOS,5,
8300800000000000000000000,AMORTIZAÇÃO DE FINANCIAMENTO DO FUNDO DE FINANCIAMENTO AO ESTUDANTE DO ENSINO SUPERIOR - FIES,5,
8300801000000000000000000,AMORTIZAÇÃO DE FINANCIAMENTO DO FUNDO DE FINANCIAMENTO AO ESTUDANTE DO ENSINO SUPERIOR - FIES,5,
8400000000000000000000000,TRANSFERÊNCIAS DE CAPITAL INTRAORÇAMENTÁRIAS,5,
8410000000000000000000000,TRANSFERÊNCIAS DA UNIÃO E DE SUAS ENTIDADES,5,
8410001000000000000000000,TRANSFERÊNCIAS DA UNIÃO E DE SUAS ENTIDADES,5,
8418000000000000000000000,TRANSFERÊNCIAS DA UNIÃO,5,
8418010000000000000000000,TRANSFERÊNCIAS DA UNIÃO A CONSÓRCIOS PÚBLICOS,5,
8418030000000000000000000,TRANSFERÊNCIAS DE RECURSOS DO SISTEMA ÚNICO DE SAÚDE – SUS,5,
8418050000000000000000000,TRANSFERÊNCIAS DE RECURSOS DESTINADOS A PROGRAMAS DE EDUCAÇÃO,5,
8418100000000000000000000,TRANSFERÊNCIA DE CONVÊNIOS DA UNIÃO E DE SUAS ENTIDADES,5,
8418990000000000000000000,OUTRAS TRANSFERÊNCIAS DA UNIÃO,5,
8420000000000000000000000,TRANSFERÊNCIAS DOS ESTADOS E DO DISTRITO FEDERAL E DE SUAS ENTIDADES,5,
8420001000000000000000000,TRANSFERÊNCIAS DOS ESTADOS E DO DISTRITO FEDERAL E DE SUAS ENTIDADES,5,
8428000000000000000000000,"TRANSFERÊNCIAS DOS ESTADOS, DISTRITO FEDERAL, E DE SUAS ENTIDADES",5,
8428010000000000000000000,TRANSFERÊNCIAS DOS ESTADOS E DISTRITO FEDERAL A CONSÓRCIOS PÚBLICOS,5,
8428030000000000000000000,TRANSFERÊNCIAS DE RECURSOS DO SISTEMA ÚNICO DE SAÚDE – SUS,5,
8428050000000000000000000,TRANSFERÊNCIAS DE RECURSOS DESTINADOS A PROGRAMAS DE EDUCAÇÃO,5,
8428100000000000000000000,TRANSFERÊNCIAS DE CONVÊNIOS DOS ESTADOS E DO DISTRITO FEDERAL E DE SUAS ENTIDADES,5,
8428990000000000000000000,OUTRAS TRANSFERÊNCIAS DOS ESTADOS,5,
8428991000000000000000000,OUTRAS TRANSFERÊNCIAS DOS ESTADOS,5,
8428991100000000000000000,OUTRAS TRANSFERÊNCIAS DOS ESTADOS - PRINCIPAL,5,
8428991101000000000000000,OUTRAS TRANSFERÊNCIAS DOS ESTADOS - INTRA-ORÇAMENTÁRIA,5,
8428991101000000001100000,OUTRAS TRANSFERÊNCIAS DOS ESTADOS - INTRA-ORÇAMENTÁRIA,5,
8428991101000000001101000,Outras Transferências dos Estados - Intra-Orçamentária,5,
8428991101000000001109000,TOTAL DEDUÇÕES OUTRAS TRANSFERÊNCIAS DOS ESTADOS - INTRA-ORÇAMENTÁRIA,5,
8428991101000000001109001,Deduções Outras Transferências dos Estados - Intra-Orçamentária,5,
8430000000000000000000000,TRANSFERÊNCIAS DOS MUNICÍPIOS E DE SUAS ENTIDADES,5,
8430001000000000000000000,TRANSFERÊNCIAS DOS MUNICÍPIOS E DE SUAS ENTIDADES,5,
8438000000000000000000000,TRANSFERÊNCIAS DOS MUNICÍPIOS,5,
8438010000000000000000000,TRANSFERÊNCIAS DE MUNICÍPIOS A CONSÓRCIOS PÚBLICOS,5,
8438100000000000000000000,TRANSFERÊNCIAS DE CONVÊNIOS DOS MUNICÍPIOS E DE SUAS ENTIDADES,5,
8438109000000000000000000,OUTRAS TRANSFERÊNCIAS DE CONVÊNIOS DOS MUNICÍPIOS,5,
8438109100000000000000000,OUTRAS TRANSFERÊNCIAS DE CONVÊNIOS DOS MUNICÍPIOS - PRINCIPAL,5,
8438109102000000000000000,CONVÊNIO COHAB X SMC,5,
8438109102000000001100000,CONVÊNIO COHAB X SMC,5,
8438109102000000001101000,Convênio COHAB X SMC,5,
8438109102000000001109000,TOTAL DEDUÇÕES CONVÊNIO COHAB X SMC,5,
8438109102000000001109001,Deduções Convênio COHAB X SMC,5,
8438109103000000000000000,CONVÊNIO COHAB X SMS,5,
8438109103000000001100000,CONVÊNIO COHAB X SMS,5,
8438109103000000001101000,Convênio COHAB X SMS,5,
8438109103000000001109000,TOTAL DEDUÇÕES CONVÊNIO COHAB X SMS,5,
8438109103000000001109001,Deduções Convênio COHAB X SMS,5,
8438109104000000000000000,CONVÊNIO OPERAÇÕES URBANAS,5,
8438109104000000001100000,CONVÊNIO OPERAÇÕES URBANAS,5,
8438109104000000001101000,Convênio Operações Urbanas,5,
8438109104000000001109000,TOTAL DEDUÇÕES CONVÊNIO OPERAÇÕES URBANAS,5,
8438109104000000001109001,Deduções Convênio Operações Urbanas,5,
8438109105000000000000000,TRANSFERÊNCIAS FUNDURB,5,
8438109105000000001100000,TRANSFERÊNCIAS FUNDURB,5,
8438109105000000001101000,Transferências FUNDURB,5,
8438109105000000001109000,TOTAL DEDUÇÕES TRANSFERÊNCIAS FUNDURB,5,
8438109105000000001109001,Deduções Transferências FUNDURB,5,
8438109106000000000000000,CONVÊNIO SIURB - PAC,5,
8438109106000000001100000,CONVÊNIO SIURB - PAC,5,
8438109106000000001101000,Convênio SIURB - PAC,5,
8438109106000000001109000,TOTAL DEDUÇÕES CONVÊNIO SIURB - PAC,5,
8438109106000000001109001,Deduções Convênio SIURB - PAC,5,
8438109107000000000000000,CONVÊNIO COHAB X SMSUB,5,
8438109107000000001100000,CONVÊNIO COHAB X SMSUB,5,
8438109107000000001101000,Convênio COHAB X SMSUB,5,
8438109107000000001109000,TOTAL DEDUÇÕES CONVÊNIO COHAB X SMSUB,5,
8438109107000000001109001,Deduções Convênio COHAB X SMSUB,5,
8438109108000000000000000,Convênio SEHAB X COHAB,5,
8438109108000000001100000,Convênio SEHAB X COHAB,5,
8438109108000000001101000,Convênio SEHAB X COHAB,5,
8438109108000000001109000,Total Convênio SEHAB X COHAB,5,
8438109108000000001109001,Deduções Convênio SEHAB X COHAB,5,
8438990000000000000000000,OUTRAS TRANSFERÊNCIAS DOS MUNICÍPIOS,5,
8438991000000000000000000,OUTRAS TRANSFERÊNCIAS DOS MUNICÍPIOS,5,
8438991100000000000000000,OUTRAS TRANSFERÊNCIAS DOS MUNICÍPIOS - PRINCIPAL,5,
8438991101000000000000000,CONTRIBUIÇÕES DA PMSP - INTRA-ORÇAMENTÁRIA,5,
8438991101000000001100000,CONTRIBUIÇÕES DA PMSP - INTRA-ORÇAMENTÁRIA,5,
8438991101000000001101000,Contribuições da PMSP - Intra-Orçamentária,5,
8438991101000000001109000,TOTAL DEDUÇÕES CONTRIBUIÇÕES DA PMSP - INTRA-ORÇAMENTÁRIA,5,
8438991101000000001109001,Deduções Contribuições da PMSP - Intra-Orçamentária,5,
8438991102000000000000000,DESAPROPRIAÇÃO/ALIENAÇÃO COM RECURSOS DA PMSP,5,
8438991102000000001100000,DESAPROPRIAÇÃO/ALIENAÇÃO COM RECURSOS DA PMSP,5,
8438991102000000001101000,Desapropriação/Alienação com recursos da PMSP,5,
8438991102000000001109000,TOTAL DEDUÇÕES DESAPROPRIAÇÃO/ALIENAÇÃO COM RECURSOS DA PMSP,5,
8438991102000000001109001,Deduções Desapropriação/Alienação com recursos da PMSP,5,
8438991103000000000000000,PMSP X ADMINISTRAÇÃO INDIRETA,5,
8438991103000000001100000,PMSP X ADMINISTRAÇÃO INDIRETA,5,
8438991103000000001101000,PMSP x Administração Indireta,5,
8438991103000000001109000,TOTAL DEDUÇÕES PMSP X ADMINISTRAÇÃO INDIRETA,5,
8438991103000000001109001,Deduções PMSP x Administração Indireta,5,
8440000000000000000000000,TRANSFERÊNCIAS DE INSTITUIÇÕES PRIVADAS,5,
8440001000000000000000000,TRANSFERÊNCIAS DE INSTITUIÇÕES PRIVADAS,5,
8448000000000000000000000,TRANSFERÊNCIAS DE INSTITUIÇÕES PRIVADAS - ESPECÍFICA E/M,5,
8448100000000000000000000,TRANSFERÊNCIAS DE CONVÊNIOS DE INSTITUIÇÕES PRIVADAS,5,
8450000000000000000000000,TRANSFERÊNCIAS DE OUTRAS INSTITUIÇÕES PÚBLICAS,5,
8450001000000000000000000,TRANSFERÊNCIAS DE OUTRAS INSTITUIÇÕES PÚBLICAS,5,
8460000000000000000000000,TRANSFERÊNCIAS DO EXTERIOR,5,
8460001000000000000000000,TRANSFERÊNCIAS DO EXTERIOR,5,
8470000000000000000000000,TRANSFERÊNCIAS DE PESSOAS FÍSICAS,5,
8470001000000000000000000,TRANSFERÊNCIAS DE PESSOAS FÍSICAS,5,
8480000000000000000000000,TRANSFERÊNCIAS PROVENIENTES DE DEPÓSITO NÃO IDENTIFICADOS,5,
8480001000000000000000000,TRANSFERÊNCIAS PROVENIENTES DE DEPÓSITO NÃO IDENTIFICADOS - PRINCIPAL,5,
8900000000000000000000000,OUTRAS RECEITAS DE CAPITAL INTRAORÇAMENTÁRIAS,5,
8910000000000000000000000,INTEGRALIZAÇÃO DE CAPITAL SOCIAL,5,
8910001000000000000000000,INTEGRALIZAÇÃO DE CAPITAL SOCIAL,5,
8920000000000000000000000,RESULTADO DO BANCO CENTRAL,5,
8920001000000000000000000,RESULTADO DO BANCO CENTRAL - DEMAIS OPERAÇÕES,5,
8930000000000000000000000,REMUNERAÇÃO DAS DISPONIBILIDADES DO TESOURO,5,
8930001000000000000000000,REMUNERAÇÃO DAS DISPONIBILIDADES DO TESOURO,5,
8940000000000000000000000,RESGATE DE TÍTULOS DO TESOURO,5,
8940001000000000000000000,RESGATE DE TÍTULOS DO TESOURO,5,
8990000000000000000000000,DEMAIS RECEITAS DE CAPITAL,5,
8990001000000000000000000,DEMAIS RECEITAS DE CAPITAL,5,
8990001100000000000000000,DEMAIS RECEITAS DE CAPITAL - PRINCIPAL,5,
8990001101000000000000000,OUTORGA ONEROSA - LEI DE ANISTIA - LEI 13.558/03,5,
8990001101000000001100000,OUTORGA ONEROSA - LEI DE ANISTIA - LEI 13.558/03,5,
8990001101000000001101000,Outorga Onerosa - Lei de Anistia - Lei 13.558/03,5,
8990001101000000001109000,TOTAL DEDUÇÕES OUTORGA ONEROSA - LEI DE ANISTIA - LEI 13.558/03,5,
8990001101000000001109001,Deduções Outorga Onerosa - Lei de Anistia - Lei 13.558/03,5,
8990001102000000000000000,DEVOLUÇÃO DE VALORES NÃO UTILIZADOS EM CONVÊNIOS - PMSP,5,
8990001102000000001100000,DEVOLUÇÃO DE VALORES NÃO UTILIZADOS EM CONVÊNIOS - PMSP,5,
8990001102000000001101000,Devolução de Valores Não Utilizados em Convênios - PMSP,5,
8990001102000000001109000,TOTAL DEDUÇÕES DEVOLUÇÃO DE VALORES NÃO UTILIZADOS EM CONVÊNIOS - PMSP,5,
8990001102000000001109001,Deduções Devolução de Valores Não Utilizados em Convênios - PMSP,5,
8990001103000000000000000,DEVOLUÇÃO DE VALORES NÃO UTILIZADOS EM CONVÊNIOS - SMUL,5,
8990001103000000001100000,DEVOLUÇÃO DE VALORES NÃO UTILIZADOS EM CONVÊNIOS - SMUL,5,
8990001103000000001101000,Devolução de Valores Não Utilizados em Convênios - SMUL,5,
8990001103000000001109000,TOTAL DEDUÇÕES DEVOLUÇÃO DE VALORES NÃO UTILIZADOS EM CONVÊNIOS - SMUL,5,
8990001103000000001109001,Deduções Devolução de Valores Não Utilizados em Convênios - SMUL,5,
8990001104000000000000000,DEVOLUÇÃO DE VALORES NÃO UTILIZADOS EM DESAPROPRIAÇÕES – FUNDURB,5,
8990001104000000001100000,DEVOLUÇÃO DE VALORES NÃO UTILIZADOS EM DESAPROPRIAÇÕES – FUNDURB,5,
8990001104000000001101000,Devolução De Valores Não Utilizados Em Desapropriações – FUNDURB,5,
8990001105000000000000000,DEVOLUÇÃO DE VALORES TRANSFERIDOS NÃO UTILIZADOS - FMSAI,5,
8990001105000000001100000,DEVOLUÇÃO DE VALORES TRANSFERIDOS NÃO UTILIZADOS - FMSAI,5,
8990001105000000001101000,Devolução De Valores Transferidos Não Utilizados - FMSAI,5,
8998000000000000000000000,RECEITAS DE ALIENAÇÃO DE CERTIFICADOS DE POTENCIAL ADICIONAL DE CONSTRUÇÃO - CEPAC,5,
8998010000000000000000000,RECEITAS DE ALIENAÇÃO DE CERTIFICADOS DE POTENCIAL ADICIONAL DE CONSTRUÇÃO - CEPAC,5,
8998011000000000000000000,RECEITAS DE ALIENAÇÃO DE CERTIFICADOS DE POTENCIAL ADICIONAL DE CONSTRUÇÃO - CEPAC,5,
9000000000000000000000000,RECURSOS ARRECADADOS EM EXERCÍCIOS ANTERIORES,5,
9900000000000000000000000,RECURSOS ARRECADADOS EM EXERCÍCIOS ANTERIORES,5,
9990000000000000000000000,RECURSOS ARRECADADOS EM EXERCÍCIOS ANTERIORES,5,
9990000000000000001100000,RECURSOS ARRECADADOS EM EXERCÍCIOS ANTERIORES,5,
9990000000000000001101000,Recursos Arrecadados em Exercícios Anteriores,5,
