codEmpresa,nomEmpresa,numReserva,codEmpenho,anoEmpenho,mesEmpenho,datEmpenho,codProcesso,numCpfCnpj,txtRazaoSocial,numContrato,anoContrato,codOrgao,txDescricaoOrgao,codUnidade,txDescricaoUnidade,codFuncao,txDescricaoFuncao,codSubFuncao,txDescricaoSubFuncao,codPrograma,txDescricaoPrograma,codProjetoAtividade,txDescricaoProjetoAtividade,codCategoria,txDescricaoCategoriaEconomica,codGrupo,txDescricaoGrupoDespesa,codModalidade,txDescricaoModalidade,codElemento,txDescricaoElemento,codFonteRecurso,txDescricaoFonteRecurso,codItemDespesa,txDescricaoItemDespesa,codSubElemento,txDescricaoSubElementoDespesa,valTotalEmpenhado,valAnuladoEmpenho,valEmpenhadoLiquido,valLiquidado,valPagoExercicio,valPagoRestos,anexos,codReferencia,codDestinacaoRecurso,codVinculacaoRecurso,codExeFonte,numeroOriginalContrato
01,PREFEITURA DO MUNICÍPIO DE SÃO PAULO,24656,34533,2023,4,03/04/2023 00:00:00,6012202300050586,62162847000120,JOFEGE PAVIMENTACAO E CONSTRUCAO LTDA,7375,2023,07,Fundo Municipal de Desenvolvimento Social,10,Fundo Municipal de Desenvolvimento Social,15,Urbanismo,452,Serviços Urbanos,3022,Requalificação e Promoção da Ocupação dos Espaços Públicos,1137,Pavimentação e Recapeamento de Vias,4,Despesas de Capital,4,Investimentos,90,Aplicações Diretas,39,Manutenção e Conservação de Bens Imóveis,08.2.759.1224,PMSP-SF/COADM-Fundo Municipal de Desenvolvimento Social-FMD,1,Manutenção e Reformas de Bens Imóveis,1,Outros Serviços de Terceiros - Pessoa Jurídica,3226510.49,938401.82,2288108.67,2288108.67,2288108.67,0.0,"[{""siglaUnidadeMedida"": ""UN"", ""descricaoAnexo"": ""serviços de conservação e manutenção da malha viária da cidade de São Paulo"", ""qtdeAnexo"": 1, ""valorUnitarioAnexo"": 3226510.49}]",,,,,106/SMSUB/COGEL/2023
01,PREFEITURA DO MUNICÍPIO DE SÃO PAULO,24656,34546,2023,4,03/04/2023 00:00:00,6012202300050608,62162847000120,JOFEGE PAVIMENTACAO E CONSTRUCAO LTDA,7380,2023,07,Fundo Municipal de Desenvolvimento Social,10,Fundo Municipal de Desenvolvimento Social,15,Urbanismo,452,Serviços Urbanos,3022,Requalificação e Promoção da Ocupação dos Espaços Públicos,1137,Pavimentação e Recapeamento de Vias,4,Despesas de Capital,4,Investimentos,90,Aplicações Diretas,39,Manutenção e Conservação de Bens Imóveis,08.2.759.1224,PMSP-SF/COADM-Fundo Municipal de Desenvolvimento Social-FMD,1,Manutenção e Reformas de Bens Imóveis,1,Outros Serviços de Terceiros - Pessoa Jurídica,3659414.6,547692.8,3111721.8,3111721.8,3111721.8,0.0,"[{""siglaUnidadeMedida"": ""1"", ""descricaoAnexo"": ""Serviços de Manutenção e Conservação de Malha Viária da Cidade de São Paulo "", ""qtdeAnexo"": 1, ""valorUnitarioAnexo"": 3659414.6}]",,,,,112/SMSUB/COGEL/23
01,PREFEITURA DO MUNICÍPIO DE SÃO PAULO,24656,34552,2023,4,03/04/2023 00:00:00,6012202300050616,62162847000120,JOFEGE PAVIMENTACAO E CONSTRUCAO LTDA,7391,2023,07,Fundo Municipal de Desenvolvimento Social,10,Fundo Municipal de Desenvolvimento Social,15,Urbanismo,452,Serviços Urbanos,3022,Requalificação e Promoção da Ocupação dos Espaços Públicos,1137,Pavimentação e Recapeamento de Vias,4,Despesas de Capital,4,Investimentos,90,Aplicações Diretas,39,Manutenção e Conservação de Bens Imóveis,08.2.759.1224,PMSP-SF/COADM-Fundo Municipal de Desenvolvimento Social-FMD,1,Manutenção e Reformas de Bens Imóveis,1,Outros Serviços de Terceiros - Pessoa Jurídica,1911396.91,1911396.91,0.0,0.0,0.0,0.0,"[{""siglaUnidadeMedida"": ""UN"", ""descricaoAnexo"": ""Serviços de conservação e manutenção da malha viária da cidade de São Paulo"", ""qtdeAnexo"": 1, ""valorUnitarioAnexo"": 1911396.91}]",,,,,107/SMSUB/COGEL/2023
01,PREFEITURA DO MUNICÍPIO DE SÃO PAULO,24656,34574,2023,4,03/04/2023 00:00:00,6012202300050306,62162847000120,JOFEGE PAVIMENTACAO E CONSTRUCAO LTDA,7418,2023,07,Fundo Municipal de Desenvolvimento Social,10,Fundo Municipal de Desenvolvimento Social,15,Urbanismo,452,Serviços Urbanos,3022,Requalificação e Promoção da Ocupação dos Espaços Públicos,1137,Pavimentação e Recapeamento de Vias,4,Despesas de Capital,4,Investimentos,90,Aplicações Diretas,39,Manutenção e Conservação de Bens Imóveis,08.2.759.1224,PMSP-SF/COADM-Fundo Municipal de Desenvolvimento Social-FMD,1,Manutenção e Reformas de Bens Imóveis,1,Outros Serviços de Terceiros - Pessoa Jurídica,6435497.92,386139.38,6049358.54,6049358.54,6049358.54,0.0,"[{""siglaUnidadeMedida"": ""1"", ""descricaoAnexo"": ""Serviços de Conservação e Manutenção da Malha Viária da Cidade de São Paulo \n\n"", ""qtdeAnexo"": 1, ""valorUnitarioAnexo"": 6435497.92}]",,,,,092/SMSUB/COGEL/2023
01,PREFEITURA DO MUNICÍPIO DE SÃO PAULO,24656,34577,2023,4,03/04/2023 00:00:00,6012202300050837,62162847000120,JOFEGE PAVIMENTACAO E CONSTRUCAO LTDA,7421,2023,07,Fundo Municipal de Desenvolvimento Social,10,Fundo Municipal de Desenvolvimento Social,15,Urbanismo,452,Serviços Urbanos,3022,Requalificação e Promoção da Ocupação dos Espaços Públicos,1137,Pavimentação e Recapeamento de Vias,4,Despesas de Capital,4,Investimentos,90,Aplicações Diretas,39,Manutenção e Conservação de Bens Imóveis,08.2.759.1224,PMSP-SF/COADM-Fundo Municipal de Desenvolvimento Social-FMD,1,Manutenção e Reformas de Bens Imóveis,1,Outros Serviços de Terceiros - Pessoa Jurídica,1782543.89,354781.17,1427762.72,1427762.72,1427762.72,0.0,"[{""siglaUnidadeMedida"": ""UN"", ""descricaoAnexo"": ""Serviços de conservação e manutenção da malha viária da cidade de São Paulo"", ""qtdeAnexo"": 1, ""valorUnitarioAnexo"": 1782543.89}]",,,,,109/SMSUB/COGEL/2023
01,PREFEITURA DO MUNICÍPIO DE SÃO PAULO,24656,34585,2023,4,03/04/2023 00:00:00,6012202300050845,62162847000120,JOFEGE PAVIMENTACAO E CONSTRUCAO LTDA,7427,2023,07,Fundo Municipal de Desenvolvimento Social,10,Fundo Municipal de Desenvolvimento Social,15,Urbanismo,452,Serviços Urbanos,3022,Requalificação e Promoção da Ocupação dos Espaços Públicos,1137,Pavimentação e Recapeamento de Vias,4,Despesas de Capital,4,Investimentos,90,Aplicações Diretas,39,Manutenção e Conservação de Bens Imóveis,08.2.759.1224,PMSP-SF/COADM-Fundo Municipal de Desenvolvimento Social-FMD,1,Manutenção e Reformas de Bens Imóveis,1,Outros Serviços de Terceiros - Pessoa Jurídica,1465583.14,594464.82,871118.32,871118.32,871118.32,0.0,"[{""siglaUnidadeMedida"": ""UN"", ""descricaoAnexo"": ""serviços de conservação e manutenção da malha viária da cidade de São Paulo "", ""qtdeAnexo"": 1, ""valorUnitarioAnexo"": 1465583.14}]",,,,,110/SMSUB/COGEL/2023
01,PREFEITURA DO MUNICÍPIO DE SÃO PAULO,24656,34590,2023,4,03/04/2023 00:00:00,6012202300050314,62162847000120,JOFEGE PAVIMENTACAO E CONSTRUCAO LTDA,7429,2023,07,Fundo Municipal de Desenvolvimento Social,10,Fundo Municipal de Desenvolvimento Social,15,Urbanismo,452,Serviços Urbanos,3022,Requalificação e Promoção da Ocupação dos Espaços Públicos,1137,Pavimentação e Recapeamento de Vias,4,Despesas de Capital,4,Investimentos,90,Aplicações Diretas,39,Manutenção e Conservação de Bens Imóveis,08.2.759.1224,PMSP-SF/COADM-Fundo Municipal de Desenvolvimento Social-FMD,1,Manutenção e Reformas de Bens Imóveis,1,Outros Serviços de Terceiros - Pessoa Jurídica,5258355.2,1618588.33,3639766.87,3639766.87,3639766.87,0.0,"[{""siglaUnidadeMedida"": ""1"", ""descricaoAnexo"": ""Serviços de conservação e manutenção de malha viária da cidade de São Paulo"", ""qtdeAnexo"": 1, ""valorUnitarioAnexo"": 5258355.2}]",,,,,93/SMSUB/COGEL/2023
01,PREFEITURA DO MUNICÍPIO DE SÃO PAULO,24656,34599,2023,4,03/04/2023 00:00:00,6012202300050446,62162847000120,JOFEGE PAVIMENTACAO E CONSTRUCAO LTDA,7433,2023,07,Fundo Municipal de Desenvolvimento Social,10,Fundo Municipal de Desenvolvimento Social,15,Urbanismo,452,Serviços Urbanos,3022,Requalificação e Promoção da Ocupação dos Espaços Públicos,1137,Pavimentação e Recapeamento de Vias,4,Despesas de Capital,4,Investimentos,90,Aplicações Diretas,39,Manutenção e Conservação de Bens Imóveis,08.2.759.1224,PMSP-SF/COADM-Fundo Municipal de Desenvolvimento Social-FMD,1,Manutenção e Reformas de Bens Imóveis,1,Outros Serviços de Terceiros - Pessoa Jurídica,3598073.27,478291.63,3119781.64,3119781.64,3119781.64,0.0,"[{""siglaUnidadeMedida"": ""UN"", ""descricaoAnexo"": ""TC 111/SMSUB/COGEL/2023 - Via Rua Agamenon Pereira da Silva - Trecho Estrada da M' Boi Mirim"", ""qtdeAnexo"": 1, ""valorUnitarioAnexo"": 3598073.27}]",,,,,111/SMSUB/COGEL/2023
01,PREFEITURA DO MUNICÍPIO DE SÃO PAULO,24656,34604,2023,4,03/04/2023 00:00:00,6012202300050462,62162847000120,JOFEGE PAVIMENTACAO E CONSTRUCAO LTDA,7434,2023,07,Fundo Municipal de Desenvolvimento Social,10,Fundo Municipal de Desenvolvimento Social,15,Urbanismo,452,Serviços Urbanos,3022,Requalificação e Promoção da Ocupação dos Espaços Públicos,1137,Pavimentação e Recapeamento de Vias,4,Despesas de Capital,4,Investimentos,90,Aplicações Diretas,39,Manutenção e Conservação de Bens Imóveis,08.2.759.1224,PMSP-SF/COADM-Fundo Municipal de Desenvolvimento Social-FMD,1,Manutenção e Reformas de Bens Imóveis,1,Outros Serviços de Terceiros - Pessoa Jurídica,4791385.75,1186345.14,3605040.61,3605040.61,3605040.61,0.0,"[{""siglaUnidadeMedida"": ""1"", ""descricaoAnexo"": ""Serviços de conservação e manutenção de malha viaria da cidade de São Paulo \n"", ""qtdeAnexo"": 1, ""valorUnitarioAnexo"": 4791385.75}]",,,,,095/SUMSUB/COGEL/23
01,PREFEITURA DO MUNICÍPIO DE SÃO PAULO,24656,34623,2023,4,03/04/2023 00:00:00,6012202300050390,62162847000120,JOFEGE PAVIMENTACAO E CONSTRUCAO LTDA,7438,2023,07,Fundo Municipal de Desenvolvimento Social,10,Fundo Municipal de Desenvolvimento Social,15,Urbanismo,452,Serviços Urbanos,3022,Requalificação e Promoção da Ocupação dos Espaços Públicos,1137,Pavimentação e Recapeamento de Vias,4,Despesas de Capital,4,Investimentos,90,Aplicações Diretas,39,Manutenção e Conservação de Bens Imóveis,08.2.759.1224,PMSP-SF/COADM-Fundo Municipal de Desenvolvimento Social-FMD,1,Manutenção e Reformas de Bens Imóveis,1,Outros Serviços de Terceiros - Pessoa Jurídica,4781548.6,2045484.55,2736064.05,2736064.05,2736064.05,0.0,"[{""siglaUnidadeMedida"": ""UN"", ""descricaoAnexo"": ""Serviços de conservação e manutenção da malha viária da cidade de São Paulo"", ""qtdeAnexo"": 1, ""valorUnitarioAnexo"": 4781548.6}]",,,,,094/SMSUB/COGEL/2023
01,PREFEITURA DO MUNICÍPIO DE SÃO PAULO,24656,34625,2023,4,03/04/2023 00:00:00,6012202300050896,62162847000120,JOFEGE PAVIMENTACAO E CONSTRUCAO LTDA,7444,2023,07,Fundo Municipal de Desenvolvimento Social,10,Fundo Municipal de Desenvolvimento Social,15,Urbanismo,452,Serviços Urbanos,3022,Requalificação e Promoção da Ocupação dos Espaços Públicos,1137,Pavimentação e Recapeamento de Vias,4,Despesas de Capital,4,Investimentos,90,Aplicações Diretas,39,Manutenção e Conservação de Bens Imóveis,08.2.759.1224,PMSP-SF/COADM-Fundo Municipal de Desenvolvimento Social-FMD,1,Manutenção e Reformas de Bens Imóveis,1,Outros Serviços de Terceiros - Pessoa Jurídica,4736858.95,1811265.66,2925593.29,2925593.29,2925593.29,0.0,"[{""siglaUnidadeMedida"": ""1"", ""descricaoAnexo"": ""Serviços de conservação e manutenção de malha viária da cidade de São Paulo"", ""qtdeAnexo"": 1, ""valorUnitarioAnexo"": 4736858.95}]",,,,,102/SMSUB/COGEL/2023
01,PREFEITURA DO MUNICÍPIO DE SÃO PAULO,24656,34650,2023,4,03/04/2023 00:00:00,6012202300050560,62162847000120,JOFEGE PAVIMENTACAO E CONSTRUCAO LTDA,7462,2023,07,Fundo Municipal de Desenvolvimento Social,10,Fundo Municipal de Desenvolvimento Social,15,Urbanismo,452,Serviços Urbanos,3022,Requalificação e Promoção da Ocupação dos Espaços Públicos,1137,Pavimentação e Recapeamento de Vias,4,Despesas de Capital,4,Investimentos,90,Aplicações Diretas,39,Manutenção e Conservação de Bens Imóveis,08.2.759.1224,PMSP-SF/COADM-Fundo Municipal de Desenvolvimento Social-FMD,1,Manutenção e Reformas de Bens Imóveis,1,Outros Serviços de Terceiros - Pessoa Jurídica,4096725.47,882285.53,3214439.94,3214439.94,3214439.94,0.0,"[{""siglaUnidadeMedida"": ""1"", ""descricaoAnexo"": ""Serviços de conservação e manutenção de malha viária da cidade de São Paulo"", ""qtdeAnexo"": 1, ""valorUnitarioAnexo"": 4096725.47}]",,,,,098/SMSUB/COGEL/23
01,PREFEITURA DO MUNICÍPIO DE SÃO PAULO,24656,34682,2023,4,03/04/2023 00:00:00,6012202300050810,62162847000120,JOFEGE PAVIMENTACAO E CONSTRUCAO LTDA,7473,2023,07,Fundo Municipal de Desenvolvimento Social,10,Fundo Municipal de Desenvolvimento Social,15,Urbanismo,452,Serviços Urbanos,3022,Requalificação e Promoção da Ocupação dos Espaços Públicos,1137,Pavimentação e Recapeamento de Vias,4,Despesas de Capital,4,Investimentos,90,Aplicações Diretas,39,Manutenção e Conservação de Bens Imóveis,08.2.759.1224,PMSP-SF/COADM-Fundo Municipal de Desenvolvimento Social-FMD,1,Manutenção e Reformas de Bens Imóveis,1,Outros Serviços de Terceiros - Pessoa Jurídica,2797489.9,563467.97,2234021.93,2234021.93,2234021.93,0.0,"[{""siglaUnidadeMedida"": ""1"", ""descricaoAnexo"": ""Serviços de conservação e manutenção de malha viária da cidade de São Paulo"", ""qtdeAnexo"": 1, ""valorUnitarioAnexo"": 2797489.9}]",,,,,114/SMSUB/COGEL/2023
01,PREFEITURA DO MUNICÍPIO DE SÃO PAULO,24656,34704,2023,4,03/04/2023 00:00:00,6012202300050870,62162847000120,JOFEGE PAVIMENTACAO E CONSTRUCAO LTDA,7480,2023,07,Fundo Municipal de Desenvolvimento Social,10,Fundo Municipal de Desenvolvimento Social,15,Urbanismo,452,Serviços Urbanos,3022,Requalificação e Promoção da Ocupação dos Espaços Públicos,1137,Pavimentação e Recapeamento de Vias,4,Despesas de Capital,4,Investimentos,90,Aplicações Diretas,39,Manutenção e Conservação de Bens Imóveis,08.2.759.1224,PMSP-SF/COADM-Fundo Municipal de Desenvolvimento Social-FMD,1,Manutenção e Reformas de Bens Imóveis,1,Outros Serviços de Terceiros - Pessoa Jurídica,2862602.2,201771.11,2660831.09,2660831.09,2660831.09,0.0,"[{""siglaUnidadeMedida"": ""1"", ""descricaoAnexo"": ""Serviços de conservação e manutenção de malha viaria da cidade de São Paulo"", ""qtdeAnexo"": 1, ""valorUnitarioAnexo"": 2862602.2}]",,,,,116/SMSUB/COGEL/23
01,PREFEITURA DO MUNICÍPIO DE SÃO PAULO,24656,34714,2023,4,03/04/2023 00:00:00,6012202300050470,62162847000120,JOFEGE PAVIMENTACAO E CONSTRUCAO LTDA,7459,2023,07,Fundo Municipal de Desenvolvimento Social,10,Fundo Municipal de Desenvolvimento Social,15,Urbanismo,452,Serviços Urbanos,3022,Requalificação e Promoção da Ocupação dos Espaços Públicos,1137,Pavimentação e Recapeamento de Vias,4,Despesas de Capital,4,Investimentos,90,Aplicações Diretas,39,Manutenção e Conservação de Bens Imóveis,08.2.759.1224,PMSP-SF/COADM-Fundo Municipal de Desenvolvimento Social-FMD,1,Manutenção e Reformas de Bens Imóveis,1,Outros Serviços de Terceiros - Pessoa Jurídica,5150968.42,2083296.15,3067672.27,3067672.27,3067672.27,0.0,"[{""siglaUnidadeMedida"": ""UN"", ""descricaoAnexo"": ""TC 096/SMSUB/COGEL/2023 - Via Rua João Robalo - Trecho Rua Henrique Sam Mindlin "", ""qtdeAnexo"": 1, ""valorUnitarioAnexo"": 5150968.42}]",,,,,096/SMSUB/COGEL/2023
01,PREFEITURA DO MUNICÍPIO DE SÃO PAULO,24656,34728,2023,4,03/04/2023 00:00:00,6012202300050918,62162847000120,JOFEGE PAVIMENTACAO E CONSTRUCAO LTDA,7483,2023,07,Fundo Municipal de Desenvolvimento Social,10,Fundo Municipal de Desenvolvimento Social,15,Urbanismo,452,Serviços Urbanos,3022,Requalificação e Promoção da Ocupação dos Espaços Públicos,1137,Pavimentação e Recapeamento de Vias,4,Despesas de Capital,4,Investimentos,90,Aplicações Diretas,39,Manutenção e Conservação de Bens Imóveis,08.2.759.1224,PMSP-SF/COADM-Fundo Municipal de Desenvolvimento Social-FMD,1,Manutenção e Reformas de Bens Imóveis,1,Outros Serviços de Terceiros - Pessoa Jurídica,5291094.99,1166756.26,4124338.73,4124338.73,4124338.73,0.0,"[{""siglaUnidadeMedida"": ""UN"", ""descricaoAnexo"": ""Serviços de conservação e manutenção da malha viária da cidade de São Paulo"", ""qtdeAnexo"": 1, ""valorUnitarioAnexo"": 5291094.99}]",,,,,103/SMSUB/COGEL/2023
01,PREFEITURA DO MUNICÍPIO DE SÃO PAULO,26202,34977,2023,4,04/04/2023 00:00:00,201403371217,61699567000192,SPDM  ASSOCIACAO PAULISTA PARA O DESENVOLVIMENTO DA MEDICINA,21356,2018,07,Fundo Municipal de Desenvolvimento Social,10,Fundo Municipal de Desenvolvimento Social,10,Saúde,301,Atenção Básica,3003,"Ações e Serviços da Saúde em Atenção Básica, Especialidades e Vigilânc",5204,"Avança Saúde SP - Ampliação, Reforma e Requalificação de Equipamentos ",4,Despesas de Capital,4,Investimentos,50,Transferências a Instituições Privadas sem Fins Lucrativos,51,Serviços de Assistência à Saúde,08.2.759.1224,PMSP-SF/COADM-Fundo Municipal de Desenvolvimento Social-FMD,0,Obras e Reformas em Imóvel da Prefeitura,5,Obras e Instalações,319676.43,0.0,319676.43,319676.43,319676.43,0.0,"[{""siglaUnidadeMedida"": ""UN"", ""descricaoAnexo"": ""Despesas com a reforma da cobertura de toda a extensão do Complexo Vila Prudente, no CG R015/2015-SMS.G."", ""qtdeAnexo"": 1, ""valorUnitarioAnexo"": 319676.43}]",,,,,R015/2015-SMS/NTCSS
01,PREFEITURA DO MUNICÍPIO DE SÃO PAULO,24656,35817,2023,4,06/04/2023 00:00:00,6012202300056711,62162847000120,JOFEGE PAVIMENTACAO E CONSTRUCAO LTDA,8129,2023,07,Fundo Municipal de Desenvolvimento Social,10,Fundo Municipal de Desenvolvimento Social,15,Urbanismo,452,Serviços Urbanos,3022,Requalificação e Promoção da Ocupação dos Espaços Públicos,1137,Pavimentação e Recapeamento de Vias,4,Despesas de Capital,4,Investimentos,90,Aplicações Diretas,39,Manutenção e Conservação de Bens Imóveis,08.2.759.1224,PMSP-SF/COADM-Fundo Municipal de Desenvolvimento Social-FMD,1,Manutenção e Reformas de Bens Imóveis,1,Outros Serviços de Terceiros - Pessoa Jurídica,868379.71,223294.57,645085.14,645085.14,645085.14,0.0,"[{""siglaUnidadeMedida"": ""UN"", ""descricaoAnexo"": ""Serviços de conservação e manutenção da malha viária da cidade de São Paulo"", ""qtdeAnexo"": 1, ""valorUnitarioAnexo"": 868379.71}]",,,,,123/SMSUB/COGEL/2023
01,PREFEITURA DO MUNICÍPIO DE SÃO PAULO,24656,35851,2023,4,06/04/2023 00:00:00,6012202300052260,62162847000120,JOFEGE PAVIMENTACAO E CONSTRUCAO LTDA,8154,2023,07,Fundo Municipal de Desenvolvimento Social,10,Fundo Municipal de Desenvolvimento Social,15,Urbanismo,452,Serviços Urbanos,3022,Requalificação e Promoção da Ocupação dos Espaços Públicos,1137,Pavimentação e Recapeamento de Vias,4,Despesas de Capital,4,Investimentos,90,Aplicações Diretas,39,Manutenção e Conservação de Bens Imóveis,08.2.759.1224,PMSP-SF/COADM-Fundo Municipal de Desenvolvimento Social-FMD,1,Manutenção e Reformas de Bens Imóveis,1,Outros Serviços de Terceiros - Pessoa Jurídica,1000788.64,135745.91,865042.73,865042.73,865042.73,0.0,"[{""siglaUnidadeMedida"": ""UN"", ""descricaoAnexo"": ""serviços de conservação e manutenção da malha viária da cidade de São Paulo"", ""qtdeAnexo"": 1, ""valorUnitarioAnexo"": 1000788.64}]",,,,,104/SMSUB/COGEL/2023
01,PREFEITURA DO MUNICÍPIO DE SÃO PAULO,24656,35874,2023,4,06/04/2023 00:00:00,6012202300052538,37802710000145,TRIADE PAVIMENTACAO E CONSTRUCOES SA,8166,2023,07,Fundo Municipal de Desenvolvimento Social,10,Fundo Municipal de Desenvolvimento Social,15,Urbanismo,452,Serviços Urbanos,3022,Requalificação e Promoção da Ocupação dos Espaços Públicos,1137,Pavimentação e Recapeamento de Vias,4,Despesas de Capital,4,Investimentos,90,Aplicações Diretas,39,Manutenção e Conservação de Bens Imóveis,08.2.759.1224,PMSP-SF/COADM-Fundo Municipal de Desenvolvimento Social-FMD,1,Manutenção e Reformas de Bens Imóveis,1,Outros Serviços de Terceiros - Pessoa Jurídica,1524072.16,160307.92,1363764.24,1363764.24,1363764.24,0.0,"[{""siglaUnidadeMedida"": ""1"", ""descricaoAnexo"": ""Serviços de conservação e manutenção da malha viária da cidade de São Paulo "", ""qtdeAnexo"": 1, ""valorUnitarioAnexo"": 1524072.16}]",,,,,127/SMSUB/COGEL/2023
01,PREFEITURA DO MUNICÍPIO DE SÃO PAULO,24656,35875,2023,4,06/04/2023 00:00:00,6012202300050543,62162847000120,JOFEGE PAVIMENTACAO E CONSTRUCAO LTDA,8167,2023,07,Fundo Municipal de Desenvolvimento Social,10,Fundo Municipal de Desenvolvimento Social,15,Urbanismo,452,Serviços Urbanos,3022,Requalificação e Promoção da Ocupação dos Espaços Públicos,1137,Pavimentação e Recapeamento de Vias,4,Despesas de Capital,4,Investimentos,90,Aplicações Diretas,39,Manutenção e Conservação de Bens Imóveis,08.2.759.1224,PMSP-SF/COADM-Fundo Municipal de Desenvolvimento Social-FMD,1,Manutenção e Reformas de Bens Imóveis,1,Outros Serviços de Terceiros - Pessoa Jurídica,3197619.52,1347651.09,1849968.43,1849968.43,1849968.43,0.0,"[{""siglaUnidadeMedida"": ""UN"", ""descricaoAnexo"": ""Serviços de conservação e manutenção da malha viária da cidade de São Paulo"", ""qtdeAnexo"": 1, ""valorUnitarioAnexo"": 3197619.52}]",,,,,097/SMSUB/COGEL/2023
01,PREFEITURA DO MUNICÍPIO DE SÃO PAULO,24656,35895,2023,4,06/04/2023 00:00:00,6012202300052309,62162847000120,JOFEGE PAVIMENTACAO E CONSTRUCAO LTDA,8180,2023,07,Fundo Municipal de Desenvolvimento Social,10,Fundo Municipal de Desenvolvimento Social,15,Urbanismo,452,Serviços Urbanos,3022,Requalificação e Promoção da Ocupação dos Espaços Públicos,1137,Pavimentação e Recapeamento de Vias,4,Despesas de Capital,4,Investimentos,90,Aplicações Diretas,39,Manutenção e Conservação de Bens Imóveis,08.2.759.1224,PMSP-SF/COADM-Fundo Municipal de Desenvolvimento Social-FMD,1,Manutenção e Reformas de Bens Imóveis,1,Outros Serviços de Terceiros - Pessoa Jurídica,2750710.82,115069.15,2635641.67,2635641.67,2635641.67,0.0,"[{""siglaUnidadeMedida"": ""UN"", ""descricaoAnexo"": ""serviços de conservação e manutenção da malha viária da cidade de São Paulo"", ""qtdeAnexo"": 1, ""valorUnitarioAnexo"": 2750710.82}]",,,,,099/SMSUB/COGEL/2023
01,PREFEITURA DO MUNICÍPIO DE SÃO PAULO,24656,35955,2023,4,06/04/2023 00:00:00,6012202300052490,37802710000145,TRIADE PAVIMENTACAO E CONSTRUCOES SA,8216,2023,07,Fundo Municipal de Desenvolvimento Social,10,Fundo Municipal de Desenvolvimento Social,15,Urbanismo,452,Serviços Urbanos,3022,Requalificação e Promoção da Ocupação dos Espaços Públicos,1137,Pavimentação e Recapeamento de Vias,4,Despesas de Capital,4,Investimentos,90,Aplicações Diretas,39,Manutenção e Conservação de Bens Imóveis,08.2.759.1224,PMSP-SF/COADM-Fundo Municipal de Desenvolvimento Social-FMD,1,Manutenção e Reformas de Bens Imóveis,1,Outros Serviços de Terceiros - Pessoa Jurídica,3911758.16,1686505.56,2225252.6,2225252.6,2225252.6,0.0,"[{""siglaUnidadeMedida"": ""1"", ""descricaoAnexo"": ""Serviços de conservação e manutenção da malha viária da cidade de São Paulo"", ""qtdeAnexo"": 1, ""valorUnitarioAnexo"": 3911758.16}]",,,,,129/SMSUB/COGEL/23
01,PREFEITURA DO MUNICÍPIO DE SÃO PAULO,24656,36041,2023,4,06/04/2023 00:00:00,6012202300052317,62162847000120,JOFEGE PAVIMENTACAO E CONSTRUCAO LTDA,8202,2023,07,Fundo Municipal de Desenvolvimento Social,10,Fundo Municipal de Desenvolvimento Social,15,Urbanismo,452,Serviços Urbanos,3022,Requalificação e Promoção da Ocupação dos Espaços Públicos,1137,Pavimentação e Recapeamento de Vias,4,Despesas de Capital,4,Investimentos,90,Aplicações Diretas,39,Manutenção e Conservação de Bens Imóveis,08.2.759.1224,PMSP-SF/COADM-Fundo Municipal de Desenvolvimento Social-FMD,1,Manutenção e Reformas de Bens Imóveis,1,Outros Serviços de Terceiros - Pessoa Jurídica,4685083.79,181714.25,4503369.54,4503369.54,4503369.54,0.0,"[{""siglaUnidadeMedida"": ""UN"", ""descricaoAnexo"": ""Serviços de conservação e manutenção da malha viária da cidade de São Paulo"", ""qtdeAnexo"": 1, ""valorUnitarioAnexo"": 4685083.79}]",,,,,100/SMSUB/COGEL/2023
01,PREFEITURA DO MUNICÍPIO DE SÃO PAULO,24656,36047,2023,4,06/04/2023 00:00:00,6012202300052481,37802710000145,TRIADE PAVIMENTACAO E CONSTRUCOES SA,8296,2023,07,Fundo Municipal de Desenvolvimento Social,10,Fundo Municipal de Desenvolvimento Social,15,Urbanismo,452,Serviços Urbanos,3022,Requalificação e Promoção da Ocupação dos Espaços Públicos,1137,Pavimentação e Recapeamento de Vias,4,Despesas de Capital,4,Investimentos,90,Aplicações Diretas,39,Manutenção e Conservação de Bens Imóveis,08.2.759.1224,PMSP-SF/COADM-Fundo Municipal de Desenvolvimento Social-FMD,1,Manutenção e Reformas de Bens Imóveis,1,Outros Serviços de Terceiros - Pessoa Jurídica,3054294.12,1635200.58,1419093.54,1419093.54,1419093.54,0.0,"[{""siglaUnidadeMedida"": ""1"", ""descricaoAnexo"": ""Serviços de conservação e manutenção da malha viária da cidade de São Paulo"", ""qtdeAnexo"": 1, ""valorUnitarioAnexo"": 3054294.12}]",,,,,128/SMSUB/COGEL/2023
01,PREFEITURA DO MUNICÍPIO DE SÃO PAULO,24656,36056,2023,4,06/04/2023 00:00:00,6012202300052325,62162847000120,JOFEGE PAVIMENTACAO E CONSTRUCAO LTDA,8306,2023,07,Fundo Municipal de Desenvolvimento Social,10,Fundo Municipal de Desenvolvimento Social,15,Urbanismo,452,Serviços Urbanos,3022,Requalificação e Promoção da Ocupação dos Espaços Públicos,1137,Pavimentação e Recapeamento de Vias,4,Despesas de Capital,4,Investimentos,90,Aplicações Diretas,39,Manutenção e Conservação de Bens Imóveis,08.2.759.1224,PMSP-SF/COADM-Fundo Municipal de Desenvolvimento Social-FMD,1,Manutenção e Reformas de Bens Imóveis,1,Outros Serviços de Terceiros - Pessoa Jurídica,15126568.49,9681003.83,5445564.66,5445564.66,5445564.66,0.0,"[{""siglaUnidadeMedida"": ""UN"", ""descricaoAnexo"": ""Serviços de conservação e manutenção da malha viária da cidade de São Paulo"", ""qtdeAnexo"": 1, ""valorUnitarioAnexo"": 15126568.49}]",,,,,101/SMSUB/COGEL/2023
01,PREFEITURA DO MUNICÍPIO DE SÃO PAULO,24656,36070,2023,4,06/04/2023 00:00:00,6012202300052279,62162847000120,JOFEGE PAVIMENTACAO E CONSTRUCAO LTDA,8329,2023,07,Fundo Municipal de Desenvolvimento Social,10,Fundo Municipal de Desenvolvimento Social,15,Urbanismo,452,Serviços Urbanos,3022,Requalificação e Promoção da Ocupação dos Espaços Públicos,1137,Pavimentação e Recapeamento de Vias,4,Despesas de Capital,4,Investimentos,90,Aplicações Diretas,39,Manutenção e Conservação de Bens Imóveis,08.2.759.1224,PMSP-SF/COADM-Fundo Municipal de Desenvolvimento Social-FMD,1,Manutenção e Reformas de Bens Imóveis,1,Outros Serviços de Terceiros - Pessoa Jurídica,2021694.47,318837.56,1702856.91,1702856.91,1702856.91,0.0,"[{""siglaUnidadeMedida"": ""UN"", ""descricaoAnexo"": ""Serviços de conservação e manutenção da malha viária da cidade de São Paulo"", ""qtdeAnexo"": 1, ""valorUnitarioAnexo"": 2021694.47}]",,,,,105/SMSUB/COGEL/2023
01,PREFEITURA DO MUNICÍPIO DE SÃO PAULO,24656,36071,2023,4,06/04/2023 00:00:00,6012202300055936,62162847000120,JOFEGE PAVIMENTACAO E CONSTRUCAO LTDA,8325,2023,07,Fundo Municipal de Desenvolvimento Social,10,Fundo Municipal de Desenvolvimento Social,15,Urbanismo,452,Serviços Urbanos,3022,Requalificação e Promoção da Ocupação dos Espaços Públicos,1137,Pavimentação e Recapeamento de Vias,4,Despesas de Capital,4,Investimentos,90,Aplicações Diretas,39,Manutenção e Conservação de Bens Imóveis,08.2.759.1224,PMSP-SF/COADM-Fundo Municipal de Desenvolvimento Social-FMD,1,Manutenção e Reformas de Bens Imóveis,1,Outros Serviços de Terceiros - Pessoa Jurídica,6326148.05,1054320.38,5271827.67,5271827.67,5271827.67,0.0,"[{""siglaUnidadeMedida"": ""1"", ""descricaoAnexo"": ""Serviços de conservação e manutenção da malha viária na cidade de São Paulo"", ""qtdeAnexo"": 1, ""valorUnitarioAnexo"": 6326148.05}]",,,,,124/SMSUB/COGEL/23
01,PREFEITURA DO MUNICÍPIO DE SÃO PAULO,24656,36084,2023,4,06/04/2023 00:00:00,6012202300052295,62162847000120,JOFEGE PAVIMENTACAO E CONSTRUCAO LTDA,8341,2023,07,Fundo Municipal de Desenvolvimento Social,10,Fundo Municipal de Desenvolvimento Social,15,Urbanismo,452,Serviços Urbanos,3022,Requalificação e Promoção da Ocupação dos Espaços Públicos,1137,Pavimentação e Recapeamento de Vias,4,Despesas de Capital,4,Investimentos,90,Aplicações Diretas,39,Manutenção e Conservação de Bens Imóveis,08.2.759.1224,PMSP-SF/COADM-Fundo Municipal de Desenvolvimento Social-FMD,1,Manutenção e Reformas de Bens Imóveis,1,Outros Serviços de Terceiros - Pessoa Jurídica,4950365.0,2595940.23,2354424.77,2354424.77,2354424.77,0.0,"[{""siglaUnidadeMedida"": ""UN"", ""descricaoAnexo"": ""serviços de conservação e manutenção da malha viária da cidade de São Paulo "", ""qtdeAnexo"": 1, ""valorUnitarioAnexo"": 4950365.0}]",,,,,108/SMSUB/COGEL/2023
01,PREFEITURA DO MUNICÍPIO DE SÃO PAULO,24656,36092,2023,4,06/04/2023 00:00:00,6012202300055987,62162847000120,JOFEGE PAVIMENTACAO E CONSTRUCAO LTDA,8352,2023,07,Fundo Municipal de Desenvolvimento Social,10,Fundo Municipal de Desenvolvimento Social,15,Urbanismo,452,Serviços Urbanos,3022,Requalificação e Promoção da Ocupação dos Espaços Públicos,1137,Pavimentação e Recapeamento de Vias,4,Despesas de Capital,4,Investimentos,90,Aplicações Diretas,39,Manutenção e Conservação de Bens Imóveis,08.2.759.1224,PMSP-SF/COADM-Fundo Municipal de Desenvolvimento Social-FMD,1,Manutenção e Reformas de Bens Imóveis,1,Outros Serviços de Terceiros - Pessoa Jurídica,27016254.12,9696350.43,17319903.69,17319903.69,17319903.69,0.0,"[{""siglaUnidadeMedida"": ""1"", ""descricaoAnexo"": ""Serviços de conservação e manutenção da malha viária da cidade de São Paulo"", ""qtdeAnexo"": 1, ""valorUnitarioAnexo"": 27016254.12}]",,,,,125/SMSUB/COGEL/23
01,PREFEITURA DO MUNICÍPIO DE SÃO PAULO,24656,36115,2023,4,06/04/2023 00:00:00,6012202300050853,62162847000120,JOFEGE PAVIMENTACAO E CONSTRUCAO LTDA,8356,2023,07,Fundo Municipal de Desenvolvimento Social,10,Fundo Municipal de Desenvolvimento Social,15,Urbanismo,452,Serviços Urbanos,3022,Requalificação e Promoção da Ocupação dos Espaços Públicos,1137,Pavimentação e Recapeamento de Vias,4,Despesas de Capital,4,Investimentos,90,Aplicações Diretas,39,Manutenção e Conservação de Bens Imóveis,08.2.759.1224,PMSP-SF/COADM-Fundo Municipal de Desenvolvimento Social-FMD,1,Manutenção e Reformas de Bens Imóveis,1,Outros Serviços de Terceiros - Pessoa Jurídica,3194827.71,106070.59,3088757.12,3088757.12,3088757.12,0.0,"[{""siglaUnidadeMedida"": ""UN"", ""descricaoAnexo"": ""Serviços de conservação e manutenção da malha viária da cidade de São Paulo"", ""qtdeAnexo"": 1, ""valorUnitarioAnexo"": 3194827.71}]",,,,,115/SMSUB/COGEL/2023
01,PREFEITURA DO MUNICÍPIO DE SÃO PAULO,24656,36129,2023,4,06/04/2023 00:00:00,6012202300056002,62162847000120,JOFEGE PAVIMENTACAO E CONSTRUCAO LTDA,8366,2023,07,Fundo Municipal de Desenvolvimento Social,10,Fundo Municipal de Desenvolvimento Social,15,Urbanismo,452,Serviços Urbanos,3022,Requalificação e Promoção da Ocupação dos Espaços Públicos,1137,Pavimentação e Recapeamento de Vias,4,Despesas de Capital,4,Investimentos,90,Aplicações Diretas,39,Manutenção e Conservação de Bens Imóveis,08.2.759.1224,PMSP-SF/COADM-Fundo Municipal de Desenvolvimento Social-FMD,1,Manutenção e Reformas de Bens Imóveis,1,Outros Serviços de Terceiros - Pessoa Jurídica,23407618.18,14980875.64,1939201.09,1939201.09,1422279.84,516921.25,"[{""siglaUnidadeMedida"": ""1"", ""descricaoAnexo"": ""Serviços de conservação e manutenção da malha viária da cidade de São Paulo"", ""qtdeAnexo"": 1, ""valorUnitarioAnexo"": 23407618.18}]",,,,,122/SMSUB/COGEL/23
01,PREFEITURA DO MUNICÍPIO DE SÃO PAULO,24656,36132,2023,4,06/04/2023 00:00:00,6012202300050888,62162847000120,JOFEGE PAVIMENTACAO E CONSTRUCAO LTDA,8370,2023,07,Fundo Municipal de Desenvolvimento Social,10,Fundo Municipal de Desenvolvimento Social,15,Urbanismo,452,Serviços Urbanos,3022,Requalificação e Promoção da Ocupação dos Espaços Públicos,1137,Pavimentação e Recapeamento de Vias,4,Despesas de Capital,4,Investimentos,90,Aplicações Diretas,39,Manutenção e Conservação de Bens Imóveis,08.2.759.1224,PMSP-SF/COADM-Fundo Municipal de Desenvolvimento Social-FMD,1,Manutenção e Reformas de Bens Imóveis,1,Outros Serviços de Terceiros - Pessoa Jurídica,4164853.26,648194.2,3516659.06,3516659.06,3516659.06,0.0,"[{""siglaUnidadeMedida"": ""UN"", ""descricaoAnexo"": ""Serviços de conservação e manutenção da malha viária da cidade de São Paulo"", ""qtdeAnexo"": 1, ""valorUnitarioAnexo"": 4164853.26}]",,,,,117/SMSUB/COGEL/2023
01,PREFEITURA DO MUNICÍPIO DE SÃO PAULO,24656,36138,2023,4,06/04/2023 00:00:00,6012202300050950,62162847000120,JOFEGE PAVIMENTACAO E CONSTRUCAO LTDA,8376,2023,07,Fundo Municipal de Desenvolvimento Social,10,Fundo Municipal de Desenvolvimento Social,15,Urbanismo,452,Serviços Urbanos,3022,Requalificação e Promoção da Ocupação dos Espaços Públicos,1137,Pavimentação e Recapeamento de Vias,4,Despesas de Capital,4,Investimentos,90,Aplicações Diretas,39,Manutenção e Conservação de Bens Imóveis,08.2.759.1224,PMSP-SF/COADM-Fundo Municipal de Desenvolvimento Social-FMD,1,Manutenção e Reformas de Bens Imóveis,1,Outros Serviços de Terceiros - Pessoa Jurídica,4702761.8,1075006.46,3627755.34,3627755.34,3627755.34,0.0,"[{""siglaUnidadeMedida"": ""UN"", ""descricaoAnexo"": ""Serviços de conservação e manutenção da malha viária da cidade de São Paulo"", ""qtdeAnexo"": 1, ""valorUnitarioAnexo"": 4702761.8}]",,,,,118/SMSUB/COGEL/2023
01,PREFEITURA DO MUNICÍPIO DE SÃO PAULO,24656,36140,2023,4,06/04/2023 00:00:00,6012202300050594,62162847000120,JOFEGE PAVIMENTACAO E CONSTRUCAO LTDA,8378,2023,07,Fundo Municipal de Desenvolvimento Social,10,Fundo Municipal de Desenvolvimento Social,15,Urbanismo,452,Serviços Urbanos,3022,Requalificação e Promoção da Ocupação dos Espaços Públicos,1137,Pavimentação e Recapeamento de Vias,4,Despesas de Capital,4,Investimentos,90,Aplicações Diretas,39,Manutenção e Conservação de Bens Imóveis,08.2.759.1224,PMSP-SF/COADM-Fundo Municipal de Desenvolvimento Social-FMD,1,Manutenção e Reformas de Bens Imóveis,1,Outros Serviços de Terceiros - Pessoa Jurídica,30198964.72,19327337.42,10871627.3,10871627.3,10871627.3,0.0,"[{""siglaUnidadeMedida"": ""1"", ""descricaoAnexo"": "" Serviços de conservação e manutenção da malha viária da cidade de São Paulo"", ""qtdeAnexo"": 1, ""valorUnitarioAnexo"": 30198964.72}]",,,,,119/SMSUB/COGEL/23
01,PREFEITURA DO MUNICÍPIO DE SÃO PAULO,24656,36155,2023,4,06/04/2023 00:00:00,6012202300056487,62162847000120,JOFEGE PAVIMENTACAO E CONSTRUCAO LTDA,8393,2023,07,Fundo Municipal de Desenvolvimento Social,10,Fundo Municipal de Desenvolvimento Social,15,Urbanismo,452,Serviços Urbanos,3022,Requalificação e Promoção da Ocupação dos Espaços Públicos,1137,Pavimentação e Recapeamento de Vias,4,Despesas de Capital,4,Investimentos,90,Aplicações Diretas,39,Manutenção e Conservação de Bens Imóveis,08.2.759.1224,PMSP-SF/COADM-Fundo Municipal de Desenvolvimento Social-FMD,1,Manutenção e Reformas de Bens Imóveis,1,Outros Serviços de Terceiros - Pessoa Jurídica,1137567.23,1137567.23,0.0,0.0,0.0,0.0,"[{""siglaUnidadeMedida"": ""1"", ""descricaoAnexo"": ""Serviços de conservação e manutenção da malha viária da cidade de São Paulo"", ""qtdeAnexo"": 1, ""valorUnitarioAnexo"": 1137567.23}]",,,,,XXX/SMSUB/COGEL/23
01,PREFEITURA DO MUNICÍPIO DE SÃO PAULO,24656,36505,2023,4,10/04/2023 00:00:00,6012202300056487,62162847000120,JOFEGE PAVIMENTACAO E CONSTRUCAO LTDA,8596,2023,07,Fundo Municipal de Desenvolvimento Social,10,Fundo Municipal de Desenvolvimento Social,15,Urbanismo,452,Serviços Urbanos,3022,Requalificação e Promoção da Ocupação dos Espaços Públicos,1137,Pavimentação e Recapeamento de Vias,4,Despesas de Capital,4,Investimentos,90,Aplicações Diretas,39,Manutenção e Conservação de Bens Imóveis,08.2.759.1224,PMSP-SF/COADM-Fundo Municipal de Desenvolvimento Social-FMD,1,Manutenção e Reformas de Bens Imóveis,1,Outros Serviços de Terceiros - Pessoa Jurídica,1137567.23,17296.85,1120270.38,1120270.38,1120270.38,0.0,"[{""siglaUnidadeMedida"": ""UN"", ""descricaoAnexo"": ""serviços de conservação e manutenção da malha viária da cidade de São Paulo"", ""qtdeAnexo"": 1, ""valorUnitarioAnexo"": 1137567.23}]",,,,,126/SMSUB/COGEL/2023
01,PREFEITURA DO MUNICÍPIO DE SÃO PAULO,24656,36893,2023,4,11/04/2023 00:00:00,6012202300050667,62162847000120,JOFEGE PAVIMENTACAO E CONSTRUCAO LTDA,8850,2023,07,Fundo Municipal de Desenvolvimento Social,10,Fundo Municipal de Desenvolvimento Social,15,Urbanismo,452,Serviços Urbanos,3022,Requalificação e Promoção da Ocupação dos Espaços Públicos,1137,Pavimentação e Recapeamento de Vias,4,Despesas de Capital,4,Investimentos,90,Aplicações Diretas,39,Manutenção e Conservação de Bens Imóveis,08.2.759.1224,PMSP-SF/COADM-Fundo Municipal de Desenvolvimento Social-FMD,1,Manutenção e Reformas de Bens Imóveis,1,Outros Serviços de Terceiros - Pessoa Jurídica,1834270.78,191697.74,1642573.04,1642573.04,1642573.04,0.0,"[{""siglaUnidadeMedida"": ""1"", ""descricaoAnexo"": ""Serviços de conservação e manutenção da malha viária da cidade de São Paulo"", ""qtdeAnexo"": 1, ""valorUnitarioAnexo"": 1834270.78}]",,,,,113/SMSUB/COGEL/23
01,PREFEITURA DO MUNICÍPIO DE SÃO PAULO,24656,36910,2023,4,11/04/2023 00:00:00,6012202300043369,43677822000114,SOEBE CONSTRUÇÃO E PAVIMENTAÇÃO SA,8871,2023,07,Fundo Municipal de Desenvolvimento Social,10,Fundo Municipal de Desenvolvimento Social,15,Urbanismo,452,Serviços Urbanos,3022,Requalificação e Promoção da Ocupação dos Espaços Públicos,1137,Pavimentação e Recapeamento de Vias,4,Despesas de Capital,4,Investimentos,90,Aplicações Diretas,39,Manutenção e Conservação de Bens Imóveis,08.2.759.1224,PMSP-SF/COADM-Fundo Municipal de Desenvolvimento Social-FMD,1,Manutenção e Reformas de Bens Imóveis,1,Outros Serviços de Terceiros - Pessoa Jurídica,2090385.24,885222.33,1205162.91,1205162.91,1205162.91,0.0,"[{""siglaUnidadeMedida"": ""1"", ""descricaoAnexo"": ""Serviços de conservação e manutenção da malha viária da cidade de São Paulo"", ""qtdeAnexo"": 1, ""valorUnitarioAnexo"": 2090385.24}]",,,,,132/SMSUB/COGEL/23
01,PREFEITURA DO MUNICÍPIO DE SÃO PAULO,24656,36924,2023,4,11/04/2023 00:00:00,6012202300057149,43677822000114,SOEBE CONSTRUÇÃO E PAVIMENTAÇÃO SA,8882,2023,07,Fundo Municipal de Desenvolvimento Social,10,Fundo Municipal de Desenvolvimento Social,15,Urbanismo,452,Serviços Urbanos,3022,Requalificação e Promoção da Ocupação dos Espaços Públicos,1137,Pavimentação e Recapeamento de Vias,4,Despesas de Capital,4,Investimentos,90,Aplicações Diretas,39,Manutenção e Conservação de Bens Imóveis,08.2.759.1224,PMSP-SF/COADM-Fundo Municipal de Desenvolvimento Social-FMD,1,Manutenção e Reformas de Bens Imóveis,1,Outros Serviços de Terceiros - Pessoa Jurídica,28957115.96,24437115.7,4520000.26,4520000.26,4520000.26,0.0,"[{""siglaUnidadeMedida"": ""1"", ""descricaoAnexo"": ""Serviços de conservação e manutenção da malha viária da cidade de São Paulo"", ""qtdeAnexo"": 1, ""valorUnitarioAnexo"": 28957115.96}]",,,,,133/SMSUB/COGEL/23
01,PREFEITURA DO MUNICÍPIO DE SÃO PAULO,24656,36951,2023,4,11/04/2023 00:00:00,6012202300043318,66806555000133,FBS CONSTRUCAO CIVIL E PAVIMENTACAO S.A.,8890,2023,07,Fundo Municipal de Desenvolvimento Social,10,Fundo Municipal de Desenvolvimento Social,15,Urbanismo,452,Serviços Urbanos,3022,Requalificação e Promoção da Ocupação dos Espaços Públicos,1137,Pavimentação e Recapeamento de Vias,4,Despesas de Capital,4,Investimentos,90,Aplicações Diretas,39,Manutenção e Conservação de Bens Imóveis,08.2.759.1224,PMSP-SF/COADM-Fundo Municipal de Desenvolvimento Social-FMD,1,Manutenção e Reformas de Bens Imóveis,1,Outros Serviços de Terceiros - Pessoa Jurídica,3699477.33,2322797.73,1376679.6,1376679.6,1376679.6,0.0,"[{""siglaUnidadeMedida"": ""1"", ""descricaoAnexo"": ""Serviços de conservação e manutenção da malha viária da cidade de São Paulo"", ""qtdeAnexo"": 1, ""valorUnitarioAnexo"": 3699477.33}]",,,,,135/SMSUB/COGEL/2023
01,PREFEITURA DO MUNICÍPIO DE SÃO PAULO,28112,37014,2023,4,11/04/2023 00:00:00,201403371292,61699567000192,SPDM  ASSOCIACAO PAULISTA PARA O DESENVOLVIMENTO DA MEDICINA,21353,2018,07,Fundo Municipal de Desenvolvimento Social,10,Fundo Municipal de Desenvolvimento Social,10,Saúde,301,Atenção Básica,3003,"Ações e Serviços da Saúde em Atenção Básica, Especialidades e Vigilânc",5204,"Avança Saúde SP - Ampliação, Reforma e Requalificação de Equipamentos ",4,Despesas de Capital,4,Investimentos,50,Transferências a Instituições Privadas sem Fins Lucrativos,51,Serviços de Assistência à Saúde,08.2.759.1224,PMSP-SF/COADM-Fundo Municipal de Desenvolvimento Social-FMD,0,Obras e Reformas em Imóvel da OS ou de Terceiros,5,Obras e Instalações,946710.87,0.0,946710.87,946710.87,946710.87,0.0,"[{""siglaUnidadeMedida"": ""UN"", ""descricaoAnexo"": ""Despesas com reforma para acessibilidade nas dependências do novo imóvel do CAPS Adulto Aricanduva II."", ""qtdeAnexo"": 1, ""valorUnitarioAnexo"": 946710.87}]",,,,,R014/2015-SMS.G
01,PREFEITURA DO MUNICÍPIO DE SÃO PAULO,24656,37889,2023,4,12/04/2023 00:00:00,6012202300043296,66806555000133,FBS CONSTRUCAO CIVIL E PAVIMENTACAO S.A.,9508,2023,07,Fundo Municipal de Desenvolvimento Social,10,Fundo Municipal de Desenvolvimento Social,15,Urbanismo,452,Serviços Urbanos,3022,Requalificação e Promoção da Ocupação dos Espaços Públicos,1137,Pavimentação e Recapeamento de Vias,4,Despesas de Capital,4,Investimentos,90,Aplicações Diretas,39,Manutenção e Conservação de Bens Imóveis,08.2.759.1224,PMSP-SF/COADM-Fundo Municipal de Desenvolvimento Social-FMD,1,Manutenção e Reformas de Bens Imóveis,1,Outros Serviços de Terceiros - Pessoa Jurídica,5290372.45,2800739.47,2489632.98,2489632.98,2489632.98,0.0,"[{""siglaUnidadeMedida"": ""UN"", ""descricaoAnexo"": ""serviços de conservação e manutenção da malha viária da cidade de São Paulo"", ""qtdeAnexo"": 1, ""valorUnitarioAnexo"": 5290372.45}]",,,,,134/SMSUB/COGEL/2023
01,PREFEITURA DO MUNICÍPIO DE SÃO PAULO,24656,37918,2023,4,12/04/2023 00:00:00,6012202300052511,66806555000133,FBS CONSTRUCAO CIVIL E PAVIMENTACAO S.A.,9531,2023,07,Fundo Municipal de Desenvolvimento Social,10,Fundo Municipal de Desenvolvimento Social,15,Urbanismo,452,Serviços Urbanos,3022,Requalificação e Promoção da Ocupação dos Espaços Públicos,1137,Pavimentação e Recapeamento de Vias,4,Despesas de Capital,4,Investimentos,90,Aplicações Diretas,39,Manutenção e Conservação de Bens Imóveis,08.2.759.1224,PMSP-SF/COADM-Fundo Municipal de Desenvolvimento Social-FMD,1,Manutenção e Reformas de Bens Imóveis,1,Outros Serviços de Terceiros - Pessoa Jurídica,5544007.25,3007392.0,2536615.25,2536615.25,2536615.25,0.0,"[{""siglaUnidadeMedida"": ""UN"", ""descricaoAnexo"": ""serviços de conservação e manutenção da malha viária da cidade de São Paulo"", ""qtdeAnexo"": 1, ""valorUnitarioAnexo"": 5544007.25}]",,,,,137/SMSUB/COGEL/2023
01,PREFEITURA DO MUNICÍPIO DE SÃO PAULO,24656,38347,2023,4,13/04/2023 00:00:00,6012202300043326,66806555000133,FBS CONSTRUCAO CIVIL E PAVIMENTACAO S.A.,9553,2023,07,Fundo Municipal de Desenvolvimento Social,10,Fundo Municipal de Desenvolvimento Social,15,Urbanismo,452,Serviços Urbanos,3022,Requalificação e Promoção da Ocupação dos Espaços Públicos,1137,Pavimentação e Recapeamento de Vias,4,Despesas de Capital,4,Investimentos,90,Aplicações Diretas,39,Manutenção e Conservação de Bens Imóveis,08.2.759.1224,PMSP-SF/COADM-Fundo Municipal de Desenvolvimento Social-FMD,1,Manutenção e Reformas de Bens Imóveis,1,Outros Serviços de Terceiros - Pessoa Jurídica,7700940.33,4049700.66,3651239.67,3651239.67,3651239.67,0.0,"[{""siglaUnidadeMedida"": ""UN"", ""descricaoAnexo"": ""serviços de conservação e manutenção da malha viária da cidade de São Paulo"", ""qtdeAnexo"": 1, ""valorUnitarioAnexo"": 7700940.33}]",,,,,139/SMSUB/COGEL/2023
01,PREFEITURA DO MUNICÍPIO DE SÃO PAULO,24656,38379,2023,4,13/04/2023 00:00:00,6012202300052503,66806555000133,FBS CONSTRUCAO CIVIL E PAVIMENTACAO S.A.,9826,2023,07,Fundo Municipal de Desenvolvimento Social,10,Fundo Municipal de Desenvolvimento Social,15,Urbanismo,452,Serviços Urbanos,3022,Requalificação e Promoção da Ocupação dos Espaços Públicos,1137,Pavimentação e Recapeamento de Vias,4,Despesas de Capital,4,Investimentos,90,Aplicações Diretas,39,Manutenção e Conservação de Bens Imóveis,08.2.759.1224,PMSP-SF/COADM-Fundo Municipal de Desenvolvimento Social-FMD,1,Manutenção e Reformas de Bens Imóveis,1,Outros Serviços de Terceiros - Pessoa Jurídica,7039486.03,4127920.77,2911565.26,2911565.26,2911565.26,0.0,"[{""siglaUnidadeMedida"": ""UN"", ""descricaoAnexo"": ""serviços de conservação e manutenção da malha viária da cidade de São Paulo"", ""qtdeAnexo"": 1, ""valorUnitarioAnexo"": 7039486.03}]",,,,,136/SMSUB/COGEL/2023
01,PREFEITURA DO MUNICÍPIO DE SÃO PAULO,24656,38403,2023,4,13/04/2023 00:00:00,6012202300060816,66806555000133,FBS CONSTRUCAO CIVIL E PAVIMENTACAO S.A.,9839,2023,07,Fundo Municipal de Desenvolvimento Social,10,Fundo Municipal de Desenvolvimento Social,15,Urbanismo,452,Serviços Urbanos,3022,Requalificação e Promoção da Ocupação dos Espaços Públicos,1137,Pavimentação e Recapeamento de Vias,4,Despesas de Capital,4,Investimentos,90,Aplicações Diretas,39,Manutenção e Conservação de Bens Imóveis,08.2.759.1224,PMSP-SF/COADM-Fundo Municipal de Desenvolvimento Social-FMD,1,Manutenção e Reformas de Bens Imóveis,1,Outros Serviços de Terceiros - Pessoa Jurídica,5036561.91,2653323.27,2383238.64,2383238.64,2383238.64,0.0,"[{""siglaUnidadeMedida"": ""UN"", ""descricaoAnexo"": ""serviços de conservação e manutenção da malha viária da cidade de São Paulo"", ""qtdeAnexo"": 1, ""valorUnitarioAnexo"": 5036561.91}]",,,,,138/SMSUB/COGEL/2023
01,PREFEITURA DO MUNICÍPIO DE SÃO PAULO,24656,38589,2023,4,13/04/2023 00:00:00,6012202300043385,43677822000114,SOEBE CONSTRUÇÃO E PAVIMENTAÇÃO SA,9878,2023,07,Fundo Municipal de Desenvolvimento Social,10,Fundo Municipal de Desenvolvimento Social,15,Urbanismo,452,Serviços Urbanos,3022,Requalificação e Promoção da Ocupação dos Espaços Públicos,1137,Pavimentação e Recapeamento de Vias,4,Despesas de Capital,4,Investimentos,90,Aplicações Diretas,39,Manutenção e Conservação de Bens Imóveis,08.2.759.1224,PMSP-SF/COADM-Fundo Municipal de Desenvolvimento Social-FMD,1,Manutenção e Reformas de Bens Imóveis,1,Outros Serviços de Terceiros - Pessoa Jurídica,1153844.32,664839.75,489004.57,489004.57,489004.57,0.0,"[{""siglaUnidadeMedida"": ""1"", ""descricaoAnexo"": ""Serviços de conservação e manutenção da malha viária da cidade de São Paulo "", ""qtdeAnexo"": 1, ""valorUnitarioAnexo"": 1153844.32}]",,,,,150/SMSUB/COGEL/2023
01,PREFEITURA DO MUNICÍPIO DE SÃO PAULO,24656,38769,2023,4,13/04/2023 00:00:00,6012202300056673,62162847000120,JOFEGE PAVIMENTACAO E CONSTRUCAO LTDA,9891,2023,07,Fundo Municipal de Desenvolvimento Social,10,Fundo Municipal de Desenvolvimento Social,15,Urbanismo,452,Serviços Urbanos,3022,Requalificação e Promoção da Ocupação dos Espaços Públicos,1137,Pavimentação e Recapeamento de Vias,4,Despesas de Capital,4,Investimentos,90,Aplicações Diretas,39,Manutenção e Conservação de Bens Imóveis,08.2.759.1224,PMSP-SF/COADM-Fundo Municipal de Desenvolvimento Social-FMD,1,Manutenção e Reformas de Bens Imóveis,1,Outros Serviços de Terceiros - Pessoa Jurídica,1409242.32,197760.2,1211482.12,1211482.12,1211482.12,0.0,"[{""siglaUnidadeMedida"": ""1"", ""descricaoAnexo"": ""Serviços de conservação e manutenção da malha viária da cidade de São Paulo "", ""qtdeAnexo"": 1, ""valorUnitarioAnexo"": 1409242.32}]",,,,,142/SMSUB/COGEL/2023
01,PREFEITURA DO MUNICÍPIO DE SÃO PAULO,24656,38796,2023,4,13/04/2023 00:00:00,6012202300052554,37802710000145,TRIADE PAVIMENTACAO E CONSTRUCOES SA,9910,2023,07,Fundo Municipal de Desenvolvimento Social,10,Fundo Municipal de Desenvolvimento Social,15,Urbanismo,452,Serviços Urbanos,3022,Requalificação e Promoção da Ocupação dos Espaços Públicos,1137,Pavimentação e Recapeamento de Vias,4,Despesas de Capital,4,Investimentos,90,Aplicações Diretas,39,Manutenção e Conservação de Bens Imóveis,08.2.759.1224,PMSP-SF/COADM-Fundo Municipal de Desenvolvimento Social-FMD,1,Manutenção e Reformas de Bens Imóveis,1,Outros Serviços de Terceiros - Pessoa Jurídica,3376064.4,557568.61,2818495.79,2818495.79,2818495.79,0.0,"[{""siglaUnidadeMedida"": ""UN"", ""descricaoAnexo"": ""Serviços de conservação e manutenção da malha viária da cidade de São Paulo"", ""qtdeAnexo"": 1, ""valorUnitarioAnexo"": 3376064.4}]",,,,,140/SMSUB/COGEL/2023
01,PREFEITURA DO MUNICÍPIO DE SÃO PAULO,24656,38844,2023,4,13/04/2023 00:00:00,6012202300052473,37802710000145,TRIADE PAVIMENTACAO E CONSTRUCOES SA,9918,2023,07,Fundo Municipal de Desenvolvimento Social,10,Fundo Municipal de Desenvolvimento Social,15,Urbanismo,452,Serviços Urbanos,3022,Requalificação e Promoção da Ocupação dos Espaços Públicos,1137,Pavimentação e Recapeamento de Vias,4,Despesas de Capital,4,Investimentos,90,Aplicações Diretas,39,Manutenção e Conservação de Bens Imóveis,08.2.759.1224,PMSP-SF/COADM-Fundo Municipal de Desenvolvimento Social-FMD,1,Manutenção e Reformas de Bens Imóveis,1,Outros Serviços de Terceiros - Pessoa Jurídica,20103894.97,15681038.08,4422856.89,4422856.89,4422856.89,0.0,"[{""siglaUnidadeMedida"": ""UN"", ""descricaoAnexo"": ""Serviços de conservação e manutenção da malha viária da cidade de São Paulo"", ""qtdeAnexo"": 1, ""valorUnitarioAnexo"": 20103894.97}]",,,,,141/SMSUB/COGEL/2023
01,PREFEITURA DO MUNICÍPIO DE SÃO PAULO,24656,39459,2023,4,14/04/2023 00:00:00,6012202300061529,01065014000156,FREMIX PAVIMENTACAO E CONSTRUCOES LTDA ,10076,2023,07,Fundo Municipal de Desenvolvimento Social,10,Fundo Municipal de Desenvolvimento Social,15,Urbanismo,452,Serviços Urbanos,3022,Requalificação e Promoção da Ocupação dos Espaços Públicos,1137,Pavimentação e Recapeamento de Vias,4,Despesas de Capital,4,Investimentos,90,Aplicações Diretas,39,Manutenção e Conservação de Bens Imóveis,08.2.759.1224,PMSP-SF/COADM-Fundo Municipal de Desenvolvimento Social-FMD,1,Manutenção e Reformas de Bens Imóveis,1,Outros Serviços de Terceiros - Pessoa Jurídica,12159877.51,11407099.23,752778.28,752778.28,752778.28,0.0,"[{""siglaUnidadeMedida"": ""UN"", ""descricaoAnexo"": ""Serviços de Conservação e Manutenção da Malha Viária da Cidade de São Paulo"", ""qtdeAnexo"": 1, ""valorUnitarioAnexo"": 12159877.51}]",,,,,145/SMSUB/COGEL
01,PREFEITURA DO MUNICÍPIO DE SÃO PAULO,24656,39466,2023,4,14/04/2023 00:00:00,6012202300061820,43677822000114,SOEBE CONSTRUÇÃO E PAVIMENTAÇÃO SA,10082,2023,07,Fundo Municipal de Desenvolvimento Social,10,Fundo Municipal de Desenvolvimento Social,15,Urbanismo,452,Serviços Urbanos,3022,Requalificação e Promoção da Ocupação dos Espaços Públicos,1137,Pavimentação e Recapeamento de Vias,4,Despesas de Capital,4,Investimentos,90,Aplicações Diretas,39,Manutenção e Conservação de Bens Imóveis,08.2.759.1224,PMSP-SF/COADM-Fundo Municipal de Desenvolvimento Social-FMD,1,Manutenção e Reformas de Bens Imóveis,1,Outros Serviços de Terceiros - Pessoa Jurídica,1902528.54,831099.94,1071428.6,1071428.6,1071428.6,0.0,"[{""siglaUnidadeMedida"": ""UN"", ""descricaoAnexo"": ""Serviços de Conservação e Manutenção da Malha Viária da Cidade de São Paulo"", ""qtdeAnexo"": 1, ""valorUnitarioAnexo"": 1902528.54}]",,,,,148/SMSUB/COGEL/2023
01,PREFEITURA DO MUNICÍPIO DE SÃO PAULO,24656,40572,2023,4,17/04/2023 00:00:00,6012202300061502,01065014000156,FREMIX PAVIMENTACAO E CONSTRUCOES LTDA ,10208,2023,07,Fundo Municipal de Desenvolvimento Social,10,Fundo Municipal de Desenvolvimento Social,15,Urbanismo,452,Serviços Urbanos,3022,Requalificação e Promoção da Ocupação dos Espaços Públicos,1137,Pavimentação e Recapeamento de Vias,4,Despesas de Capital,4,Investimentos,90,Aplicações Diretas,39,Manutenção e Conservação de Bens Imóveis,08.2.759.1224,PMSP-SF/COADM-Fundo Municipal de Desenvolvimento Social-FMD,1,Manutenção e Reformas de Bens Imóveis,1,Outros Serviços de Terceiros - Pessoa Jurídica,10950637.75,10950637.75,0.0,0.0,0.0,0.0,"[{""siglaUnidadeMedida"": ""UN"", ""descricaoAnexo"": ""Serviços de Conservação e Manutenção da Malha Viária da Cidade de São Paulo"", ""qtdeAnexo"": 1, ""valorUnitarioAnexo"": 10950637.75}]",,,,,144/SMSUB/COGEL/2023
01,PREFEITURA DO MUNICÍPIO DE SÃO PAULO,24656,40598,2023,4,17/04/2023 00:00:00,6012202300052449,01065014000156,FREMIX PAVIMENTACAO E CONSTRUCOES LTDA ,10219,2023,07,Fundo Municipal de Desenvolvimento Social,10,Fundo Municipal de Desenvolvimento Social,15,Urbanismo,452,Serviços Urbanos,3022,Requalificação e Promoção da Ocupação dos Espaços Públicos,1137,Pavimentação e Recapeamento de Vias,4,Despesas de Capital,4,Investimentos,90,Aplicações Diretas,39,Manutenção e Conservação de Bens Imóveis,08.2.759.1224,PMSP-SF/COADM-Fundo Municipal de Desenvolvimento Social-FMD,1,Manutenção e Reformas de Bens Imóveis,1,Outros Serviços de Terceiros - Pessoa Jurídica,9222103.76,7562125.08,1659978.68,1659978.68,1659978.68,0.0,"[{""siglaUnidadeMedida"": ""UN"", ""descricaoAnexo"": ""serviços de conservação e manutenção da malha viária da cidade de São Paulo "", ""qtdeAnexo"": 1, ""valorUnitarioAnexo"": 9222103.76}]",,,,,152/SMSUB/COGEL/2023
01,PREFEITURA DO MUNICÍPIO DE SÃO PAULO,24656,40724,2023,4,17/04/2023 00:00:00,6012202300043393,43677822000114,SOEBE CONSTRUÇÃO E PAVIMENTAÇÃO SA,10251,2023,07,Fundo Municipal de Desenvolvimento Social,10,Fundo Municipal de Desenvolvimento Social,15,Urbanismo,452,Serviços Urbanos,3022,Requalificação e Promoção da Ocupação dos Espaços Públicos,1137,Pavimentação e Recapeamento de Vias,4,Despesas de Capital,4,Investimentos,90,Aplicações Diretas,39,Manutenção e Conservação de Bens Imóveis,08.2.759.1224,PMSP-SF/COADM-Fundo Municipal de Desenvolvimento Social-FMD,1,Manutenção e Reformas de Bens Imóveis,1,Outros Serviços de Terceiros - Pessoa Jurídica,5176997.27,2205800.43,2971196.84,2971196.84,2971196.84,0.0,"[{""siglaUnidadeMedida"": ""UN"", ""descricaoAnexo"": ""Serviços de Conservação e Manutenção da Malha Viária da Cidade de São Paulo"", ""qtdeAnexo"": 1, ""valorUnitarioAnexo"": 5176997.27}]",,,,,146/SMSUB/COGEL/2023
01,PREFEITURA DO MUNICÍPIO DE SÃO PAULO,24656,40751,2023,4,17/04/2023 00:00:00,6012202300061715,43677822000114,SOEBE CONSTRUÇÃO E PAVIMENTAÇÃO SA,10253,2023,07,Fundo Municipal de Desenvolvimento Social,10,Fundo Municipal de Desenvolvimento Social,15,Urbanismo,452,Serviços Urbanos,3022,Requalificação e Promoção da Ocupação dos Espaços Públicos,1137,Pavimentação e Recapeamento de Vias,4,Despesas de Capital,4,Investimentos,90,Aplicações Diretas,39,Manutenção e Conservação de Bens Imóveis,08.2.759.1224,PMSP-SF/COADM-Fundo Municipal de Desenvolvimento Social-FMD,1,Manutenção e Reformas de Bens Imóveis,1,Outros Serviços de Terceiros - Pessoa Jurídica,24666562.25,21706574.78,2959987.47,2959987.47,2959987.47,0.0,"[{""siglaUnidadeMedida"": ""UN"", ""descricaoAnexo"": ""Serviços de Conservação e Manutenção da Malha Viária da Cidade de São Paulo"", ""qtdeAnexo"": 1, ""valorUnitarioAnexo"": 24666562.25}]",,,,,147/SMSUB/COGEL/2023
01,PREFEITURA DO MUNICÍPIO DE SÃO PAULO,24656,40825,2023,4,17/04/2023 00:00:00,6012202300061812,43677822000114,SOEBE CONSTRUÇÃO E PAVIMENTAÇÃO SA,10273,2023,07,Fundo Municipal de Desenvolvimento Social,10,Fundo Municipal de Desenvolvimento Social,15,Urbanismo,452,Serviços Urbanos,3022,Requalificação e Promoção da Ocupação dos Espaços Públicos,1137,Pavimentação e Recapeamento de Vias,4,Despesas de Capital,4,Investimentos,90,Aplicações Diretas,39,Manutenção e Conservação de Bens Imóveis,08.2.759.1224,PMSP-SF/COADM-Fundo Municipal de Desenvolvimento Social-FMD,1,Manutenção e Reformas de Bens Imóveis,1,Outros Serviços de Terceiros - Pessoa Jurídica,3326791.33,1648150.38,1678640.95,1678640.95,1678640.95,0.0,"[{""siglaUnidadeMedida"": ""UN"", ""descricaoAnexo"": ""Serviços de Conservação e Manutenção da Malha Viária da Cidade de São Paulo "", ""qtdeAnexo"": 1, ""valorUnitarioAnexo"": 3326791.33}]",,,,,153/SMSUB/COGEL/2023
01,PREFEITURA DO MUNICÍPIO DE SÃO PAULO,24656,41437,2023,4,19/04/2023 00:00:00,6012202300064188,66806555000133,FBS CONSTRUCAO CIVIL E PAVIMENTACAO S.A.,10489,2023,07,Fundo Municipal de Desenvolvimento Social,10,Fundo Municipal de Desenvolvimento Social,15,Urbanismo,452,Serviços Urbanos,3022,Requalificação e Promoção da Ocupação dos Espaços Públicos,1137,Pavimentação e Recapeamento de Vias,4,Despesas de Capital,4,Investimentos,90,Aplicações Diretas,39,Manutenção e Conservação de Bens Imóveis,08.2.759.1224,PMSP-SF/COADM-Fundo Municipal de Desenvolvimento Social-FMD,1,Manutenção e Reformas de Bens Imóveis,1,Outros Serviços de Terceiros - Pessoa Jurídica,398092.91,121009.85,277083.06,277083.06,277083.06,0.0,"[{""siglaUnidadeMedida"": ""UN"", ""descricaoAnexo"": ""serviços de conservação e manutenção da malha viária da cidade de São Paulo"", ""qtdeAnexo"": 1, ""valorUnitarioAnexo"": 398092.91}]",,,,,166/SMSUB/COGEL/2023
01,PREFEITURA DO MUNICÍPIO DE SÃO PAULO,24656,41502,2023,4,19/04/2023 00:00:00,6012202300050551,62162847000120,JOFEGE PAVIMENTACAO E CONSTRUCAO LTDA,10502,2023,07,Fundo Municipal de Desenvolvimento Social,10,Fundo Municipal de Desenvolvimento Social,15,Urbanismo,452,Serviços Urbanos,3022,Requalificação e Promoção da Ocupação dos Espaços Públicos,1137,Pavimentação e Recapeamento de Vias,4,Despesas de Capital,4,Investimentos,90,Aplicações Diretas,39,Manutenção e Conservação de Bens Imóveis,08.2.759.1224,PMSP-SF/COADM-Fundo Municipal de Desenvolvimento Social-FMD,1,Manutenção e Reformas de Bens Imóveis,1,Outros Serviços de Terceiros - Pessoa Jurídica,4121194.73,1524842.05,2596352.68,2596352.68,2596352.68,0.0,"[{""siglaUnidadeMedida"": ""UN"", ""descricaoAnexo"": ""Serviços de Conservação e Manutenção da Malha Viária da Cidade de São Paulo"", ""qtdeAnexo"": 1, ""valorUnitarioAnexo"": 4121194.73}]",,,,,160/SMSUB/COGEL/2023
01,PREFEITURA DO MUNICÍPIO DE SÃO PAULO,24656,43022,2023,4,25/04/2023 00:00:00,6012202300050578,62162847000120,JOFEGE PAVIMENTACAO E CONSTRUCAO LTDA,10731,2023,07,Fundo Municipal de Desenvolvimento Social,10,Fundo Municipal de Desenvolvimento Social,15,Urbanismo,452,Serviços Urbanos,3022,Requalificação e Promoção da Ocupação dos Espaços Públicos,1137,Pavimentação e Recapeamento de Vias,4,Despesas de Capital,4,Investimentos,90,Aplicações Diretas,39,Manutenção e Conservação de Bens Imóveis,08.2.759.1224,PMSP-SF/COADM-Fundo Municipal de Desenvolvimento Social-FMD,1,Manutenção e Reformas de Bens Imóveis,1,Outros Serviços de Terceiros - Pessoa Jurídica,5651955.66,4352005.86,1299949.8,1299949.8,1299949.8,0.0,"[{""siglaUnidadeMedida"": ""UN"", ""descricaoAnexo"": ""Serviços de Conservação e Manutenção da Malha Viária da Cidade de São Paulo"", ""qtdeAnexo"": 1, ""valorUnitarioAnexo"": 5651955.66}]",,,,,157/SMSUB/COGEL/2023
01,PREFEITURA DO MUNICÍPIO DE SÃO PAULO,24656,43247,2023,4,26/04/2023 00:00:00,6012202300064595,43677822000114,SOEBE CONSTRUÇÃO E PAVIMENTAÇÃO SA,10792,2023,07,Fundo Municipal de Desenvolvimento Social,10,Fundo Municipal de Desenvolvimento Social,15,Urbanismo,452,Serviços Urbanos,3022,Requalificação e Promoção da Ocupação dos Espaços Públicos,1137,Pavimentação e Recapeamento de Vias,4,Despesas de Capital,4,Investimentos,90,Aplicações Diretas,39,Manutenção e Conservação de Bens Imóveis,08.2.759.1224,PMSP-SF/COADM-Fundo Municipal de Desenvolvimento Social-FMD,1,Manutenção e Reformas de Bens Imóveis,1,Outros Serviços de Terceiros - Pessoa Jurídica,3841315.42,1979675.15,1861640.27,1861640.27,1861640.27,0.0,"[{""siglaUnidadeMedida"": ""1"", ""descricaoAnexo"": ""Serviços de conservação e manutenção da malha viária na cidade de São Paulo"", ""qtdeAnexo"": 1, ""valorUnitarioAnexo"": 3841315.42}]",,,,,179/SMSUB/COGEL/2023
01,PREFEITURA DO MUNICÍPIO DE SÃO PAULO,24656,43312,2023,4,26/04/2023 00:00:00,6012202300064102,43677822000114,SOEBE CONSTRUÇÃO E PAVIMENTAÇÃO SA,10784,2023,07,Fundo Municipal de Desenvolvimento Social,10,Fundo Municipal de Desenvolvimento Social,15,Urbanismo,452,Serviços Urbanos,3022,Requalificação e Promoção da Ocupação dos Espaços Públicos,1137,Pavimentação e Recapeamento de Vias,4,Despesas de Capital,4,Investimentos,90,Aplicações Diretas,39,Manutenção e Conservação de Bens Imóveis,08.2.759.1224,PMSP-SF/COADM-Fundo Municipal de Desenvolvimento Social-FMD,1,Manutenção e Reformas de Bens Imóveis,1,Outros Serviços de Terceiros - Pessoa Jurídica,20187286.15,18525452.64,1661833.51,1661833.51,1661833.51,0.0,"[{""siglaUnidadeMedida"": ""1"", ""descricaoAnexo"": ""Serviços de conservação e manutenção da malha viária da cidade de São Paulo"", ""qtdeAnexo"": 1, ""valorUnitarioAnexo"": 20187286.15}]",,,,,177/SMSUB/COGEL/2023
01,PREFEITURA DO MUNICÍPIO DE SÃO PAULO,24656,43333,2023,4,26/04/2023 00:00:00,6012202300066601,66806555000133,FBS CONSTRUCAO CIVIL E PAVIMENTACAO S.A.,10745,2023,07,Fundo Municipal de Desenvolvimento Social,10,Fundo Municipal de Desenvolvimento Social,15,Urbanismo,452,Serviços Urbanos,3022,Requalificação e Promoção da Ocupação dos Espaços Públicos,1137,Pavimentação e Recapeamento de Vias,4,Despesas de Capital,4,Investimentos,90,Aplicações Diretas,39,Manutenção e Conservação de Bens Imóveis,08.2.759.1224,PMSP-SF/COADM-Fundo Municipal de Desenvolvimento Social-FMD,1,Manutenção e Reformas de Bens Imóveis,1,Outros Serviços de Terceiros - Pessoa Jurídica,72613.78,0.0,72613.78,72613.78,72613.78,0.0,"[{""siglaUnidadeMedida"": ""UN"", ""descricaoAnexo"": ""Serviços de Conservação e Manutenção da Malha Viária da Cidade de São Paulo"", ""qtdeAnexo"": 1, ""valorUnitarioAnexo"": 72613.78}]",,,,,185/SMSUB/COGEL/2023
01,PREFEITURA DO MUNICÍPIO DE SÃO PAULO,24656,45303,2023,5,05/05/2023 00:00:00,6012202300062924,47218979000132,ARVEK TECNICA E CONSTRUCOES LTDA,10567,2023,07,Fundo Municipal de Desenvolvimento Social,10,Fundo Municipal de Desenvolvimento Social,15,Urbanismo,452,Serviços Urbanos,3022,Requalificação e Promoção da Ocupação dos Espaços Públicos,1137,Pavimentação e Recapeamento de Vias,4,Despesas de Capital,4,Investimentos,90,Aplicações Diretas,39,Manutenção e Conservação de Bens Imóveis,08.2.759.1224,PMSP-SF/COADM-Fundo Municipal de Desenvolvimento Social-FMD,1,Manutenção e Reformas de Bens Imóveis,1,Outros Serviços de Terceiros - Pessoa Jurídica,4381422.73,1970687.5,2410735.23,2410735.23,2410735.23,0.0,"[{""siglaUnidadeMedida"": ""UN"", ""descricaoAnexo"": ""Serviços de Conservação e Manutenção da Malha Viária da Cidade de São Paulo\n"", ""qtdeAnexo"": 1, ""valorUnitarioAnexo"": 4381422.73}]",,,,,161/COGEL/SMSUB/2023
01,PREFEITURA DO MUNICÍPIO DE SÃO PAULO,24656,45310,2023,5,05/05/2023 00:00:00,6012202300062932,47218979000132,ARVEK TECNICA E CONSTRUCOES LTDA,10737,2023,07,Fundo Municipal de Desenvolvimento Social,10,Fundo Municipal de Desenvolvimento Social,15,Urbanismo,452,Serviços Urbanos,3022,Requalificação e Promoção da Ocupação dos Espaços Públicos,1137,Pavimentação e Recapeamento de Vias,4,Despesas de Capital,4,Investimentos,90,Aplicações Diretas,39,Manutenção e Conservação de Bens Imóveis,08.2.759.1224,PMSP-SF/COADM-Fundo Municipal de Desenvolvimento Social-FMD,1,Manutenção e Reformas de Bens Imóveis,1,Outros Serviços de Terceiros - Pessoa Jurídica,4106344.01,4106344.01,0.0,0.0,0.0,0.0,"[{""siglaUnidadeMedida"": ""UN"", ""descricaoAnexo"": ""Serviços de conservação e manutenção da malha viária da cidade de São Paulo"", ""qtdeAnexo"": 1, ""valorUnitarioAnexo"": 4106344.01}]",,,,,162/SMSUB/COGEL/2023
01,PREFEITURA DO MUNICÍPIO DE SÃO PAULO,24656,45314,2023,5,05/05/2023 00:00:00,6012202300062940,47218979000132,ARVEK TECNICA E CONSTRUCOES LTDA,10520,2023,07,Fundo Municipal de Desenvolvimento Social,10,Fundo Municipal de Desenvolvimento Social,15,Urbanismo,452,Serviços Urbanos,3022,Requalificação e Promoção da Ocupação dos Espaços Públicos,1137,Pavimentação e Recapeamento de Vias,4,Despesas de Capital,4,Investimentos,90,Aplicações Diretas,39,Manutenção e Conservação de Bens Imóveis,08.2.759.1224,PMSP-SF/COADM-Fundo Municipal de Desenvolvimento Social-FMD,1,Manutenção e Reformas de Bens Imóveis,1,Outros Serviços de Terceiros - Pessoa Jurídica,2457783.12,2409506.9,48276.22,48276.22,48276.22,0.0,"[{""siglaUnidadeMedida"": ""UN"", ""descricaoAnexo"": ""Serviços de conservação e manutenção da malha viária da cidade de São Paulo"", ""qtdeAnexo"": 1, ""valorUnitarioAnexo"": 2457783.12}]",,,,,163/SMSUB/COGEL/2023
01,PREFEITURA DO MUNICÍPIO DE SÃO PAULO,24656,45361,2023,5,05/05/2023 00:00:00,6012202300061510,01065014000156,FREMIX PAVIMENTACAO E CONSTRUCOES LTDA ,9914,2023,07,Fundo Municipal de Desenvolvimento Social,10,Fundo Municipal de Desenvolvimento Social,15,Urbanismo,452,Serviços Urbanos,3022,Requalificação e Promoção da Ocupação dos Espaços Públicos,1137,Pavimentação e Recapeamento de Vias,4,Despesas de Capital,4,Investimentos,90,Aplicações Diretas,39,Manutenção e Conservação de Bens Imóveis,08.2.759.1224,PMSP-SF/COADM-Fundo Municipal de Desenvolvimento Social-FMD,1,Manutenção e Reformas de Bens Imóveis,1,Outros Serviços de Terceiros - Pessoa Jurídica,3743711.65,1435715.57,2307996.08,2307996.08,2307996.08,0.0,"[{""siglaUnidadeMedida"": ""UN"", ""descricaoAnexo"": ""Serviços de conservação e manutenção da malha viária da cidade de São Paulo"", ""qtdeAnexo"": 1, ""valorUnitarioAnexo"": 3743711.65}]",,,,,143/SMSUB/COGEL/2023
01,PREFEITURA DO MUNICÍPIO DE SÃO PAULO,24656,45382,2023,5,05/05/2023 00:00:00,6012202300065877,01065014000156,FREMIX PAVIMENTACAO E CONSTRUCOES LTDA ,10470,2023,07,Fundo Municipal de Desenvolvimento Social,10,Fundo Municipal de Desenvolvimento Social,15,Urbanismo,452,Serviços Urbanos,3022,Requalificação e Promoção da Ocupação dos Espaços Públicos,1137,Pavimentação e Recapeamento de Vias,4,Despesas de Capital,4,Investimentos,90,Aplicações Diretas,39,Manutenção e Conservação de Bens Imóveis,08.2.759.1224,PMSP-SF/COADM-Fundo Municipal de Desenvolvimento Social-FMD,1,Manutenção e Reformas de Bens Imóveis,1,Outros Serviços de Terceiros - Pessoa Jurídica,2528707.74,39041.2,2489666.54,2489666.54,2489666.54,0.0,"[{""siglaUnidadeMedida"": ""UN"", ""descricaoAnexo"": ""Serviços de conservação e manutenção da malha viária da cidade de São Paulo"", ""qtdeAnexo"": 1, ""valorUnitarioAnexo"": 2528707.74}]",,,,,164/SMSUB/COGEL/2023
01,PREFEITURA DO MUNICÍPIO DE SÃO PAULO,24656,45387,2023,5,05/05/2023 00:00:00,6012202300065885,01065014000156,FREMIX PAVIMENTACAO E CONSTRUCOES LTDA ,10772,2023,07,Fundo Municipal de Desenvolvimento Social,10,Fundo Municipal de Desenvolvimento Social,15,Urbanismo,452,Serviços Urbanos,3022,Requalificação e Promoção da Ocupação dos Espaços Públicos,1137,Pavimentação e Recapeamento de Vias,4,Despesas de Capital,4,Investimentos,90,Aplicações Diretas,39,Manutenção e Conservação de Bens Imóveis,08.2.759.1224,PMSP-SF/COADM-Fundo Municipal de Desenvolvimento Social-FMD,1,Manutenção e Reformas de Bens Imóveis,1,Outros Serviços de Terceiros - Pessoa Jurídica,2656135.48,2656135.48,0.0,0.0,0.0,0.0,"[{""siglaUnidadeMedida"": ""UN"", ""descricaoAnexo"": ""Serviços de conservação e manutenção da malha viária da cidade de São Paulo"", ""qtdeAnexo"": 1, ""valorUnitarioAnexo"": 2656135.48}]",,,,,175/SMSUB/COGEL/2023
01,PREFEITURA DO MUNICÍPIO DE SÃO PAULO,24656,45391,2023,5,05/05/2023 00:00:00,6012202300061839,43677822000114,SOEBE CONSTRUÇÃO E PAVIMENTAÇÃO SA,10225,2023,07,Fundo Municipal de Desenvolvimento Social,10,Fundo Municipal de Desenvolvimento Social,15,Urbanismo,452,Serviços Urbanos,3022,Requalificação e Promoção da Ocupação dos Espaços Públicos,1137,Pavimentação e Recapeamento de Vias,4,Despesas de Capital,4,Investimentos,90,Aplicações Diretas,39,Manutenção e Conservação de Bens Imóveis,08.2.759.1224,PMSP-SF/COADM-Fundo Municipal de Desenvolvimento Social-FMD,1,Manutenção e Reformas de Bens Imóveis,1,Outros Serviços de Terceiros - Pessoa Jurídica,11902112.74,7039739.36,4862373.38,4862373.38,4862373.38,0.0,"[{""siglaUnidadeMedida"": ""UN"", ""descricaoAnexo"": ""Serviços de conservação e manutenção da malha viária da cidade de São Paulo "", ""qtdeAnexo"": 1, ""valorUnitarioAnexo"": 11902112.74}]",,,,,154/SMSUB/COGEL/2023
01,PREFEITURA DO MUNICÍPIO DE SÃO PAULO,24656,45400,2023,5,05/05/2023 00:00:00,6012202300064609,43677822000114,SOEBE CONSTRUÇÃO E PAVIMENTAÇÃO SA,10727,2023,07,Fundo Municipal de Desenvolvimento Social,10,Fundo Municipal de Desenvolvimento Social,15,Urbanismo,452,Serviços Urbanos,3022,Requalificação e Promoção da Ocupação dos Espaços Públicos,1137,Pavimentação e Recapeamento de Vias,4,Despesas de Capital,4,Investimentos,90,Aplicações Diretas,39,Manutenção e Conservação de Bens Imóveis,08.2.759.1224,PMSP-SF/COADM-Fundo Municipal de Desenvolvimento Social-FMD,1,Manutenção e Reformas de Bens Imóveis,1,Outros Serviços de Terceiros - Pessoa Jurídica,1400773.58,557044.48,843729.1,843729.1,843729.1,0.0,"[{""siglaUnidadeMedida"": ""UN"", ""descricaoAnexo"": ""Serviços de conservação e manutenção da malha viária da cidade de São Paulo"", ""qtdeAnexo"": 1, ""valorUnitarioAnexo"": 1400773.58}]",,,,,165/SMSUB/COGEL/2023
01,PREFEITURA DO MUNICÍPIO DE SÃO PAULO,24656,45413,2023,5,05/05/2023 00:00:00,6012202300064072,66806555000133,FBS CONSTRUCAO CIVIL E PAVIMENTACAO S.A.,10592,2023,07,Fundo Municipal de Desenvolvimento Social,10,Fundo Municipal de Desenvolvimento Social,15,Urbanismo,452,Serviços Urbanos,3022,Requalificação e Promoção da Ocupação dos Espaços Públicos,1137,Pavimentação e Recapeamento de Vias,4,Despesas de Capital,4,Investimentos,90,Aplicações Diretas,39,Manutenção e Conservação de Bens Imóveis,08.2.759.1224,PMSP-SF/COADM-Fundo Municipal de Desenvolvimento Social-FMD,1,Manutenção e Reformas de Bens Imóveis,1,Outros Serviços de Terceiros - Pessoa Jurídica,5671263.99,4521410.32,1149853.67,1149853.67,1149853.67,0.0,"[{""siglaUnidadeMedida"": ""1"", ""descricaoAnexo"": ""Serviços de Conservação e Manutenção da Malha Viária da Cidade de São Paulo "", ""qtdeAnexo"": 1, ""valorUnitarioAnexo"": 5671263.99}]",,,,,172/SMSUB/COGEL/2023
01,PREFEITURA DO MUNICÍPIO DE SÃO PAULO,24656,45415,2023,5,05/05/2023 00:00:00,6012202300064064,66806555000133,FBS CONSTRUCAO CIVIL E PAVIMENTACAO S.A.,10717,2023,07,Fundo Municipal de Desenvolvimento Social,10,Fundo Municipal de Desenvolvimento Social,15,Urbanismo,452,Serviços Urbanos,3022,Requalificação e Promoção da Ocupação dos Espaços Públicos,1137,Pavimentação e Recapeamento de Vias,4,Despesas de Capital,4,Investimentos,90,Aplicações Diretas,39,Manutenção e Conservação de Bens Imóveis,08.2.759.1224,PMSP-SF/COADM-Fundo Municipal de Desenvolvimento Social-FMD,1,Manutenção e Reformas de Bens Imóveis,1,Outros Serviços de Terceiros - Pessoa Jurídica,1673637.08,928274.72,745362.36,745362.36,745362.36,0.0,"[{""siglaUnidadeMedida"": ""1"", ""descricaoAnexo"": ""Serviços de conservação e manutenção da malha viária da cidade de São Paulo"", ""qtdeAnexo"": 1, ""valorUnitarioAnexo"": 1673637.08}]",,,,,171/SMSUB/COGEL/2023
01,PREFEITURA DO MUNICÍPIO DE SÃO PAULO,24656,45585,2023,5,08/05/2023 00:00:00,6012202300050675,62162847000120,JOFEGE PAVIMENTACAO E CONSTRUCAO LTDA,10507,2023,07,Fundo Municipal de Desenvolvimento Social,10,Fundo Municipal de Desenvolvimento Social,15,Urbanismo,452,Serviços Urbanos,3022,Requalificação e Promoção da Ocupação dos Espaços Públicos,1137,Pavimentação e Recapeamento de Vias,4,Despesas de Capital,4,Investimentos,90,Aplicações Diretas,39,Manutenção e Conservação de Bens Imóveis,08.2.759.1224,PMSP-SF/COADM-Fundo Municipal de Desenvolvimento Social-FMD,1,Manutenção e Reformas de Bens Imóveis,1,Outros Serviços de Terceiros - Pessoa Jurídica,1600745.55,270.0,1600475.55,1600475.55,1600475.55,0.0,"[{""siglaUnidadeMedida"": ""UN"", ""descricaoAnexo"": ""Serviços de conservação e manutenção da malha viária da cidade de São Paulo"", ""qtdeAnexo"": 1, ""valorUnitarioAnexo"": 1600745.55}]",,,,,155/SMSUB/COGEL/2023
01,PREFEITURA DO MUNICÍPIO DE SÃO PAULO,24656,45589,2023,5,08/05/2023 00:00:00,6012202300050349,62162847000120,JOFEGE PAVIMENTACAO E CONSTRUCAO LTDA,10613,2023,07,Fundo Municipal de Desenvolvimento Social,10,Fundo Municipal de Desenvolvimento Social,15,Urbanismo,452,Serviços Urbanos,3022,Requalificação e Promoção da Ocupação dos Espaços Públicos,1137,Pavimentação e Recapeamento de Vias,4,Despesas de Capital,4,Investimentos,90,Aplicações Diretas,39,Manutenção e Conservação de Bens Imóveis,08.2.759.1224,PMSP-SF/COADM-Fundo Municipal de Desenvolvimento Social-FMD,1,Manutenção e Reformas de Bens Imóveis,1,Outros Serviços de Terceiros - Pessoa Jurídica,3501199.17,554273.68,2946925.49,2946925.49,2946925.49,0.0,"[{""siglaUnidadeMedida"": ""UN"", ""descricaoAnexo"": ""serviços de conservação e manutenção da malha viária da cidade de São Paulo"", ""qtdeAnexo"": 1, ""valorUnitarioAnexo"": 3501199.17}]",,,,,156/SMSUB/COGEL/2023
01,PREFEITURA DO MUNICÍPIO DE SÃO PAULO,24656,45595,2023,5,08/05/2023 00:00:00,6012202300050969,62162847000120,JOFEGE PAVIMENTACAO E CONSTRUCAO LTDA,10597,2023,07,Fundo Municipal de Desenvolvimento Social,10,Fundo Municipal de Desenvolvimento Social,15,Urbanismo,452,Serviços Urbanos,3022,Requalificação e Promoção da Ocupação dos Espaços Públicos,1137,Pavimentação e Recapeamento de Vias,4,Despesas de Capital,4,Investimentos,90,Aplicações Diretas,39,Manutenção e Conservação de Bens Imóveis,08.2.759.1224,PMSP-SF/COADM-Fundo Municipal de Desenvolvimento Social-FMD,1,Manutenção e Reformas de Bens Imóveis,1,Outros Serviços de Terceiros - Pessoa Jurídica,1712384.59,366495.52,1345889.07,1345889.07,1345889.07,0.0,"[{""siglaUnidadeMedida"": ""UN"", ""descricaoAnexo"": ""serviços de conservação e manutenção da malha viária da cidade de São Paulo"", ""qtdeAnexo"": 1, ""valorUnitarioAnexo"": 1712384.59}]",,,,,158/SMSUB/COGEL/2023
01,PREFEITURA DO MUNICÍPIO DE SÃO PAULO,24656,45597,2023,5,08/05/2023 00:00:00,6012202300050420,62162847000120,JOFEGE PAVIMENTACAO E CONSTRUCAO LTDA,10476,2023,07,Fundo Municipal de Desenvolvimento Social,10,Fundo Municipal de Desenvolvimento Social,15,Urbanismo,452,Serviços Urbanos,3022,Requalificação e Promoção da Ocupação dos Espaços Públicos,1137,Pavimentação e Recapeamento de Vias,4,Despesas de Capital,4,Investimentos,90,Aplicações Diretas,39,Manutenção e Conservação de Bens Imóveis,08.2.759.1224,PMSP-SF/COADM-Fundo Municipal de Desenvolvimento Social-FMD,1,Manutenção e Reformas de Bens Imóveis,1,Outros Serviços de Terceiros - Pessoa Jurídica,3742000.42,193953.66,3548046.76,3548046.76,3548046.76,0.0,"[{""siglaUnidadeMedida"": ""UN"", ""descricaoAnexo"": ""Serviços de Conservação e Manutenção da Malha Viária da Cidade de São Paulo"", ""qtdeAnexo"": 1, ""valorUnitarioAnexo"": 3742000.42}]",,,,,159/SMSUB/COGEL/2023
01,PREFEITURA DO MUNICÍPIO DE SÃO PAULO,24656,45611,2023,5,08/05/2023 00:00:00,6012202300061316,66806555000133,FBS CONSTRUCAO CIVIL E PAVIMENTACAO S.A.,9864,2023,07,Fundo Municipal de Desenvolvimento Social,10,Fundo Municipal de Desenvolvimento Social,15,Urbanismo,452,Serviços Urbanos,3022,Requalificação e Promoção da Ocupação dos Espaços Públicos,1137,Pavimentação e Recapeamento de Vias,4,Despesas de Capital,4,Investimentos,90,Aplicações Diretas,39,Manutenção e Conservação de Bens Imóveis,08.2.759.1224,PMSP-SF/COADM-Fundo Municipal de Desenvolvimento Social-FMD,1,Manutenção e Reformas de Bens Imóveis,1,Outros Serviços de Terceiros - Pessoa Jurídica,7003891.37,2771265.1,4232626.27,4232626.27,4232626.27,0.0,"[{""siglaUnidadeMedida"": ""UN"", ""descricaoAnexo"": ""Serviços de conservação e manutenção da malha viária da cidade de São Paulo"", ""qtdeAnexo"": 1, ""valorUnitarioAnexo"": 7003891.37}]",,,,,151/SMSUB/COGEL/2023
01,PREFEITURA DO MUNICÍPIO DE SÃO PAULO,24656,45621,2023,5,08/05/2023 00:00:00,6012202300064218,66806555000133,FBS CONSTRUCAO CIVIL E PAVIMENTACAO S.A.,10607,2023,07,Fundo Municipal de Desenvolvimento Social,10,Fundo Municipal de Desenvolvimento Social,15,Urbanismo,452,Serviços Urbanos,3022,Requalificação e Promoção da Ocupação dos Espaços Públicos,1137,Pavimentação e Recapeamento de Vias,4,Despesas de Capital,4,Investimentos,90,Aplicações Diretas,39,Manutenção e Conservação de Bens Imóveis,08.2.759.1224,PMSP-SF/COADM-Fundo Municipal de Desenvolvimento Social-FMD,1,Manutenção e Reformas de Bens Imóveis,1,Outros Serviços de Terceiros - Pessoa Jurídica,4027455.11,3206769.22,820685.89,820685.89,820685.89,0.0,"[{""siglaUnidadeMedida"": ""UN"", ""descricaoAnexo"": ""Serviços de conservação e manutenção da malha viária da cidade de São Paulo"", ""qtdeAnexo"": 1, ""valorUnitarioAnexo"": 4027455.11}]",,,,,168/SMSUB/COGEL/2023
01,PREFEITURA DO MUNICÍPIO DE SÃO PAULO,24656,45623,2023,5,08/05/2023 00:00:00,6012202300064226,66806555000133,FBS CONSTRUCAO CIVIL E PAVIMENTACAO S.A.,10602,2023,07,Fundo Municipal de Desenvolvimento Social,10,Fundo Municipal de Desenvolvimento Social,15,Urbanismo,452,Serviços Urbanos,3022,Requalificação e Promoção da Ocupação dos Espaços Públicos,1137,Pavimentação e Recapeamento de Vias,4,Despesas de Capital,4,Investimentos,90,Aplicações Diretas,39,Manutenção e Conservação de Bens Imóveis,08.2.759.1224,PMSP-SF/COADM-Fundo Municipal de Desenvolvimento Social-FMD,1,Manutenção e Reformas de Bens Imóveis,1,Outros Serviços de Terceiros - Pessoa Jurídica,4185022.47,1534426.77,2650595.7,2650595.7,2650595.7,0.0,"[{""siglaUnidadeMedida"": ""UN"", ""descricaoAnexo"": ""Serviços de Conservação e Manutenção da Malha Viária da Cidade de São Paulo"", ""qtdeAnexo"": 1, ""valorUnitarioAnexo"": 4185022.47}]",,,,,169/SMSUB/COGEL/2023
01,PREFEITURA DO MUNICÍPIO DE SÃO PAULO,24656,45626,2023,5,08/05/2023 00:00:00,6012202300064196,66806555000133,FBS CONSTRUCAO CIVIL E PAVIMENTACAO S.A.,10571,2023,07,Fundo Municipal de Desenvolvimento Social,10,Fundo Municipal de Desenvolvimento Social,15,Urbanismo,452,Serviços Urbanos,3022,Requalificação e Promoção da Ocupação dos Espaços Públicos,1137,Pavimentação e Recapeamento de Vias,4,Despesas de Capital,4,Investimentos,90,Aplicações Diretas,39,Manutenção e Conservação de Bens Imóveis,08.2.759.1224,PMSP-SF/COADM-Fundo Municipal de Desenvolvimento Social-FMD,1,Manutenção e Reformas de Bens Imóveis,1,Outros Serviços de Terceiros - Pessoa Jurídica,4185496.1,4185496.1,0.0,0.0,0.0,0.0,"[{""siglaUnidadeMedida"": ""UN"", ""descricaoAnexo"": ""Serviços de conservação e manutenção da malha viária da cidade de São Paulo"", ""qtdeAnexo"": 1, ""valorUnitarioAnexo"": 4185496.1}]",,,,,167/SMSUB/COGEL/2023
01,PREFEITURA DO MUNICÍPIO DE SÃO PAULO,24656,45630,2023,5,08/05/2023 00:00:00,6012202300064234,66806555000133,FBS CONSTRUCAO CIVIL E PAVIMENTACAO S.A.,10756,2023,07,Fundo Municipal de Desenvolvimento Social,10,Fundo Municipal de Desenvolvimento Social,15,Urbanismo,452,Serviços Urbanos,3022,Requalificação e Promoção da Ocupação dos Espaços Públicos,1137,Pavimentação e Recapeamento de Vias,4,Despesas de Capital,4,Investimentos,90,Aplicações Diretas,39,Manutenção e Conservação de Bens Imóveis,08.2.759.1224,PMSP-SF/COADM-Fundo Municipal de Desenvolvimento Social-FMD,1,Manutenção e Reformas de Bens Imóveis,1,Outros Serviços de Terceiros - Pessoa Jurídica,8924305.18,4370376.11,4553929.07,4553929.07,4553929.07,0.0,"[{""siglaUnidadeMedida"": ""UN"", ""descricaoAnexo"": ""Serviços de conservação e manutenção da malha viária da cidade de São Paulo"", ""qtdeAnexo"": 1, ""valorUnitarioAnexo"": 8924305.18}]",,,,,180/SMSUB/COGEL/2023
01,PREFEITURA DO MUNICÍPIO DE SÃO PAULO,24656,45633,2023,5,08/05/2023 00:00:00,6012202300064242,66806555000133,FBS CONSTRUCAO CIVIL E PAVIMENTACAO S.A.,10757,2023,07,Fundo Municipal de Desenvolvimento Social,10,Fundo Municipal de Desenvolvimento Social,15,Urbanismo,452,Serviços Urbanos,3022,Requalificação e Promoção da Ocupação dos Espaços Públicos,1137,Pavimentação e Recapeamento de Vias,4,Despesas de Capital,4,Investimentos,90,Aplicações Diretas,39,Manutenção e Conservação de Bens Imóveis,08.2.759.1224,PMSP-SF/COADM-Fundo Municipal de Desenvolvimento Social-FMD,1,Manutenção e Reformas de Bens Imóveis,1,Outros Serviços de Terceiros - Pessoa Jurídica,4290884.55,1466837.07,2824047.48,2824047.48,2824047.48,0.0,"[{""siglaUnidadeMedida"": ""UN"", ""descricaoAnexo"": ""Serviços de conservação e manutenção da malha viária da cidade de São Paulo"", ""qtdeAnexo"": 1, ""valorUnitarioAnexo"": 4290884.55}]",,,,,181/SMSUB/COGEL/2023
01,PREFEITURA DO MUNICÍPIO DE SÃO PAULO,24656,45638,2023,5,08/05/2023 00:00:00,6012202300064633,66806555000133,FBS CONSTRUCAO CIVIL E PAVIMENTACAO S.A.,10759,2023,07,Fundo Municipal de Desenvolvimento Social,10,Fundo Municipal de Desenvolvimento Social,15,Urbanismo,452,Serviços Urbanos,3022,Requalificação e Promoção da Ocupação dos Espaços Públicos,1137,Pavimentação e Recapeamento de Vias,4,Despesas de Capital,4,Investimentos,90,Aplicações Diretas,39,Manutenção e Conservação de Bens Imóveis,08.2.759.1224,PMSP-SF/COADM-Fundo Municipal de Desenvolvimento Social-FMD,1,Manutenção e Reformas de Bens Imóveis,1,Outros Serviços de Terceiros - Pessoa Jurídica,3286538.51,1871646.06,1414892.45,1414892.45,1414892.45,0.0,"[{""siglaUnidadeMedida"": ""UN"", ""descricaoAnexo"": ""Serviços de conservação e manutenção da malha viária da cidade de São Paulo"", ""qtdeAnexo"": 1, ""valorUnitarioAnexo"": 3286538.51}]",,,,,182/SMSUB/COGEL/2023
01,PREFEITURA DO MUNICÍPIO DE SÃO PAULO,24656,45642,2023,5,08/05/2023 00:00:00,6012202300064641,66806555000133,FBS CONSTRUCAO CIVIL E PAVIMENTACAO S.A.,10752,2023,07,Fundo Municipal de Desenvolvimento Social,10,Fundo Municipal de Desenvolvimento Social,15,Urbanismo,452,Serviços Urbanos,3022,Requalificação e Promoção da Ocupação dos Espaços Públicos,1137,Pavimentação e Recapeamento de Vias,4,Despesas de Capital,4,Investimentos,90,Aplicações Diretas,39,Manutenção e Conservação de Bens Imóveis,08.2.759.1224,PMSP-SF/COADM-Fundo Municipal de Desenvolvimento Social-FMD,1,Manutenção e Reformas de Bens Imóveis,1,Outros Serviços de Terceiros - Pessoa Jurídica,7214068.97,2293189.08,4920879.89,4920879.89,4920879.89,0.0,"[{""siglaUnidadeMedida"": ""UN"", ""descricaoAnexo"": ""Serviços de conservação e manutenção da malha viária da cidade de São Paulo"", ""qtdeAnexo"": 1, ""valorUnitarioAnexo"": 7214068.97}]",,,,,183/SMSUB/COGEL/2023
01,PREFEITURA DO MUNICÍPIO DE SÃO PAULO,24656,45645,2023,5,08/05/2023 00:00:00,6012202300064056,66806555000133,FBS CONSTRUCAO CIVIL E PAVIMENTACAO S.A.,10841,2023,07,Fundo Municipal de Desenvolvimento Social,10,Fundo Municipal de Desenvolvimento Social,15,Urbanismo,452,Serviços Urbanos,3022,Requalificação e Promoção da Ocupação dos Espaços Públicos,1137,Pavimentação e Recapeamento de Vias,4,Despesas de Capital,4,Investimentos,90,Aplicações Diretas,39,Manutenção e Conservação de Bens Imóveis,08.2.759.1224,PMSP-SF/COADM-Fundo Municipal de Desenvolvimento Social-FMD,1,Manutenção e Reformas de Bens Imóveis,1,Outros Serviços de Terceiros - Pessoa Jurídica,2710542.6,1640856.17,1069686.43,1069686.43,1069686.43,0.0,"[{""siglaUnidadeMedida"": ""UN"", ""descricaoAnexo"": ""Serviços de conservação e manutenção da malha viária da cidade de São Paulo"", ""qtdeAnexo"": 1, ""valorUnitarioAnexo"": 2710542.6}]",,,,,170/SMSUB/OGEL/2023
01,PREFEITURA DO MUNICÍPIO DE SÃO PAULO,24656,45651,2023,5,08/05/2023 00:00:00,6012202300064080,66806555000133,FBS CONSTRUCAO CIVIL E PAVIMENTACAO S.A.,10722,2023,07,Fundo Municipal de Desenvolvimento Social,10,Fundo Municipal de Desenvolvimento Social,15,Urbanismo,452,Serviços Urbanos,3022,Requalificação e Promoção da Ocupação dos Espaços Públicos,1137,Pavimentação e Recapeamento de Vias,4,Despesas de Capital,4,Investimentos,90,Aplicações Diretas,39,Manutenção e Conservação de Bens Imóveis,08.2.759.1224,PMSP-SF/COADM-Fundo Municipal de Desenvolvimento Social-FMD,1,Manutenção e Reformas de Bens Imóveis,1,Outros Serviços de Terceiros - Pessoa Jurídica,1405097.85,359889.97,1045207.88,1045207.88,1045207.88,0.0,"[{""siglaUnidadeMedida"": ""UN"", ""descricaoAnexo"": ""Serviços de Conservação e Manutenção da Malha Viária da Cidade de São Paulo"", ""qtdeAnexo"": 1, ""valorUnitarioAnexo"": 1405097.85}]",,,,,173/SMSUB/COGEL/2023
01,PREFEITURA DO MUNICÍPIO DE SÃO PAULO,24656,46275,2023,5,09/05/2023 00:00:00,6012202300064099,66806555000133,FBS CONSTRUCAO CIVIL E PAVIMENTACAO S.A.,10751,2023,07,Fundo Municipal de Desenvolvimento Social,10,Fundo Municipal de Desenvolvimento Social,15,Urbanismo,452,Serviços Urbanos,3022,Requalificação e Promoção da Ocupação dos Espaços Públicos,1137,Pavimentação e Recapeamento de Vias,4,Despesas de Capital,4,Investimentos,90,Aplicações Diretas,39,Manutenção e Conservação de Bens Imóveis,08.2.759.1224,PMSP-SF/COADM-Fundo Municipal de Desenvolvimento Social-FMD,1,Manutenção e Reformas de Bens Imóveis,1,Outros Serviços de Terceiros - Pessoa Jurídica,6383523.78,535594.29,5847929.49,5847929.49,5847929.49,0.0,"[{""siglaUnidadeMedida"": ""UN"", ""descricaoAnexo"": ""serviços de conservação e manutenção da malha viária da cidade de São Paulo"", ""qtdeAnexo"": 1, ""valorUnitarioAnexo"": 6383523.78}]",,,,,184/SMSUB/COGEL/2023
01,PREFEITURA DO MUNICÍPIO DE SÃO PAULO,24656,46278,2023,5,09/05/2023 00:00:00,6012202300066547,66806555000133,FBS CONSTRUCAO CIVIL E PAVIMENTACAO S.A.,11132,2023,07,Fundo Municipal de Desenvolvimento Social,10,Fundo Municipal de Desenvolvimento Social,15,Urbanismo,452,Serviços Urbanos,3022,Requalificação e Promoção da Ocupação dos Espaços Públicos,1137,Pavimentação e Recapeamento de Vias,4,Despesas de Capital,4,Investimentos,90,Aplicações Diretas,39,Manutenção e Conservação de Bens Imóveis,08.2.759.1224,PMSP-SF/COADM-Fundo Municipal de Desenvolvimento Social-FMD,1,Manutenção e Reformas de Bens Imóveis,1,Outros Serviços de Terceiros - Pessoa Jurídica,6575380.77,1501904.62,5073476.15,5073476.15,5073476.15,0.0,"[{""siglaUnidadeMedida"": ""UN"", ""descricaoAnexo"": ""serviços de conservação e manutenção da malha viária da cidade de São Paulo"", ""qtdeAnexo"": 1, ""valorUnitarioAnexo"": 6575380.77}]",,,,,190/SMSUB/COGEL/2023
01,PREFEITURA DO MUNICÍPIO DE SÃO PAULO,24656,46281,2023,5,09/05/2023 00:00:00,6012202300066555,66806555000133,FBS CONSTRUCAO CIVIL E PAVIMENTACAO S.A.,11128,2023,07,Fundo Municipal de Desenvolvimento Social,10,Fundo Municipal de Desenvolvimento Social,15,Urbanismo,452,Serviços Urbanos,3022,Requalificação e Promoção da Ocupação dos Espaços Públicos,1137,Pavimentação e Recapeamento de Vias,4,Despesas de Capital,4,Investimentos,90,Aplicações Diretas,39,Manutenção e Conservação de Bens Imóveis,08.2.759.1224,PMSP-SF/COADM-Fundo Municipal de Desenvolvimento Social-FMD,1,Manutenção e Reformas de Bens Imóveis,1,Outros Serviços de Terceiros - Pessoa Jurídica,6085500.37,717365.03,5368135.34,5368135.34,5368135.34,0.0,"[{""siglaUnidadeMedida"": ""UN"", ""descricaoAnexo"": ""serviços de conservação e manutenção da malha viária da cidade de São Paulo"", ""qtdeAnexo"": 1, ""valorUnitarioAnexo"": 6085500.37}]",,,,,191/SMSUB/COGEL/2023
01,PREFEITURA DO MUNICÍPIO DE SÃO PAULO,24656,46285,2023,5,09/05/2023 00:00:00,6012202300066563,66806555000133,FBS CONSTRUCAO CIVIL E PAVIMENTACAO S.A.,11117,2023,07,Fundo Municipal de Desenvolvimento Social,10,Fundo Municipal de Desenvolvimento Social,15,Urbanismo,452,Serviços Urbanos,3022,Requalificação e Promoção da Ocupação dos Espaços Públicos,1137,Pavimentação e Recapeamento de Vias,4,Despesas de Capital,4,Investimentos,90,Aplicações Diretas,39,Manutenção e Conservação de Bens Imóveis,08.2.759.1224,PMSP-SF/COADM-Fundo Municipal de Desenvolvimento Social-FMD,1,Manutenção e Reformas de Bens Imóveis,1,Outros Serviços de Terceiros - Pessoa Jurídica,6318205.3,1575646.26,4742559.04,4742559.04,4742559.04,0.0,"[{""siglaUnidadeMedida"": ""UN"", ""descricaoAnexo"": ""serviços de conservação e manutenção da malha viária da cidade de São Paulo"", ""qtdeAnexo"": 1, ""valorUnitarioAnexo"": 6318205.3}]",,,,,192/SMSUB/COGEL/2023
01,PREFEITURA DO MUNICÍPIO DE SÃO PAULO,24656,46292,2023,5,09/05/2023 00:00:00,6012202300066571,66806555000133,FBS CONSTRUCAO CIVIL E PAVIMENTACAO S.A.,11122,2023,07,Fundo Municipal de Desenvolvimento Social,10,Fundo Municipal de Desenvolvimento Social,15,Urbanismo,452,Serviços Urbanos,3022,Requalificação e Promoção da Ocupação dos Espaços Públicos,1137,Pavimentação e Recapeamento de Vias,4,Despesas de Capital,4,Investimentos,90,Aplicações Diretas,39,Manutenção e Conservação de Bens Imóveis,08.2.759.1224,PMSP-SF/COADM-Fundo Municipal de Desenvolvimento Social-FMD,1,Manutenção e Reformas de Bens Imóveis,1,Outros Serviços de Terceiros - Pessoa Jurídica,7252349.88,1455415.88,5796934.0,5796934.0,5796934.0,0.0,"[{""siglaUnidadeMedida"": ""UN"", ""descricaoAnexo"": ""serviços de conservação e manutenção da malha viária da cidade de São Paulo"", ""qtdeAnexo"": 1, ""valorUnitarioAnexo"": 7252349.88}]",,,,,193/SMSUB/COGEL/2023
01,PREFEITURA DO MUNICÍPIO DE SÃO PAULO,24656,46295,2023,5,09/05/2023 00:00:00,6012202300066598,66806555000133,FBS CONSTRUCAO CIVIL E PAVIMENTACAO S.A.,11139,2023,07,Fundo Municipal de Desenvolvimento Social,10,Fundo Municipal de Desenvolvimento Social,15,Urbanismo,452,Serviços Urbanos,3022,Requalificação e Promoção da Ocupação dos Espaços Públicos,1137,Pavimentação e Recapeamento de Vias,4,Despesas de Capital,4,Investimentos,90,Aplicações Diretas,39,Manutenção e Conservação de Bens Imóveis,08.2.759.1224,PMSP-SF/COADM-Fundo Municipal de Desenvolvimento Social-FMD,1,Manutenção e Reformas de Bens Imóveis,1,Outros Serviços de Terceiros - Pessoa Jurídica,4702443.78,2500344.08,2202099.7,2202099.7,2202099.7,0.0,"[{""siglaUnidadeMedida"": ""UN"", ""descricaoAnexo"": ""serviços de conservação e manutenção da malha viária da cidade de São Paulo"", ""qtdeAnexo"": 1, ""valorUnitarioAnexo"": 4702443.78}]",,,,,194/SMSUB/COGEL/2023
01,PREFEITURA DO MUNICÍPIO DE SÃO PAULO,24656,46297,2023,5,09/05/2023 00:00:00,6012202300066601,66806555000133,FBS CONSTRUCAO CIVIL E PAVIMENTACAO S.A.,10745,2023,07,Fundo Municipal de Desenvolvimento Social,10,Fundo Municipal de Desenvolvimento Social,15,Urbanismo,452,Serviços Urbanos,3022,Requalificação e Promoção da Ocupação dos Espaços Públicos,1137,Pavimentação e Recapeamento de Vias,4,Despesas de Capital,4,Investimentos,90,Aplicações Diretas,39,Manutenção e Conservação de Bens Imóveis,08.2.759.1224,PMSP-SF/COADM-Fundo Municipal de Desenvolvimento Social-FMD,1,Manutenção e Reformas de Bens Imóveis,1,Outros Serviços de Terceiros - Pessoa Jurídica,6850748.17,3659253.5,3191494.67,3191494.67,3191494.67,0.0,"[{""siglaUnidadeMedida"": ""UN"", ""descricaoAnexo"": ""serviços de conservação e manutenção da malha viária da cidade de São Paulo"", ""qtdeAnexo"": 1, ""valorUnitarioAnexo"": 6850748.17}]",,,,,185/SMSUB/COGEL/2023
01,PREFEITURA DO MUNICÍPIO DE SÃO PAULO,24656,46311,2023,5,09/05/2023 00:00:00,6012202300064650,66806555000133,FBS CONSTRUCAO CIVIL E PAVIMENTACAO S.A.,11145,2023,07,Fundo Municipal de Desenvolvimento Social,10,Fundo Municipal de Desenvolvimento Social,15,Urbanismo,452,Serviços Urbanos,3022,Requalificação e Promoção da Ocupação dos Espaços Públicos,1137,Pavimentação e Recapeamento de Vias,4,Despesas de Capital,4,Investimentos,90,Aplicações Diretas,39,Manutenção e Conservação de Bens Imóveis,08.2.759.1224,PMSP-SF/COADM-Fundo Municipal de Desenvolvimento Social-FMD,1,Manutenção e Reformas de Bens Imóveis,1,Outros Serviços de Terceiros - Pessoa Jurídica,382149.74,77141.48,305008.26,305008.26,305008.26,0.0,"[{""siglaUnidadeMedida"": ""UN"", ""descricaoAnexo"": ""serviços de conservação e manutenção da malha viária da cidade de São Paulo"", ""qtdeAnexo"": 1, ""valorUnitarioAnexo"": 382149.74}]",,,,,189/SMSUB/COGEL/2023
01,PREFEITURA DO MUNICÍPIO DE SÃO PAULO,24656,46680,2023,5,10/05/2023 00:00:00,6012202300064625,43677822000114,SOEBE CONSTRUÇÃO E PAVIMENTAÇÃO SA,11141,2023,07,Fundo Municipal de Desenvolvimento Social,10,Fundo Municipal de Desenvolvimento Social,15,Urbanismo,452,Serviços Urbanos,3022,Requalificação e Promoção da Ocupação dos Espaços Públicos,1137,Pavimentação e Recapeamento de Vias,4,Despesas de Capital,4,Investimentos,90,Aplicações Diretas,39,Manutenção e Conservação de Bens Imóveis,08.2.759.1224,PMSP-SF/COADM-Fundo Municipal de Desenvolvimento Social-FMD,1,Manutenção e Reformas de Bens Imóveis,1,Outros Serviços de Terceiros - Pessoa Jurídica,5428015.98,5428015.98,0.0,0.0,0.0,0.0,"[{""siglaUnidadeMedida"": ""UN"", ""descricaoAnexo"": ""serviços de conservação e manutenção da malha viária da cidade de São Paulo"", ""qtdeAnexo"": 1, ""valorUnitarioAnexo"": 5428015.98}]",,,,,188/SMSUB/COGEL/2023
01,PREFEITURA DO MUNICÍPIO DE SÃO PAULO,24656,46685,2023,5,10/05/2023 00:00:00,6012202300064617,43677822000114,SOEBE CONSTRUÇÃO E PAVIMENTAÇÃO SA,11150,2023,07,Fundo Municipal de Desenvolvimento Social,10,Fundo Municipal de Desenvolvimento Social,15,Urbanismo,452,Serviços Urbanos,3022,Requalificação e Promoção da Ocupação dos Espaços Públicos,1137,Pavimentação e Recapeamento de Vias,4,Despesas de Capital,4,Investimentos,90,Aplicações Diretas,39,Manutenção e Conservação de Bens Imóveis,08.2.759.1224,PMSP-SF/COADM-Fundo Municipal de Desenvolvimento Social-FMD,1,Manutenção e Reformas de Bens Imóveis,1,Outros Serviços de Terceiros - Pessoa Jurídica,6050875.86,1622120.29,4428755.57,4428755.57,4428755.57,0.0,"[{""siglaUnidadeMedida"": ""UN"", ""descricaoAnexo"": ""serviços de conservação e manutenção da malha viária da cidade de São Paulo"", ""qtdeAnexo"": 1, ""valorUnitarioAnexo"": 6050875.86}]",,,,,187/SMSUB/COGEL/2023
01,PREFEITURA DO MUNICÍPIO DE SÃO PAULO,24656,46745,2023,5,10/05/2023 00:00:00,6012202300062932,47218979000132,ARVEK TECNICA E CONSTRUCOES LTDA,10737,2023,07,Fundo Municipal de Desenvolvimento Social,10,Fundo Municipal de Desenvolvimento Social,15,Urbanismo,452,Serviços Urbanos,3022,Requalificação e Promoção da Ocupação dos Espaços Públicos,1137,Pavimentação e Recapeamento de Vias,4,Despesas de Capital,4,Investimentos,90,Aplicações Diretas,39,Manutenção e Conservação de Bens Imóveis,08.2.759.1224,PMSP-SF/COADM-Fundo Municipal de Desenvolvimento Social-FMD,1,Manutenção e Reformas de Bens Imóveis,1,Outros Serviços de Terceiros - Pessoa Jurídica,4106344.01,4043606.85,62737.16,62737.16,62737.16,0.0,"[{""siglaUnidadeMedida"": ""UN"", ""descricaoAnexo"": ""serviços de conservação e manutenção da malha viária da cidade de São Paulo"", ""qtdeAnexo"": 1, ""valorUnitarioAnexo"": 4106344.01}]",,,,,162/SMSUB/COGEL/2023
01,PREFEITURA DO MUNICÍPIO DE SÃO PAULO,24656,46756,2023,5,10/05/2023 00:00:00,6012202300065885,01065014000156,FREMIX PAVIMENTACAO E CONSTRUCOES LTDA ,10772,2023,07,Fundo Municipal de Desenvolvimento Social,10,Fundo Municipal de Desenvolvimento Social,15,Urbanismo,452,Serviços Urbanos,3022,Requalificação e Promoção da Ocupação dos Espaços Públicos,1137,Pavimentação e Recapeamento de Vias,4,Despesas de Capital,4,Investimentos,90,Aplicações Diretas,39,Manutenção e Conservação de Bens Imóveis,08.2.759.1224,PMSP-SF/COADM-Fundo Municipal de Desenvolvimento Social-FMD,1,Manutenção e Reformas de Bens Imóveis,1,Outros Serviços de Terceiros - Pessoa Jurídica,2656135.48,300663.63,2355471.85,2355471.85,2355471.85,0.0,"[{""siglaUnidadeMedida"": ""UN"", ""descricaoAnexo"": ""Serviços de Conservação e Manutenção da Malha Viária da Cidade de São Paulo"", ""qtdeAnexo"": 1, ""valorUnitarioAnexo"": 2656135.48}]",,,,,175/SMSUB/COGEL/2023
01,PREFEITURA DO MUNICÍPIO DE SÃO PAULO,24656,46757,2023,5,10/05/2023 00:00:00,6012202300065893,01065014000156,FREMIX PAVIMENTACAO E CONSTRUCOES LTDA ,10779,2023,07,Fundo Municipal de Desenvolvimento Social,10,Fundo Municipal de Desenvolvimento Social,15,Urbanismo,452,Serviços Urbanos,3022,Requalificação e Promoção da Ocupação dos Espaços Públicos,1137,Pavimentação e Recapeamento de Vias,4,Despesas de Capital,4,Investimentos,90,Aplicações Diretas,39,Manutenção e Conservação de Bens Imóveis,08.2.759.1224,PMSP-SF/COADM-Fundo Municipal de Desenvolvimento Social-FMD,1,Manutenção e Reformas de Bens Imóveis,1,Outros Serviços de Terceiros - Pessoa Jurídica,3100429.11,119891.72,2980537.39,2980537.39,2980537.39,0.0,"[{""siglaUnidadeMedida"": ""UN"", ""descricaoAnexo"": ""serviços de conservação e manutenção da malha viária da cidade de São Paulo"", ""qtdeAnexo"": 1, ""valorUnitarioAnexo"": 3100429.11}]",,,,,176/SMSUB/COGEL/2023
01,PREFEITURA DO MUNICÍPIO DE SÃO PAULO,24656,46764,2023,5,10/05/2023 00:00:00,6012202300064587,43677822000114,SOEBE CONSTRUÇÃO E PAVIMENTAÇÃO SA,10787,2023,07,Fundo Municipal de Desenvolvimento Social,10,Fundo Municipal de Desenvolvimento Social,15,Urbanismo,452,Serviços Urbanos,3022,Requalificação e Promoção da Ocupação dos Espaços Públicos,1137,Pavimentação e Recapeamento de Vias,4,Despesas de Capital,4,Investimentos,90,Aplicações Diretas,39,Manutenção e Conservação de Bens Imóveis,08.2.759.1224,PMSP-SF/COADM-Fundo Municipal de Desenvolvimento Social-FMD,1,Manutenção e Reformas de Bens Imóveis,1,Outros Serviços de Terceiros - Pessoa Jurídica,3403374.99,3403374.99,0.0,0.0,0.0,0.0,"[{""siglaUnidadeMedida"": ""UN"", ""descricaoAnexo"": ""Serviços de Conservação e Manutenção da Malha Viária da Cidade de São Paulo"", ""qtdeAnexo"": 1, ""valorUnitarioAnexo"": 3403374.99}]",,,,,178/SMSUB/COGEL/2023
01,PREFEITURA DO MUNICÍPIO DE SÃO PAULO,36139,51685,2023,5,23/05/2023 00:00:00,201401361540,61699567000273,SPDM  ASSOCIACAO PAULISTA PARA O DESENVOLVIMENTO DA MEDICINA,21367,2018,07,Fundo Municipal de Desenvolvimento Social,10,Fundo Municipal de Desenvolvimento Social,10,Saúde,301,Atenção Básica,3003,"Ações e Serviços da Saúde em Atenção Básica, Especialidades e Vigilânc",5204,"Avança Saúde SP - Ampliação, Reforma e Requalificação de Equipamentos ",4,Despesas de Capital,4,Investimentos,50,Transferências a Instituições Privadas sem Fins Lucrativos,51,Serviços de Assistência à Saúde,08.2.759.1224,PMSP-SF/COADM-Fundo Municipal de Desenvolvimento Social-FMD,0,Obras e Reformas em Imóvel da Prefeitura,5,Obras e Instalações,226091.41,0.0,226091.41,226091.41,226091.41,0.0,"[{""siglaUnidadeMedida"": ""UN"", ""descricaoAnexo"": ""Despesas com obras/reformas para implantação da Casa do Reencontro na STS Vila Maria/Vila Guilherme – Programa Reencontro da PMSP, conforme Plano de Trabalho e Minuta de Termo Aditivo em SEI 082515135; 082874102 e 082874279"", ""qtdeAnexo"": 1, ""valorUnitarioAnexo"": 226091.41}]",,,,,8/2018
01,PREFEITURA DO MUNICÍPIO DE SÃO PAULO,37952,52439,2023,5,26/05/2023 00:00:00,201403217684,60742616000160,CASA DE SAUDE SANTA MARCELINA,21331,2018,07,Fundo Municipal de Desenvolvimento Social,10,Fundo Municipal de Desenvolvimento Social,10,Saúde,301,Atenção Básica,3003,"Ações e Serviços da Saúde em Atenção Básica, Especialidades e Vigilânc",5204,"Avança Saúde SP - Ampliação, Reforma e Requalificação de Equipamentos ",4,Despesas de Capital,4,Investimentos,50,Transferências a Instituições Privadas sem Fins Lucrativos,51,Serviços de Assistência à Saúde,08.2.759.1224,PMSP-SF/COADM-Fundo Municipal de Desenvolvimento Social-FMD,0,Obras e Reformas em Imóvel da OS ou de Terceiros,5,Obras e Instalações,512000.0,0.0,512000.0,512000.0,512000.0,0.0,"[{""siglaUnidadeMedida"": ""UNI"", ""descricaoAnexo"": ""R011/2015 SMS.G - adequação do espaço físico no prédio da AMA Juscelino Kubitscheck, para receber o CER II Guaianases (reabilitação física e auditiva) e transformá-lo em CER III, incluindo a reabilitação intelectual"", ""qtdeAnexo"": 1, ""valorUnitarioAnexo"": 512000.0}]",,,,,011/2014
01,PREFEITURA DO MUNICÍPIO DE SÃO PAULO,24656,52782,2023,5,29/05/2023 00:00:00,6012202300095849,43677822000114,SOEBE CONSTRUÇÃO E PAVIMENTAÇÃO SA,14982,2023,07,Fundo Municipal de Desenvolvimento Social,10,Fundo Municipal de Desenvolvimento Social,15,Urbanismo,452,Serviços Urbanos,3022,Requalificação e Promoção da Ocupação dos Espaços Públicos,1137,Pavimentação e Recapeamento de Vias,4,Despesas de Capital,4,Investimentos,90,Aplicações Diretas,39,Manutenção e Conservação de Bens Imóveis,08.2.759.1224,PMSP-SF/COADM-Fundo Municipal de Desenvolvimento Social-FMD,1,Manutenção e Reformas de Bens Imóveis,1,Outros Serviços de Terceiros - Pessoa Jurídica,2500000.0,0.0,2500000.0,2500000.0,2500000.0,0.0,"[{""siglaUnidadeMedida"": ""UN"", ""descricaoAnexo"": ""serviços de conservação e manutenção da malha viária da cidade de São Paulo"", ""qtdeAnexo"": 1, ""valorUnitarioAnexo"": 2500000.0}]",,,,,258/SMSUB/COGEL/2023
01,PREFEITURA DO MUNICÍPIO DE SÃO PAULO,38413,52844,2023,5,29/05/2023 00:00:00,6110202100120974,17792041000160,G PRADO COMERCIO E CONSTRUCAO EIRELI,37022,2022,07,Fundo Municipal de Desenvolvimento Social,10,Fundo Municipal de Desenvolvimento Social,10,Saúde,302,Assistência Hospitalar e Ambulatorial,3003,"Ações e Serviços da Saúde em Atenção Básica, Especialidades e Vigilânc",5204,"Avança Saúde SP - Ampliação, Reforma e Requalificação de Equipamentos ",4,Despesas de Capital,4,Investimentos,90,Aplicações Diretas,51,Obras em Andamento - Uso Comum do Povo,08.2.759.1224,PMSP-SF/COADM-Fundo Municipal de Desenvolvimento Social-FMD,0,Hospitais e Similares ,8,Obras e Instalações,90564.3,0.0,90564.3,90564.3,90564.3,0.0,"[{""siglaUnidadeMedida"": ""SER"", ""descricaoAnexo"": ""SMS - REFORMAS DE EDIFICAÇÕES PARA REALIZAÇÃO DE SERVIÇOS DE ENGENHARIA REFERENTE A REGULARIZAÇÃO, REFORMA E CONSTRUÇÃO DO HMBM - EXERCÍCIO 2023"", ""qtdeAnexo"": 1, ""valorUnitarioAnexo"": 90564.3}]",,,,,201/2022
01,PREFEITURA DO MUNICÍPIO DE SÃO PAULO,24656,53090,2023,5,30/05/2023 00:00:00,6012202300099577,62162847000120,JOFEGE PAVIMENTACAO E CONSTRUCAO LTDA,15094,2023,07,Fundo Municipal de Desenvolvimento Social,10,Fundo Municipal de Desenvolvimento Social,15,Urbanismo,452,Serviços Urbanos,3022,Requalificação e Promoção da Ocupação dos Espaços Públicos,1137,Pavimentação e Recapeamento de Vias,4,Despesas de Capital,4,Investimentos,90,Aplicações Diretas,39,Manutenção e Conservação de Bens Imóveis,08.2.759.1224,PMSP-SF/COADM-Fundo Municipal de Desenvolvimento Social-FMD,1,Manutenção e Reformas de Bens Imóveis,1,Outros Serviços de Terceiros - Pessoa Jurídica,4500000.0,656592.92,3843407.08,3843407.08,3843407.08,0.0,"[{""siglaUnidadeMedida"": ""UN"", ""descricaoAnexo"": ""serviços de conservação e manutenção da malha viária da cidade de São Paulo"", ""qtdeAnexo"": 1, ""valorUnitarioAnexo"": 4500000.0}]",,,,,261/SMSUB/COGEL/2023
01,PREFEITURA DO MUNICÍPIO DE SÃO PAULO,24019,53097,2023,5,30/05/2023 00:00:00,6110202100062192,05823840000178,ELEVADORES ORION LTDA,15098,2023,07,Fundo Municipal de Desenvolvimento Social,10,Fundo Municipal de Desenvolvimento Social,10,Saúde,301,Atenção Básica,3003,"Ações e Serviços da Saúde em Atenção Básica, Especialidades e Vigilânc",5204,"Avança Saúde SP - Ampliação, Reforma e Requalificação de Equipamentos ",3,Despesas Correntes,3,Outras Despesas Correntes,90,Aplicações Diretas,39,Manutenção e Conservação de Bens Imóveis,08.2.759.1224,PMSP-SF/COADM-Fundo Municipal de Desenvolvimento Social-FMD,0,"Pequenas Reformas - Hospitais, UBS e Similares",1,Outros Serviços de Terceiros - Pessoa Jurídica,1750000.0,962500.0,787500.0,787500.0,787500.0,0.0,"[{""siglaUnidadeMedida"": ""SER"", ""descricaoAnexo"": ""SMS - CONTRATAÇÃO DE EMPRESA ESPECIALIZADA, PARA MODERNIZAÇÃO DOS 5 ELEVADORES DA MARCA ATLAS SCHINDLER COM FORNECIMENTO DE MATERIAIS, INSUMOS, E MÃO DE OBRA PARA O H.M. DR. CÁRMINO CARICCHIO"", ""qtdeAnexo"": 1, ""valorUnitarioAnexo"": 1750000.0}]",,,,,063/2023
01,PREFEITURA DO MUNICÍPIO DE SÃO PAULO,24025,53462,2023,6,01/06/2023 00:00:00,6018202200852004,50851721000183,CONSORCIO MBM,15264,2023,07,Fundo Municipal de Desenvolvimento Social,10,Fundo Municipal de Desenvolvimento Social,10,Saúde,301,Atenção Básica,3003,"Ações e Serviços da Saúde em Atenção Básica, Especialidades e Vigilânc",5204,"Avança Saúde SP - Ampliação, Reforma e Requalificação de Equipamentos ",3,Despesas Correntes,3,Outras Despesas Correntes,90,Aplicações Diretas,39,Serviços Técnicos Profissionais,08.2.759.1224,PMSP-SF/COADM-Fundo Municipal de Desenvolvimento Social-FMD,9,Outros Serviços Técnicos Profissionais - PJ,0,Outros Serviços de Terceiros - Pessoa Jurídica,3144985.84,0.0,3144985.84,2274214.32,2274214.32,870771.52,"[{""siglaUnidadeMedida"": ""SER"", ""descricaoAnexo"": ""SMS - CONTRATAÇÃO DE SERVIÇOS DE ENGENHARIA PARA ELABORAÇÃO DE PROJETOS, APOIO TÉCNICO – OPERACIONAL E SUPERVISÃO DE OBRAS PARA A CONSTRUÇÃO E REQUALIFICAÇÃO DE HOSPITAIS MUNICIPAIS, DE RESPONSABILIDADE DA SECRETARIA MUNICIPAL DE SAÚDE DE SÃO PAULO. - EXERCÍCIO DE 2023."", ""qtdeAnexo"": 1, ""valorUnitarioAnexo"": 3144985.84}]",,,,,062/2023
01,PREFEITURA DO MUNICÍPIO DE SÃO PAULO,39741,53804,2023,6,05/06/2023 00:00:00,7910202100011018,66748955000130,ALMEIDA SAPATA ENGENHARIA E CONSTRUCOES LTDA,17300,2022,07,Fundo Municipal de Desenvolvimento Social,10,Fundo Municipal de Desenvolvimento Social,15,Urbanismo,451,Infra-Estrutura Urbana,3009,Melhoria da Mobilidade Urbana Universal,5187,Recuperação e Reforço de Obras de Arte Especiais - OAE,4,Despesas de Capital,4,Investimentos,90,Aplicações Diretas,51,Obras em Andamento - Uso Comum do Povo,08.2.759.1224,PMSP-SF/COADM-Fundo Municipal de Desenvolvimento Social-FMD,1,"Pontes, Pontilhões e Viadutos ",8,Obras e Instalações,2864669.15,0.0,2864669.15,731012.97,731012.97,2133656.18,"[{""siglaUnidadeMedida"": ""UN"", ""descricaoAnexo"": ""Serviços de obras de substituição de juntas de dilatação e outros reparos - LOTE 1 (Viaduto Capitão Pacheco e Chaves, Pontilhão Giovanni Boccati, Ponte Julio de Mesquita Neto, Ponte Transamérica e Viaduto dos Bandeirantes)"", ""qtdeAnexo"": 1, ""valorUnitarioAnexo"": 2864669.15}]",,,,,130/SIURB/2022
01,PREFEITURA DO MUNICÍPIO DE SÃO PAULO,39741,53829,2023,6,05/06/2023 00:00:00,7910202100011034,66748955000130,ALMEIDA SAPATA ENGENHARIA E CONSTRUCOES LTDA,15792,2022,07,Fundo Municipal de Desenvolvimento Social,10,Fundo Municipal de Desenvolvimento Social,15,Urbanismo,451,Infra-Estrutura Urbana,3009,Melhoria da Mobilidade Urbana Universal,5187,Recuperação e Reforço de Obras de Arte Especiais - OAE,4,Despesas de Capital,4,Investimentos,90,Aplicações Diretas,51,Obras em Andamento - Uso Comum do Povo,08.2.759.1224,PMSP-SF/COADM-Fundo Municipal de Desenvolvimento Social-FMD,1,"Pontes, Pontilhões e Viadutos ",8,Obras e Instalações,2516247.02,0.0,2516247.02,1552537.38,1552537.38,963709.64,"[{""siglaUnidadeMedida"": ""UN"", ""descricaoAnexo"": ""Contrato nº 103/SIURB/022 - Execução de obras e serviços de substituição de juntas de dilatação e outros reparos – LOTE 2 (Viaduto Deputado Antônio Sylvio Cunha Bueno, Viaduto Antônio Abdo, Viaduto Nove de Julho e Pontilhão Bernardino D'auri)"", ""qtdeAnexo"": 1, ""valorUnitarioAnexo"": 2516247.02}]",,,,,103/SIURB/2022
01,PREFEITURA DO MUNICÍPIO DE SÃO PAULO,39741,53842,2023,6,05/06/2023 00:00:00,7910202100011069,66748955000130,ALMEIDA SAPATA ENGENHARIA E CONSTRUCOES LTDA,17058,2022,07,Fundo Municipal de Desenvolvimento Social,10,Fundo Municipal de Desenvolvimento Social,15,Urbanismo,451,Infra-Estrutura Urbana,3009,Melhoria da Mobilidade Urbana Universal,5187,Recuperação e Reforço de Obras de Arte Especiais - OAE,4,Despesas de Capital,4,Investimentos,90,Aplicações Diretas,51,Obras em Andamento - Uso Comum do Povo,08.2.759.1224,PMSP-SF/COADM-Fundo Municipal de Desenvolvimento Social-FMD,1,"Pontes, Pontilhões e Viadutos ",8,Obras e Instalações,3171419.27,0.0,3171419.27,1094729.22,1094729.22,2076690.05,"[{""siglaUnidadeMedida"": ""UN"", ""descricaoAnexo"": ""Contrato 123/SIURB/22. Viaduto Carlos Ferraci – Lote 05."", ""qtdeAnexo"": 1, ""valorUnitarioAnexo"": 3171419.27}]",,,,,123/SIURB/2022
01,PREFEITURA DO MUNICÍPIO DE SÃO PAULO,39741,53848,2023,6,05/06/2023 00:00:00,7910202100011077,29994423000156,CONCREJATO SERVICOS TECNICOS DE ENGENHARIA S/A,17161,2022,07,Fundo Municipal de Desenvolvimento Social,10,Fundo Municipal de Desenvolvimento Social,15,Urbanismo,451,Infra-Estrutura Urbana,3009,Melhoria da Mobilidade Urbana Universal,5187,Recuperação e Reforço de Obras de Arte Especiais - OAE,4,Despesas de Capital,4,Investimentos,90,Aplicações Diretas,51,Obras em Andamento - Uso Comum do Povo,08.2.759.1224,PMSP-SF/COADM-Fundo Municipal de Desenvolvimento Social-FMD,1,"Pontes, Pontilhões e Viadutos ",8,Obras e Instalações,4691347.54,0.0,4691347.54,4613462.8,4613462.8,77884.74,"[{""siglaUnidadeMedida"": ""UN"", ""descricaoAnexo"": ""Contrato 126/SIURB/22. Antônio Sanches de Larragoiti Junior – Lote 06."", ""qtdeAnexo"": 1, ""valorUnitarioAnexo"": 4691347.54}]",,,,,126/SIURB/2022
01,PREFEITURA DO MUNICÍPIO DE SÃO PAULO,39741,53857,2023,6,05/06/2023 00:00:00,7910202100011085,62162847000120,JOFEGE PAVIMENTACAO E CONSTRUCAO LTDA,17461,2022,07,Fundo Municipal de Desenvolvimento Social,10,Fundo Municipal de Desenvolvimento Social,15,Urbanismo,451,Infra-Estrutura Urbana,3009,Melhoria da Mobilidade Urbana Universal,5187,Recuperação e Reforço de Obras de Arte Especiais - OAE,4,Despesas de Capital,4,Investimentos,90,Aplicações Diretas,51,Obras em Andamento - Uso Comum do Povo,08.2.759.1224,PMSP-SF/COADM-Fundo Municipal de Desenvolvimento Social-FMD,1,"Pontes, Pontilhões e Viadutos ",8,Obras e Instalações,4037700.36,0.0,1513418.64,1513418.64,1513418.64,0.0,"[{""siglaUnidadeMedida"": ""UN"", ""descricaoAnexo"": ""Contrato 132/SIURB/22. Viaduto General Milton Tavares - Lote 7."", ""qtdeAnexo"": 1, ""valorUnitarioAnexo"": 4037700.36}]",,,,,132/SIURB/2022
01,PREFEITURA DO MUNICÍPIO DE SÃO PAULO,39741,53869,2023,6,05/06/2023 00:00:00,7910202100011093,97500698000146,IMPERMEAR SERVICOS DE ENGENHARIA LTDA,17155,2022,07,Fundo Municipal de Desenvolvimento Social,10,Fundo Municipal de Desenvolvimento Social,15,Urbanismo,451,Infra-Estrutura Urbana,3009,Melhoria da Mobilidade Urbana Universal,5187,Recuperação e Reforço de Obras de Arte Especiais - OAE,4,Despesas de Capital,4,Investimentos,90,Aplicações Diretas,51,Obras em Andamento - Uso Comum do Povo,08.2.759.1224,PMSP-SF/COADM-Fundo Municipal de Desenvolvimento Social-FMD,1,"Pontes, Pontilhões e Viadutos ",8,Obras e Instalações,1045840.32,0.0,1045840.32,439390.49,439390.49,606449.83,"[{""siglaUnidadeMedida"": ""UN"", ""descricaoAnexo"": ""Contrato 127/SIURB/22. Viaduto Naor Guelfi – Lote 8."", ""qtdeAnexo"": 1, ""valorUnitarioAnexo"": 1045840.32}]",,,,,127/SIURB/2022
01,PREFEITURA DO MUNICÍPIO DE SÃO PAULO,39741,53876,2023,6,05/06/2023 00:00:00,7910202100011166,56838949000110,CONSTRUTORA PROGREDIOR LTDA,17043,2022,07,Fundo Municipal de Desenvolvimento Social,10,Fundo Municipal de Desenvolvimento Social,15,Urbanismo,451,Infra-Estrutura Urbana,3009,Melhoria da Mobilidade Urbana Universal,5187,Recuperação e Reforço de Obras de Arte Especiais - OAE,4,Despesas de Capital,4,Investimentos,90,Aplicações Diretas,51,Obras em Andamento - Uso Comum do Povo,08.2.759.1224,PMSP-SF/COADM-Fundo Municipal de Desenvolvimento Social-FMD,1,"Pontes, Pontilhões e Viadutos ",8,Obras e Instalações,838402.39,0.0,838402.39,838402.39,838402.39,0.0,"[{""siglaUnidadeMedida"": ""UN"", ""descricaoAnexo"": ""Contrato 125/SIURB/22. Viaduto Beneficência Portuguesa e do Viaduto General Olímpio da Silveira – Lote 09."", ""qtdeAnexo"": 1, ""valorUnitarioAnexo"": 838402.39}]",,,,,125/SIURB/2022
01,PREFEITURA DO MUNICÍPIO DE SÃO PAULO,39741,53878,2023,6,05/06/2023 00:00:00,7910202100011166,46044392000191,CONSTRUMEDICI ENGENHARIA E COMERCIO LTDA,17043,2022,07,Fundo Municipal de Desenvolvimento Social,10,Fundo Municipal de Desenvolvimento Social,15,Urbanismo,451,Infra-Estrutura Urbana,3009,Melhoria da Mobilidade Urbana Universal,5187,Recuperação e Reforço de Obras de Arte Especiais - OAE,4,Despesas de Capital,4,Investimentos,90,Aplicações Diretas,51,Obras em Andamento - Uso Comum do Povo,08.2.759.1224,PMSP-SF/COADM-Fundo Municipal de Desenvolvimento Social-FMD,1,"Pontes, Pontilhões e Viadutos ",8,Obras e Instalações,838402.39,0.0,838402.39,838402.39,838402.39,0.0,"[{""siglaUnidadeMedida"": ""UN"", ""descricaoAnexo"": "" Contrato 125/SIURB/22. Viaduto Beneficência Portuguesa e do Viaduto General Olímpio da Silveira – Lote 09."", ""qtdeAnexo"": 1, ""valorUnitarioAnexo"": 838402.39}]",,,,,125/SIURB/2022
01,PREFEITURA DO MUNICÍPIO DE SÃO PAULO,39741,53885,2023,6,05/06/2023 00:00:00,7910202100011263,62162847000120,JOFEGE PAVIMENTACAO E CONSTRUCAO LTDA,19678,2022,07,Fundo Municipal de Desenvolvimento Social,10,Fundo Municipal de Desenvolvimento Social,15,Urbanismo,451,Infra-Estrutura Urbana,3009,Melhoria da Mobilidade Urbana Universal,5187,Recuperação e Reforço de Obras de Arte Especiais - OAE,4,Despesas de Capital,4,Investimentos,90,Aplicações Diretas,51,Obras em Andamento - Uso Comum do Povo,08.2.759.1224,PMSP-SF/COADM-Fundo Municipal de Desenvolvimento Social-FMD,1,"Pontes, Pontilhões e Viadutos ",8,Obras e Instalações,6687800.57,0.0,3976492.93,2158481.03,3447001.85,1790338.02,"[{""siglaUnidadeMedida"": ""UN"", ""descricaoAnexo"": ""Contrato 149/SIURB/22. Ponte Engenheiro Ary Torres - Lote 11"", ""qtdeAnexo"": 1, ""valorUnitarioAnexo"": 6687800.57}]",,,,,149/SIURB/2022
01,PREFEITURA DO MUNICÍPIO DE SÃO PAULO,39741,53895,2023,6,05/06/2023 00:00:00,7910202100011271,56838949000110,CONSTRUTORA PROGREDIOR LTDA,21407,2022,07,Fundo Municipal de Desenvolvimento Social,10,Fundo Municipal de Desenvolvimento Social,15,Urbanismo,451,Infra-Estrutura Urbana,3009,Melhoria da Mobilidade Urbana Universal,5187,Recuperação e Reforço de Obras de Arte Especiais - OAE,4,Despesas de Capital,4,Investimentos,90,Aplicações Diretas,51,Obras em Andamento - Uso Comum do Povo,08.2.759.1224,PMSP-SF/COADM-Fundo Municipal de Desenvolvimento Social-FMD,1,"Pontes, Pontilhões e Viadutos ",8,Obras e Instalações,371720.67,0.0,371720.67,371720.67,371720.67,0.0,"[{""siglaUnidadeMedida"": ""UN"", ""descricaoAnexo"": ""Contrato nº 148/SIURB/22 – Viaduto Paraíso e Viaduto General Marcondes Salgado - LOTE 12."", ""qtdeAnexo"": 1, ""valorUnitarioAnexo"": 371720.67}]",,,,,148/SIURB/2022
01,PREFEITURA DO MUNICÍPIO DE SÃO PAULO,39741,53897,2023,6,05/06/2023 00:00:00,7910202100011271,46044392000191,CONSTRUMEDICI ENGENHARIA E COMERCIO LTDA,21407,2022,07,Fundo Municipal de Desenvolvimento Social,10,Fundo Municipal de Desenvolvimento Social,15,Urbanismo,451,Infra-Estrutura Urbana,3009,Melhoria da Mobilidade Urbana Universal,5187,Recuperação e Reforço de Obras de Arte Especiais - OAE,4,Despesas de Capital,4,Investimentos,90,Aplicações Diretas,51,Obras em Andamento - Uso Comum do Povo,08.2.759.1224,PMSP-SF/COADM-Fundo Municipal de Desenvolvimento Social-FMD,1,"Pontes, Pontilhões e Viadutos ",8,Obras e Instalações,371720.67,0.0,363880.41,349839.99,349839.99,14040.42,"[{""siglaUnidadeMedida"": ""UN"", ""descricaoAnexo"": ""Contrato nº 148/SIURB/22 – Viaduto Paraíso e Viaduto General Marcondes Salgado - LOTE 12."", ""qtdeAnexo"": 1, ""valorUnitarioAnexo"": 371720.67}]",,,,,148/SIURB/2022
01,PREFEITURA DO MUNICÍPIO DE SÃO PAULO,39741,53902,2023,6,05/06/2023 00:00:00,7910202100011298,66748955000130,ALMEIDA SAPATA ENGENHARIA E CONSTRUCOES LTDA,19954,2022,07,Fundo Municipal de Desenvolvimento Social,10,Fundo Municipal de Desenvolvimento Social,15,Urbanismo,451,Infra-Estrutura Urbana,3009,Melhoria da Mobilidade Urbana Universal,5187,Recuperação e Reforço de Obras de Arte Especiais - OAE,4,Despesas de Capital,4,Investimentos,90,Aplicações Diretas,51,Obras em Andamento - Uso Comum do Povo,08.2.759.1224,PMSP-SF/COADM-Fundo Municipal de Desenvolvimento Social-FMD,1,"Pontes, Pontilhões e Viadutos ",8,Obras e Instalações,3705060.02,0.0,3705060.02,3208527.96,3208527.96,496532.06,"[{""siglaUnidadeMedida"": ""UN"", ""descricaoAnexo"": ""Contrato 150/SIURB/22. Viaduto Sumaré e Viaduto Dr. Arnaldo – Lote 14."", ""qtdeAnexo"": 1, ""valorUnitarioAnexo"": 3705060.02}]",,,,,150/SIURB/2022
01,PREFEITURA DO MUNICÍPIO DE SÃO PAULO,39741,53935,2023,6,05/06/2023 00:00:00,7910202100012880,01129913000175,VOS OBRAS E SERVICOS DE CONSTRUCAO CIVIL LTDA,20969,2022,07,Fundo Municipal de Desenvolvimento Social,10,Fundo Municipal de Desenvolvimento Social,15,Urbanismo,451,Infra-Estrutura Urbana,3009,Melhoria da Mobilidade Urbana Universal,5187,Recuperação e Reforço de Obras de Arte Especiais - OAE,4,Despesas de Capital,4,Investimentos,90,Aplicações Diretas,51,Obras em Andamento - Uso Comum do Povo,08.2.759.1224,PMSP-SF/COADM-Fundo Municipal de Desenvolvimento Social-FMD,1,"Pontes, Pontilhões e Viadutos ",8,Obras e Instalações,4365510.98,0.0,4354019.22,4354019.22,4354019.22,0.0,"[{""siglaUnidadeMedida"": ""UN"", ""descricaoAnexo"": ""Contrato nº 163/SIURB/2022 - Complexo Viário Jacu-Pêssego - LOTE 15."", ""qtdeAnexo"": 1, ""valorUnitarioAnexo"": 4365510.98}]",,,,,163/SIURB/2022
01,PREFEITURA DO MUNICÍPIO DE SÃO PAULO,39741,53948,2023,6,05/06/2023 00:00:00,7910202100012898,97500698000146,IMPERMEAR SERVICOS DE ENGENHARIA LTDA,19970,2022,07,Fundo Municipal de Desenvolvimento Social,10,Fundo Municipal de Desenvolvimento Social,15,Urbanismo,451,Infra-Estrutura Urbana,3009,Melhoria da Mobilidade Urbana Universal,5187,Recuperação e Reforço de Obras de Arte Especiais - OAE,4,Despesas de Capital,4,Investimentos,90,Aplicações Diretas,51,Obras em Andamento - Uso Comum do Povo,08.2.759.1224,PMSP-SF/COADM-Fundo Municipal de Desenvolvimento Social-FMD,1,"Pontes, Pontilhões e Viadutos ",8,Obras e Instalações,2365777.73,0.0,2151131.29,1261223.07,1261223.07,889908.22,"[{""siglaUnidadeMedida"": ""UN"", ""descricaoAnexo"": ""Contrato 151/SIURB/22. Viaduto Carlito Maia – Lote 16."", ""qtdeAnexo"": 1, ""valorUnitarioAnexo"": 2365777.73}]",,,,,151/SIURB/2022
01,PREFEITURA DO MUNICÍPIO DE SÃO PAULO,24656,53987,2023,6,05/06/2023 00:00:00,6012202300105550,01065014000156,FREMIX PAVIMENTACAO E CONSTRUCOES LTDA ,15538,2023,07,Fundo Municipal de Desenvolvimento Social,10,Fundo Municipal de Desenvolvimento Social,15,Urbanismo,452,Serviços Urbanos,3022,Requalificação e Promoção da Ocupação dos Espaços Públicos,1137,Pavimentação e Recapeamento de Vias,4,Despesas de Capital,4,Investimentos,90,Aplicações Diretas,39,Manutenção e Conservação de Bens Imóveis,08.2.759.1224,PMSP-SF/COADM-Fundo Municipal de Desenvolvimento Social-FMD,1,Manutenção e Reformas de Bens Imóveis,1,Outros Serviços de Terceiros - Pessoa Jurídica,354781.17,123832.8,230948.37,230948.37,230948.37,0.0,"[{""siglaUnidadeMedida"": ""UN"", ""descricaoAnexo"": ""Serviços de conservação e manutenção da malha viária da cidade de São Paulo"", ""qtdeAnexo"": 1, ""valorUnitarioAnexo"": 354781.17}]",,,,,271/SMSUB/COGEL/2023
01,PREFEITURA DO MUNICÍPIO DE SÃO PAULO,24024,55198,2023,6,13/06/2023 00:00:00,6018202300469970,51182145000191,CONSTRUTORA SANDIN LTDA,15944,2023,07,Fundo Municipal de Desenvolvimento Social,10,Fundo Municipal de Desenvolvimento Social,10,Saúde,302,Assistência Hospitalar e Ambulatorial,3003,"Ações e Serviços da Saúde em Atenção Básica, Especialidades e Vigilânc",5204,"Avança Saúde SP - Ampliação, Reforma e Requalificação de Equipamentos ",4,Despesas de Capital,4,Investimentos,90,Aplicações Diretas,51,Obras em Andamento - Uso Comum do Povo,08.2.759.1224,PMSP-SF/COADM-Fundo Municipal de Desenvolvimento Social-FMD,0,Hospitais e Similares ,8,Obras e Instalações,9996179.84,7661103.38,1347690.12,886767.26,886767.26,460922.86,"[{""siglaUnidadeMedida"": ""SER"", ""descricaoAnexo"": ""SMS - CONSTRUÇÃO DE UNIDADE DE PRONTO ATENDIMENTO - UPA SAPOPEMBA - RUA CRISTÓVÃO DE VASCONCELOS, 147 – JARDIM ADUTORA – SUB SAPOPEMBA"", ""qtdeAnexo"": 1, ""valorUnitarioAnexo"": 9996179.84}]",,,,,071/2023
01,PREFEITURA DO MUNICÍPIO DE SÃO PAULO,24023,55217,2023,6,13/06/2023 00:00:00,6018202300469989,04373329000159,VILLANOVA ENGENHARIA E DESENVOLVIMENTO AMBIENTAL LTDA,15958,2023,07,Fundo Municipal de Desenvolvimento Social,10,Fundo Municipal de Desenvolvimento Social,10,Saúde,301,Atenção Básica,3003,"Ações e Serviços da Saúde em Atenção Básica, Especialidades e Vigilânc",5204,"Avança Saúde SP - Ampliação, Reforma e Requalificação de Equipamentos ",4,Despesas de Capital,4,Investimentos,90,Aplicações Diretas,51,Obras em Andamento - Uso Comum do Povo,08.2.759.1224,PMSP-SF/COADM-Fundo Municipal de Desenvolvimento Social-FMD,0,Hospitais e Similares ,8,Obras e Instalações,4505156.0,3753731.1,455283.18,135028.65,135028.65,320254.53,"[{""siglaUnidadeMedida"": ""SER"", ""descricaoAnexo"": ""SMS - SMS - CONSTRUÇÃO DE UNIDADE BÁSICA DE SAÚDE – UBS VILA RUBI – RUA ARCHOTE DO PERÚ, S/N – PARQUE DAS ÁRVORES – SÃO PAULO - SP"", ""qtdeAnexo"": 1, ""valorUnitarioAnexo"": 4505156.0}]",,,,,072/2023/SMS-1/CONTR
01,PREFEITURA DO MUNICÍPIO DE SÃO PAULO,24020,55220,2023,6,13/06/2023 00:00:00,6018202300469920,07461206000168,TERRA NOVA ENGENHARIA E CONSTRUCOES LTDA,15959,2023,07,Fundo Municipal de Desenvolvimento Social,10,Fundo Municipal de Desenvolvimento Social,10,Saúde,301,Atenção Básica,3003,"Ações e Serviços da Saúde em Atenção Básica, Especialidades e Vigilânc",5204,"Avança Saúde SP - Ampliação, Reforma e Requalificação de Equipamentos ",4,Despesas de Capital,4,Investimentos,90,Aplicações Diretas,51,Obras em Andamento - Uso Comum do Povo,08.2.759.1224,PMSP-SF/COADM-Fundo Municipal de Desenvolvimento Social-FMD,0,Hospitais e Similares ,8,Obras e Instalações,3675017.67,3402433.57,76144.97,14793.04,14793.04,61351.93,"[{""siglaUnidadeMedida"": ""SER"", ""descricaoAnexo"": ""CONSTRUÇÃO DE UNIDADE BÁSICA DE SAÚDE – UBS JARDIM POPULAR - AVENIDA JAIME TORRES, 600 – JARDIM POPULAR - SUB ERMELINO MATARAZZO"", ""qtdeAnexo"": 1, ""valorUnitarioAnexo"": 3675017.67}]",,,,,070/2023-SMS.G
01,PREFEITURA DO MUNICÍPIO DE SÃO PAULO,24021,55245,2023,6,13/06/2023 00:00:00,6018202300469946,05633207000117,SPALLA ENGENHARIA LTDA,15970,2023,07,Fundo Municipal de Desenvolvimento Social,10,Fundo Municipal de Desenvolvimento Social,10,Saúde,301,Atenção Básica,3003,"Ações e Serviços da Saúde em Atenção Básica, Especialidades e Vigilânc",5204,"Avança Saúde SP - Ampliação, Reforma e Requalificação de Equipamentos ",4,Despesas de Capital,4,Investimentos,90,Aplicações Diretas,51,Obras em Andamento - Uso Comum do Povo,08.2.759.1224,PMSP-SF/COADM-Fundo Municipal de Desenvolvimento Social-FMD,0,Hospitais e Similares ,8,Obras e Instalações,3417668.67,2173472.58,1024862.84,646180.09,646180.09,378682.75,"[{""siglaUnidadeMedida"": ""SER"", ""descricaoAnexo"": ""CONSTRUÇÃO DE UNIDADE BÁSICA DE SAÚDE - UBS PRIMAVERA COLORADO – RUA ANTONIO RIBEIRO MACEDO, 264 – JARDIM PORTEIRA GRANDE – SUB SAPOPEMBA"", ""qtdeAnexo"": 1, ""valorUnitarioAnexo"": 3417668.67}]",,,,,066/2023
01,PREFEITURA DO MUNICÍPIO DE SÃO PAULO,41249,59109,2023,6,21/06/2023 00:00:00,6110202100151977,44626011000157,LMM ENGENHARIA E SERVICOS LTDA,17073,2023,07,Fundo Municipal de Desenvolvimento Social,10,Fundo Municipal de Desenvolvimento Social,10,Saúde,302,Assistência Hospitalar e Ambulatorial,3003,"Ações e Serviços da Saúde em Atenção Básica, Especialidades e Vigilânc",5204,"Avança Saúde SP - Ampliação, Reforma e Requalificação de Equipamentos ",4,Despesas de Capital,4,Investimentos,90,Aplicações Diretas,51,Obras em Andamento - Uso Comum do Povo,08.2.759.1224,PMSP-SF/COADM-Fundo Municipal de Desenvolvimento Social-FMD,0,Hospitais e Similares ,8,Obras e Instalações,750000.0,0.0,750000.0,750000.0,599999.07,150000.93,"[{""siglaUnidadeMedida"": ""SER"", ""descricaoAnexo"": ""SMS - CONTRATAÇÃO DE EMPRESA DE ENGENHARIA ESPECIALIZADA EM REFORMAS/ADEQUAÇÕES EM EDIFICAÇÃOES COM FORNECIMENTO DE MATERIAL E MÃO DE OBRA PARA O HMCC SUBORDINADO À SMS. "", ""qtdeAnexo"": 1, ""valorUnitarioAnexo"": 750000.0}]",,,,,073/2023/SMS-1/CONTR
01,PREFEITURA DO MUNICÍPIO DE SÃO PAULO,24656,59447,2023,6,22/06/2023 00:00:00,6012202300107243,66806555000133,FBS CONSTRUCAO CIVIL E PAVIMENTACAO S.A.,17216,2023,07,Fundo Municipal de Desenvolvimento Social,10,Fundo Municipal de Desenvolvimento Social,15,Urbanismo,452,Serviços Urbanos,3022,Requalificação e Promoção da Ocupação dos Espaços Públicos,1137,Pavimentação e Recapeamento de Vias,4,Despesas de Capital,4,Investimentos,90,Aplicações Diretas,39,Manutenção e Conservação de Bens Imóveis,08.2.759.1224,PMSP-SF/COADM-Fundo Municipal de Desenvolvimento Social-FMD,1,Manutenção e Reformas de Bens Imóveis,1,Outros Serviços de Terceiros - Pessoa Jurídica,1911396.92,1647029.24,264367.68,264367.68,264367.68,0.0,"[{""siglaUnidadeMedida"": ""UN"", ""descricaoAnexo"": ""serviços de conservação e manutenção da malha viária da cidade de São Paulo"", ""qtdeAnexo"": 1, ""valorUnitarioAnexo"": 1911396.92}]",,,,,344SMSUB/COGEL/23
01,PREFEITURA DO MUNICÍPIO DE SÃO PAULO,40825,61370,2023,6,30/06/2023 00:00:00,201502391283,61687356000130,SERVICO SOCIAL DA CONSTRUCAO CIVIL DO ESTADO DE SAO PAULO  SECONCISP,21363,2018,07,Fundo Municipal de Desenvolvimento Social,10,Fundo Municipal de Desenvolvimento Social,10,Saúde,301,Atenção Básica,3003,"Ações e Serviços da Saúde em Atenção Básica, Especialidades e Vigilânc",5204,"Avança Saúde SP - Ampliação, Reforma e Requalificação de Equipamentos ",4,Despesas de Capital,4,Investimentos,50,Transferências a Instituições Privadas sem Fins Lucrativos,52,Serviços de Assistência à Saúde,08.2.759.1224,PMSP-SF/COADM-Fundo Municipal de Desenvolvimento Social-FMD,0,Materiais Permanentes,5,Equipamentos e Material Permanente,171537.2,0.0,171537.2,171537.2,171537.2,0.0,"[{""siglaUnidadeMedida"": ""UN"", ""descricaoAnexo"": ""Despesa referente a inclusão de recursos para reforma e aquisição de equipamentos, para reclassificação do HD Penha, de 12 para 24 horas - aquisição de equipamentos e mobiliários."", ""qtdeAnexo"": 1, ""valorUnitarioAnexo"": 171537.2}]",,,,,R020/2016-SMS/NTCSS
01,PREFEITURA DO MUNICÍPIO DE SÃO PAULO,42155,61371,2023,6,30/06/2023 00:00:00,201502391283,61687356000130,SERVICO SOCIAL DA CONSTRUCAO CIVIL DO ESTADO DE SAO PAULO  SECONCISP,21363,2018,07,Fundo Municipal de Desenvolvimento Social,10,Fundo Municipal de Desenvolvimento Social,10,Saúde,301,Atenção Básica,3003,"Ações e Serviços da Saúde em Atenção Básica, Especialidades e Vigilânc",5204,"Avança Saúde SP - Ampliação, Reforma e Requalificação de Equipamentos ",4,Despesas de Capital,4,Investimentos,50,Transferências a Instituições Privadas sem Fins Lucrativos,51,Serviços de Assistência à Saúde,08.2.759.1224,PMSP-SF/COADM-Fundo Municipal de Desenvolvimento Social-FMD,0,Obras e Reformas em Imóvel da Prefeitura,5,Obras e Instalações,824986.66,0.0,824986.66,824986.66,824986.66,0.0,"[{""siglaUnidadeMedida"": ""UN"", ""descricaoAnexo"": ""Despesa referente a inclusão de recursos para reforma e aquisição de equipamentos, para reclassificação do HD Penha, de 12 para 24 horas - reforma e adequações de imóvel."", ""qtdeAnexo"": 1, ""valorUnitarioAnexo"": 824986.66}]",,,,,R020/2016-SMS/NTCSS
01,PREFEITURA DO MUNICÍPIO DE SÃO PAULO,42157,61743,2023,6,30/06/2023 00:00:00,6018202100045034,48211585000115,SOCIEDADE BENEFICENTE CAMINHO DE DAMASCO,21867,2021,07,Fundo Municipal de Desenvolvimento Social,10,Fundo Municipal de Desenvolvimento Social,10,Saúde,301,Atenção Básica,3003,"Ações e Serviços da Saúde em Atenção Básica, Especialidades e Vigilânc",5204,"Avança Saúde SP - Ampliação, Reforma e Requalificação de Equipamentos ",4,Despesas de Capital,4,Investimentos,50,Transferências a Instituições Privadas sem Fins Lucrativos,51,Serviços de Assistência à Saúde,08.2.759.1224,PMSP-SF/COADM-Fundo Municipal de Desenvolvimento Social-FMD,0,Obras e Reformas em Imóvel da Prefeitura,5,Obras e Instalações,1250000.0,0.0,1250000.0,1250000.0,1250000.0,0.0,"[{""siglaUnidadeMedida"": ""UN"", ""descricaoAnexo"": ""Despesa com Adequação de Imóvel para Implantação do CCO Tucuruvi"", ""qtdeAnexo"": 1, ""valorUnitarioAnexo"": 1250000.0}]",,,,,25/2021
01,PREFEITURA DO MUNICÍPIO DE SÃO PAULO,43112,62529,2023,7,03/07/2023 00:00:00,6018202300485747,56838949000110,CONSTRUTORA PROGREDIOR LTDA,18295,2023,07,Fundo Municipal de Desenvolvimento Social,10,Fundo Municipal de Desenvolvimento Social,10,Saúde,301,Atenção Básica,3003,"Ações e Serviços da Saúde em Atenção Básica, Especialidades e Vigilânc",5204,"Avança Saúde SP - Ampliação, Reforma e Requalificação de Equipamentos ",3,Despesas Correntes,3,Outras Despesas Correntes,90,Aplicações Diretas,39,Manutenção e Conservação de Bens Imóveis,08.2.759.1224,PMSP-SF/COADM-Fundo Municipal de Desenvolvimento Social-FMD,0,"Pequenas Reformas - Hospitais, UBS e Similares",1,Outros Serviços de Terceiros - Pessoa Jurídica,1499794.11,0.02,1499794.09,1499794.09,1499794.09,0.0,"[{""siglaUnidadeMedida"": ""UNI"", ""descricaoAnexo"": ""Contratação de serviços de manutenção, conservação, reparos e adequações da UBS Vila Arriete."", ""qtdeAnexo"": 1, ""valorUnitarioAnexo"": 1499794.11}]",,,,,10/2023
01,PREFEITURA DO MUNICÍPIO DE SÃO PAULO,24656,62871,2023,7,04/07/2023 00:00:00,6012202300112034,66806555000133,FBS CONSTRUCAO CIVIL E PAVIMENTACAO S.A.,18563,2023,07,Fundo Municipal de Desenvolvimento Social,10,Fundo Municipal de Desenvolvimento Social,15,Urbanismo,452,Serviços Urbanos,3022,Requalificação e Promoção da Ocupação dos Espaços Públicos,1137,Pavimentação e Recapeamento de Vias,4,Despesas de Capital,4,Investimentos,90,Aplicações Diretas,39,Manutenção e Conservação de Bens Imóveis,08.2.759.1224,PMSP-SF/COADM-Fundo Municipal de Desenvolvimento Social-FMD,1,Manutenção e Reformas de Bens Imóveis,1,Outros Serviços de Terceiros - Pessoa Jurídica,3236721.9,1038096.1,2198625.8,2198625.8,2198625.8,0.0,"[{""siglaUnidadeMedida"": ""UN"", ""descricaoAnexo"": ""Serviços de conservação e manutenção da malha viária da cidade de São Paulo "", ""qtdeAnexo"": 1, ""valorUnitarioAnexo"": 3236721.9}]",,,,,
01,PREFEITURA DO MUNICÍPIO DE SÃO PAULO,24656,62879,2023,7,04/07/2023 00:00:00,6012202300106930,66806555000133,FBS CONSTRUCAO CIVIL E PAVIMENTACAO S.A.,18572,2023,07,Fundo Municipal de Desenvolvimento Social,10,Fundo Municipal de Desenvolvimento Social,15,Urbanismo,452,Serviços Urbanos,3022,Requalificação e Promoção da Ocupação dos Espaços Públicos,1137,Pavimentação e Recapeamento de Vias,4,Despesas de Capital,4,Investimentos,90,Aplicações Diretas,39,Manutenção e Conservação de Bens Imóveis,08.2.759.1224,PMSP-SF/COADM-Fundo Municipal de Desenvolvimento Social-FMD,1,Manutenção e Reformas de Bens Imóveis,1,Outros Serviços de Terceiros - Pessoa Jurídica,2073084.37,336700.4,1736383.97,1736383.97,1736383.97,0.0,"[{""siglaUnidadeMedida"": ""UN"", ""descricaoAnexo"": ""Serviços de conservação e manutenção da malha viária da Cidade de São Paulo"", ""qtdeAnexo"": 1, ""valorUnitarioAnexo"": 2073084.37}]",,,,,
01,PREFEITURA DO MUNICÍPIO DE SÃO PAULO,24656,62917,2023,7,04/07/2023 00:00:00,6012202300106492,66806555000133,FBS CONSTRUCAO CIVIL E PAVIMENTACAO S.A.,-1,-1,07,Fundo Municipal de Desenvolvimento Social,10,Fundo Municipal de Desenvolvimento Social,15,Urbanismo,452,Serviços Urbanos,3022,Requalificação e Promoção da Ocupação dos Espaços Públicos,1137,Pavimentação e Recapeamento de Vias,4,Despesas de Capital,4,Investimentos,90,Aplicações Diretas,39,Manutenção e Conservação de Bens Imóveis,08.2.759.1224,PMSP-SF/COADM-Fundo Municipal de Desenvolvimento Social-FMD,1,Manutenção e Reformas de Bens Imóveis,1,Outros Serviços de Terceiros - Pessoa Jurídica,1848543.26,1848543.26,0.0,0.0,0.0,0.0,"[{""siglaUnidadeMedida"": ""UN"", ""descricaoAnexo"": ""Serviços de conservação e manutenção da malha viária da cidade de São Paulo"", ""qtdeAnexo"": 1, ""valorUnitarioAnexo"": 1848543.26}]",,,,,
01,PREFEITURA DO MUNICÍPIO DE SÃO PAULO,24656,62923,2023,7,04/07/2023 00:00:00,6012202300106506,66806555000133,FBS CONSTRUCAO CIVIL E PAVIMENTACAO S.A.,18594,2023,07,Fundo Municipal de Desenvolvimento Social,10,Fundo Municipal de Desenvolvimento Social,15,Urbanismo,452,Serviços Urbanos,3022,Requalificação e Promoção da Ocupação dos Espaços Públicos,1137,Pavimentação e Recapeamento de Vias,4,Despesas de Capital,4,Investimentos,90,Aplicações Diretas,39,Manutenção e Conservação de Bens Imóveis,08.2.759.1224,PMSP-SF/COADM-Fundo Municipal de Desenvolvimento Social-FMD,1,Manutenção e Reformas de Bens Imóveis,1,Outros Serviços de Terceiros - Pessoa Jurídica,4984471.55,268893.17,4715578.38,4715578.38,4715578.38,0.0,"[{""siglaUnidadeMedida"": ""UN"", ""descricaoAnexo"": ""Serviços de conservação e manutenção da malha viária da cidade de São Paulo"", ""qtdeAnexo"": 1, ""valorUnitarioAnexo"": 4984471.55}]",,,,,
01,PREFEITURA DO MUNICÍPIO DE SÃO PAULO,24656,63055,2023,7,04/07/2023 00:00:00,6012202300106492,66806555000133,FBS CONSTRUCAO CIVIL E PAVIMENTACAO S.A.,18636,2023,07,Fundo Municipal de Desenvolvimento Social,10,Fundo Municipal de Desenvolvimento Social,15,Urbanismo,452,Serviços Urbanos,3022,Requalificação e Promoção da Ocupação dos Espaços Públicos,1137,Pavimentação e Recapeamento de Vias,4,Despesas de Capital,4,Investimentos,90,Aplicações Diretas,39,Manutenção e Conservação de Bens Imóveis,08.2.759.1224,PMSP-SF/COADM-Fundo Municipal de Desenvolvimento Social-FMD,1,Manutenção e Reformas de Bens Imóveis,1,Outros Serviços de Terceiros - Pessoa Jurídica,1848453.26,214663.31,1633789.95,1633789.95,1633789.95,0.0,"[{""siglaUnidadeMedida"": ""UN"", ""descricaoAnexo"": ""Serviços de conservação e manutenção de malha viária da cidade de São Paulo"", ""qtdeAnexo"": 1, ""valorUnitarioAnexo"": 1848453.26}]",,,,,353/SMSUB/COGEL/2023
01,PREFEITURA DO MUNICÍPIO DE SÃO PAULO,44014,63410,2023,7,05/07/2023 00:00:00,201502391283,61687356000130,SERVICO SOCIAL DA CONSTRUCAO CIVIL DO ESTADO DE SAO PAULO  SECONCISP,21363,2018,07,Fundo Municipal de Desenvolvimento Social,10,Fundo Municipal de Desenvolvimento Social,10,Saúde,301,Atenção Básica,3003,"Ações e Serviços da Saúde em Atenção Básica, Especialidades e Vigilânc",5204,"Avança Saúde SP - Ampliação, Reforma e Requalificação de Equipamentos ",4,Despesas de Capital,4,Investimentos,50,Transferências a Instituições Privadas sem Fins Lucrativos,51,Serviços de Assistência à Saúde,08.2.759.1224,PMSP-SF/COADM-Fundo Municipal de Desenvolvimento Social-FMD,0,Obras e Reformas em Imóvel da Prefeitura,5,Obras e Instalações,213356.66,0.0,213356.66,213356.66,213356.66,0.0,"[{""siglaUnidadeMedida"": ""UN"", ""descricaoAnexo"": ""Despesas com reforma de imóvel para implantação do CAPS IJ Cangaiba."", ""qtdeAnexo"": 1, ""valorUnitarioAnexo"": 213356.66}]",,,,,R020/2016-SMS/NTCSS
01,PREFEITURA DO MUNICÍPIO DE SÃO PAULO,44017,63412,2023,7,05/07/2023 00:00:00,201502391283,61687356000130,SERVICO SOCIAL DA CONSTRUCAO CIVIL DO ESTADO DE SAO PAULO  SECONCISP,21363,2018,07,Fundo Municipal de Desenvolvimento Social,10,Fundo Municipal de Desenvolvimento Social,10,Saúde,301,Atenção Básica,3003,"Ações e Serviços da Saúde em Atenção Básica, Especialidades e Vigilânc",5204,"Avança Saúde SP - Ampliação, Reforma e Requalificação de Equipamentos ",4,Despesas de Capital,4,Investimentos,50,Transferências a Instituições Privadas sem Fins Lucrativos,52,Serviços de Assistência à Saúde,08.2.759.1224,PMSP-SF/COADM-Fundo Municipal de Desenvolvimento Social-FMD,0,Materiais Permanentes,5,Equipamentos e Material Permanente,166206.86,0.0,166206.86,166206.86,166206.86,0.0,"[{""siglaUnidadeMedida"": ""UN"", ""descricaoAnexo"": ""Despesas com aquisição de equipamentos/mobiliários para implantação do CAPS IJ Cangaiba."", ""qtdeAnexo"": 1, ""valorUnitarioAnexo"": 166206.86}]",,,,,R020/2016-SMS/NTCSS
01,PREFEITURA DO MUNICÍPIO DE SÃO PAULO,24656,64272,2023,7,07/07/2023 00:00:00,6012202300112042,62162847000120,JOFEGE PAVIMENTACAO E CONSTRUCAO LTDA,19314,2023,07,Fundo Municipal de Desenvolvimento Social,10,Fundo Municipal de Desenvolvimento Social,15,Urbanismo,452,Serviços Urbanos,3022,Requalificação e Promoção da Ocupação dos Espaços Públicos,1137,Pavimentação e Recapeamento de Vias,4,Despesas de Capital,4,Investimentos,90,Aplicações Diretas,39,Manutenção e Conservação de Bens Imóveis,08.2.759.1224,PMSP-SF/COADM-Fundo Municipal de Desenvolvimento Social-FMD,1,Manutenção e Reformas de Bens Imóveis,1,Outros Serviços de Terceiros - Pessoa Jurídica,21370972.49,1266557.57,20104414.92,20104414.92,20104414.92,0.0,"[{""siglaUnidadeMedida"": ""UN"", ""descricaoAnexo"": ""Serviços de conservação e manutenção da malha viária da cidade de São Paulo"", ""qtdeAnexo"": 1, ""valorUnitarioAnexo"": 21370972.49}]",,,,,358/SMSUB/COGEL/2023
01,PREFEITURA DO MUNICÍPIO DE SÃO PAULO,24656,64716,2023,7,10/07/2023 00:00:00,6012202300112000,62162847000120,JOFEGE PAVIMENTACAO E CONSTRUCAO LTDA,19542,2023,07,Fundo Municipal de Desenvolvimento Social,10,Fundo Municipal de Desenvolvimento Social,15,Urbanismo,452,Serviços Urbanos,3022,Requalificação e Promoção da Ocupação dos Espaços Públicos,1137,Pavimentação e Recapeamento de Vias,4,Despesas de Capital,4,Investimentos,90,Aplicações Diretas,39,Manutenção e Conservação de Bens Imóveis,08.2.759.1224,PMSP-SF/COADM-Fundo Municipal de Desenvolvimento Social-FMD,1,Manutenção e Reformas de Bens Imóveis,1,Outros Serviços de Terceiros - Pessoa Jurídica,13319267.63,0.1,13319267.53,13319267.53,13319267.53,0.0,"[{""siglaUnidadeMedida"": ""UN"", ""descricaoAnexo"": ""Serviços de conservação e manutenção da malha viária da cidade de São Paulo "", ""qtdeAnexo"": 1, ""valorUnitarioAnexo"": 13319267.63}]",,,,,
01,PREFEITURA DO MUNICÍPIO DE SÃO PAULO,24656,64933,2023,7,11/07/2023 00:00:00,6012202300107014,66806555000133,FBS CONSTRUCAO CIVIL E PAVIMENTACAO S.A.,19687,2023,07,Fundo Municipal de Desenvolvimento Social,10,Fundo Municipal de Desenvolvimento Social,15,Urbanismo,452,Serviços Urbanos,3022,Requalificação e Promoção da Ocupação dos Espaços Públicos,1137,Pavimentação e Recapeamento de Vias,4,Despesas de Capital,4,Investimentos,90,Aplicações Diretas,39,Manutenção e Conservação de Bens Imóveis,08.2.759.1224,PMSP-SF/COADM-Fundo Municipal de Desenvolvimento Social-FMD,1,Manutenção e Reformas de Bens Imóveis,1,Outros Serviços de Terceiros - Pessoa Jurídica,1613630.74,168153.76,1445476.98,1445476.98,1445476.98,0.0,"[{""siglaUnidadeMedida"": ""UN"", ""descricaoAnexo"": ""Serviços de conservação e manutenção da malha viária da cidade de São Paulo"", ""qtdeAnexo"": 1, ""valorUnitarioAnexo"": 1613630.74}]",,,,,370/SMSUB/COGEL/2023
01,PREFEITURA DO MUNICÍPIO DE SÃO PAULO,24656,64956,2023,7,11/07/2023 00:00:00,6012202300112689,66806555000133,FBS CONSTRUCAO CIVIL E PAVIMENTACAO S.A.,19697,2023,07,Fundo Municipal de Desenvolvimento Social,10,Fundo Municipal de Desenvolvimento Social,15,Urbanismo,452,Serviços Urbanos,3022,Requalificação e Promoção da Ocupação dos Espaços Públicos,1137,Pavimentação e Recapeamento de Vias,4,Despesas de Capital,4,Investimentos,90,Aplicações Diretas,39,Manutenção e Conservação de Bens Imóveis,08.2.759.1224,PMSP-SF/COADM-Fundo Municipal de Desenvolvimento Social-FMD,1,Manutenção e Reformas de Bens Imóveis,1,Outros Serviços de Terceiros - Pessoa Jurídica,312199.04,156619.64,155579.4,155579.4,155579.4,0.0,"[{""siglaUnidadeMedida"": ""UN"", ""descricaoAnexo"": ""Serviços de conservação e manutenção da malha viária da cidade de São Paulo"", ""qtdeAnexo"": 1, ""valorUnitarioAnexo"": 312199.04}]",,,,,368/SMSUB/COGEL/2023
01,PREFEITURA DO MUNICÍPIO DE SÃO PAULO,38422,65458,2023,7,13/07/2023 00:00:00,6110202100103530,44626011000157,LMM ENGENHARIA E SERVICOS LTDA,19940,2023,07,Fundo Municipal de Desenvolvimento Social,10,Fundo Municipal de Desenvolvimento Social,10,Saúde,302,Assistência Hospitalar e Ambulatorial,3003,"Ações e Serviços da Saúde em Atenção Básica, Especialidades e Vigilânc",5204,"Avança Saúde SP - Ampliação, Reforma e Requalificação de Equipamentos ",4,Despesas de Capital,4,Investimentos,90,Aplicações Diretas,51,Obras em Andamento - Uso Comum do Povo,08.2.759.1224,PMSP-SF/COADM-Fundo Municipal de Desenvolvimento Social-FMD,0,Hospitais e Similares ,8,Obras e Instalações,828452.0,0.0,828452.0,497036.51,497036.51,331415.49,"[{""siglaUnidadeMedida"": ""SEE"", ""descricaoAnexo"": ""SMS - CONTRATAÇÃO DE EMPRESA DE ENGENHARIA ESPECIALIZADA EM REFORMAS/ ADEQUAÇÕES EM EDIFICAÇÕES COM FORNECIMENTO DE MATERIAL E MÃO DE OBRA PARA QUE SEJA EXECUTADO A REDEFINIÇÃO E MELHORIA/REVISÃO NA ESTRUTURA DO TELHADO, REMOÇÃO DE CLARABOIAS, TELHADO, SUBSTITUIÇÃO DE TELHAS, READEQUAÇÃO DAS CALHAS E RUFOS COM ADIÇÃO DE COLETORES DE CAPTAÇÃO DE ÁGUA PLUVIAL, EXECUÇÃO DE PLATAFORMA DE AÇO COM GUARDA CORPO SOBRE O TELHADO DO HM PROF. DR. IGNÁCIO PROENÇA DE GOUVÊA, SUBORDINADA A SMS."", ""qtdeAnexo"": 1, ""valorUnitarioAnexo"": 828452.0}]",,,,,091/2023
01,PREFEITURA DO MUNICÍPIO DE SÃO PAULO,38444,65463,2023,7,13/07/2023 00:00:00,6110202200111730,44626011000157,LMM ENGENHARIA E SERVICOS LTDA,19938,2023,07,Fundo Municipal de Desenvolvimento Social,10,Fundo Municipal de Desenvolvimento Social,10,Saúde,302,Assistência Hospitalar e Ambulatorial,3003,"Ações e Serviços da Saúde em Atenção Básica, Especialidades e Vigilânc",5204,"Avança Saúde SP - Ampliação, Reforma e Requalificação de Equipamentos ",4,Despesas de Capital,4,Investimentos,90,Aplicações Diretas,51,Obras em Andamento - Uso Comum do Povo,08.2.759.1224,PMSP-SF/COADM-Fundo Municipal de Desenvolvimento Social-FMD,0,Hospitais e Similares ,8,Obras e Instalações,1420999.99,0.0,852727.57,0.0,0.0,852727.57,"[{""siglaUnidadeMedida"": ""SER"", ""descricaoAnexo"": ""SMS - CONTRATAÇÃO DE EMPRESA DE ENGENHARIA ESPECIALIZADA EM REFORMAS/ ADEQUAÇÕES EM EDIFICAÇÕES COM FORNECIMENTO DE MATERIAL E MÃO DE OBRA PARA QUE SEJA EXECUTADO A IMPERMEABILIZAÇÃO DA LAJE E CALHAS, REDEFINIÇÃO E MELHORIA NA ESTRUTURA DO TELHADO, SUBSTITUIÇÃO DE TELHAS E RUFOS, INSTALAÇÃO DE AR CONDICIONADO, ESCADA DE ACESSO, FORRO DE GESSO ACARTONADO NO HOSPITAL MUNICIPAL Dr. JOSÉ SOARES HUNGRIA SUBORDINADA A SECRETARIA MUNICIPAL DA SAÚDE."", ""qtdeAnexo"": 1, ""valorUnitarioAnexo"": 1420999.99}]",,,,,092/2023
01,PREFEITURA DO MUNICÍPIO DE SÃO PAULO,38408,69134,2023,7,20/07/2023 00:00:00,6110202200038293,07717809000188,CONSTRUMAB ENGENHARIA LTDA,20325,2023,07,Fundo Municipal de Desenvolvimento Social,10,Fundo Municipal de Desenvolvimento Social,10,Saúde,302,Assistência Hospitalar e Ambulatorial,3003,"Ações e Serviços da Saúde em Atenção Básica, Especialidades e Vigilânc",5204,"Avança Saúde SP - Ampliação, Reforma e Requalificação de Equipamentos ",4,Despesas de Capital,4,Investimentos,90,Aplicações Diretas,51,Obras em Andamento - Uso Comum do Povo,08.2.759.1224,PMSP-SF/COADM-Fundo Municipal de Desenvolvimento Social-FMD,0,Hospitais e Similares ,8,Obras e Instalações,644900.01,0.0,644900.01,386939.95,386939.95,257960.06,"[{""siglaUnidadeMedida"": ""SER"", ""descricaoAnexo"": ""CONTRATAÇÃO DE EMPRESA ESPECIALIZADA EM REFORMAS DE EDIFICAÇÕES, COM FORNECIMENTO DE MATERIAL E MÃO DE OBRA PARA QUE VENHA A SER EXECUTADO OS SERVIÇOS DE REMOÇÃO/SUBSTITUIÇÃO/INSTALAÇÃO DE TELAS DE PROTEÇÃO CONTRA VETORES COMPLETA INCLUSIVE REQUADRO (PERFIS, TELA, CANTOS E CONEXÕES, BORRACHA/VEDAÇÃO, TRAMELA E ETC.) NAS JANELAS DO HOSPITAL MUNICIPAL DR. CARMINO CARICCHIO"", ""qtdeAnexo"": 1, ""valorUnitarioAnexo"": 644900.01}]",,,,,102/2023
01,PREFEITURA DO MUNICÍPIO DE SÃO PAULO,45356,69613,2023,7,21/07/2023 00:00:00,6012202200230426,71654446000188,MC ENGENHARIA  E CONSTRUCOES SA,13235,2023,07,Fundo Municipal de Desenvolvimento Social,10,Fundo Municipal de Desenvolvimento Social,15,Urbanismo,451,Infra-Estrutura Urbana,3022,Requalificação e Promoção da Ocupação dos Espaços Públicos,1170,"Intervenção, Urbanização e Melhoria de Bairros - Plano de Obras das Su",4,Despesas de Capital,4,Investimentos,90,Aplicações Diretas,51,Obras em Andamento - Uso Comum do Povo,08.2.759.1224,PMSP-SF/COADM-Fundo Municipal de Desenvolvimento Social-FMD,0,Obras em Áreas de Risco ,8,Obras e Instalações,6750533.12,0.0,6750522.05,5016483.41,5016483.41,1734038.64,"[{""siglaUnidadeMedida"": ""UN"", ""descricaoAnexo"": ""PROJETO EXECUTIVO E EXECUÇÃO DE OBRA DE CONTENÇÃO DE CÓRREGO NA AVENIDA PARADA PINTO, ALTURA DO Nº 1103 - CACHOEIRINHA - SUB-CV."", ""qtdeAnexo"": 1, ""valorUnitarioAnexo"": 6750533.12}]",,,,,239/SMSUB/COGEL/2023
01,PREFEITURA DO MUNICÍPIO DE SÃO PAULO,45356,69619,2023,7,21/07/2023 00:00:00,6012202200220935,50203083000194,CONSORCIO CORREGO HOSPITAL JE,15461,2023,07,Fundo Municipal de Desenvolvimento Social,10,Fundo Municipal de Desenvolvimento Social,15,Urbanismo,451,Infra-Estrutura Urbana,3022,Requalificação e Promoção da Ocupação dos Espaços Públicos,1170,"Intervenção, Urbanização e Melhoria de Bairros - Plano de Obras das Su",4,Despesas de Capital,4,Investimentos,90,Aplicações Diretas,51,Obras em Andamento - Uso Comum do Povo,08.2.759.1224,PMSP-SF/COADM-Fundo Municipal de Desenvolvimento Social-FMD,0,Obras em Áreas de Risco ,8,Obras e Instalações,24920031.25,2000000.0,22602918.15,22532490.51,22532490.51,70427.64,"[{""siglaUnidadeMedida"": ""UN"", ""descricaoAnexo"": ""EXECUÇÃO DE OBRAS DE REVITALIZAÇÃO DO CÓRREGO HOSPITAL - TRECHO: ENTRE A RUA IRINEU SALVADOR PINTO ATÉ A AV. ESCOLA POLITÉCNICA."", ""qtdeAnexo"": 1, ""valorUnitarioAnexo"": 24920031.25}]",,,,,211/SMSUB/COGEL/2023
01,PREFEITURA DO MUNICÍPIO DE SÃO PAULO,45356,69628,2023,7,21/07/2023 00:00:00,6012202200219708,66748955000130,ALMEIDA SAPATA ENGENHARIA E CONSTRUCOES LTDA,14141,2023,07,Fundo Municipal de Desenvolvimento Social,10,Fundo Municipal de Desenvolvimento Social,15,Urbanismo,451,Infra-Estrutura Urbana,3022,Requalificação e Promoção da Ocupação dos Espaços Públicos,1170,"Intervenção, Urbanização e Melhoria de Bairros - Plano de Obras das Su",4,Despesas de Capital,4,Investimentos,90,Aplicações Diretas,51,Obras em Andamento - Uso Comum do Povo,08.2.759.1224,PMSP-SF/COADM-Fundo Municipal de Desenvolvimento Social-FMD,1,"Praças, Parques e Jardins ",8,Obras e Instalações,19335577.66,10768961.57,8566616.09,4831971.18,4831971.18,3734644.91,"[{""siglaUnidadeMedida"": ""UN"", ""descricaoAnexo"": ""EXECUÇÃO DE OBRAS DE CANALIZAÇÃO DE CÓRREGO NA RUA DOMÊNICO PALMA, ALTURA DO NÚMERO 121, JARDIM CIDÁLIA – SÃO PAULO – SP."", ""qtdeAnexo"": 1, ""valorUnitarioAnexo"": 19335577.66}]",,,,,250/SMSUB/COGEL/2023
01,PREFEITURA DO MUNICÍPIO DE SÃO PAULO,45356,69633,2023,7,21/07/2023 00:00:00,6012202200230477,54883194000140,TRANSVIAS CONSTRUCOES E TERRAPLENAGEM LTDA,11315,2023,07,Fundo Municipal de Desenvolvimento Social,10,Fundo Municipal de Desenvolvimento Social,15,Urbanismo,451,Infra-Estrutura Urbana,3022,Requalificação e Promoção da Ocupação dos Espaços Públicos,1170,"Intervenção, Urbanização e Melhoria de Bairros - Plano de Obras das Su",4,Despesas de Capital,4,Investimentos,90,Aplicações Diretas,51,Obras em Andamento - Uso Comum do Povo,08.2.759.1224,PMSP-SF/COADM-Fundo Municipal de Desenvolvimento Social-FMD,0,Obras em Áreas de Risco ,8,Obras e Instalações,7417908.59,0.0,7417893.75,6997967.86,6997967.86,419925.89,"[{""siglaUnidadeMedida"": ""UN"", ""descricaoAnexo"": ""Obras de revitalização e contenção do Córrego Manoel Carlos de Souza, entre às ruas Manoel Carlos de Souza e Jeronimo dos Santos - Limão - SUB-CV."", ""qtdeAnexo"": 1, ""valorUnitarioAnexo"": 7417908.59}]",,,,,199/SMSUB/COGEL/2023
01,PREFEITURA DO MUNICÍPIO DE SÃO PAULO,38453,70965,2023,7,25/07/2023 00:00:00,6110202000264818,44626011000157,LMM ENGENHARIA E SERVICOS LTDA,21251,2023,07,Fundo Municipal de Desenvolvimento Social,10,Fundo Municipal de Desenvolvimento Social,10,Saúde,302,Assistência Hospitalar e Ambulatorial,3003,"Ações e Serviços da Saúde em Atenção Básica, Especialidades e Vigilânc",5204,"Avança Saúde SP - Ampliação, Reforma e Requalificação de Equipamentos ",4,Despesas de Capital,4,Investimentos,90,Aplicações Diretas,51,Obras em Andamento - Uso Comum do Povo,08.2.759.1224,PMSP-SF/COADM-Fundo Municipal de Desenvolvimento Social-FMD,0,Hospitais e Similares ,8,Obras e Instalações,766323.49,0.0,766323.49,574740.98,383161.79,383161.7,"[{""siglaUnidadeMedida"": ""SER"", ""descricaoAnexo"": ""SMS - EMPRESA DE ENGENHARIA ESPECIALIZADA EM REFORMAS/ ADEQUAÇÕES EM EDIFICAÇÕES COM FORNECIMENTO DE MATERIAL E MÃO DE OBRA PARA QUE SEJA EXECUTADO OS SERVIÇOS DO HOSPITAL MUNICIPAL DR. FERNANDO MAURO PIRES DA ROCHA SUBORDINADA A SMS. – EXERCÍCIO DE 2023."", ""qtdeAnexo"": 1, ""valorUnitarioAnexo"": 766323.49}]",,,,,105/2023
01,PREFEITURA DO MUNICÍPIO DE SÃO PAULO,45356,71086,2023,7,25/07/2023 00:00:00,6012202200220897,50203149000146,CONSORCIO CORREGO AGUA PODRE JE,15467,2023,07,Fundo Municipal de Desenvolvimento Social,10,Fundo Municipal de Desenvolvimento Social,15,Urbanismo,451,Infra-Estrutura Urbana,3022,Requalificação e Promoção da Ocupação dos Espaços Públicos,1170,"Intervenção, Urbanização e Melhoria de Bairros - Plano de Obras das Su",4,Despesas de Capital,4,Investimentos,90,Aplicações Diretas,51,Obras em Andamento - Uso Comum do Povo,08.2.759.1224,PMSP-SF/COADM-Fundo Municipal de Desenvolvimento Social-FMD,0,Obras em Áreas de Risco ,8,Obras e Instalações,22699349.34,10661519.06,12037830.28,12037830.28,12037830.28,0.0,"[{""siglaUnidadeMedida"": ""UN"", ""descricaoAnexo"": ""Obras de revitalização do Córrego Água Podre"", ""qtdeAnexo"": 1, ""valorUnitarioAnexo"": 22699349.34}]",,,,,210/SMSUB/COGEL/2023
01,PREFEITURA DO MUNICÍPIO DE SÃO PAULO,38426,71562,2023,7,26/07/2023 00:00:00,6110202200042843,08097160000102,AMDS ENGENHARIA E CONSTRUCOES LTDA,21439,2023,07,Fundo Municipal de Desenvolvimento Social,10,Fundo Municipal de Desenvolvimento Social,10,Saúde,302,Assistência Hospitalar e Ambulatorial,3003,"Ações e Serviços da Saúde em Atenção Básica, Especialidades e Vigilânc",5204,"Avança Saúde SP - Ampliação, Reforma e Requalificação de Equipamentos ",4,Despesas de Capital,4,Investimentos,90,Aplicações Diretas,51,Obras em Andamento - Uso Comum do Povo,08.2.759.1224,PMSP-SF/COADM-Fundo Municipal de Desenvolvimento Social-FMD,0,Hospitais e Similares ,8,Obras e Instalações,950000.0,0.0,950000.0,379993.55,379993.55,570006.45,"[{""siglaUnidadeMedida"": ""SER"", ""descricaoAnexo"": ""SMS - CONTRATAÇÃO DE EMPRESA ESPECIALIZADA EM REFORMAS DE EDIFICAÇÕES, COM FORNECIMENTO DE MATERIAL E MÃO DE OBRA PARA REFORMA DA FACHADA DO HMWP PERTENCENTE À SMS - EXERCÍCIO 2023"", ""qtdeAnexo"": 1, ""valorUnitarioAnexo"": 950000.0}]",,,,,107/2023/SMS-1
01,PREFEITURA DO MUNICÍPIO DE SÃO PAULO,52480,73443,2023,8,01/08/2023 00:00:00,6018202200978482,04002395000112,LEMAM CONSTRUCOES E COMERCIO SA,38094,2022,07,Fundo Municipal de Desenvolvimento Social,10,Fundo Municipal de Desenvolvimento Social,10,Saúde,301,Atenção Básica,3003,"Ações e Serviços da Saúde em Atenção Básica, Especialidades e Vigilânc",5204,"Avança Saúde SP - Ampliação, Reforma e Requalificação de Equipamentos ",4,Despesas de Capital,4,Investimentos,90,Aplicações Diretas,51,Obras em Andamento - Uso Comum do Povo,08.2.759.1224,PMSP-SF/COADM-Fundo Municipal de Desenvolvimento Social-FMD,0,Hospitais e Similares ,8,Obras e Instalações,1496093.72,0.0,1478288.49,1478288.49,1478288.49,0.0,"[{""siglaUnidadeMedida"": ""UN"", ""descricaoAnexo"": ""UBS NEUSA ROSALIA MORALES, (Subprefeitura Sé -SP/SÉ) - MANUTENÇÃO"", ""qtdeAnexo"": 1, ""valorUnitarioAnexo"": 1496093.72}]",,,,,318/SIURB/2022
01,PREFEITURA DO MUNICÍPIO DE SÃO PAULO,24656,73509,2023,8,01/08/2023 00:00:00,6012202300153946,09052229000144,SOUZA COMPEC ENGENHARIA E CONSTRUÇÕES LTDA,22259,2023,07,Fundo Municipal de Desenvolvimento Social,10,Fundo Municipal de Desenvolvimento Social,15,Urbanismo,452,Serviços Urbanos,3022,Requalificação e Promoção da Ocupação dos Espaços Públicos,1137,Pavimentação e Recapeamento de Vias,4,Despesas de Capital,4,Investimentos,90,Aplicações Diretas,39,Manutenção e Conservação de Bens Imóveis,08.2.759.1224,PMSP-SF/COADM-Fundo Municipal de Desenvolvimento Social-FMD,1,Manutenção e Reformas de Bens Imóveis,1,Outros Serviços de Terceiros - Pessoa Jurídica,1071633.07,202892.79,868740.28,868740.28,868740.28,0.0,"[{""siglaUnidadeMedida"": ""UN"", ""descricaoAnexo"": ""Serviços de conservação e manutenção da malha viaria da cidade de São Paulo"", ""qtdeAnexo"": 1, ""valorUnitarioAnexo"": 1071633.07}]",,,,,406/SMSUB/COGEL/2023
01,PREFEITURA DO MUNICÍPIO DE SÃO PAULO,39741,73532,2023,8,01/08/2023 00:00:00,7910202100011166,56838949000110,CONSTRUTORA PROGREDIOR LTDA,17043,2022,07,Fundo Municipal de Desenvolvimento Social,10,Fundo Municipal de Desenvolvimento Social,15,Urbanismo,451,Infra-Estrutura Urbana,3009,Melhoria da Mobilidade Urbana Universal,5187,Recuperação e Reforço de Obras de Arte Especiais - OAE,4,Despesas de Capital,4,Investimentos,90,Aplicações Diretas,51,Obras em Andamento - Uso Comum do Povo,08.2.759.1224,PMSP-SF/COADM-Fundo Municipal de Desenvolvimento Social-FMD,1,"Pontes, Pontilhões e Viadutos ",8,Obras e Instalações,589240.08,0.0,588503.27,588503.27,588503.27,0.0,"[{""siglaUnidadeMedida"": ""UN"", ""descricaoAnexo"": ""Contrato 125/SIURB/22. Viaduto Beneficência Portuguesa e do Viaduto General Olímpio da Silveira – Lote 09"", ""qtdeAnexo"": 1, ""valorUnitarioAnexo"": 589240.08}]",,,,,125/SIURB/2022
01,PREFEITURA DO MUNICÍPIO DE SÃO PAULO,39741,73542,2023,8,01/08/2023 00:00:00,7910202100011166,46044392000191,CONSTRUMEDICI ENGENHARIA E COMERCIO LTDA,17043,2022,07,Fundo Municipal de Desenvolvimento Social,10,Fundo Municipal de Desenvolvimento Social,15,Urbanismo,451,Infra-Estrutura Urbana,3009,Melhoria da Mobilidade Urbana Universal,5187,Recuperação e Reforço de Obras de Arte Especiais - OAE,4,Despesas de Capital,4,Investimentos,90,Aplicações Diretas,51,Obras em Andamento - Uso Comum do Povo,08.2.759.1224,PMSP-SF/COADM-Fundo Municipal de Desenvolvimento Social-FMD,1,"Pontes, Pontilhões e Viadutos ",8,Obras e Instalações,589240.09,0.0,588503.24,588503.24,588503.24,0.0,"[{""siglaUnidadeMedida"": ""UN"", ""descricaoAnexo"": ""Contrato 125/SIURB/22. Viaduto Beneficência Portuguesa e do Viaduto General Olímpio da Silveira – Lote 09"", ""qtdeAnexo"": 1, ""valorUnitarioAnexo"": 589240.09}]",,,,,125/SIURB/2022
01,PREFEITURA DO MUNICÍPIO DE SÃO PAULO,47228,73575,2023,8,01/08/2023 00:00:00,6110202000013076,07879965000145,CONSTRUTORA LETTIERI CORDARO LTDA,22285,2023,07,Fundo Municipal de Desenvolvimento Social,10,Fundo Municipal de Desenvolvimento Social,10,Saúde,302,Assistência Hospitalar e Ambulatorial,3003,"Ações e Serviços da Saúde em Atenção Básica, Especialidades e Vigilânc",5204,"Avança Saúde SP - Ampliação, Reforma e Requalificação de Equipamentos ",4,Despesas de Capital,4,Investimentos,90,Aplicações Diretas,51,Obras em Andamento - Uso Comum do Povo,08.2.759.1224,PMSP-SF/COADM-Fundo Municipal de Desenvolvimento Social-FMD,0,Hospitais e Similares ,8,Obras e Instalações,1496683.07,0.0,1166908.57,0.0,0.0,1166908.57,"[{""siglaUnidadeMedida"": ""UN"", ""descricaoAnexo"": "": Serviços gerais de manutenção preventiva, corretiva, reparações, adaptações e modificações, de acordo de primeira linha e mão-de-obra especializada no Hospital Municipal Prof. Dr. Waldomiro de Paula, situado na Rua Augusto Carlos Bauman, nº 1074"", ""qtdeAnexo"": 1, ""valorUnitarioAnexo"": 1496683.07}]",,,,,180/SIURB/23
01,PREFEITURA DO MUNICÍPIO DE SÃO PAULO,45367,73713,2023,8,01/08/2023 00:00:00,6012202300157240,45240999000184,COENPA INFRAESTRUTURA SA,22265,2023,07,Fundo Municipal de Desenvolvimento Social,10,Fundo Municipal de Desenvolvimento Social,15,Urbanismo,452,Serviços Urbanos,3022,Requalificação e Promoção da Ocupação dos Espaços Públicos,1137,Pavimentação e Recapeamento de Vias,4,Despesas de Capital,4,Investimentos,90,Aplicações Diretas,51,Obras em Andamento - Uso Comum do Povo,08.1.759.1224,PMSP-SF/COADM-Fundo Municipal de Desenvolvimento Social-FMD,1,Pavimentação de Ruas e Avenidas ,8,Obras e Instalações,8817152.35,1500000.0,7317152.35,7317152.35,7317152.35,0.0,"[{""siglaUnidadeMedida"": ""UN"", ""descricaoAnexo"": ""execução de obras de pavimentação e serviços complementares em Ruas de Terra"", ""qtdeAnexo"": 1, ""valorUnitarioAnexo"": 8817152.35}]",,,,,413/SMSUB/COGEL/2023
01,PREFEITURA DO MUNICÍPIO DE SÃO PAULO,45367,73718,2023,8,01/08/2023 00:00:00,6012202300157607,31031932000125,PAV PASSOS CONSTRUCOES LTDA,22268,2023,07,Fundo Municipal de Desenvolvimento Social,10,Fundo Municipal de Desenvolvimento Social,15,Urbanismo,452,Serviços Urbanos,3022,Requalificação e Promoção da Ocupação dos Espaços Públicos,1137,Pavimentação e Recapeamento de Vias,4,Despesas de Capital,4,Investimentos,90,Aplicações Diretas,51,Obras em Andamento - Uso Comum do Povo,08.1.759.1224,PMSP-SF/COADM-Fundo Municipal de Desenvolvimento Social-FMD,1,Pavimentação de Ruas e Avenidas ,8,Obras e Instalações,6353654.37,2000000.0,4353450.64,1250385.08,1250385.08,3103065.56,"[{""siglaUnidadeMedida"": ""UN"", ""descricaoAnexo"": ""execução de obras de pavimentação e serviços complementares em Ruas de Terra."", ""qtdeAnexo"": 1, ""valorUnitarioAnexo"": 6353654.37}]",,,,,441/SMSUB/COGEL/2023
01,PREFEITURA DO MUNICÍPIO DE SÃO PAULO,45367,73730,2023,8,01/08/2023 00:00:00,6012202300157690,56838949000110,CONSTRUTORA PROGREDIOR LTDA,22275,2023,07,Fundo Municipal de Desenvolvimento Social,10,Fundo Municipal de Desenvolvimento Social,15,Urbanismo,452,Serviços Urbanos,3022,Requalificação e Promoção da Ocupação dos Espaços Públicos,1137,Pavimentação e Recapeamento de Vias,4,Despesas de Capital,4,Investimentos,90,Aplicações Diretas,51,Obras em Andamento - Uso Comum do Povo,08.1.759.1224,PMSP-SF/COADM-Fundo Municipal de Desenvolvimento Social-FMD,1,Pavimentação de Ruas e Avenidas ,8,Obras e Instalações,1823691.56,1823691.56,0.0,0.0,0.0,0.0,"[{""siglaUnidadeMedida"": ""UN"", ""descricaoAnexo"": ""execução de obras de pavimentação e serviços complementares em Ruas de Terra.\n\n \n\n"", ""qtdeAnexo"": 1, ""valorUnitarioAnexo"": 1823691.56}]",,,,,407/SMSUB/COGEL/2023
01,PREFEITURA DO MUNICÍPIO DE SÃO PAULO,45367,73734,2023,8,01/08/2023 00:00:00,6012202300157755,01846687000143,GESTOR ENGENHARIA LTDA,22284,2023,07,Fundo Municipal de Desenvolvimento Social,10,Fundo Municipal de Desenvolvimento Social,15,Urbanismo,452,Serviços Urbanos,3022,Requalificação e Promoção da Ocupação dos Espaços Públicos,1137,Pavimentação e Recapeamento de Vias,4,Despesas de Capital,4,Investimentos,90,Aplicações Diretas,51,Obras em Andamento - Uso Comum do Povo,08.1.759.1224,PMSP-SF/COADM-Fundo Municipal de Desenvolvimento Social-FMD,1,Pavimentação de Ruas e Avenidas ,8,Obras e Instalações,7962841.44,1300000.0,6662841.44,5622171.7,5622171.7,1040669.74,"[{""siglaUnidadeMedida"": ""UN"", ""descricaoAnexo"": ""execução de obras de pavimentação e serviços complementares em Ruas de Terra."", ""qtdeAnexo"": 1, ""valorUnitarioAnexo"": 7962841.44}]",,,,,408/SMSUB/COGEL/2022
01,PREFEITURA DO MUNICÍPIO DE SÃO PAULO,45367,73741,2023,8,01/08/2023 00:00:00,6012202300157844,65035222000195,ERATECNICA ENGENHARIA CONSTRUCOES E SERVICOS LTDA,22341,2023,07,Fundo Municipal de Desenvolvimento Social,10,Fundo Municipal de Desenvolvimento Social,15,Urbanismo,452,Serviços Urbanos,3022,Requalificação e Promoção da Ocupação dos Espaços Públicos,1137,Pavimentação e Recapeamento de Vias,4,Despesas de Capital,4,Investimentos,90,Aplicações Diretas,51,Obras em Andamento - Uso Comum do Povo,08.1.759.1224,PMSP-SF/COADM-Fundo Municipal de Desenvolvimento Social-FMD,1,Pavimentação de Ruas e Avenidas ,8,Obras e Instalações,3800040.87,3550000.0,197930.89,80289.37,0.0,197930.89,"[{""siglaUnidadeMedida"": ""UN"", ""descricaoAnexo"": ""execução de obras de pavimentação e serviços complementares em Ruas de Terra."", ""qtdeAnexo"": 1, ""valorUnitarioAnexo"": 3800040.87}]",,,,,411/SMSUB/COGEL/2023
01,PREFEITURA DO MUNICÍPIO DE SÃO PAULO,45367,73746,2023,8,01/08/2023 00:00:00,6012202300157887,02542939000103,FBF CONSTRUCOES E SERVICOS LTDA,22346,2023,07,Fundo Municipal de Desenvolvimento Social,10,Fundo Municipal de Desenvolvimento Social,15,Urbanismo,452,Serviços Urbanos,3022,Requalificação e Promoção da Ocupação dos Espaços Públicos,1137,Pavimentação e Recapeamento de Vias,4,Despesas de Capital,4,Investimentos,90,Aplicações Diretas,51,Obras em Andamento - Uso Comum do Povo,08.1.759.1224,PMSP-SF/COADM-Fundo Municipal de Desenvolvimento Social-FMD,1,Pavimentação de Ruas e Avenidas ,8,Obras e Instalações,7469842.68,7469842.68,0.0,0.0,0.0,0.0,"[{""siglaUnidadeMedida"": ""UN"", ""descricaoAnexo"": ""Contratação de empresa especializada para execução de obras de pavimentação e serviços complementares em ruas de terra"", ""qtdeAnexo"": 1, ""valorUnitarioAnexo"": 7469842.68}]",,,,,412/SMSUB/COGEL/2023
01,PREFEITURA DO MUNICÍPIO DE SÃO PAULO,45367,73753,2023,8,01/08/2023 00:00:00,6012202300157895,03264493000165,DANG CONSTRUTORA DE OBRAS LTDA,22357,2023,07,Fundo Municipal de Desenvolvimento Social,10,Fundo Municipal de Desenvolvimento Social,15,Urbanismo,452,Serviços Urbanos,3022,Requalificação e Promoção da Ocupação dos Espaços Públicos,1137,Pavimentação e Recapeamento de Vias,4,Despesas de Capital,4,Investimentos,90,Aplicações Diretas,51,Obras em Andamento - Uso Comum do Povo,08.1.759.1224,PMSP-SF/COADM-Fundo Municipal de Desenvolvimento Social-FMD,1,Pavimentação de Ruas e Avenidas ,8,Obras e Instalações,4012644.73,0.0,4012644.73,4012644.73,4012644.73,0.0,"[{""siglaUnidadeMedida"": ""UN"", ""descricaoAnexo"": ""execução de obras de pavimentação e serviços complementares em Ruas de Terra"", ""qtdeAnexo"": 1, ""valorUnitarioAnexo"": 4012644.73}]",,,,,414/SMSUB/COGEL/2023
01,PREFEITURA DO MUNICÍPIO DE SÃO PAULO,24656,73964,2023,8,02/08/2023 00:00:00,6012202300155809,62162847000120,JOFEGE PAVIMENTACAO E CONSTRUCAO LTDA,22676,2023,07,Fundo Municipal de Desenvolvimento Social,10,Fundo Municipal de Desenvolvimento Social,15,Urbanismo,452,Serviços Urbanos,3022,Requalificação e Promoção da Ocupação dos Espaços Públicos,1137,Pavimentação e Recapeamento de Vias,4,Despesas de Capital,4,Investimentos,90,Aplicações Diretas,39,Manutenção e Conservação de Bens Imóveis,08.2.759.1224,PMSP-SF/COADM-Fundo Municipal de Desenvolvimento Social-FMD,1,Manutenção e Reformas de Bens Imóveis,1,Outros Serviços de Terceiros - Pessoa Jurídica,4236745.24,641536.1,3595209.14,3595209.14,3595209.14,0.0,"[{""siglaUnidadeMedida"": ""UN"", ""descricaoAnexo"": ""serviços de conservação e manutenção da malha viária da cidade de São Paulo"", ""qtdeAnexo"": 1, ""valorUnitarioAnexo"": 4236745.24}]",,,,,423/SMSUB/COGEL/2023
01,PREFEITURA DO MUNICÍPIO DE SÃO PAULO,24656,73967,2023,8,02/08/2023 00:00:00,6012202300149213,47218979000132,ARVEK TECNICA E CONSTRUCOES LTDA,22674,2023,07,Fundo Municipal de Desenvolvimento Social,10,Fundo Municipal de Desenvolvimento Social,15,Urbanismo,452,Serviços Urbanos,3022,Requalificação e Promoção da Ocupação dos Espaços Públicos,1137,Pavimentação e Recapeamento de Vias,4,Despesas de Capital,4,Investimentos,90,Aplicações Diretas,39,Manutenção e Conservação de Bens Imóveis,08.2.759.1224,PMSP-SF/COADM-Fundo Municipal de Desenvolvimento Social-FMD,1,Manutenção e Reformas de Bens Imóveis,1,Outros Serviços de Terceiros - Pessoa Jurídica,3139686.4,0.0,3139686.4,3139686.4,3139686.4,0.0,"[{""siglaUnidadeMedida"": ""UN"", ""descricaoAnexo"": ""Serviços de conservação e manutenção da malha viária da cidade de São Paulo "", ""qtdeAnexo"": 1, ""valorUnitarioAnexo"": 3139686.4}]",,,,,418/SMSUB/COGEL/2023
01,PREFEITURA DO MUNICÍPIO DE SÃO PAULO,24656,73969,2023,8,02/08/2023 00:00:00,6012202300153601,09052229000144,SOUZA COMPEC ENGENHARIA E CONSTRUÇÕES LTDA,22670,2023,07,Fundo Municipal de Desenvolvimento Social,10,Fundo Municipal de Desenvolvimento Social,15,Urbanismo,452,Serviços Urbanos,3022,Requalificação e Promoção da Ocupação dos Espaços Públicos,1137,Pavimentação e Recapeamento de Vias,4,Despesas de Capital,4,Investimentos,90,Aplicações Diretas,39,Manutenção e Conservação de Bens Imóveis,08.2.759.1224,PMSP-SF/COADM-Fundo Municipal de Desenvolvimento Social-FMD,1,Manutenção e Reformas de Bens Imóveis,1,Outros Serviços de Terceiros - Pessoa Jurídica,5018961.47,556989.73,4461971.74,4461971.74,4461971.74,0.0,"[{""siglaUnidadeMedida"": ""UN"", ""descricaoAnexo"": ""serviços de conservação e manutenção da malha viária da cidade de São Paulo"", ""qtdeAnexo"": 1, ""valorUnitarioAnexo"": 5018961.47}]",,,,,425/SMSUB/COGEL/2023
01,PREFEITURA DO MUNICÍPIO DE SÃO PAULO,24656,73973,2023,8,02/08/2023 00:00:00,6012202300156392,43677822000114,SOEBE CONSTRUÇÃO E PAVIMENTAÇÃO SA,22683,2023,07,Fundo Municipal de Desenvolvimento Social,10,Fundo Municipal de Desenvolvimento Social,15,Urbanismo,452,Serviços Urbanos,3022,Requalificação e Promoção da Ocupação dos Espaços Públicos,1137,Pavimentação e Recapeamento de Vias,4,Despesas de Capital,4,Investimentos,90,Aplicações Diretas,39,Manutenção e Conservação de Bens Imóveis,08.2.759.1224,PMSP-SF/COADM-Fundo Municipal de Desenvolvimento Social-FMD,1,Manutenção e Reformas de Bens Imóveis,1,Outros Serviços de Terceiros - Pessoa Jurídica,4983002.97,744062.38,4238940.59,4238940.59,4238940.59,0.0,"[{""siglaUnidadeMedida"": ""UN"", ""descricaoAnexo"": ""Serviços de conservação e manutenção da malha viária da cidade de São Paulo "", ""qtdeAnexo"": 1, ""valorUnitarioAnexo"": 4983002.97}]",,,,,416/SMSUB/COGEL/2023
01,PREFEITURA DO MUNICÍPIO DE SÃO PAULO,24656,74315,2023,8,03/08/2023 00:00:00,6012202300149221,47218979000132,ARVEK TECNICA E CONSTRUCOES LTDA,22880,2023,07,Fundo Municipal de Desenvolvimento Social,10,Fundo Municipal de Desenvolvimento Social,15,Urbanismo,452,Serviços Urbanos,3022,Requalificação e Promoção da Ocupação dos Espaços Públicos,1137,Pavimentação e Recapeamento de Vias,4,Despesas de Capital,4,Investimentos,90,Aplicações Diretas,39,Manutenção e Conservação de Bens Imóveis,08.2.759.1224,PMSP-SF/COADM-Fundo Municipal de Desenvolvimento Social-FMD,1,Manutenção e Reformas de Bens Imóveis,1,Outros Serviços de Terceiros - Pessoa Jurídica,3997386.8,340180.93,3657205.87,3657205.87,3657205.87,0.0,"[{""siglaUnidadeMedida"": ""UN"", ""descricaoAnexo"": ""Serviços de conservação e manutenção da malha viária da cidade de São Paulo "", ""qtdeAnexo"": 1, ""valorUnitarioAnexo"": 3997386.8}]",,,,,429/SMSUB/COGEL/2023
01,PREFEITURA DO MUNICÍPIO DE SÃO PAULO,24656,74332,2023,8,03/08/2023 00:00:00,6012202300146729,01065014000156,FREMIX PAVIMENTACAO E CONSTRUCOES LTDA ,22890,2023,07,Fundo Municipal de Desenvolvimento Social,10,Fundo Municipal de Desenvolvimento Social,15,Urbanismo,452,Serviços Urbanos,3022,Requalificação e Promoção da Ocupação dos Espaços Públicos,1137,Pavimentação e Recapeamento de Vias,4,Despesas de Capital,4,Investimentos,90,Aplicações Diretas,39,Manutenção e Conservação de Bens Imóveis,08.2.759.1224,PMSP-SF/COADM-Fundo Municipal de Desenvolvimento Social-FMD,1,Manutenção e Reformas de Bens Imóveis,1,Outros Serviços de Terceiros - Pessoa Jurídica,4486080.91,0.0,3699201.06,3699201.06,3197310.91,501890.15,"[{""siglaUnidadeMedida"": ""UN"", ""descricaoAnexo"": ""Serviços de conservação e manutenção da malha viária da cidade de São Paulo "", ""qtdeAnexo"": 1, ""valorUnitarioAnexo"": 4486080.91}]",,,,,430/SMSUB/COGEL/2023
01,PREFEITURA DO MUNICÍPIO DE SÃO PAULO,24656,74413,2023,8,03/08/2023 00:00:00,6012202300156503,66806555000133,FBS CONSTRUCAO CIVIL E PAVIMENTACAO S.A.,22926,2023,07,Fundo Municipal de Desenvolvimento Social,10,Fundo Municipal de Desenvolvimento Social,15,Urbanismo,452,Serviços Urbanos,3022,Requalificação e Promoção da Ocupação dos Espaços Públicos,1137,Pavimentação e Recapeamento de Vias,4,Despesas de Capital,4,Investimentos,90,Aplicações Diretas,39,Manutenção e Conservação de Bens Imóveis,08.2.759.1224,PMSP-SF/COADM-Fundo Municipal de Desenvolvimento Social-FMD,1,Manutenção e Reformas de Bens Imóveis,1,Outros Serviços de Terceiros - Pessoa Jurídica,20681670.11,0.0,17418490.2,17418490.2,17418490.2,0.0,"[{""siglaUnidadeMedida"": ""UN"", ""descricaoAnexo"": ""serviços de conservação e manutenção da malha viária da cidade de São Paulo"", ""qtdeAnexo"": 1, ""valorUnitarioAnexo"": 20681670.11}]",,,,,436/SMSUB/COGEL/2023
01,PREFEITURA DO MUNICÍPIO DE SÃO PAULO,24656,74469,2023,8,03/08/2023 00:00:00,6012202300149442,01065014000156,FREMIX PAVIMENTACAO E CONSTRUCOES LTDA ,22935,2023,07,Fundo Municipal de Desenvolvimento Social,10,Fundo Municipal de Desenvolvimento Social,15,Urbanismo,452,Serviços Urbanos,3022,Requalificação e Promoção da Ocupação dos Espaços Públicos,1137,Pavimentação e Recapeamento de Vias,4,Despesas de Capital,4,Investimentos,90,Aplicações Diretas,39,Manutenção e Conservação de Bens Imóveis,08.2.759.1224,PMSP-SF/COADM-Fundo Municipal de Desenvolvimento Social-FMD,1,Manutenção e Reformas de Bens Imóveis,1,Outros Serviços de Terceiros - Pessoa Jurídica,2194339.03,388171.09,1806167.94,1806167.94,1806167.94,0.0,"[{""siglaUnidadeMedida"": ""UN"", ""descricaoAnexo"": ""serviços de conservação e manutenção da malha viária da cidade de São Paulo"", ""qtdeAnexo"": 1, ""valorUnitarioAnexo"": 2194339.03}]",,,,,437/SMSUB/COGEL/2023
01,PREFEITURA DO MUNICÍPIO DE SÃO PAULO,38402,75538,2023,8,07/08/2023 00:00:00,6110202200018497,44626011000157,LMM ENGENHARIA E SERVICOS LTDA,23193,2023,07,Fundo Municipal de Desenvolvimento Social,10,Fundo Municipal de Desenvolvimento Social,10,Saúde,302,Assistência Hospitalar e Ambulatorial,3003,"Ações e Serviços da Saúde em Atenção Básica, Especialidades e Vigilânc",5204,"Avança Saúde SP - Ampliação, Reforma e Requalificação de Equipamentos ",4,Despesas de Capital,4,Investimentos,90,Aplicações Diretas,51,Obras em Andamento - Uso Comum do Povo,08.2.759.1224,PMSP-SF/COADM-Fundo Municipal de Desenvolvimento Social-FMD,0,Hospitais e Similares ,8,Obras e Instalações,608450.0,608450.0,0.0,0.0,0.0,0.0,"[{""siglaUnidadeMedida"": ""SER"", ""descricaoAnexo"": ""SMS-REFORMAS DE EDIFICAÇÕES, COM FORNECIMENTO DE MATERIAL E MÃO DE OBRA NAS DEPENDÊNCIAS DO HOSPITAL MUNICIPAL DR. CARMINO CARICCHIO."", ""qtdeAnexo"": 1, ""valorUnitarioAnexo"": 608450.0}]",,,,,
01,PREFEITURA DO MUNICÍPIO DE SÃO PAULO,35347,75970,2023,8,08/08/2023 00:00:00,6018202300744645,03101876000112,DB CONSTRUCOES LTDA,23379,2023,07,Fundo Municipal de Desenvolvimento Social,10,Fundo Municipal de Desenvolvimento Social,10,Saúde,301,Atenção Básica,3003,"Ações e Serviços da Saúde em Atenção Básica, Especialidades e Vigilânc",5204,"Avança Saúde SP - Ampliação, Reforma e Requalificação de Equipamentos ",4,Despesas de Capital,4,Investimentos,90,Aplicações Diretas,51,Obras em Andamento - Uso Comum do Povo,10.2.755.1224,PMSP-SF/COADM-Fundo Municipal de Desenvolvimento Social-FMD,0,Hospitais e Similares ,8,Obras e Instalações,6037045.92,5395897.2,527774.12,464279.97,0.0,527774.12,"[{""siglaUnidadeMedida"": ""SER"", ""descricaoAnexo"": ""SMS - EXECUÇÃO DE OBRA DA UBS ALTO DO UMUARAMA COM FORNECIMENTO DE MATERIAL E MÃO DE OBRA - EXERCÍCIO 2023."", ""qtdeAnexo"": 1, ""valorUnitarioAnexo"": 6037045.92}]",,,,,122/2023
01,PREFEITURA DO MUNICÍPIO DE SÃO PAULO,35347,76021,2023,8,08/08/2023 00:00:00,6018202300745102,15009784000196,FP PROJETOS EMPREENDIMENTOS LTDA,23422,2023,07,Fundo Municipal de Desenvolvimento Social,10,Fundo Municipal de Desenvolvimento Social,10,Saúde,301,Atenção Básica,3003,"Ações e Serviços da Saúde em Atenção Básica, Especialidades e Vigilânc",5204,"Avança Saúde SP - Ampliação, Reforma e Requalificação de Equipamentos ",4,Despesas de Capital,4,Investimentos,90,Aplicações Diretas,51,Obras em Andamento - Uso Comum do Povo,10.2.755.1224,PMSP-SF/COADM-Fundo Municipal de Desenvolvimento Social-FMD,0,Hospitais e Similares ,8,Obras e Instalações,5279085.7,4585673.39,636906.17,9412.31,0.0,636906.17,"[{""siglaUnidadeMedida"": ""SER"", ""descricaoAnexo"": ""SMS - CONTRATAÇÃO DE EMPRESA PARA EXECUÇÃO DE OBRAS PARA CONSTRUÇÃO DE UNIDADES BÁSICAS DE SAÚDE PARA SMS COM FORNECIMENTO DE MATERIAL E MÃO-DE-OBRA – LOTE 02 - UBS IPOJUCA. EXERCÍCIO DE 2023."", ""qtdeAnexo"": 1, ""valorUnitarioAnexo"": 5279085.7}]",,,,,118/2023
01,PREFEITURA DO MUNICÍPIO DE SÃO PAULO,35347,76038,2023,8,08/08/2023 00:00:00,6018202300745803,44721630000120,NOVA JRA EMPREENDIMENTOS E ENGENHARIA LTDA,23433,2023,07,Fundo Municipal de Desenvolvimento Social,10,Fundo Municipal de Desenvolvimento Social,10,Saúde,301,Atenção Básica,3003,"Ações e Serviços da Saúde em Atenção Básica, Especialidades e Vigilânc",5204,"Avança Saúde SP - Ampliação, Reforma e Requalificação de Equipamentos ",4,Despesas de Capital,4,Investimentos,90,Aplicações Diretas,51,Obras em Andamento - Uso Comum do Povo,10.2.755.1224,PMSP-SF/COADM-Fundo Municipal de Desenvolvimento Social-FMD,0,Hospitais e Similares ,8,Obras e Instalações,5940478.02,4887442.14,1052452.54,577597.97,0.0,1052452.54,"[{""siglaUnidadeMedida"": ""SER"", ""descricaoAnexo"": ""SMS - CONTRATAÇÃO DE EMPRESA OU CONSÓRCIO DE EMPRESAS PARA EXECUÇÃO DE OBRAS PARA CONSTRUÇÃO DE UNIDADES BÁSICAS DE SAÚDE PARA SECRETARIA MUNICIPAL DE SAÚDE COM FORNECIMENTO DE MATERIAL E MÃO-DE-OBRA. – LOTE 03 – UBS JARDIM KIOTO. - EXERCÍCIO DE 2023."", ""qtdeAnexo"": 1, ""valorUnitarioAnexo"": 5940478.02}]",,,,,119/2023
01,PREFEITURA DO MUNICÍPIO DE SÃO PAULO,52488,76111,2023,8,08/08/2023 00:00:00,201400356039,68311216000101,ASSOCIAÇÃO SAUDE DA FAMILIA,21189,2018,07,Fundo Municipal de Desenvolvimento Social,10,Fundo Municipal de Desenvolvimento Social,10,Saúde,301,Atenção Básica,3003,"Ações e Serviços da Saúde em Atenção Básica, Especialidades e Vigilânc",5204,"Avança Saúde SP - Ampliação, Reforma e Requalificação de Equipamentos ",4,Despesas de Capital,4,Investimentos,50,Transferências a Instituições Privadas sem Fins Lucrativos,51,Serviços de Assistência à Saúde,08.2.759.1224,PMSP-SF/COADM-Fundo Municipal de Desenvolvimento Social-FMD,0,Obras e Reformas em Imóvel da OS ou de Terceiros,5,Obras e Instalações,437618.29,0.0,437618.29,437618.29,437618.29,0.0,"[{""siglaUnidadeMedida"": ""MES"", ""descricaoAnexo"": ""CG R002.2014 SMS.CRSSul x ASF – Adequação e Reforma do Imóvel  para Transferência da UBS Jardim Icaraí Quintana  – Recurso 1224 – Ago de 2023"", ""qtdeAnexo"": 1, ""valorUnitarioAnexo"": 437618.29}]",,,,,R002/2014
01,PREFEITURA DO MUNICÍPIO DE SÃO PAULO,35347,76160,2023,8,09/08/2023 00:00:00,6018202300746028,12420273000174,R J C SINALIZACAO URBANA LTDA,23436,2023,07,Fundo Municipal de Desenvolvimento Social,10,Fundo Municipal de Desenvolvimento Social,10,Saúde,301,Atenção Básica,3003,"Ações e Serviços da Saúde em Atenção Básica, Especialidades e Vigilânc",5204,"Avança Saúde SP - Ampliação, Reforma e Requalificação de Equipamentos ",4,Despesas de Capital,4,Investimentos,90,Aplicações Diretas,51,Obras em Andamento - Uso Comum do Povo,10.2.755.1224,PMSP-SF/COADM-Fundo Municipal de Desenvolvimento Social-FMD,0,Hospitais e Similares ,8,Obras e Instalações,5275247.9,4026058.61,729168.25,0.0,0.0,729168.25,"[{""siglaUnidadeMedida"": ""SER"", ""descricaoAnexo"": ""SMS - CONTRATAÇÃO DE EMPRESA OU CONSÓRCIO DE EMPRESAS PARA EXECUÇÃO DE OBRAS PARA CONSTRUÇÃO DE UNIDADES BÁSICAS DE SAÚDE PARA SECRETARIA MUNICIPAL DE SAÚDE COM FORNECIMENTO DE MATERIAL E MÃO-DE-OBRA. – LOTE 04 – UBS JARDIM HELENA. - EXERCÍCIO DE 2023."", ""qtdeAnexo"": 1, ""valorUnitarioAnexo"": 5275247.9}]",,,,,126/2023
01,PREFEITURA DO MUNICÍPIO DE SÃO PAULO,39337,76181,2023,8,09/08/2023 00:00:00,6018202300747407,00346953000106,2N ENGENHARIA LTDA,23557,2023,07,Fundo Municipal de Desenvolvimento Social,10,Fundo Municipal de Desenvolvimento Social,10,Saúde,301,Atenção Básica,3003,"Ações e Serviços da Saúde em Atenção Básica, Especialidades e Vigilânc",5204,"Avança Saúde SP - Ampliação, Reforma e Requalificação de Equipamentos ",4,Despesas de Capital,4,Investimentos,90,Aplicações Diretas,51,Obras em Andamento - Uso Comum do Povo,08.2.759.1224,PMSP-SF/COADM-Fundo Municipal de Desenvolvimento Social-FMD,0,Hospitais e Similares ,8,Obras e Instalações,4769768.24,3726283.53,1040771.7,124042.59,8722.44,1032049.26,"[{""siglaUnidadeMedida"": ""SER"", ""descricaoAnexo"": ""SMS - CONTRATAÇÃO DE EMPRESA OU CONSÓRCIO DE EMPRESAS PARA EXECUÇÃO DE OBRAS PARA CONSTRUÇÃO DE UNIDADES BÁSICAS DE SAÚDE PARA SECRETARIA MUNICIPAL DE SAÚDE, COM FORNECIMENTO DE MATERIAL E MÃO-DE-OBRA. - UBS REAL PARQUE II. EXERCÍCIO DE 2023."", ""qtdeAnexo"": 1, ""valorUnitarioAnexo"": 4769768.24}]",,,,,120/2023
01,PREFEITURA DO MUNICÍPIO DE SÃO PAULO,39340,76188,2023,8,09/08/2023 00:00:00,6018202300747814,06297348000179,DEKTON ENGENHARIA E CONSTRUCAO LTDA,23568,2023,07,Fundo Municipal de Desenvolvimento Social,10,Fundo Municipal de Desenvolvimento Social,10,Saúde,301,Atenção Básica,3003,"Ações e Serviços da Saúde em Atenção Básica, Especialidades e Vigilânc",5204,"Avança Saúde SP - Ampliação, Reforma e Requalificação de Equipamentos ",4,Despesas de Capital,4,Investimentos,90,Aplicações Diretas,51,Obras em Andamento - Uso Comum do Povo,08.2.759.1224,PMSP-SF/COADM-Fundo Municipal de Desenvolvimento Social-FMD,0,Hospitais e Similares ,8,Obras e Instalações,5567480.7,4687908.17,762984.23,8529.3,8529.3,754454.93,"[{""siglaUnidadeMedida"": ""SER"", ""descricaoAnexo"": ""SMS - CONTRATAÇÃO DE EMPRESA OU CONSÓRCIO DE EMPRESAS PARA EXECUÇÃO DE OBRAS PARA CONSTRUÇÃO DE UNIDADES BÁSICAS DE SAÚDE PARA SECRETARIA MUNICIPAL DE SAÚDE, COM FORNECIMENTO DE MATERIAL E MÃO-DE-OBRA. - UBS JARDIM PROGRESSO. EXERCÍCIO DE 2023."", ""qtdeAnexo"": 1, ""valorUnitarioAnexo"": 5567480.7}]",,,,,121/2023/SMS
01,PREFEITURA DO MUNICÍPIO DE SÃO PAULO,45368,78382,2023,8,14/08/2023 00:00:00,6012202200189876,56182090000133,CORPOTEC CONSTRUTORA E EMPREENDIMENTOS IMOBILIARIOS LTDA,13780,2023,07,Fundo Municipal de Desenvolvimento Social,10,Fundo Municipal de Desenvolvimento Social,15,Urbanismo,452,Serviços Urbanos,3022,Requalificação e Promoção da Ocupação dos Espaços Públicos,1170,"Intervenção, Urbanização e Melhoria de Bairros - Plano de Obras das Su",4,Despesas de Capital,4,Investimentos,90,Aplicações Diretas,39,Manutenção e Conservação de Bens Imóveis,08.1.759.1224,PMSP-SF/COADM-Fundo Municipal de Desenvolvimento Social-FMD,1,Manutenção e Reformas de Bens Imóveis,1,Outros Serviços de Terceiros - Pessoa Jurídica,2003918.21,0.0,2003218.42,687649.75,687649.75,1315568.67,"[{""siglaUnidadeMedida"": ""UN"", ""descricaoAnexo"": ""serviços de revitalização em espaço público, contemplando a implantação de grama sintética, adequação de bancos de reserva, adequação de portão de acesso ao campo de futebol e revitalização da sede social"", ""qtdeAnexo"": 1, ""valorUnitarioAnexo"": 2003918.21}]",,,,,245/SMSUB/COGEL/2023
01,PREFEITURA DO MUNICÍPIO DE SÃO PAULO,45368,78383,2023,8,14/08/2023 00:00:00,6012202300064161,44239135000503,EGIS  ENGENHARIA E CONSULTORIA LTDA,12692,2023,07,Fundo Municipal de Desenvolvimento Social,10,Fundo Municipal de Desenvolvimento Social,15,Urbanismo,452,Serviços Urbanos,3022,Requalificação e Promoção da Ocupação dos Espaços Públicos,1170,"Intervenção, Urbanização e Melhoria de Bairros - Plano de Obras das Su",4,Despesas de Capital,4,Investimentos,90,Aplicações Diretas,39,Manutenção e Conservação de Bens Imóveis,08.1.759.1224,PMSP-SF/COADM-Fundo Municipal de Desenvolvimento Social-FMD,1,Manutenção e Reformas de Bens Imóveis,1,Outros Serviços de Terceiros - Pessoa Jurídica,1550604.76,0.0,1503547.54,963825.02,963825.02,539722.52,"[{""siglaUnidadeMedida"": ""UN"", ""descricaoAnexo"": ""execução de construção, reforma, ampliação ou recuperação em edifícios públicos, obras de infraestrutura, pavimentação, obras em área de risco nas diversas disciplinas da engenharia, arquitetura e adequação de obras de micro e/ou macro drenagem"", ""qtdeAnexo"": 1, ""valorUnitarioAnexo"": 1550604.76}]",,,,,206/SMSUB/COGEL/2023
01,PREFEITURA DO MUNICÍPIO DE SÃO PAULO,45368,78384,2023,8,14/08/2023 00:00:00,6012202300073225,02243019000194,CONSITEC  ENGENHARIA E TECNOLOGIA LTDA,15203,2023,07,Fundo Municipal de Desenvolvimento Social,10,Fundo Municipal de Desenvolvimento Social,15,Urbanismo,452,Serviços Urbanos,3022,Requalificação e Promoção da Ocupação dos Espaços Públicos,1170,"Intervenção, Urbanização e Melhoria de Bairros - Plano de Obras das Su",4,Despesas de Capital,4,Investimentos,90,Aplicações Diretas,39,Manutenção e Conservação de Bens Imóveis,08.1.759.1224,PMSP-SF/COADM-Fundo Municipal de Desenvolvimento Social-FMD,1,Manutenção e Reformas de Bens Imóveis,1,Outros Serviços de Terceiros - Pessoa Jurídica,1497510.78,0.0,1089478.97,0.0,0.0,1089478.97,"[{""siglaUnidadeMedida"": ""UN"", ""descricaoAnexo"": ""Serviços de Requalificação da Praça Patricio Peters, Sapopemba (SUB-SB)"", ""qtdeAnexo"": 1, ""valorUnitarioAnexo"": 1497510.78}]",,,,,
01,PREFEITURA DO MUNICÍPIO DE SÃO PAULO,45368,78385,2023,8,14/08/2023 00:00:00,6012202300071931,04002395000112,LEMAM CONSTRUCOES E COMERCIO SA,14408,2023,07,Fundo Municipal de Desenvolvimento Social,10,Fundo Municipal de Desenvolvimento Social,15,Urbanismo,452,Serviços Urbanos,3022,Requalificação e Promoção da Ocupação dos Espaços Públicos,1170,"Intervenção, Urbanização e Melhoria de Bairros - Plano de Obras das Su",4,Despesas de Capital,4,Investimentos,90,Aplicações Diretas,39,Manutenção e Conservação de Bens Imóveis,08.1.759.1224,PMSP-SF/COADM-Fundo Municipal de Desenvolvimento Social-FMD,1,Manutenção e Reformas de Bens Imóveis,1,Outros Serviços de Terceiros - Pessoa Jurídica,1305732.18,1305732.18,0.0,0.0,0.0,0.0,"[{""siglaUnidadeMedida"": ""UN"", ""descricaoAnexo"": ""Serviços de Requalificação do passeio público na Rua Treze de Maio"", ""qtdeAnexo"": 1, ""valorUnitarioAnexo"": 1305732.18}]",,,,,
01,PREFEITURA DO MUNICÍPIO DE SÃO PAULO,38402,81079,2023,8,18/08/2023 00:00:00,6110202200018497,44626011000157,LMM ENGENHARIA E SERVICOS LTDA,25060,2023,07,Fundo Municipal de Desenvolvimento Social,10,Fundo Municipal de Desenvolvimento Social,10,Saúde,302,Assistência Hospitalar e Ambulatorial,3003,"Ações e Serviços da Saúde em Atenção Básica, Especialidades e Vigilânc",5204,"Avança Saúde SP - Ampliação, Reforma e Requalificação de Equipamentos ",4,Despesas de Capital,4,Investimentos,90,Aplicações Diretas,51,Obras em Andamento - Uso Comum do Povo,08.2.759.1224,PMSP-SF/COADM-Fundo Municipal de Desenvolvimento Social-FMD,0,Hospitais e Similares ,8,Obras e Instalações,608450.0,0.0,486884.08,0.0,0.0,486884.08,"[{""siglaUnidadeMedida"": ""SER"", ""descricaoAnexo"": ""SMS-REFORMAS DE EDIFICAÇÕES, COM FORNECIMENTO DE MATERIAL E MÃO DE OBRA NAS DEPENDÊNCIAS DO HOSPITAL MUNICIPAL DR. CARMINO CARICCHIO."", ""qtdeAnexo"": 1, ""valorUnitarioAnexo"": 608450.0}]",,,,,128/2023
01,PREFEITURA DO MUNICÍPIO DE SÃO PAULO,39336,81487,2023,8,21/08/2023 00:00:00,6018202300747040,24262722000182,H2OBRAS CONSTRUCOES LTDA,25304,2023,07,Fundo Municipal de Desenvolvimento Social,10,Fundo Municipal de Desenvolvimento Social,10,Saúde,301,Atenção Básica,3003,"Ações e Serviços da Saúde em Atenção Básica, Especialidades e Vigilânc",5204,"Avança Saúde SP - Ampliação, Reforma e Requalificação de Equipamentos ",4,Despesas de Capital,4,Investimentos,90,Aplicações Diretas,51,Obras em Andamento - Uso Comum do Povo,08.2.759.1224,PMSP-SF/COADM-Fundo Municipal de Desenvolvimento Social-FMD,0,Hospitais e Similares ,8,Obras e Instalações,4270218.07,3306391.69,600586.01,53193.06,0.0,600586.01,"[{""siglaUnidadeMedida"": ""SER"", ""descricaoAnexo"": ""SMS - CONTRATAÇÃO DE OBRA DA CONSTRUÇÃO DA UBS JD. LAPENNA - EXERCÍCIO 2023."", ""qtdeAnexo"": 1, ""valorUnitarioAnexo"": 4270218.07}]",,,,,123/2023
01,PREFEITURA DO MUNICÍPIO DE SÃO PAULO,45368,81757,2023,8,22/08/2023 00:00:00,6012202300144980,67192609000180,M A S CONSTRUCOES E EMPREENDIMENTOS LIMITADA,25483,2023,07,Fundo Municipal de Desenvolvimento Social,10,Fundo Municipal de Desenvolvimento Social,15,Urbanismo,452,Serviços Urbanos,3022,Requalificação e Promoção da Ocupação dos Espaços Públicos,1170,"Intervenção, Urbanização e Melhoria de Bairros - Plano de Obras das Su",4,Despesas de Capital,4,Investimentos,90,Aplicações Diretas,39,Manutenção e Conservação de Bens Imóveis,08.1.759.1224,PMSP-SF/COADM-Fundo Municipal de Desenvolvimento Social-FMD,1,Manutenção e Reformas de Bens Imóveis,1,Outros Serviços de Terceiros - Pessoa Jurídica,618923.18,618923.18,0.0,0.0,0.0,0.0,"[{""siglaUnidadeMedida"": ""UN"", ""descricaoAnexo"": ""Serviços de adequação de Viela na Rua Ojinaga\n"", ""qtdeAnexo"": 1, ""valorUnitarioAnexo"": 618923.18}]",,,,,483/SMSUB/COGEL/2023
01,PREFEITURA DO MUNICÍPIO DE SÃO PAULO,45360,81912,2023,8,22/08/2023 00:00:00,6012202300169974,50583954000142,ATONANNI CONSTRUCOES E SERVICOS LTDA,25540,2023,07,Fundo Municipal de Desenvolvimento Social,10,Fundo Municipal de Desenvolvimento Social,15,Urbanismo,452,Serviços Urbanos,3006,Promoção dos Direitos da Pessoa com Deficiência,1169,Reforma e Acessibilidade em Passeios Públicos,4,Despesas de Capital,4,Investimentos,90,Aplicações Diretas,39,Manutenção e Conservação de Bens Imóveis,08.1.759.1224,PMSP-SF/COADM-Fundo Municipal de Desenvolvimento Social-FMD,1,Manutenção e Reformas de Bens Imóveis,1,Outros Serviços de Terceiros - Pessoa Jurídica,658060.5,200000.0,109282.3,0.0,0.0,109282.3,"[{""siglaUnidadeMedida"": ""UN"", ""descricaoAnexo"": ""ATOS - 478/SMSUB/COGEL/2023 - \""Av. Santa Catarina entre Av. Dr. Lino de Moraes Leme e Rua Helade - Quadra F069/ Setor 089\nRua Helade entre Rua Helade e Av. Santa Catarina - Quadra F069/ Setor 089\nAv. Santa Catarina entre Av. Santa Catarina e Rua Helade - Quadra F035/ Setor 089\nRua Helade entre Av. Santa Catarina e Rua Palacete das Águias - Quadra F035/ Setor 089\nRua Helade entre Rua Helade e Rua Palacete das Águias - Quadra F035/ Setor 089\nAv. Santa Catarina entre Av. Santa Catarina e Rua Helade"", ""qtdeAnexo"": 1, ""valorUnitarioAnexo"": 658060.5}]",,,,,478/SMSUB/COGEL/2023
01,PREFEITURA DO MUNICÍPIO DE SÃO PAULO,45360,81922,2023,8,22/08/2023 00:00:00,6012202300170433,02542939000103,FBF CONSTRUCOES E SERVICOS LTDA,25551,2023,07,Fundo Municipal de Desenvolvimento Social,10,Fundo Municipal de Desenvolvimento Social,15,Urbanismo,452,Serviços Urbanos,3006,Promoção dos Direitos da Pessoa com Deficiência,1169,Reforma e Acessibilidade em Passeios Públicos,4,Despesas de Capital,4,Investimentos,90,Aplicações Diretas,39,Manutenção e Conservação de Bens Imóveis,08.1.759.1224,PMSP-SF/COADM-Fundo Municipal de Desenvolvimento Social-FMD,1,Manutenção e Reformas de Bens Imóveis,1,Outros Serviços de Terceiros - Pessoa Jurídica,1677749.33,1000000.0,654886.77,0.0,0.0,654886.77,"[{""siglaUnidadeMedida"": ""UN"", ""descricaoAnexo"": ""ATOS - 477/SMSUB/COGEL/2023 - \""Avenida Baruel\tentre Avenida Casa Verde e Rua Buquira - Quadra F005/ Setor 306\nAvenida Baruel\tentre Rua Buquira e Praça Cruz da Esperança - Quadra F019/F020/ Setor 306\nAvenida Baruel\tentre Praça Cruz da Esperança e Rua Galiléia - Quadra F006/ Setor 306\nAvenida Baruel\tentre Rua Galiléia e Rua Ouro Grosso - Quadra F021/ Setor 306\nAvenida Baruel\tentre Rua Lucila e Rua Vichy - Quadra F030/ Setor 306\nAvenida Baruel\tentre Rua Vichy e Rua Francisco Marinho - Quadra F031/ "", ""qtdeAnexo"": 1, ""valorUnitarioAnexo"": 1677749.33}]",,,,,477/SMSUB/COGEL/2023
01,PREFEITURA DO MUNICÍPIO DE SÃO PAULO,45360,81930,2023,8,22/08/2023 00:00:00,6012202300169290,04373329000159,VILLANOVA ENGENHARIA E DESENVOLVIMENTO AMBIENTAL LTDA,25554,2023,07,Fundo Municipal de Desenvolvimento Social,10,Fundo Municipal de Desenvolvimento Social,15,Urbanismo,452,Serviços Urbanos,3006,Promoção dos Direitos da Pessoa com Deficiência,1169,Reforma e Acessibilidade em Passeios Públicos,4,Despesas de Capital,4,Investimentos,90,Aplicações Diretas,39,Manutenção e Conservação de Bens Imóveis,08.1.759.1224,PMSP-SF/COADM-Fundo Municipal de Desenvolvimento Social-FMD,1,Manutenção e Reformas de Bens Imóveis,1,Outros Serviços de Terceiros - Pessoa Jurídica,903117.69,0.0,675607.01,606718.81,261479.3,414127.71,"[{""siglaUnidadeMedida"": ""UN"", ""descricaoAnexo"": ""ATOS - 475/SMSUB/COGEL/2023 - \""Av. Vital Brasil entre Av. Vital Brasil e Av. Vital Brasil - Quadra F530/ Setor 082\nAv. Vital Brasil entre Av. Vital Brasil e Rua André Furtado - Quadra F530/ Setor 082\nAv. Vital Brasil entre Av. Vital Brasil e Rua André Furtado - Quadra F530/ Setor 082\nRua André Furtado entre Av. Vital Brasil e Rua André Furtado - Quadra F530/ Setor 082\nAv. Vital Brasil entre Rua André Furtado e Av. Vital Brasil - Quadra F529/ Setor 082\nAv. Vital Brasil entre Av. Vital Brasil e Ru"", ""qtdeAnexo"": 1, ""valorUnitarioAnexo"": 903117.69}]",,,,,475/SMSUB/COGEL/2023
01,PREFEITURA DO MUNICÍPIO DE SÃO PAULO,45360,81943,2023,8,22/08/2023 00:00:00,6012202300170972,04373329000159,VILLANOVA ENGENHARIA E DESENVOLVIMENTO AMBIENTAL LTDA,25559,2023,07,Fundo Municipal de Desenvolvimento Social,10,Fundo Municipal de Desenvolvimento Social,15,Urbanismo,452,Serviços Urbanos,3006,Promoção dos Direitos da Pessoa com Deficiência,1169,Reforma e Acessibilidade em Passeios Públicos,4,Despesas de Capital,4,Investimentos,90,Aplicações Diretas,39,Manutenção e Conservação de Bens Imóveis,08.1.759.1224,PMSP-SF/COADM-Fundo Municipal de Desenvolvimento Social-FMD,1,Manutenção e Reformas de Bens Imóveis,1,Outros Serviços de Terceiros - Pessoa Jurídica,545811.73,0.0,0.0,0.0,0.0,0.0,"[{""siglaUnidadeMedida"": ""UN"", ""descricaoAnexo"": ""ATOS - 474/SMSUB/COGEL/2023 - \""Av. Vital Brasil entre R. M.M.D.C e Av. Vital Brasil - Quadra F410/ Setor 082\nAv. Vital Brasil entre Av. Vital Brasil e R. Camargo - Quadra F410/ Setor 082\nR. Camargo entre Av. Vital Brasil e R. M.M.D.C - Quadra F410/ Setor 082\nR. Camargo entre R. Camargo e Av. Vital Brasil - Quadra F416/ Setor 082\nAv. Vital Brasil entre R. Camargo e R. Pirajussara- Quadra F416/ Setor 082\nAv. Vital Brasil entre R. Pirajussara e Av. Vital Brasil - Quadra F417/ Setor 082\nAv. Vital Br"", ""qtdeAnexo"": 1, ""valorUnitarioAnexo"": 545811.73}]",,,,,474/SMSUB/COGEL/2023
01,PREFEITURA DO MUNICÍPIO DE SÃO PAULO,45360,81950,2023,8,22/08/2023 00:00:00,6012202300168927,23139874000120,HABITEM INCORPORACAO E CONSTRUCAO LTDA,25562,2023,07,Fundo Municipal de Desenvolvimento Social,10,Fundo Municipal de Desenvolvimento Social,15,Urbanismo,452,Serviços Urbanos,3006,Promoção dos Direitos da Pessoa com Deficiência,1169,Reforma e Acessibilidade em Passeios Públicos,4,Despesas de Capital,4,Investimentos,90,Aplicações Diretas,39,Manutenção e Conservação de Bens Imóveis,08.1.759.1224,PMSP-SF/COADM-Fundo Municipal de Desenvolvimento Social-FMD,1,Manutenção e Reformas de Bens Imóveis,1,Outros Serviços de Terceiros - Pessoa Jurídica,1512712.3,0.0,866396.38,606004.86,434754.24,431642.14,"[{""siglaUnidadeMedida"": ""UN"", ""descricaoAnexo"": ""ATOS - 476/SMSUB/COGEL/2023 - \""Av. George Corbisier entre Av. General Daltro Filho e Rua Cruz das Almas - Quadra F035/ Setor 091\nAv. General Daltro Filho entre Av. George Corbisier e Av. Leornado da Vinci - Quadra F035/ Setor 091\nRua Guassatungas entre Av"", ""qtdeAnexo"": 1, ""valorUnitarioAnexo"": 1512712.3}]",,,,,476/SMSUB/COGEL/2023
01,PREFEITURA DO MUNICÍPIO DE SÃO PAULO,41252,81993,2023,8,23/08/2023 00:00:00,6110202100169809,19927082000142,TOPCONS ENGENHARIA SERVICOS E LOCACOES LTDA,25576,2023,07,Fundo Municipal de Desenvolvimento Social,10,Fundo Municipal de Desenvolvimento Social,10,Saúde,302,Assistência Hospitalar e Ambulatorial,3003,"Ações e Serviços da Saúde em Atenção Básica, Especialidades e Vigilânc",5204,"Avança Saúde SP - Ampliação, Reforma e Requalificação de Equipamentos ",4,Despesas de Capital,4,Investimentos,90,Aplicações Diretas,51,Obras em Andamento - Uso Comum do Povo,08.2.759.1224,PMSP-SF/COADM-Fundo Municipal de Desenvolvimento Social-FMD,0,Hospitais e Similares ,8,Obras e Instalações,471116.84,0.0,471116.83,56585.84,0.0,471116.83,"[{""siglaUnidadeMedida"": ""SER"", ""descricaoAnexo"": ""SMS - CONTRATAÇÃO DE EMPRESA DE ENGENHARIA COM FORNECIMENTO DE MATERIAL E MÃO DE OBRA, PARA EXECUTAR REFORMA NO HMWP PERTENCENTE À SMS. "", ""qtdeAnexo"": 1, ""valorUnitarioAnexo"": 471116.84}]",,,,,148/2023
01,PREFEITURA DO MUNICÍPIO DE SÃO PAULO,39741,82379,2023,8,24/08/2023 00:00:00,7910202200005087,02243019000194,CONSITEC  ENGENHARIA E TECNOLOGIA LTDA,25817,2023,07,Fundo Municipal de Desenvolvimento Social,10,Fundo Municipal de Desenvolvimento Social,15,Urbanismo,451,Infra-Estrutura Urbana,3009,Melhoria da Mobilidade Urbana Universal,5187,Recuperação e Reforço de Obras de Arte Especiais - OAE,4,Despesas de Capital,4,Investimentos,90,Aplicações Diretas,51,Obras em Andamento - Uso Comum do Povo,08.2.759.1224,PMSP-SF/COADM-Fundo Municipal de Desenvolvimento Social-FMD,0,Obras em Áreas de Risco ,8,Obras e Instalações,466960.37,0.0,441692.88,0.0,0.0,441692.88,"[{""siglaUnidadeMedida"": ""U"", ""descricaoAnexo"": ""Execução de obras e serviços de recuperação estrutural do Complexo Viário João Jorge Saad (Cebolinha) e Viaduto dos Imigrantes – Lote 13."", ""qtdeAnexo"": 1, ""valorUnitarioAnexo"": 466960.37}]",,,,,200/SIURB/2023
01,PREFEITURA DO MUNICÍPIO DE SÃO PAULO,45368,82421,2023,8,24/08/2023 00:00:00,6012202300144807,67192609000180,M A S CONSTRUCOES E EMPREENDIMENTOS LIMITADA,25807,2023,07,Fundo Municipal de Desenvolvimento Social,10,Fundo Municipal de Desenvolvimento Social,15,Urbanismo,452,Serviços Urbanos,3022,Requalificação e Promoção da Ocupação dos Espaços Públicos,1170,"Intervenção, Urbanização e Melhoria de Bairros - Plano de Obras das Su",4,Despesas de Capital,4,Investimentos,90,Aplicações Diretas,39,Manutenção e Conservação de Bens Imóveis,08.1.759.1224,PMSP-SF/COADM-Fundo Municipal de Desenvolvimento Social-FMD,1,Manutenção e Reformas de Bens Imóveis,1,Outros Serviços de Terceiros - Pessoa Jurídica,564456.75,265000.0,294635.67,0.0,0.0,294635.67,"[{""siglaUnidadeMedida"": ""UN"", ""descricaoAnexo"": ""ATOS - Serviços de adequação de Viela na Rua Francisco Pinto Miguel, ao lado do n. 523, distrito Capão Redondo (SUB-CL)"", ""qtdeAnexo"": 1, ""valorUnitarioAnexo"": 564456.75}]",,,,,500/SMSU/COGEL/2023
01,PREFEITURA DO MUNICÍPIO DE SÃO PAULO,45368,82423,2023,8,24/08/2023 00:00:00,6012202300144890,67192609000180,M A S CONSTRUCOES E EMPREENDIMENTOS LIMITADA,25811,2023,07,Fundo Municipal de Desenvolvimento Social,10,Fundo Municipal de Desenvolvimento Social,15,Urbanismo,452,Serviços Urbanos,3022,Requalificação e Promoção da Ocupação dos Espaços Públicos,1170,"Intervenção, Urbanização e Melhoria de Bairros - Plano de Obras das Su",4,Despesas de Capital,4,Investimentos,90,Aplicações Diretas,39,Manutenção e Conservação de Bens Imóveis,08.1.759.1224,PMSP-SF/COADM-Fundo Municipal de Desenvolvimento Social-FMD,1,Manutenção e Reformas de Bens Imóveis,1,Outros Serviços de Terceiros - Pessoa Jurídica,454186.07,90000.0,334459.05,0.0,0.0,334459.05,"[{""siglaUnidadeMedida"": ""UN"", ""descricaoAnexo"": "" Execução de Serviços de adequação de Viela na Rua Luiz Gonzaga Freire, ao lado do n. 26, distrito Campo Limpo (SUB-CL)."", ""qtdeAnexo"": 1, ""valorUnitarioAnexo"": 454186.07}]",,,,,484/SMSUB/COGEL/2023
01,PREFEITURA DO MUNICÍPIO DE SÃO PAULO,45368,82428,2023,8,24/08/2023 00:00:00,6012202300144955,67192609000180,M A S CONSTRUCOES E EMPREENDIMENTOS LIMITADA,25808,2023,07,Fundo Municipal de Desenvolvimento Social,10,Fundo Municipal de Desenvolvimento Social,15,Urbanismo,452,Serviços Urbanos,3022,Requalificação e Promoção da Ocupação dos Espaços Públicos,1170,"Intervenção, Urbanização e Melhoria de Bairros - Plano de Obras das Su",4,Despesas de Capital,4,Investimentos,90,Aplicações Diretas,39,Manutenção e Conservação de Bens Imóveis,08.1.759.1224,PMSP-SF/COADM-Fundo Municipal de Desenvolvimento Social-FMD,1,Manutenção e Reformas de Bens Imóveis,1,Outros Serviços de Terceiros - Pessoa Jurídica,550252.38,150000.0,396674.75,0.0,0.0,396674.75,"[{""siglaUnidadeMedida"": ""UN"", ""descricaoAnexo"": ""Execução de Serviços de adequação de Viela na Rua Masatake Matsumoto, ao lado do n. 182, distrito Capão Redondo (SUB-CL)."", ""qtdeAnexo"": 1, ""valorUnitarioAnexo"": 550252.38}]",,,,,491/SMSUB/COGEL/2023
01,PREFEITURA DO MUNICÍPIO DE SÃO PAULO,45368,82429,2023,8,24/08/2023 00:00:00,6012202300145048,67192609000180,M A S CONSTRUCOES E EMPREENDIMENTOS LIMITADA,25838,2023,07,Fundo Municipal de Desenvolvimento Social,10,Fundo Municipal de Desenvolvimento Social,15,Urbanismo,452,Serviços Urbanos,3022,Requalificação e Promoção da Ocupação dos Espaços Públicos,1170,"Intervenção, Urbanização e Melhoria de Bairros - Plano de Obras das Su",4,Despesas de Capital,4,Investimentos,90,Aplicações Diretas,39,Manutenção e Conservação de Bens Imóveis,08.1.759.1224,PMSP-SF/COADM-Fundo Municipal de Desenvolvimento Social-FMD,1,Manutenção e Reformas de Bens Imóveis,1,Outros Serviços de Terceiros - Pessoa Jurídica,780596.9,380000.0,181384.41,0.0,0.0,181384.41,"[{""siglaUnidadeMedida"": ""UN"", ""descricaoAnexo"": ""ATOS -  Serviços de adequação de Viela "", ""qtdeAnexo"": 1, ""valorUnitarioAnexo"": 780596.9}]",,,,,538/SMSUB/COGEL/2023
01,PREFEITURA DO MUNICÍPIO DE SÃO PAULO,45368,82432,2023,8,24/08/2023 00:00:00,6012202300144939,67192609000180,M A S CONSTRUCOES E EMPREENDIMENTOS LIMITADA,25813,2023,07,Fundo Municipal de Desenvolvimento Social,10,Fundo Municipal de Desenvolvimento Social,15,Urbanismo,452,Serviços Urbanos,3022,Requalificação e Promoção da Ocupação dos Espaços Públicos,1170,"Intervenção, Urbanização e Melhoria de Bairros - Plano de Obras das Su",4,Despesas de Capital,4,Investimentos,90,Aplicações Diretas,39,Manutenção e Conservação de Bens Imóveis,08.1.759.1224,PMSP-SF/COADM-Fundo Municipal de Desenvolvimento Social-FMD,1,Manutenção e Reformas de Bens Imóveis,1,Outros Serviços de Terceiros - Pessoa Jurídica,403777.19,100000.0,284068.13,0.0,0.0,284068.13,"[{""siglaUnidadeMedida"": ""UN"", ""descricaoAnexo"": "" Execução de Serviços de adequação de Viela na Rua Marcio Akira Miura, ao lado do nº 150, distrito Campo Limpo (SUB-CL)."", ""qtdeAnexo"": 1, ""valorUnitarioAnexo"": 403777.19}]",,,,,487/SMSUB/COGEL/2023
01,PREFEITURA DO MUNICÍPIO DE SÃO PAULO,45368,82436,2023,8,24/08/2023 00:00:00,6012202300113669,67192609000180,M A S CONSTRUCOES E EMPREENDIMENTOS LIMITADA,25836,2023,07,Fundo Municipal de Desenvolvimento Social,10,Fundo Municipal de Desenvolvimento Social,15,Urbanismo,452,Serviços Urbanos,3022,Requalificação e Promoção da Ocupação dos Espaços Públicos,1170,"Intervenção, Urbanização e Melhoria de Bairros - Plano de Obras das Su",4,Despesas de Capital,4,Investimentos,90,Aplicações Diretas,39,Manutenção e Conservação de Bens Imóveis,08.1.759.1224,PMSP-SF/COADM-Fundo Municipal de Desenvolvimento Social-FMD,1,Manutenção e Reformas de Bens Imóveis,1,Outros Serviços de Terceiros - Pessoa Jurídica,318388.69,150000.0,53142.29,0.0,0.0,53142.29,"[{""siglaUnidadeMedida"": ""UN"", ""descricaoAnexo"": ""ATOS -  Serviços de adequação de Viela "", ""qtdeAnexo"": 1, ""valorUnitarioAnexo"": 318388.69}]",,,,,488/SMSUB/COGEL/2023
01,PREFEITURA DO MUNICÍPIO DE SÃO PAULO,45368,82601,2023,8,25/08/2023 00:00:00,6012202300113731,67192609000180,M A S CONSTRUCOES E EMPREENDIMENTOS LIMITADA,25912,2023,07,Fundo Municipal de Desenvolvimento Social,10,Fundo Municipal de Desenvolvimento Social,15,Urbanismo,452,Serviços Urbanos,3022,Requalificação e Promoção da Ocupação dos Espaços Públicos,1170,"Intervenção, Urbanização e Melhoria de Bairros - Plano de Obras das Su",4,Despesas de Capital,4,Investimentos,90,Aplicações Diretas,39,Manutenção e Conservação de Bens Imóveis,08.1.759.1224,PMSP-SF/COADM-Fundo Municipal de Desenvolvimento Social-FMD,1,Manutenção e Reformas de Bens Imóveis,1,Outros Serviços de Terceiros - Pessoa Jurídica,453613.97,450000.0,0.0,0.0,0.0,0.0,"[{""siglaUnidadeMedida"": ""UN"", ""descricaoAnexo"": ""ATOS - Serviços de adequação de Viela "", ""qtdeAnexo"": 1, ""valorUnitarioAnexo"": 453613.97}]",,,,,486/SMSUB/COGEL/2023
01,PREFEITURA DO MUNICÍPIO DE SÃO PAULO,45368,82604,2023,8,25/08/2023 00:00:00,6012202300144645,67192609000180,M A S CONSTRUCOES E EMPREENDIMENTOS LIMITADA,25908,2023,07,Fundo Municipal de Desenvolvimento Social,10,Fundo Municipal de Desenvolvimento Social,15,Urbanismo,452,Serviços Urbanos,3022,Requalificação e Promoção da Ocupação dos Espaços Públicos,1170,"Intervenção, Urbanização e Melhoria de Bairros - Plano de Obras das Su",4,Despesas de Capital,4,Investimentos,90,Aplicações Diretas,39,Manutenção e Conservação de Bens Imóveis,08.1.759.1224,PMSP-SF/COADM-Fundo Municipal de Desenvolvimento Social-FMD,1,Manutenção e Reformas de Bens Imóveis,1,Outros Serviços de Terceiros - Pessoa Jurídica,495084.69,240000.0,247469.58,0.0,0.0,247469.58,"[{""siglaUnidadeMedida"": ""UN"", ""descricaoAnexo"": ""ATOS - Serviços de adequação de Viela "", ""qtdeAnexo"": 1, ""valorUnitarioAnexo"": 495084.69}]",,,,,489-SMSUB/COGEL/2023
01,PREFEITURA DO MUNICÍPIO DE SÃO PAULO,45368,82726,2023,8,25/08/2023 00:00:00,6012202300132957,04002395000112,LEMAM CONSTRUCOES E COMERCIO SA,25899,2023,07,Fundo Municipal de Desenvolvimento Social,10,Fundo Municipal de Desenvolvimento Social,15,Urbanismo,452,Serviços Urbanos,3022,Requalificação e Promoção da Ocupação dos Espaços Públicos,1170,"Intervenção, Urbanização e Melhoria de Bairros - Plano de Obras das Su",4,Despesas de Capital,4,Investimentos,90,Aplicações Diretas,39,Manutenção e Conservação de Bens Imóveis,08.1.759.1224,PMSP-SF/COADM-Fundo Municipal de Desenvolvimento Social-FMD,1,Manutenção e Reformas de Bens Imóveis,1,Outros Serviços de Terceiros - Pessoa Jurídica,1475157.62,0.0,1067448.46,704873.4,704873.4,362575.06,"[{""siglaUnidadeMedida"": ""UN"", ""descricaoAnexo"": ""Serviços de Revitalização de Escadão na Av. Padre Arlindo Vieira"", ""qtdeAnexo"": 1, ""valorUnitarioAnexo"": 1475157.62}]",,,,,490/SMSUB/COGEL/2023
01,PREFEITURA DO MUNICÍPIO DE SÃO PAULO,45368,82728,2023,8,25/08/2023 00:00:00,6012202300144866,67192609000180,M A S CONSTRUCOES E EMPREENDIMENTOS LIMITADA,25904,2023,07,Fundo Municipal de Desenvolvimento Social,10,Fundo Municipal de Desenvolvimento Social,15,Urbanismo,452,Serviços Urbanos,3022,Requalificação e Promoção da Ocupação dos Espaços Públicos,1170,"Intervenção, Urbanização e Melhoria de Bairros - Plano de Obras das Su",4,Despesas de Capital,4,Investimentos,90,Aplicações Diretas,39,Manutenção e Conservação de Bens Imóveis,08.1.759.1224,PMSP-SF/COADM-Fundo Municipal de Desenvolvimento Social-FMD,1,Manutenção e Reformas de Bens Imóveis,1,Outros Serviços de Terceiros - Pessoa Jurídica,335177.0,335177.0,0.0,0.0,0.0,0.0,"[{""siglaUnidadeMedida"": ""UN"", ""descricaoAnexo"": ""Serviços de adequação de Viela na Rua Jaslo"", ""qtdeAnexo"": 1, ""valorUnitarioAnexo"": 335177.0}]",,,,,485/SMSUB/COGEL/2023
01,PREFEITURA DO MUNICÍPIO DE SÃO PAULO,35347,82882,2023,8,28/08/2023 00:00:00,6018202300746494,51773856000130,CONSORCIO HR,26066,2023,07,Fundo Municipal de Desenvolvimento Social,10,Fundo Municipal de Desenvolvimento Social,10,Saúde,301,Atenção Básica,3003,"Ações e Serviços da Saúde em Atenção Básica, Especialidades e Vigilânc",5204,"Avança Saúde SP - Ampliação, Reforma e Requalificação de Equipamentos ",4,Despesas de Capital,4,Investimentos,90,Aplicações Diretas,51,Obras em Andamento - Uso Comum do Povo,10.2.755.1224,PMSP-SF/COADM-Fundo Municipal de Desenvolvimento Social-FMD,0,Hospitais e Similares ,8,Obras e Instalações,10716504.28,8282840.45,1303331.24,0.0,0.0,1303331.24,"[{""siglaUnidadeMedida"": ""SER"", ""descricaoAnexo"": ""SMS - CONTRATAÇÃO DE OBRA DA CONSTRUÇÃO DA UBS JD. BRASÍLIA - EXERCÍCIO 2023."", ""qtdeAnexo"": 1, ""valorUnitarioAnexo"": 10716504.28}]",,,,,141/2023
01,PREFEITURA DO MUNICÍPIO DE SÃO PAULO,45368,83006,2023,8,28/08/2023 00:00:00,6012202300132965,04002395000112,LEMAM CONSTRUCOES E COMERCIO SA,26000,2023,07,Fundo Municipal de Desenvolvimento Social,10,Fundo Municipal de Desenvolvimento Social,15,Urbanismo,452,Serviços Urbanos,3022,Requalificação e Promoção da Ocupação dos Espaços Públicos,1170,"Intervenção, Urbanização e Melhoria de Bairros - Plano de Obras das Su",4,Despesas de Capital,4,Investimentos,90,Aplicações Diretas,39,Manutenção e Conservação de Bens Imóveis,08.1.759.1224,PMSP-SF/COADM-Fundo Municipal de Desenvolvimento Social-FMD,1,Manutenção e Reformas de Bens Imóveis,1,Outros Serviços de Terceiros - Pessoa Jurídica,1353950.81,0.0,1100206.74,933186.38,933186.38,167020.36,"[{""siglaUnidadeMedida"": ""UN"", ""descricaoAnexo"": ""ATOS - Serviços de Revitalização da Praça Helena Marcos Aristides, Sacomã (SUB-IP)"", ""qtdeAnexo"": 1, ""valorUnitarioAnexo"": 1353950.81}]",,,,,503/SMSUB/COGEL/2023
01,PREFEITURA DO MUNICÍPIO DE SÃO PAULO,45368,83007,2023,8,28/08/2023 00:00:00,6012202300144823,67192609000180,M A S CONSTRUCOES E EMPREENDIMENTOS LIMITADA,26063,2023,07,Fundo Municipal de Desenvolvimento Social,10,Fundo Municipal de Desenvolvimento Social,15,Urbanismo,452,Serviços Urbanos,3022,Requalificação e Promoção da Ocupação dos Espaços Públicos,1170,"Intervenção, Urbanização e Melhoria de Bairros - Plano de Obras das Su",4,Despesas de Capital,4,Investimentos,90,Aplicações Diretas,39,Manutenção e Conservação de Bens Imóveis,08.1.759.1224,PMSP-SF/COADM-Fundo Municipal de Desenvolvimento Social-FMD,1,Manutenção e Reformas de Bens Imóveis,1,Outros Serviços de Terceiros - Pessoa Jurídica,471355.19,120000.0,347269.69,134489.59,134489.59,212780.1,"[{""siglaUnidadeMedida"": ""UN"", ""descricaoAnexo"": ""ATOS - Serviços de adequação de Viela na Rua Padre Justino"", ""qtdeAnexo"": 1, ""valorUnitarioAnexo"": 471355.19}]",,,,,502/SMSUB/COGEL/2023
01,PREFEITURA DO MUNICÍPIO DE SÃO PAULO,45368,83010,2023,8,28/08/2023 00:00:00,6012202300144840,67192609000180,M A S CONSTRUCOES E EMPREENDIMENTOS LIMITADA,26064,2023,07,Fundo Municipal de Desenvolvimento Social,10,Fundo Municipal de Desenvolvimento Social,15,Urbanismo,452,Serviços Urbanos,3022,Requalificação e Promoção da Ocupação dos Espaços Públicos,1170,"Intervenção, Urbanização e Melhoria de Bairros - Plano de Obras das Su",4,Despesas de Capital,4,Investimentos,90,Aplicações Diretas,39,Manutenção e Conservação de Bens Imóveis,08.1.759.1224,PMSP-SF/COADM-Fundo Municipal de Desenvolvimento Social-FMD,1,Manutenção e Reformas de Bens Imóveis,1,Outros Serviços de Terceiros - Pessoa Jurídica,1308551.0,255000.0,901897.7,0.0,0.0,901897.7,"[{""siglaUnidadeMedida"": ""UN"", ""descricaoAnexo"": ""ATOS - Serviços de adequação de Viela na Rua Jadir Cistódio Mendonça"", ""qtdeAnexo"": 1, ""valorUnitarioAnexo"": 1308551.0}]",,,,,499/SMSUB/COGEL/2023
01,PREFEITURA DO MUNICÍPIO DE SÃO PAULO,45368,83011,2023,8,28/08/2023 00:00:00,6012202300144777,67192609000180,M A S CONSTRUCOES E EMPREENDIMENTOS LIMITADA,26071,2023,07,Fundo Municipal de Desenvolvimento Social,10,Fundo Municipal de Desenvolvimento Social,15,Urbanismo,452,Serviços Urbanos,3022,Requalificação e Promoção da Ocupação dos Espaços Públicos,1170,"Intervenção, Urbanização e Melhoria de Bairros - Plano de Obras das Su",4,Despesas de Capital,4,Investimentos,90,Aplicações Diretas,39,Manutenção e Conservação de Bens Imóveis,08.1.759.1224,PMSP-SF/COADM-Fundo Municipal de Desenvolvimento Social-FMD,1,Manutenção e Reformas de Bens Imóveis,1,Outros Serviços de Terceiros - Pessoa Jurídica,352729.08,31771.0,320958.01,0.0,0.0,320958.01,"[{""siglaUnidadeMedida"": ""UN"", ""descricaoAnexo"": ""ATOS - Serviços de adequação de Viela na Rua Francisco Barriga de Souza"", ""qtdeAnexo"": 1, ""valorUnitarioAnexo"": 352729.08}]",,,,,501/SMSUB/COGEL/2023
01,PREFEITURA DO MUNICÍPIO DE SÃO PAULO,45368,83014,2023,8,28/08/2023 00:00:00,6012202300113715,67192609000180,M A S CONSTRUCOES E EMPREENDIMENTOS LIMITADA,26069,2023,07,Fundo Municipal de Desenvolvimento Social,10,Fundo Municipal de Desenvolvimento Social,15,Urbanismo,452,Serviços Urbanos,3022,Requalificação e Promoção da Ocupação dos Espaços Públicos,1170,"Intervenção, Urbanização e Melhoria de Bairros - Plano de Obras das Su",4,Despesas de Capital,4,Investimentos,90,Aplicações Diretas,39,Manutenção e Conservação de Bens Imóveis,08.1.759.1224,PMSP-SF/COADM-Fundo Municipal de Desenvolvimento Social-FMD,1,Manutenção e Reformas de Bens Imóveis,1,Outros Serviços de Terceiros - Pessoa Jurídica,434073.38,230000.0,72608.01,24849.86,0.0,72608.01,"[{""siglaUnidadeMedida"": ""UN"", ""descricaoAnexo"": ""ATOS - Serviços de adequação de Viela na Rua Padre Justino"", ""qtdeAnexo"": 1, ""valorUnitarioAnexo"": 434073.38}]",,,,,497/SMSUB/COGEL/2023
01,PREFEITURA DO MUNICÍPIO DE SÃO PAULO,45368,83306,2023,8,29/08/2023 00:00:00,6012202300144653,67192609000180,M A S CONSTRUCOES E EMPREENDIMENTOS LIMITADA,26236,2023,07,Fundo Municipal de Desenvolvimento Social,10,Fundo Municipal de Desenvolvimento Social,15,Urbanismo,452,Serviços Urbanos,3022,Requalificação e Promoção da Ocupação dos Espaços Públicos,1170,"Intervenção, Urbanização e Melhoria de Bairros - Plano de Obras das Su",4,Despesas de Capital,4,Investimentos,90,Aplicações Diretas,39,Manutenção e Conservação de Bens Imóveis,08.1.759.1224,PMSP-SF/COADM-Fundo Municipal de Desenvolvimento Social-FMD,1,Manutenção e Reformas de Bens Imóveis,1,Outros Serviços de Terceiros - Pessoa Jurídica,476063.75,220000.0,142034.47,0.0,0.0,142034.47,"[{""siglaUnidadeMedida"": ""UN"", ""descricaoAnexo"": ""Serviços de adequação de Viela na Rua São Pedro Jácome Vieira, ao lado do nº 81, distrito Campo Limpo "", ""qtdeAnexo"": 1, ""valorUnitarioAnexo"": 476063.75}]",,,,,
01,PREFEITURA DO MUNICÍPIO DE SÃO PAULO,45368,83316,2023,8,29/08/2023 00:00:00,6012202300144912,67192609000180,M A S CONSTRUCOES E EMPREENDIMENTOS LIMITADA,26238,2023,07,Fundo Municipal de Desenvolvimento Social,10,Fundo Municipal de Desenvolvimento Social,15,Urbanismo,452,Serviços Urbanos,3022,Requalificação e Promoção da Ocupação dos Espaços Públicos,1170,"Intervenção, Urbanização e Melhoria de Bairros - Plano de Obras das Su",4,Despesas de Capital,4,Investimentos,90,Aplicações Diretas,39,Manutenção e Conservação de Bens Imóveis,08.1.759.1224,PMSP-SF/COADM-Fundo Municipal de Desenvolvimento Social-FMD,1,Manutenção e Reformas de Bens Imóveis,1,Outros Serviços de Terceiros - Pessoa Jurídica,380963.8,75000.0,304698.79,0.0,0.0,304698.79,"[{""siglaUnidadeMedida"": ""UN"", ""descricaoAnexo"": ""ATOS - Serviços de adequação de Viela "", ""qtdeAnexo"": 1, ""valorUnitarioAnexo"": 380963.8}]",,,,,520/SMSUB/COGEL/2023
01,PREFEITURA DO MUNICÍPIO DE SÃO PAULO,45368,83325,2023,8,29/08/2023 00:00:00,6012202300144963,67192609000180,M A S CONSTRUCOES E EMPREENDIMENTOS LIMITADA,26249,2023,07,Fundo Municipal de Desenvolvimento Social,10,Fundo Municipal de Desenvolvimento Social,15,Urbanismo,452,Serviços Urbanos,3022,Requalificação e Promoção da Ocupação dos Espaços Públicos,1170,"Intervenção, Urbanização e Melhoria de Bairros - Plano de Obras das Su",4,Despesas de Capital,4,Investimentos,90,Aplicações Diretas,39,Manutenção e Conservação de Bens Imóveis,08.1.759.1224,PMSP-SF/COADM-Fundo Municipal de Desenvolvimento Social-FMD,1,Manutenção e Reformas de Bens Imóveis,1,Outros Serviços de Terceiros - Pessoa Jurídica,495544.48,60000.0,243711.07,198651.43,198651.43,45059.64,"[{""siglaUnidadeMedida"": ""UN"", ""descricaoAnexo"": ""ATOS - Serviços de adequação de Viela na Rua Mieres"", ""qtdeAnexo"": 1, ""valorUnitarioAnexo"": 495544.48}]",,,,,496/SMSUB/COGEL/2023
01,PREFEITURA DO MUNICÍPIO DE SÃO PAULO,45368,83328,2023,8,29/08/2023 00:00:00,6012202300144599,67192609000180,M A S CONSTRUCOES E EMPREENDIMENTOS LIMITADA,26239,2023,07,Fundo Municipal de Desenvolvimento Social,10,Fundo Municipal de Desenvolvimento Social,15,Urbanismo,452,Serviços Urbanos,3022,Requalificação e Promoção da Ocupação dos Espaços Públicos,1170,"Intervenção, Urbanização e Melhoria de Bairros - Plano de Obras das Su",4,Despesas de Capital,4,Investimentos,90,Aplicações Diretas,39,Manutenção e Conservação de Bens Imóveis,08.1.759.1224,PMSP-SF/COADM-Fundo Municipal de Desenvolvimento Social-FMD,1,Manutenção e Reformas de Bens Imóveis,1,Outros Serviços de Terceiros - Pessoa Jurídica,420825.41,200000.0,210398.73,0.0,0.0,210398.73,"[{""siglaUnidadeMedida"": ""1"", ""descricaoAnexo"": ""ATOS - Serviços de adequação de Viela na Rua Langanes - Campo Limpo"", ""qtdeAnexo"": 1, ""valorUnitarioAnexo"": 420825.41}]",,,,,504/SMSUB/COGEL/2023
01,PREFEITURA DO MUNICÍPIO DE SÃO PAULO,45368,83332,2023,8,29/08/2023 00:00:00,6012202300144785,67192609000180,M A S CONSTRUCOES E EMPREENDIMENTOS LIMITADA,26243,2023,07,Fundo Municipal de Desenvolvimento Social,10,Fundo Municipal de Desenvolvimento Social,15,Urbanismo,452,Serviços Urbanos,3022,Requalificação e Promoção da Ocupação dos Espaços Públicos,1170,"Intervenção, Urbanização e Melhoria de Bairros - Plano de Obras das Su",4,Despesas de Capital,4,Investimentos,90,Aplicações Diretas,39,Manutenção e Conservação de Bens Imóveis,08.1.759.1224,PMSP-SF/COADM-Fundo Municipal de Desenvolvimento Social-FMD,1,Manutenção e Reformas de Bens Imóveis,1,Outros Serviços de Terceiros - Pessoa Jurídica,509660.05,250000.0,254551.29,0.0,0.0,254551.29,"[{""siglaUnidadeMedida"": ""UN"", ""descricaoAnexo"": ""SERVIÇOS GERAIS DE MANUTENÇÃO PREVENTIVA, CORREÇÃO, REPARAÇÕES,\nADAPTAÇÕES E MODIFICAÇÕES, DE SEGUNDO ESCALÃO DE ACORDO COM O DECRETO Nº 29.929/91 E ALTERAÇÕES POSTERIORES, EM PRÓPRIOS UNICIPAIS, E EM LOCAIS ONDE A EXECUÇÃO DESTES SERVIÇOS SEJA DE RESPONSABILIDADE DA MUNICIPALIDADE DE SÃO PAULO COM FORNECIMENTO DE MATERIAIS DE PRIMEIRA LINHA E MÃO-DE-OBRA ESPECIALIZADA."", ""qtdeAnexo"": 1, ""valorUnitarioAnexo"": 509660.05}]",,,,,505/SMSUB/COGEL/2023
01,PREFEITURA DO MUNICÍPIO DE SÃO PAULO,45368,83337,2023,8,29/08/2023 00:00:00,6012202300144904,67192609000180,M A S CONSTRUCOES E EMPREENDIMENTOS LIMITADA,26244,2023,07,Fundo Municipal de Desenvolvimento Social,10,Fundo Municipal de Desenvolvimento Social,15,Urbanismo,452,Serviços Urbanos,3022,Requalificação e Promoção da Ocupação dos Espaços Públicos,1170,"Intervenção, Urbanização e Melhoria de Bairros - Plano de Obras das Su",4,Despesas de Capital,4,Investimentos,90,Aplicações Diretas,39,Manutenção e Conservação de Bens Imóveis,08.1.759.1224,PMSP-SF/COADM-Fundo Municipal de Desenvolvimento Social-FMD,1,Manutenção e Reformas de Bens Imóveis,1,Outros Serviços de Terceiros - Pessoa Jurídica,521220.58,130000.0,382311.02,70776.55,70776.55,311534.47,"[{""siglaUnidadeMedida"": ""UN"", ""descricaoAnexo"": ""ATOS - Serviços de adequação de Viela na Rua Majer Kucinski distrito Capão Redondo"", ""qtdeAnexo"": 1, ""valorUnitarioAnexo"": 521220.58}]",,,,,494/SMSUB/COGEL/2023
01,PREFEITURA DO MUNICÍPIO DE SÃO PAULO,45368,83340,2023,8,29/08/2023 00:00:00,6012202300144688,67192609000180,M A S CONSTRUCOES E EMPREENDIMENTOS LIMITADA,26240,2023,07,Fundo Municipal de Desenvolvimento Social,10,Fundo Municipal de Desenvolvimento Social,15,Urbanismo,452,Serviços Urbanos,3022,Requalificação e Promoção da Ocupação dos Espaços Públicos,1170,"Intervenção, Urbanização e Melhoria de Bairros - Plano de Obras das Su",4,Despesas de Capital,4,Investimentos,90,Aplicações Diretas,39,Manutenção e Conservação de Bens Imóveis,08.1.759.1224,PMSP-SF/COADM-Fundo Municipal de Desenvolvimento Social-FMD,1,Manutenção e Reformas de Bens Imóveis,1,Outros Serviços de Terceiros - Pessoa Jurídica,521740.47,521740.47,0.0,0.0,0.0,0.0,"[{""siglaUnidadeMedida"": ""UN"", ""descricaoAnexo"": ""SERVIÇOS GERAIS DE MANUTENÇÃO PREVENTIVA, CORREÇÃO, REPARAÇÕES,\nADAPTAÇÕES E MODIFICAÇÕES, DE SEGUNDO ESCALÃO DE ACORDO COM O DECRETO Nº 29.929/91 E ALTERAÇÕES POSTERIORES, EM PRÓPRIOS UNICIPAIS, E EM LOCAIS ONDE A EXECUÇÃO DESTES SERVIÇOS SEJA DE RESPONSABILIDADE DA MUNICIPALIDADE DE SÃO PAULO COM FORNECIMENTO DE MATERIAIS DE PRIMEIRA LINHA E MÃO-DE-OBRA ESPECIALIZADA."", ""qtdeAnexo"": 1, ""valorUnitarioAnexo"": 521740.47}]",,,,,506/SMSUB/COGEL/2023
01,PREFEITURA DO MUNICÍPIO DE SÃO PAULO,45368,83342,2023,8,29/08/2023 00:00:00,6012202300144637,67192609000180,M A S CONSTRUCOES E EMPREENDIMENTOS LIMITADA,26178,2023,07,Fundo Municipal de Desenvolvimento Social,10,Fundo Municipal de Desenvolvimento Social,15,Urbanismo,452,Serviços Urbanos,3022,Requalificação e Promoção da Ocupação dos Espaços Públicos,1170,"Intervenção, Urbanização e Melhoria de Bairros - Plano de Obras das Su",4,Despesas de Capital,4,Investimentos,90,Aplicações Diretas,39,Manutenção e Conservação de Bens Imóveis,08.1.759.1224,PMSP-SF/COADM-Fundo Municipal de Desenvolvimento Social-FMD,1,Manutenção e Reformas de Bens Imóveis,1,Outros Serviços de Terceiros - Pessoa Jurídica,530707.46,100000.0,382731.6,94173.31,94173.31,288558.29,"[{""siglaUnidadeMedida"": ""UN"", ""descricaoAnexo"": ""ATOS - Serviços de adequação de Viela "", ""qtdeAnexo"": 1, ""valorUnitarioAnexo"": 530707.46}]",,,,,495/SMSUB/COGEL/2023
01,PREFEITURA DO MUNICÍPIO DE SÃO PAULO,58227,83469,2023,8,30/08/2023 00:00:00,201403548710,68311216000101,ASSOCIAÇÃO SAUDE DA FAMILIA,21317,2018,07,Fundo Municipal de Desenvolvimento Social,10,Fundo Municipal de Desenvolvimento Social,10,Saúde,301,Atenção Básica,3003,"Ações e Serviços da Saúde em Atenção Básica, Especialidades e Vigilânc",5204,"Avança Saúde SP - Ampliação, Reforma e Requalificação de Equipamentos ",4,Despesas de Capital,4,Investimentos,50,Transferências a Instituições Privadas sem Fins Lucrativos,51,Serviços de Assistência à Saúde,08.2.759.1224,PMSP-SF/COADM-Fundo Municipal de Desenvolvimento Social-FMD,0,Obras e Reformas em Imóvel da OS ou de Terceiros,5,Obras e Instalações,57123.83,0.0,57123.83,57123.83,57123.83,0.0,"[{""siglaUnidadeMedida"": ""SER"", ""descricaoAnexo"": ""Termo Aditivo n. 093/2023-CRSO, sendo o valor estimado de R$57.123,83(cinquenta e sete mil, cento e vinte e três reais e oitenta e três centavos) para o mês de outubro de 2023 e sendo o valor estimado de R$264.930,39 (duzentos e sessenta e quatro mil, novecentos e trinta reais e trinta e nove centavos), para o mês de novembro de 2023\n"", ""qtdeAnexo"": 1, ""valorUnitarioAnexo"": 57123.83}]",,,,,016/CRSO/2015
01,PREFEITURA DO MUNICÍPIO DE SÃO PAULO,58239,83480,2023,8,30/08/2023 00:00:00,201403548710,68311216000101,ASSOCIAÇÃO SAUDE DA FAMILIA,21317,2018,07,Fundo Municipal de Desenvolvimento Social,10,Fundo Municipal de Desenvolvimento Social,10,Saúde,301,Atenção Básica,3003,"Ações e Serviços da Saúde em Atenção Básica, Especialidades e Vigilânc",5204,"Avança Saúde SP - Ampliação, Reforma e Requalificação de Equipamentos ",4,Despesas de Capital,4,Investimentos,50,Transferências a Instituições Privadas sem Fins Lucrativos,52,Serviços de Assistência à Saúde,08.2.759.1224,PMSP-SF/COADM-Fundo Municipal de Desenvolvimento Social-FMD,0,Materiais Permanentes,5,Equipamentos e Material Permanente,264930.39,0.0,264930.39,264930.39,264930.39,0.0,"[{""siglaUnidadeMedida"": ""EQ"", ""descricaoAnexo"": ""TA 093/CRSO/2023 - À TÍTULO DE INVESTIMENTO, com a aquisição de equipamentos e reforma de R$322.054,22 (trezentos e vinte e dois mil, cinquenta e quatro reais e vinte e dois centavos), sendo o valor estimado de R$57.123,83(cinquenta e sete mil, cento e vinte e três reais e oitenta e três centavos) para o mês de outubro de 2023 e sendo o valor estimado de R$264.930,39 (duzentos e sessenta e quatro mil, novecentos e trinta reais e trinta e nove centavos), para o mês de novembro de 2023"", ""qtdeAnexo"": 1, ""valorUnitarioAnexo"": 264930.39}]",,,,,016/CRSO/2015
01,PREFEITURA DO MUNICÍPIO DE SÃO PAULO,45368,83488,2023,8,30/08/2023 00:00:00,6012202300145072,67192609000180,M A S CONSTRUCOES E EMPREENDIMENTOS LIMITADA,26316,2023,07,Fundo Municipal de Desenvolvimento Social,10,Fundo Municipal de Desenvolvimento Social,15,Urbanismo,452,Serviços Urbanos,3022,Requalificação e Promoção da Ocupação dos Espaços Públicos,1170,"Intervenção, Urbanização e Melhoria de Bairros - Plano de Obras das Su",4,Despesas de Capital,4,Investimentos,90,Aplicações Diretas,39,Manutenção e Conservação de Bens Imóveis,08.1.759.1224,PMSP-SF/COADM-Fundo Municipal de Desenvolvimento Social-FMD,1,Manutenção e Reformas de Bens Imóveis,1,Outros Serviços de Terceiros - Pessoa Jurídica,625221.06,300000.0,261281.55,0.0,0.0,261281.55,"[{""siglaUnidadeMedida"": ""UN"", ""descricaoAnexo"": ""ATOS - Serviços de adequação de Viela na Rua Profª Nina Stocco"", ""qtdeAnexo"": 1, ""valorUnitarioAnexo"": 625221.06}]",,,,,
01,PREFEITURA DO MUNICÍPIO DE SÃO PAULO,45368,83514,2023,8,30/08/2023 00:00:00,6012202300144998,67192609000180,M A S CONSTRUCOES E EMPREENDIMENTOS LIMITADA,26332,2023,07,Fundo Municipal de Desenvolvimento Social,10,Fundo Municipal de Desenvolvimento Social,15,Urbanismo,452,Serviços Urbanos,3022,Requalificação e Promoção da Ocupação dos Espaços Públicos,1170,"Intervenção, Urbanização e Melhoria de Bairros - Plano de Obras das Su",4,Despesas de Capital,4,Investimentos,90,Aplicações Diretas,39,Manutenção e Conservação de Bens Imóveis,08.1.759.1224,PMSP-SF/COADM-Fundo Municipal de Desenvolvimento Social-FMD,1,Manutenção e Reformas de Bens Imóveis,1,Outros Serviços de Terceiros - Pessoa Jurídica,734974.35,540000.0,183242.6,0.0,0.0,183242.6,"[{""siglaUnidadeMedida"": ""UN"", ""descricaoAnexo"": ""ATOS - Serviços de adequação de Viela na Rua Oscar Campiglia"", ""qtdeAnexo"": 1, ""valorUnitarioAnexo"": 734974.35}]",,,,,529/SMSU/COGEL/2023
01,PREFEITURA DO MUNICÍPIO DE SÃO PAULO,24656,83807,2023,8,31/08/2023 00:00:00,6012202300175036,62162847000120,JOFEGE PAVIMENTACAO E CONSTRUCAO LTDA,26592,2023,07,Fundo Municipal de Desenvolvimento Social,10,Fundo Municipal de Desenvolvimento Social,15,Urbanismo,452,Serviços Urbanos,3022,Requalificação e Promoção da Ocupação dos Espaços Públicos,1137,Pavimentação e Recapeamento de Vias,4,Despesas de Capital,4,Investimentos,90,Aplicações Diretas,39,Manutenção e Conservação de Bens Imóveis,08.2.759.1224,PMSP-SF/COADM-Fundo Municipal de Desenvolvimento Social-FMD,1,Manutenção e Reformas de Bens Imóveis,1,Outros Serviços de Terceiros - Pessoa Jurídica,2699033.99,0.0,2159839.81,2159839.81,2159839.81,0.0,"[{""siglaUnidadeMedida"": ""UN"", ""descricaoAnexo"": ""Serviços de conservação e manutenção da malha viária da cidade de São Paulo "", ""qtdeAnexo"": 1, ""valorUnitarioAnexo"": 2699033.99}]",,,,,510/SMSUB/COGEL/2023
01,PREFEITURA DO MUNICÍPIO DE SÃO PAULO,39345,83836,2023,8,31/08/2023 00:00:00,6018202300747687,51803790000184,CONSORCIO UG,26613,2023,07,Fundo Municipal de Desenvolvimento Social,10,Fundo Municipal de Desenvolvimento Social,10,Saúde,302,Assistência Hospitalar e Ambulatorial,3003,"Ações e Serviços da Saúde em Atenção Básica, Especialidades e Vigilânc",5204,"Avança Saúde SP - Ampliação, Reforma e Requalificação de Equipamentos ",4,Despesas de Capital,4,Investimentos,90,Aplicações Diretas,51,Obras em Andamento - Uso Comum do Povo,08.2.759.1224,PMSP-SF/COADM-Fundo Municipal de Desenvolvimento Social-FMD,0,Hospitais e Similares ,8,Obras e Instalações,5077586.12,2510581.48,681513.12,273423.04,0.0,681513.12,"[{""siglaUnidadeMedida"": ""SER"", ""descricaoAnexo"": ""SMS - CONTRATAÇÃO DE OBRA DA CONSTRUÇÃO DA UPA GRAJAÚ - EXERCÍCIO 2023."", ""qtdeAnexo"": 1, ""valorUnitarioAnexo"": 5077586.12}]",,,,,145/2023
01,PREFEITURA DO MUNICÍPIO DE SÃO PAULO,24656,83841,2023,8,31/08/2023 00:00:00,6012202300183268,66806555000133,FBS CONSTRUCAO CIVIL E PAVIMENTACAO S.A.,26614,2023,07,Fundo Municipal de Desenvolvimento Social,10,Fundo Municipal de Desenvolvimento Social,15,Urbanismo,452,Serviços Urbanos,3022,Requalificação e Promoção da Ocupação dos Espaços Públicos,1137,Pavimentação e Recapeamento de Vias,4,Despesas de Capital,4,Investimentos,90,Aplicações Diretas,39,Manutenção e Conservação de Bens Imóveis,08.2.759.1224,PMSP-SF/COADM-Fundo Municipal de Desenvolvimento Social-FMD,1,Manutenção e Reformas de Bens Imóveis,1,Outros Serviços de Terceiros - Pessoa Jurídica,2783456.97,159025.43,2624431.54,2624431.54,2624431.54,0.0,"[{""siglaUnidadeMedida"": ""UN"", ""descricaoAnexo"": ""Serviços de conservação e manutenção da malha viária da cidade de São Paulo "", ""qtdeAnexo"": 1, ""valorUnitarioAnexo"": 2783456.97}]",,,,,511/SMSUB/COGEL/2023
01,PREFEITURA DO MUNICÍPIO DE SÃO PAULO,24656,83869,2023,8,31/08/2023 00:00:00,6012202300183527,62162847000120,JOFEGE PAVIMENTACAO E CONSTRUCAO LTDA,26629,2023,07,Fundo Municipal de Desenvolvimento Social,10,Fundo Municipal de Desenvolvimento Social,15,Urbanismo,452,Serviços Urbanos,3022,Requalificação e Promoção da Ocupação dos Espaços Públicos,1137,Pavimentação e Recapeamento de Vias,4,Despesas de Capital,4,Investimentos,90,Aplicações Diretas,39,Manutenção e Conservação de Bens Imóveis,08.2.759.1224,PMSP-SF/COADM-Fundo Municipal de Desenvolvimento Social-FMD,1,Manutenção e Reformas de Bens Imóveis,1,Outros Serviços de Terceiros - Pessoa Jurídica,1727912.67,0.0,1727912.67,1727912.67,1727912.67,0.0,"[{""siglaUnidadeMedida"": ""UN"", ""descricaoAnexo"": ""serviços de conservação e manutenção da malha viária da cidade de São Paulo"", ""qtdeAnexo"": 1, ""valorUnitarioAnexo"": 1727912.67}]",,,,,513/SMSUB/COGEL/2023
01,PREFEITURA DO MUNICÍPIO DE SÃO PAULO,24656,83972,2023,8,31/08/2023 00:00:00,6012202300183519,01065014000156,FREMIX PAVIMENTACAO E CONSTRUCOES LTDA ,26682,2023,07,Fundo Municipal de Desenvolvimento Social,10,Fundo Municipal de Desenvolvimento Social,15,Urbanismo,452,Serviços Urbanos,3022,Requalificação e Promoção da Ocupação dos Espaços Públicos,1137,Pavimentação e Recapeamento de Vias,4,Despesas de Capital,4,Investimentos,90,Aplicações Diretas,39,Manutenção e Conservação de Bens Imóveis,08.2.759.1224,PMSP-SF/COADM-Fundo Municipal de Desenvolvimento Social-FMD,1,Manutenção e Reformas de Bens Imóveis,1,Outros Serviços de Terceiros - Pessoa Jurídica,4998785.41,0.0,3634351.74,3580788.96,3580788.96,53562.78,"[{""siglaUnidadeMedida"": ""UN"", ""descricaoAnexo"": ""serviços de conservação e manutenção da malha viária da cidade de São Paulo "", ""qtdeAnexo"": 1, ""valorUnitarioAnexo"": 4998785.41}]",,,,,516/SMSUB/COGEL/2023
01,PREFEITURA DO MUNICÍPIO DE SÃO PAULO,24656,83987,2023,8,31/08/2023 00:00:00,6012202300183497,01065014000156,FREMIX PAVIMENTACAO E CONSTRUCOES LTDA ,26688,2023,07,Fundo Municipal de Desenvolvimento Social,10,Fundo Municipal de Desenvolvimento Social,15,Urbanismo,452,Serviços Urbanos,3022,Requalificação e Promoção da Ocupação dos Espaços Públicos,1137,Pavimentação e Recapeamento de Vias,4,Despesas de Capital,4,Investimentos,90,Aplicações Diretas,39,Manutenção e Conservação de Bens Imóveis,08.2.759.1224,PMSP-SF/COADM-Fundo Municipal de Desenvolvimento Social-FMD,1,Manutenção e Reformas de Bens Imóveis,1,Outros Serviços de Terceiros - Pessoa Jurídica,3455086.63,0.0,3250584.73,3250584.73,3250584.73,0.0,"[{""siglaUnidadeMedida"": ""UN"", ""descricaoAnexo"": ""serviços de conservação e manutenção da malha viária da cidade de São Paulo"", ""qtdeAnexo"": 1, ""valorUnitarioAnexo"": 3455086.63}]",,,,,515/SMSUB/COGEL/2023
01,PREFEITURA DO MUNICÍPIO DE SÃO PAULO,58921,84013,2023,8,31/08/2023 00:00:00,6014202300023660,04373329000159,VILLANOVA ENGENHARIA E DESENVOLVIMENTO AMBIENTAL LTDA,30095,2012,07,Fundo Municipal de Desenvolvimento Social,10,Fundo Municipal de Desenvolvimento Social,16,Habitação,482,Habitação Urbana,3005,Promoção da Sustentabilidade Ambiental,3355,Execução do Programa de Mananciais,4,Despesas de Capital,4,Investimentos,90,Aplicações Diretas,51,Obras em Andamento - Uso Comum do Povo,10.1.755.9001,Recursos de Alienação de Bens/Ativos - Administração Direta,2,Programa de Urbanização de Favelas,8,Obras e Instalações,897000.0,897000.0,0.0,0.0,0.0,0.0,"[{""siglaUnidadeMedida"": ""UN"", ""descricaoAnexo"": ""LOTE 1 - MANANCIAIS - CT 032/2012"", ""qtdeAnexo"": 1, ""valorUnitarioAnexo"": 897000.0}]",,,,,032/2012-SEHAB
01,PREFEITURA DO MUNICÍPIO DE SÃO PAULO,58921,84014,2023,8,31/08/2023 00:00:00,6014202300023660,04373329000159,VILLANOVA ENGENHARIA E DESENVOLVIMENTO AMBIENTAL LTDA,30095,2012,07,Fundo Municipal de Desenvolvimento Social,10,Fundo Municipal de Desenvolvimento Social,16,Habitação,482,Habitação Urbana,3005,Promoção da Sustentabilidade Ambiental,3355,Execução do Programa de Mananciais,4,Despesas de Capital,4,Investimentos,90,Aplicações Diretas,51,Obras em Andamento - Uso Comum do Povo,10.1.755.9001,Recursos de Alienação de Bens/Ativos - Administração Direta,2,Programa de Urbanização de Favelas,8,Obras e Instalações,897000.0,897000.0,0.0,0.0,0.0,0.0,"[{""siglaUnidadeMedida"": ""UN"", ""descricaoAnexo"": ""LOTE 1 - MANANCIAIS - CT 032/2012"", ""qtdeAnexo"": 1, ""valorUnitarioAnexo"": 897000.0}]",,,,,032/2012-SEHAB
01,PREFEITURA DO MUNICÍPIO DE SÃO PAULO,58921,84015,2023,8,31/08/2023 00:00:00,6014202300023660,04373329000159,VILLANOVA ENGENHARIA E DESENVOLVIMENTO AMBIENTAL LTDA,30095,2012,07,Fundo Municipal de Desenvolvimento Social,10,Fundo Municipal de Desenvolvimento Social,16,Habitação,482,Habitação Urbana,3005,Promoção da Sustentabilidade Ambiental,3355,Execução do Programa de Mananciais,4,Despesas de Capital,4,Investimentos,90,Aplicações Diretas,51,Obras em Andamento - Uso Comum do Povo,10.1.755.9001,Recursos de Alienação de Bens/Ativos - Administração Direta,2,Programa de Urbanização de Favelas,8,Obras e Instalações,1103000.0,1103000.0,0.0,0.0,0.0,0.0,"[{""siglaUnidadeMedida"": ""UN"", ""descricaoAnexo"": ""LOTE 1 - MANANCIAIS - CT 032/2012"", ""qtdeAnexo"": 1, ""valorUnitarioAnexo"": 1103000.0}]",,,,,032/2012-SEHAB
01,PREFEITURA DO MUNICÍPIO DE SÃO PAULO,58921,84016,2023,8,31/08/2023 00:00:00,6014202300023660,13300818000171,EIT ENGENHARIA S A EM RECUPERACAO JUDICIAL,30097,2012,07,Fundo Municipal de Desenvolvimento Social,10,Fundo Municipal de Desenvolvimento Social,16,Habitação,482,Habitação Urbana,3005,Promoção da Sustentabilidade Ambiental,3355,Execução do Programa de Mananciais,4,Despesas de Capital,4,Investimentos,90,Aplicações Diretas,51,Obras em Andamento - Uso Comum do Povo,10.1.755.9001,Recursos de Alienação de Bens/Ativos - Administração Direta,2,Programa de Urbanização de Favelas,8,Obras e Instalações,931142.05,931142.05,0.0,0.0,0.0,0.0,"[{""siglaUnidadeMedida"": ""UN"", ""descricaoAnexo"": ""LOTE 2 - MANANCIAIS - CT 031/2012"", ""qtdeAnexo"": 1, ""valorUnitarioAnexo"": 931142.05}]",,,,,031/2012-SEHAB
01,PREFEITURA DO MUNICÍPIO DE SÃO PAULO,58921,84017,2023,8,31/08/2023 00:00:00,6014202300023660,13300818000171,EIT ENGENHARIA S A EM RECUPERACAO JUDICIAL,30097,2012,07,Fundo Municipal de Desenvolvimento Social,10,Fundo Municipal de Desenvolvimento Social,16,Habitação,482,Habitação Urbana,3005,Promoção da Sustentabilidade Ambiental,3355,Execução do Programa de Mananciais,4,Despesas de Capital,4,Investimentos,90,Aplicações Diretas,51,Obras em Andamento - Uso Comum do Povo,10.1.755.9001,Recursos de Alienação de Bens/Ativos - Administração Direta,2,Programa de Urbanização de Favelas,8,Obras e Instalações,1068857.95,1068857.95,0.0,0.0,0.0,0.0,"[{""siglaUnidadeMedida"": ""UN"", ""descricaoAnexo"": ""LOTE 2 - MANANCIAIS - CT 031/2012"", ""qtdeAnexo"": 1, ""valorUnitarioAnexo"": 1068857.95}]",,,,,031/2012-SEHAB
01,PREFEITURA DO MUNICÍPIO DE SÃO PAULO,58921,84018,2023,8,31/08/2023 00:00:00,6014202300023660,16927599000143,CONSORCIO MANANCIAIS SAO PAULO,30102,2012,07,Fundo Municipal de Desenvolvimento Social,10,Fundo Municipal de Desenvolvimento Social,16,Habitação,482,Habitação Urbana,3005,Promoção da Sustentabilidade Ambiental,3355,Execução do Programa de Mananciais,4,Despesas de Capital,4,Investimentos,90,Aplicações Diretas,51,Obras em Andamento - Uso Comum do Povo,10.1.755.9001,Recursos de Alienação de Bens/Ativos - Administração Direta,2,Programa de Urbanização de Favelas,8,Obras e Instalações,2301330.76,2301330.76,0.0,0.0,0.0,0.0,"[{""siglaUnidadeMedida"": ""UN"", ""descricaoAnexo"": ""LOTE 5 - MANANCIAIS - CT 026/2012"", ""qtdeAnexo"": 1, ""valorUnitarioAnexo"": 2301330.76}]",,,,,026/2012 - SEHAB
01,PREFEITURA DO MUNICÍPIO DE SÃO PAULO,58921,84020,2023,8,31/08/2023 00:00:00,6014202300023660,16927599000143,CONSORCIO MANANCIAIS SAO PAULO,30102,2012,07,Fundo Municipal de Desenvolvimento Social,10,Fundo Municipal de Desenvolvimento Social,16,Habitação,482,Habitação Urbana,3005,Promoção da Sustentabilidade Ambiental,3355,Execução do Programa de Mananciais,4,Despesas de Capital,4,Investimentos,90,Aplicações Diretas,51,Obras em Andamento - Uso Comum do Povo,10.1.755.9001,Recursos de Alienação de Bens/Ativos - Administração Direta,2,Programa de Urbanização de Favelas,8,Obras e Instalações,4306480.24,4306480.24,0.0,0.0,0.0,0.0,"[{""siglaUnidadeMedida"": ""UN"", ""descricaoAnexo"": ""LOTE 5 - MANANCIAIS - CT 026/12"", ""qtdeAnexo"": 1, ""valorUnitarioAnexo"": 4306480.24}]",,,,,026/2012 - SEHAB
01,PREFEITURA DO MUNICÍPIO DE SÃO PAULO,39349,84083,2023,9,01/09/2023 00:00:00,6018202300747903,51804427000183,CONSORCIO SAUDE - PMSP,26731,2023,07,Fundo Municipal de Desenvolvimento Social,10,Fundo Municipal de Desenvolvimento Social,10,Saúde,302,Assistência Hospitalar e Ambulatorial,3003,"Ações e Serviços da Saúde em Atenção Básica, Especialidades e Vigilânc",5204,"Avança Saúde SP - Ampliação, Reforma e Requalificação de Equipamentos ",4,Despesas de Capital,4,Investimentos,90,Aplicações Diretas,51,Obras em Andamento - Uso Comum do Povo,08.2.759.1224,PMSP-SF/COADM-Fundo Municipal de Desenvolvimento Social-FMD,0,Hospitais e Similares ,8,Obras e Instalações,3112284.11,3112284.11,0.0,0.0,0.0,0.0,"[{""siglaUnidadeMedida"": ""SER"", ""descricaoAnexo"": ""SMS - CONTRATAÇÃO DE EMPRESA OU CONSÓRCIO DE EMPRESAS PARA EXECUÇÃO DE OBRAS PARA CONSTRUÇÃO DE UNIDADES BÁSICAS DE SAÚDE PARA SECRETARIA MUNICIPAL DE SAÚDE, COM FORNECIMENTO DE MATERIAL E MÃO-DE-OBRA. - UPA SANTANA.- EXERCÍCIO DE 2023."", ""qtdeAnexo"": 1, ""valorUnitarioAnexo"": 3112284.11}]",,,,,
01,PREFEITURA DO MUNICÍPIO DE SÃO PAULO,45368,84097,2023,9,01/09/2023 00:00:00,6012202300144980,67192609000180,M A S CONSTRUCOES E EMPREENDIMENTOS LIMITADA,25483,2023,07,Fundo Municipal de Desenvolvimento Social,10,Fundo Municipal de Desenvolvimento Social,15,Urbanismo,452,Serviços Urbanos,3022,Requalificação e Promoção da Ocupação dos Espaços Públicos,1170,"Intervenção, Urbanização e Melhoria de Bairros - Plano de Obras das Su",4,Despesas de Capital,4,Investimentos,90,Aplicações Diretas,39,Manutenção e Conservação de Bens Imóveis,08.1.759.1224,PMSP-SF/COADM-Fundo Municipal de Desenvolvimento Social-FMD,1,Manutenção e Reformas de Bens Imóveis,1,Outros Serviços de Terceiros - Pessoa Jurídica,618923.18,0.0,184066.29,54241.56,24976.01,159090.28,"[{""siglaUnidadeMedida"": ""UN"", ""descricaoAnexo"": ""ATOS - Serviços de adequação de Viela na Rua Ojinaga"", ""qtdeAnexo"": 1, ""valorUnitarioAnexo"": 618923.18}]",,,,,483/SMSUB/COGEL/2023
01,PREFEITURA DO MUNICÍPIO DE SÃO PAULO,24656,84170,2023,9,01/09/2023 00:00:00,6012202300175060,62162847000120,JOFEGE PAVIMENTACAO E CONSTRUCAO LTDA,26791,2023,07,Fundo Municipal de Desenvolvimento Social,10,Fundo Municipal de Desenvolvimento Social,15,Urbanismo,452,Serviços Urbanos,3022,Requalificação e Promoção da Ocupação dos Espaços Públicos,1137,Pavimentação e Recapeamento de Vias,4,Despesas de Capital,4,Investimentos,90,Aplicações Diretas,39,Manutenção e Conservação de Bens Imóveis,08.2.759.1224,PMSP-SF/COADM-Fundo Municipal de Desenvolvimento Social-FMD,1,Manutenção e Reformas de Bens Imóveis,1,Outros Serviços de Terceiros - Pessoa Jurídica,2148003.88,0.0,1640370.7,1640370.7,1640370.7,0.0,"[{""siglaUnidadeMedida"": ""UN"", ""descricaoAnexo"": ""serviços de conservação e manutenção da malha viária da cidade de São Paulo"", ""qtdeAnexo"": 1, ""valorUnitarioAnexo"": 2148003.88}]",,,,,522/SMSUB/COGEL/2023
01,PREFEITURA DO MUNICÍPIO DE SÃO PAULO,45368,84200,2023,9,01/09/2023 00:00:00,6012202300144874,67192609000180,M A S CONSTRUCOES E EMPREENDIMENTOS LIMITADA,26797,2023,07,Fundo Municipal de Desenvolvimento Social,10,Fundo Municipal de Desenvolvimento Social,15,Urbanismo,452,Serviços Urbanos,3022,Requalificação e Promoção da Ocupação dos Espaços Públicos,1170,"Intervenção, Urbanização e Melhoria de Bairros - Plano de Obras das Su",4,Despesas de Capital,4,Investimentos,90,Aplicações Diretas,39,Manutenção e Conservação de Bens Imóveis,08.1.759.1224,PMSP-SF/COADM-Fundo Municipal de Desenvolvimento Social-FMD,1,Manutenção e Reformas de Bens Imóveis,1,Outros Serviços de Terceiros - Pessoa Jurídica,641082.29,310000.0,331080.94,0.0,0.0,331080.94,"[{""siglaUnidadeMedida"": ""UN"", ""descricaoAnexo"": ""ATOS - Serviços de adequação de Viela na Rua Langanes"", ""qtdeAnexo"": 1, ""valorUnitarioAnexo"": 641082.29}]",,,,,532/SMSUB-COGEL/2023
01,PREFEITURA DO MUNICÍPIO DE SÃO PAULO,24656,84302,2023,9,01/09/2023 00:00:00,6012202300175079,62162847000120,JOFEGE PAVIMENTACAO E CONSTRUCAO LTDA,26842,2023,07,Fundo Municipal de Desenvolvimento Social,10,Fundo Municipal de Desenvolvimento Social,15,Urbanismo,452,Serviços Urbanos,3022,Requalificação e Promoção da Ocupação dos Espaços Públicos,1137,Pavimentação e Recapeamento de Vias,4,Despesas de Capital,4,Investimentos,90,Aplicações Diretas,39,Manutenção e Conservação de Bens Imóveis,08.2.759.1224,PMSP-SF/COADM-Fundo Municipal de Desenvolvimento Social-FMD,1,Manutenção e Reformas de Bens Imóveis,1,Outros Serviços de Terceiros - Pessoa Jurídica,2264970.49,0.0,1623230.95,1623230.95,1623230.95,0.0,"[{""siglaUnidadeMedida"": ""UN"", ""descricaoAnexo"": ""Serviços de conservação e manutenção da malha viária da cidade de São Paulo "", ""qtdeAnexo"": 1, ""valorUnitarioAnexo"": 2264970.49}]",,,,,527/SMSUB/COGEL/2023
01,PREFEITURA DO MUNICÍPIO DE SÃO PAULO,60790,86023,2023,9,11/09/2023 00:00:00,201103589764,04373329000159,VILLANOVA ENGENHARIA E DESENVOLVIMENTO AMBIENTAL LTDA,30095,2012,07,Fundo Municipal de Desenvolvimento Social,10,Fundo Municipal de Desenvolvimento Social,16,Habitação,482,Habitação Urbana,3005,Promoção da Sustentabilidade Ambiental,3355,Execução do Programa de Mananciais,4,Despesas de Capital,4,Investimentos,90,Aplicações Diretas,51,Obras em Andamento - Uso Comum do Povo,10.1.755.9001,Recursos de Alienação de Bens/Ativos - Administração Direta,2,Programa de Urbanização de Favelas,8,Obras e Instalações,897000.0,0.0,896337.46,896337.46,896337.46,0.0,"[{""siglaUnidadeMedida"": ""UN"", ""descricaoAnexo"": ""LOTE 1 - MANANCIAIS - CT. 032/12 - CONV. 1224"", ""qtdeAnexo"": 1, ""valorUnitarioAnexo"": 897000.0}]",,,,,032/2012-SEHAB
01,PREFEITURA DO MUNICÍPIO DE SÃO PAULO,60790,86024,2023,9,11/09/2023 00:00:00,201103589764,04373329000159,VILLANOVA ENGENHARIA E DESENVOLVIMENTO AMBIENTAL LTDA,30095,2012,07,Fundo Municipal de Desenvolvimento Social,10,Fundo Municipal de Desenvolvimento Social,16,Habitação,482,Habitação Urbana,3005,Promoção da Sustentabilidade Ambiental,3355,Execução do Programa de Mananciais,4,Despesas de Capital,4,Investimentos,90,Aplicações Diretas,51,Obras em Andamento - Uso Comum do Povo,10.1.755.9001,Recursos de Alienação de Bens/Ativos - Administração Direta,2,Programa de Urbanização de Favelas,8,Obras e Instalações,1103000.0,61644.25,1038451.82,1038451.82,1038451.82,0.0,"[{""siglaUnidadeMedida"": ""UN"", ""descricaoAnexo"": ""LOTE 1 - MANANCIAIS - CT. 032/12 - CONV. 1224"", ""qtdeAnexo"": 1, ""valorUnitarioAnexo"": 1103000.0}]",,,,,032/2012-SEHAB
01,PREFEITURA DO MUNICÍPIO DE SÃO PAULO,60793,86027,2023,9,11/09/2023 00:00:00,201103589748,13300818000171,EIT ENGENHARIA S A EM RECUPERACAO JUDICIAL,30097,2012,07,Fundo Municipal de Desenvolvimento Social,10,Fundo Municipal de Desenvolvimento Social,16,Habitação,482,Habitação Urbana,3005,Promoção da Sustentabilidade Ambiental,3355,Execução do Programa de Mananciais,4,Despesas de Capital,4,Investimentos,90,Aplicações Diretas,51,Obras em Andamento - Uso Comum do Povo,10.1.755.9001,Recursos de Alienação de Bens/Ativos - Administração Direta,2,Programa de Urbanização de Favelas,8,Obras e Instalações,931142.05,0.0,907168.74,907168.74,907168.74,0.0,"[{""siglaUnidadeMedida"": ""UN"", ""descricaoAnexo"": ""LOTE 2 - MANANCIAIS - CT. 031/12 - CONV. 1224"", ""qtdeAnexo"": 1, ""valorUnitarioAnexo"": 931142.05}]",,,,,031/2012-SEHAB
01,PREFEITURA DO MUNICÍPIO DE SÃO PAULO,60793,86029,2023,9,11/09/2023 00:00:00,201103589748,13300818000171,EIT ENGENHARIA S A EM RECUPERACAO JUDICIAL,30097,2012,07,Fundo Municipal de Desenvolvimento Social,10,Fundo Municipal de Desenvolvimento Social,16,Habitação,482,Habitação Urbana,3005,Promoção da Sustentabilidade Ambiental,3355,Execução do Programa de Mananciais,4,Despesas de Capital,4,Investimentos,90,Aplicações Diretas,51,Obras em Andamento - Uso Comum do Povo,10.1.755.9001,Recursos de Alienação de Bens/Ativos - Administração Direta,2,Programa de Urbanização de Favelas,8,Obras e Instalações,1068857.95,0.0,1068856.57,1068856.57,1068856.57,0.0,"[{""siglaUnidadeMedida"": ""UN"", ""descricaoAnexo"": ""LOTE 2 - MANANCIAIS - CT. 031/12 - CONV. 1224"", ""qtdeAnexo"": 1, ""valorUnitarioAnexo"": 1068857.95}]",,,,,031/2012-SEHAB
01,PREFEITURA DO MUNICÍPIO DE SÃO PAULO,60804,86031,2023,9,11/09/2023 00:00:00,201103589861,16927599000143,CONSORCIO MANANCIAIS SAO PAULO,30102,2012,07,Fundo Municipal de Desenvolvimento Social,10,Fundo Municipal de Desenvolvimento Social,16,Habitação,482,Habitação Urbana,3005,Promoção da Sustentabilidade Ambiental,3355,Execução do Programa de Mananciais,4,Despesas de Capital,4,Investimentos,90,Aplicações Diretas,51,Obras em Andamento - Uso Comum do Povo,10.1.755.9001,Recursos de Alienação de Bens/Ativos - Administração Direta,2,Programa de Urbanização de Favelas,8,Obras e Instalações,2301330.76,0.0,2301330.76,2301330.76,2301330.76,0.0,"[{""siglaUnidadeMedida"": ""UN"", ""descricaoAnexo"": ""LOTE 5 - MANANCIAIS - CT. 026/12 - CONV. 1224"", ""qtdeAnexo"": 1, ""valorUnitarioAnexo"": 2301330.76}]",,,,,026/2012 - SEHAB
01,PREFEITURA DO MUNICÍPIO DE SÃO PAULO,60804,86046,2023,9,11/09/2023 00:00:00,201103589861,16927599000143,CONSORCIO MANANCIAIS SAO PAULO,30102,2012,07,Fundo Municipal de Desenvolvimento Social,10,Fundo Municipal de Desenvolvimento Social,16,Habitação,482,Habitação Urbana,3005,Promoção da Sustentabilidade Ambiental,3355,Execução do Programa de Mananciais,4,Despesas de Capital,4,Investimentos,90,Aplicações Diretas,51,Obras em Andamento - Uso Comum do Povo,10.1.755.9001,Recursos de Alienação de Bens/Ativos - Administração Direta,2,Programa de Urbanização de Favelas,8,Obras e Instalações,4306480.24,164638.42,4141839.35,4141839.35,4141839.35,0.0,"[{""siglaUnidadeMedida"": ""UN"", ""descricaoAnexo"": ""LOTE 5 - MANANCIAIS - CT. 026/12 - CONV. 1224"", ""qtdeAnexo"": 1, ""valorUnitarioAnexo"": 4306480.24}]",,,,,026/2012 - SEHAB
01,PREFEITURA DO MUNICÍPIO DE SÃO PAULO,60198,88477,2023,9,18/09/2023 00:00:00,201403371292,61699567000192,SPDM  ASSOCIACAO PAULISTA PARA O DESENVOLVIMENTO DA MEDICINA,21353,2018,07,Fundo Municipal de Desenvolvimento Social,10,Fundo Municipal de Desenvolvimento Social,10,Saúde,301,Atenção Básica,3003,"Ações e Serviços da Saúde em Atenção Básica, Especialidades e Vigilânc",5204,"Avança Saúde SP - Ampliação, Reforma e Requalificação de Equipamentos ",4,Despesas de Capital,4,Investimentos,50,Transferências a Instituições Privadas sem Fins Lucrativos,51,Serviços de Assistência à Saúde,08.2.759.1224,PMSP-SF/COADM-Fundo Municipal de Desenvolvimento Social-FMD,0,Obras e Reformas em Imóvel da OS ou de Terceiros,5,Obras e Instalações,222146.69,222146.69,0.0,0.0,0.0,0.0,"[{""siglaUnidadeMedida"": ""UN"", ""descricaoAnexo"": ""Despesas de Investimento - para adequação em novo imóvel para transferência da SRT III Aricanduva."", ""qtdeAnexo"": 1, ""valorUnitarioAnexo"": 222146.69}]",,,,,R014/2015-SMS.G
01,PREFEITURA DO MUNICÍPIO DE SÃO PAULO,39349,88949,2023,9,19/09/2023 00:00:00,6018202300747903,51804427000183,CONSORCIO SAUDE - PMSP,28165,2023,07,Fundo Municipal de Desenvolvimento Social,10,Fundo Municipal de Desenvolvimento Social,10,Saúde,302,Assistência Hospitalar e Ambulatorial,3003,"Ações e Serviços da Saúde em Atenção Básica, Especialidades e Vigilânc",5204,"Avança Saúde SP - Ampliação, Reforma e Requalificação de Equipamentos ",4,Despesas de Capital,4,Investimentos,90,Aplicações Diretas,51,Obras em Andamento - Uso Comum do Povo,08.2.759.1224,PMSP-SF/COADM-Fundo Municipal de Desenvolvimento Social-FMD,0,Hospitais e Similares ,8,Obras e Instalações,3112284.11,2267798.99,512069.1,0.0,0.0,512069.1,"[{""siglaUnidadeMedida"": ""SER"", ""descricaoAnexo"": ""SMS - CONTRATAÇÃO DE REFORMA DA UPA SANTANA - EXERCÍCIO 2023."", ""qtdeAnexo"": 1, ""valorUnitarioAnexo"": 3112284.11}]",,,,,151/2023
01,PREFEITURA DO MUNICÍPIO DE SÃO PAULO,46885,90355,2023,9,20/09/2023 00:00:00,6018202300557969,22892801000141,RD CONSTRUCAO REFRIGERACAO COMERCIO SERVICOS E PROJETOS LTDA,28561,2023,07,Fundo Municipal de Desenvolvimento Social,10,Fundo Municipal de Desenvolvimento Social,10,Saúde,302,Assistência Hospitalar e Ambulatorial,3003,"Ações e Serviços da Saúde em Atenção Básica, Especialidades e Vigilânc",5204,"Avança Saúde SP - Ampliação, Reforma e Requalificação de Equipamentos ",4,Despesas de Capital,4,Investimentos,90,Aplicações Diretas,51,Obras em Andamento - Uso Comum do Povo,08.2.759.1224,PMSP-SF/COADM-Fundo Municipal de Desenvolvimento Social-FMD,0,Hospitais e Similares ,8,Obras e Instalações,490000.0,0.0,490000.0,490000.0,490000.0,0.0,"[{""siglaUnidadeMedida"": ""EXE"", ""descricaoAnexo"": ""contratação de empresa especializada de engenharia para reforma da UPA SANTO AMARO - 2º pavimento"", ""qtdeAnexo"": 1, ""valorUnitarioAnexo"": 490000.0}]",,,,,021/2023/CRSSUL
01,PREFEITURA DO MUNICÍPIO DE SÃO PAULO,62192,90782,2023,9,21/09/2023 00:00:00,201403217617,68311216000101,ASSOCIAÇÃO SAUDE DA FAMILIA,21328,2018,07,Fundo Municipal de Desenvolvimento Social,10,Fundo Municipal de Desenvolvimento Social,10,Saúde,301,Atenção Básica,3003,"Ações e Serviços da Saúde em Atenção Básica, Especialidades e Vigilânc",5204,"Avança Saúde SP - Ampliação, Reforma e Requalificação de Equipamentos ",4,Despesas de Capital,4,Investimentos,50,Transferências a Instituições Privadas sem Fins Lucrativos,51,Serviços de Assistência à Saúde,08.2.759.1224,PMSP-SF/COADM-Fundo Municipal de Desenvolvimento Social-FMD,0,Obras e Reformas em Imóvel da OS ou de Terceiros,5,Obras e Instalações,46029.29,0.2,46029.09,46029.09,46029.09,0.0,"[{""siglaUnidadeMedida"": ""SER"", ""descricaoAnexo"": ""Termo Aditivo n. 153/2023 ao Contrato de Gestão n. R007/2015/NTCSS/SMS, , em razão da aprovação de novo Plano de Trabalho e Plano Orçamentário para cobrir a execução de obra com instalação de cobertura e abrigo de resíduo da UBS Vila Anglo, situada à Avenida Sumaré, nº 100 - Perdizes, São Paulo – SP, CEP. 05016-110, Lapa, respeitadas as determinações da Portaria 1165/2019-SMS.G e suas alterações, a TÍTULO DE INVESTIMENTO no valor R$ 46.029,09"", ""qtdeAnexo"": 1, ""valorUnitarioAnexo"": 46029.29}]",,,,,007/2015/SMS/NTCSS
01,PREFEITURA DO MUNICÍPIO DE SÃO PAULO,39741,92353,2023,9,27/09/2023 00:00:00,7910202100011093,97500698000146,IMPERMEAR SERVICOS DE ENGENHARIA LTDA,17155,2022,07,Fundo Municipal de Desenvolvimento Social,10,Fundo Municipal de Desenvolvimento Social,15,Urbanismo,451,Infra-Estrutura Urbana,3009,Melhoria da Mobilidade Urbana Universal,5187,Recuperação e Reforço de Obras de Arte Especiais - OAE,4,Despesas de Capital,4,Investimentos,90,Aplicações Diretas,51,Obras em Andamento - Uso Comum do Povo,08.2.759.1224,PMSP-SF/COADM-Fundo Municipal de Desenvolvimento Social-FMD,1,"Pontes, Pontilhões e Viadutos ",8,Obras e Instalações,871351.51,0.0,775650.98,0.0,0.0,775650.98,"[{""siglaUnidadeMedida"": ""UN"", ""descricaoAnexo"": ""Prorrogação Prazo Contratual e acréscimo de valor - Execução de serviços de recuperação estrutural no Viaduto Naor Guelfi – Lote 08 - Contrato nº 127/SIURB/22"", ""qtdeAnexo"": 1, ""valorUnitarioAnexo"": 871351.51}]",,,,,127/SIURB/2022
01,PREFEITURA DO MUNICÍPIO DE SÃO PAULO,39741,92725,2023,9,28/09/2023 00:00:00,7910202100011018,66748955000130,ALMEIDA SAPATA ENGENHARIA E CONSTRUCOES LTDA,17300,2022,07,Fundo Municipal de Desenvolvimento Social,10,Fundo Municipal de Desenvolvimento Social,15,Urbanismo,451,Infra-Estrutura Urbana,3009,Melhoria da Mobilidade Urbana Universal,5187,Recuperação e Reforço de Obras de Arte Especiais - OAE,4,Despesas de Capital,4,Investimentos,90,Aplicações Diretas,51,Obras em Andamento - Uso Comum do Povo,08.2.759.1224,PMSP-SF/COADM-Fundo Municipal de Desenvolvimento Social-FMD,1,"Pontes, Pontilhões e Viadutos ",8,Obras e Instalações,1876635.69,0.0,1396041.83,0.0,0.0,1396041.83,"[{""siglaUnidadeMedida"": ""UN"", ""descricaoAnexo"": ""Serviços de obras de substituição de juntas de dilatação e outros reparos - LOTE 1 (Viaduto Capitão Pacheco e Chaves, Pontilhão Giovanni Boccati, Ponte Julio de Mesquita Neto, Ponte Transamérica e Viaduto dos Bandeirantes)"", ""qtdeAnexo"": 1, ""valorUnitarioAnexo"": 1876635.69}]",,,,,130/SIURB/2022
01,PREFEITURA DO MUNICÍPIO DE SÃO PAULO,60804,93141,2023,9,29/09/2023 00:00:00,201103589861,16927599000143,CONSORCIO MANANCIAIS SAO PAULO,30102,2012,07,Fundo Municipal de Desenvolvimento Social,10,Fundo Municipal de Desenvolvimento Social,16,Habitação,482,Habitação Urbana,3005,Promoção da Sustentabilidade Ambiental,3355,Execução do Programa de Mananciais,4,Despesas de Capital,4,Investimentos,90,Aplicações Diretas,51,Obras em Andamento - Uso Comum do Povo,10.1.755.9001,Recursos de Alienação de Bens/Ativos - Administração Direta,2,Programa de Urbanização de Favelas,8,Obras e Instalações,164638.42,0.0,164636.95,164636.95,164636.95,0.0,"[{""siglaUnidadeMedida"": ""UN"", ""descricaoAnexo"": ""LOTE 5 - MANANCIAIS - CT. 026/12"", ""qtdeAnexo"": 1, ""valorUnitarioAnexo"": 164638.42}]",,,,,026/2012 - SEHAB
01,PREFEITURA DO MUNICÍPIO DE SÃO PAULO,39741,95494,2023,10,09/10/2023 00:00:00,6022202300021599,01129913000175,VOS OBRAS E SERVICOS DE CONSTRUCAO CIVIL LTDA,20969,2022,07,Fundo Municipal de Desenvolvimento Social,10,Fundo Municipal de Desenvolvimento Social,15,Urbanismo,451,Infra-Estrutura Urbana,3009,Melhoria da Mobilidade Urbana Universal,5187,Recuperação e Reforço de Obras de Arte Especiais - OAE,4,Despesas de Capital,4,Investimentos,90,Aplicações Diretas,51,Obras em Andamento - Uso Comum do Povo,08.2.759.1224,PMSP-SF/COADM-Fundo Municipal de Desenvolvimento Social-FMD,1,"Pontes, Pontilhões e Viadutos ",8,Obras e Instalações,1606821.28,0.0,1605426.89,0.0,0.0,1605426.89,"[{""siglaUnidadeMedida"": ""UN"", ""descricaoAnexo"": ""Execução de serviços de recuperação estrutural do Complexo Viário Jacu Pêssego – Lote 15."", ""qtdeAnexo"": 1, ""valorUnitarioAnexo"": 1606821.28}]",,,,,163/SIURB/2022
01,PREFEITURA DO MUNICÍPIO DE SÃO PAULO,45360,95699,2023,10,09/10/2023 00:00:00,6012202300205636,23139874000120,HABITEM INCORPORACAO E CONSTRUCAO LTDA,30625,2023,07,Fundo Municipal de Desenvolvimento Social,10,Fundo Municipal de Desenvolvimento Social,15,Urbanismo,452,Serviços Urbanos,3006,Promoção dos Direitos da Pessoa com Deficiência,1169,Reforma e Acessibilidade em Passeios Públicos,4,Despesas de Capital,4,Investimentos,90,Aplicações Diretas,39,Manutenção e Conservação de Bens Imóveis,08.1.759.1224,PMSP-SF/COADM-Fundo Municipal de Desenvolvimento Social-FMD,1,Manutenção e Reformas de Bens Imóveis,1,Outros Serviços de Terceiros - Pessoa Jurídica,400009.0,0.0,282778.32,0.0,0.0,282778.32,"[{""siglaUnidadeMedida"": ""UN"", ""descricaoAnexo"": ""ATOS - 700/SMSUB/COGEL/2023 - \""Avenida Pires do Rio entre a Rua Washington Lopes e Rua Mario Graccho - Quadra F482/ Setor 112\nAvenida Pires do Rio entre a Rua Mario Graccho e Rua Ana Gertrudes Vieira - Quadra F479/ Setor 112\nAvenida Pires do Rio"", ""qtdeAnexo"": 1, ""valorUnitarioAnexo"": 400009.0}]",,,,,700/SMSUB/COGEL/2023
01,PREFEITURA DO MUNICÍPIO DE SÃO PAULO,45368,98423,2023,10,17/10/2023 00:00:00,6012202300081171,04002395000112,LEMAM CONSTRUCOES E COMERCIO SA,31601,2023,07,Fundo Municipal de Desenvolvimento Social,10,Fundo Municipal de Desenvolvimento Social,15,Urbanismo,452,Serviços Urbanos,3022,Requalificação e Promoção da Ocupação dos Espaços Públicos,1170,"Intervenção, Urbanização e Melhoria de Bairros - Plano de Obras das Su",4,Despesas de Capital,4,Investimentos,90,Aplicações Diretas,39,Manutenção e Conservação de Bens Imóveis,08.1.759.1224,PMSP-SF/COADM-Fundo Municipal de Desenvolvimento Social-FMD,1,Manutenção e Reformas de Bens Imóveis,1,Outros Serviços de Terceiros - Pessoa Jurídica,1288842.76,1250000.0,0.0,0.0,0.0,0.0,"[{""siglaUnidadeMedida"": ""UN"", ""descricaoAnexo"": ""ATOS - Serviços de Requalificação do passeio público na Rua Santa Ifigênia (trecho 1) - da Av Duque de Caxias até Rua Vitória - Distrito República (SUB-SE)"", ""qtdeAnexo"": 1, ""valorUnitarioAnexo"": 1288842.76}]",,,,,
01,PREFEITURA DO MUNICÍPIO DE SÃO PAULO,39741,99918,2023,10,23/10/2023 00:00:00,7910202100011034,66748955000130,ALMEIDA SAPATA ENGENHARIA E CONSTRUCOES LTDA,15792,2022,07,Fundo Municipal de Desenvolvimento Social,10,Fundo Municipal de Desenvolvimento Social,15,Urbanismo,451,Infra-Estrutura Urbana,3009,Melhoria da Mobilidade Urbana Universal,5187,Recuperação e Reforço de Obras de Arte Especiais - OAE,4,Despesas de Capital,4,Investimentos,90,Aplicações Diretas,51,Obras em Andamento - Uso Comum do Povo,08.2.759.1224,PMSP-SF/COADM-Fundo Municipal de Desenvolvimento Social-FMD,1,"Pontes, Pontilhões e Viadutos ",8,Obras e Instalações,1656242.79,0.0,1627465.66,0.0,0.0,1627465.66,"[{""siglaUnidadeMedida"": ""UN"", ""descricaoAnexo"": ""Contrato 103/SIURB/22. Viaduto Deputado Antônio Sylvio Cunha Bueno, Viaduto Abdo, Viaduto Nove de Julho e Pontilhão Bernardino D’Auria – Lote 2. Acréscimo."", ""qtdeAnexo"": 1, ""valorUnitarioAnexo"": 1656242.79}]",,,,,103/SIURB/2022
01,PREFEITURA DO MUNICÍPIO DE SÃO PAULO,71131,101809,2023,10,25/10/2023 00:00:00,201403217773,61699567000192,SPDM  ASSOCIACAO PAULISTA PARA O DESENVOLVIMENTO DA MEDICINA,21362,2018,07,Fundo Municipal de Desenvolvimento Social,10,Fundo Municipal de Desenvolvimento Social,10,Saúde,301,Atenção Básica,3003,"Ações e Serviços da Saúde em Atenção Básica, Especialidades e Vigilânc",5204,"Avança Saúde SP - Ampliação, Reforma e Requalificação de Equipamentos ",4,Despesas de Capital,4,Investimentos,50,Transferências a Instituições Privadas sem Fins Lucrativos,51,Serviços de Assistência à Saúde,08.2.759.1224,PMSP-SF/COADM-Fundo Municipal de Desenvolvimento Social-FMD,0,Obras e Reformas em Imóvel da Prefeitura,5,Obras e Instalações,338088.84,0.0,338088.84,338088.84,338088.84,0.0,"[{""siglaUnidadeMedida"": ""UN"", ""descricaoAnexo"": ""Despesa de Investimento, com reforma na UBS Água Funda."", ""qtdeAnexo"": 1, ""valorUnitarioAnexo"": 338088.84}]",,,,,R005/2015-SMS.G
01,PREFEITURA DO MUNICÍPIO DE SÃO PAULO,70846,102329,2023,10,26/10/2023 00:00:00,6012202300223847,62162847000120,JOFEGE PAVIMENTACAO E CONSTRUCAO LTDA,32169,2023,07,Fundo Municipal de Desenvolvimento Social,10,Fundo Municipal de Desenvolvimento Social,15,Urbanismo,452,Serviços Urbanos,3022,Requalificação e Promoção da Ocupação dos Espaços Públicos,1137,Pavimentação e Recapeamento de Vias,4,Despesas de Capital,4,Investimentos,90,Aplicações Diretas,39,Manutenção e Conservação de Bens Imóveis,08.1.759.1224,PMSP-SF/COADM-Fundo Municipal de Desenvolvimento Social-FMD,1,Manutenção e Reformas de Bens Imóveis,1,Outros Serviços de Terceiros - Pessoa Jurídica,3234318.11,0.0,2089251.03,2005056.04,0.0,2089251.03,"[{""siglaUnidadeMedida"": ""UN"", ""descricaoAnexo"": ""Serviços de conservação e manutenção da malha viaria da cidade de São Paulo "", ""qtdeAnexo"": 1, ""valorUnitarioAnexo"": 3234318.11}]",,,,,778/SMSUB/COGEL/2023
01,PREFEITURA DO MUNICÍPIO DE SÃO PAULO,70846,102354,2023,10,26/10/2023 00:00:00,6012202300223928,66806555000133,FBS CONSTRUCAO CIVIL E PAVIMENTACAO S.A.,32088,2023,07,Fundo Municipal de Desenvolvimento Social,10,Fundo Municipal de Desenvolvimento Social,15,Urbanismo,452,Serviços Urbanos,3022,Requalificação e Promoção da Ocupação dos Espaços Públicos,1137,Pavimentação e Recapeamento de Vias,4,Despesas de Capital,4,Investimentos,90,Aplicações Diretas,39,Manutenção e Conservação de Bens Imóveis,08.1.759.1224,PMSP-SF/COADM-Fundo Municipal de Desenvolvimento Social-FMD,1,Manutenção e Reformas de Bens Imóveis,1,Outros Serviços de Terceiros - Pessoa Jurídica,1079182.79,0.0,1008606.32,164411.83,164411.83,844194.49,"[{""siglaUnidadeMedida"": ""UN"", ""descricaoAnexo"": ""Serviços de conservação e manutenção da malha viária da cidade de São Paulo"", ""qtdeAnexo"": 1, ""valorUnitarioAnexo"": 1079182.79}]",,,,,787/SMSUB/COGEL/2023
01,PREFEITURA DO MUNICÍPIO DE SÃO PAULO,70846,102366,2023,10,26/10/2023 00:00:00,6012202300222581,09052229000144,SOUZA COMPEC ENGENHARIA E CONSTRUÇÕES LTDA,32930,2023,07,Fundo Municipal de Desenvolvimento Social,10,Fundo Municipal de Desenvolvimento Social,15,Urbanismo,452,Serviços Urbanos,3022,Requalificação e Promoção da Ocupação dos Espaços Públicos,1137,Pavimentação e Recapeamento de Vias,4,Despesas de Capital,4,Investimentos,90,Aplicações Diretas,39,Manutenção e Conservação de Bens Imóveis,08.1.759.1224,PMSP-SF/COADM-Fundo Municipal de Desenvolvimento Social-FMD,1,Manutenção e Reformas de Bens Imóveis,1,Outros Serviços de Terceiros - Pessoa Jurídica,2743535.11,0.0,2551520.76,72079.35,0.0,2551520.76,"[{""siglaUnidadeMedida"": ""UN"", ""descricaoAnexo"": ""Serviços de conservação e manutenção da malha viária da cidade de São Paulo "", ""qtdeAnexo"": 1, ""valorUnitarioAnexo"": 2743535.11}]",,,,,791/SMSUB/COGEL/2023
01,PREFEITURA DO MUNICÍPIO DE SÃO PAULO,70846,102369,2023,10,26/10/2023 00:00:00,6012202300223855,62162847000120,JOFEGE PAVIMENTACAO E CONSTRUCAO LTDA,32077,2023,07,Fundo Municipal de Desenvolvimento Social,10,Fundo Municipal de Desenvolvimento Social,15,Urbanismo,452,Serviços Urbanos,3022,Requalificação e Promoção da Ocupação dos Espaços Públicos,1137,Pavimentação e Recapeamento de Vias,4,Despesas de Capital,4,Investimentos,90,Aplicações Diretas,39,Manutenção e Conservação de Bens Imóveis,08.1.759.1224,PMSP-SF/COADM-Fundo Municipal de Desenvolvimento Social-FMD,1,Manutenção e Reformas de Bens Imóveis,1,Outros Serviços de Terceiros - Pessoa Jurídica,1714597.91,0.0,1017198.31,56553.77,56553.77,960644.54,"[{""siglaUnidadeMedida"": ""UN"", ""descricaoAnexo"": ""Serviços de conservação e manutenção da malha viária da cidade de São Paulo "", ""qtdeAnexo"": 1, ""valorUnitarioAnexo"": 1714597.91}]",,,,,779/SMSUB/COGEL/2023
01,PREFEITURA DO MUNICÍPIO DE SÃO PAULO,70846,102381,2023,10,26/10/2023 00:00:00,6012202300223944,66806555000133,FBS CONSTRUCAO CIVIL E PAVIMENTACAO S.A.,32941,2023,07,Fundo Municipal de Desenvolvimento Social,10,Fundo Municipal de Desenvolvimento Social,15,Urbanismo,452,Serviços Urbanos,3022,Requalificação e Promoção da Ocupação dos Espaços Públicos,1137,Pavimentação e Recapeamento de Vias,4,Despesas de Capital,4,Investimentos,90,Aplicações Diretas,39,Manutenção e Conservação de Bens Imóveis,08.1.759.1224,PMSP-SF/COADM-Fundo Municipal de Desenvolvimento Social-FMD,1,Manutenção e Reformas de Bens Imóveis,1,Outros Serviços de Terceiros - Pessoa Jurídica,2496165.8,0.0,2301909.82,277771.79,277771.79,2024138.03,"[{""siglaUnidadeMedida"": ""UN"", ""descricaoAnexo"": ""Serviços de conservação e manutenção da malha viária da cidade de São Paulo "", ""qtdeAnexo"": 1, ""valorUnitarioAnexo"": 2496165.8}]",,,,,788/SMSUB/COGEL/2023
01,PREFEITURA DO MUNICÍPIO DE SÃO PAULO,45356,102800,2023,10,27/10/2023 00:00:00,6012202300079134,02086562000125,NOVA DIMENSAO ENGENHARIA LTDA,14283,2023,07,Fundo Municipal de Desenvolvimento Social,10,Fundo Municipal de Desenvolvimento Social,15,Urbanismo,451,Infra-Estrutura Urbana,3022,Requalificação e Promoção da Ocupação dos Espaços Públicos,1170,"Intervenção, Urbanização e Melhoria de Bairros - Plano de Obras das Su",4,Despesas de Capital,4,Investimentos,90,Aplicações Diretas,51,Obras em Andamento - Uso Comum do Povo,08.2.759.1224,PMSP-SF/COADM-Fundo Municipal de Desenvolvimento Social-FMD,1,Pavimentação de Ruas e Avenidas ,8,Obras e Instalações,5866506.96,0.0,5864924.85,5864924.85,5864924.85,0.0,"[{""siglaUnidadeMedida"": ""UN"", ""descricaoAnexo"": ""ATOS - Serviços de manutenção da malha viária existente em pavimento de paralelepípedo "", ""qtdeAnexo"": 1, ""valorUnitarioAnexo"": 5866506.96}]",,,,,241/SMSUB/COGEL/2023
01,PREFEITURA DO MUNICÍPIO DE SÃO PAULO,70846,102910,2023,10,27/10/2023 00:00:00,6012202300223936,66806555000133,FBS CONSTRUCAO CIVIL E PAVIMENTACAO S.A.,32173,2023,07,Fundo Municipal de Desenvolvimento Social,10,Fundo Municipal de Desenvolvimento Social,15,Urbanismo,452,Serviços Urbanos,3022,Requalificação e Promoção da Ocupação dos Espaços Públicos,1137,Pavimentação e Recapeamento de Vias,4,Despesas de Capital,4,Investimentos,90,Aplicações Diretas,39,Manutenção e Conservação de Bens Imóveis,08.1.759.1224,PMSP-SF/COADM-Fundo Municipal de Desenvolvimento Social-FMD,1,Manutenção e Reformas de Bens Imóveis,1,Outros Serviços de Terceiros - Pessoa Jurídica,2166513.09,0.0,2002368.87,270917.76,270917.76,1731451.11,"[{""siglaUnidadeMedida"": ""UN"", ""descricaoAnexo"": ""serviços de conservação e manutenção da malha viária da cidade de São Paulo"", ""qtdeAnexo"": 1, ""valorUnitarioAnexo"": 2166513.09}]",,,,,772/SMSUB/COGEL/2023
01,PREFEITURA DO MUNICÍPIO DE SÃO PAULO,70846,102918,2023,10,27/10/2023 00:00:00,6012202300223910,66806555000133,FBS CONSTRUCAO CIVIL E PAVIMENTACAO S.A.,32176,2023,07,Fundo Municipal de Desenvolvimento Social,10,Fundo Municipal de Desenvolvimento Social,15,Urbanismo,452,Serviços Urbanos,3022,Requalificação e Promoção da Ocupação dos Espaços Públicos,1137,Pavimentação e Recapeamento de Vias,4,Despesas de Capital,4,Investimentos,90,Aplicações Diretas,39,Manutenção e Conservação de Bens Imóveis,08.1.759.1224,PMSP-SF/COADM-Fundo Municipal de Desenvolvimento Social-FMD,1,Manutenção e Reformas de Bens Imóveis,1,Outros Serviços de Terceiros - Pessoa Jurídica,2735925.8,0.0,1642028.92,316473.52,316473.52,1325555.4,"[{""siglaUnidadeMedida"": ""UN"", ""descricaoAnexo"": ""serviços de conservação e manutenção da malha viária da cidade de São Paulo "", ""qtdeAnexo"": 1, ""valorUnitarioAnexo"": 2735925.8}]",,,,,770/SMSUB/COGEL/2023
01,PREFEITURA DO MUNICÍPIO DE SÃO PAULO,70846,102924,2023,10,27/10/2023 00:00:00,6012202300223898,66806555000133,FBS CONSTRUCAO CIVIL E PAVIMENTACAO S.A.,32165,2023,07,Fundo Municipal de Desenvolvimento Social,10,Fundo Municipal de Desenvolvimento Social,15,Urbanismo,452,Serviços Urbanos,3022,Requalificação e Promoção da Ocupação dos Espaços Públicos,1137,Pavimentação e Recapeamento de Vias,4,Despesas de Capital,4,Investimentos,90,Aplicações Diretas,39,Manutenção e Conservação de Bens Imóveis,08.1.759.1224,PMSP-SF/COADM-Fundo Municipal de Desenvolvimento Social-FMD,1,Manutenção e Reformas de Bens Imóveis,1,Outros Serviços de Terceiros - Pessoa Jurídica,2251328.11,0.0,2130655.66,277699.22,277699.22,1852956.44,"[{""siglaUnidadeMedida"": ""UN"", ""descricaoAnexo"": ""serviços de conservação e manutenção da malha viária da cidade de São Paulo"", ""qtdeAnexo"": 1, ""valorUnitarioAnexo"": 2251328.11}]",,,,,768/SMSUB/COGEL/2023
01,PREFEITURA DO MUNICÍPIO DE SÃO PAULO,70846,102929,2023,10,27/10/2023 00:00:00,6012202300223880,62162847000120,JOFEGE PAVIMENTACAO E CONSTRUCAO LTDA,32167,2023,07,Fundo Municipal de Desenvolvimento Social,10,Fundo Municipal de Desenvolvimento Social,15,Urbanismo,452,Serviços Urbanos,3022,Requalificação e Promoção da Ocupação dos Espaços Públicos,1137,Pavimentação e Recapeamento de Vias,4,Despesas de Capital,4,Investimentos,90,Aplicações Diretas,39,Manutenção e Conservação de Bens Imóveis,08.1.759.1224,PMSP-SF/COADM-Fundo Municipal de Desenvolvimento Social-FMD,1,Manutenção e Reformas de Bens Imóveis,1,Outros Serviços de Terceiros - Pessoa Jurídica,2932368.37,0.0,2083656.26,2069794.37,2069794.37,13861.89,"[{""siglaUnidadeMedida"": ""UN"", ""descricaoAnexo"": ""serviços de conservação e manutenção da malha viária da cidade de São Paulo "", ""qtdeAnexo"": 1, ""valorUnitarioAnexo"": 2932368.37}]",,,,,767/SMSUB/COGEL/2023
01,PREFEITURA DO MUNICÍPIO DE SÃO PAULO,70846,102938,2023,10,27/10/2023 00:00:00,6012202300216905,66806555000133,FBS CONSTRUCAO CIVIL E PAVIMENTACAO S.A.,31416,2023,07,Fundo Municipal de Desenvolvimento Social,10,Fundo Municipal de Desenvolvimento Social,15,Urbanismo,452,Serviços Urbanos,3022,Requalificação e Promoção da Ocupação dos Espaços Públicos,1137,Pavimentação e Recapeamento de Vias,4,Despesas de Capital,4,Investimentos,90,Aplicações Diretas,39,Manutenção e Conservação de Bens Imóveis,08.1.759.1224,PMSP-SF/COADM-Fundo Municipal de Desenvolvimento Social-FMD,1,Manutenção e Reformas de Bens Imóveis,1,Outros Serviços de Terceiros - Pessoa Jurídica,1800531.25,0.0,1677536.6,1581730.16,1581730.16,95806.44,"[{""siglaUnidadeMedida"": ""UN"", ""descricaoAnexo"": ""serviços de conservação e manutenção da malha viária da cidade de São Paulo"", ""qtdeAnexo"": 1, ""valorUnitarioAnexo"": 1800531.25}]",,,,,734/SMSUB/COGEL/2023
01,PREFEITURA DO MUNICÍPIO DE SÃO PAULO,70846,102942,2023,10,27/10/2023 00:00:00,6012202300216670,43677822000114,SOEBE CONSTRUÇÃO E PAVIMENTAÇÃO SA,32070,2023,07,Fundo Municipal de Desenvolvimento Social,10,Fundo Municipal de Desenvolvimento Social,15,Urbanismo,452,Serviços Urbanos,3022,Requalificação e Promoção da Ocupação dos Espaços Públicos,1137,Pavimentação e Recapeamento de Vias,4,Despesas de Capital,4,Investimentos,90,Aplicações Diretas,39,Manutenção e Conservação de Bens Imóveis,08.1.759.1224,PMSP-SF/COADM-Fundo Municipal de Desenvolvimento Social-FMD,1,Manutenção e Reformas de Bens Imóveis,1,Outros Serviços de Terceiros - Pessoa Jurídica,3979101.0,0.0,3059504.94,2777846.3,0.0,3059504.94,"[{""siglaUnidadeMedida"": ""UN"", ""descricaoAnexo"": ""serviços de conservação e manutenção da malha viária da cidade de São Paulo"", ""qtdeAnexo"": 1, ""valorUnitarioAnexo"": 3979101.0}]",,,,,762/SMSUB/COGEL/2023
01,PREFEITURA DO MUNICÍPIO DE SÃO PAULO,70846,103819,2023,10,30/10/2023 00:00:00,6012202300216875,66806555000133,FBS CONSTRUCAO CIVIL E PAVIMENTACAO S.A.,31476,2023,07,Fundo Municipal de Desenvolvimento Social,10,Fundo Municipal de Desenvolvimento Social,15,Urbanismo,452,Serviços Urbanos,3022,Requalificação e Promoção da Ocupação dos Espaços Públicos,1137,Pavimentação e Recapeamento de Vias,4,Despesas de Capital,4,Investimentos,90,Aplicações Diretas,39,Manutenção e Conservação de Bens Imóveis,08.1.759.1224,PMSP-SF/COADM-Fundo Municipal de Desenvolvimento Social-FMD,1,Manutenção e Reformas de Bens Imóveis,1,Outros Serviços de Terceiros - Pessoa Jurídica,1053922.48,0.0,871408.25,181912.1,0.0,871408.25,"[{""siglaUnidadeMedida"": ""UN"", ""descricaoAnexo"": ""Serviços de conservação e manutenção da malha viária da cidade de São Paulo"", ""qtdeAnexo"": 1, ""valorUnitarioAnexo"": 1053922.48}]",,,,,733/SMSUB/COGEL/2023
01,PREFEITURA DO MUNICÍPIO DE SÃO PAULO,70846,103850,2023,10,30/10/2023 00:00:00,6012202300216867,66806555000133,FBS CONSTRUCAO CIVIL E PAVIMENTACAO S.A.,31202,2023,07,Fundo Municipal de Desenvolvimento Social,10,Fundo Municipal de Desenvolvimento Social,15,Urbanismo,452,Serviços Urbanos,3022,Requalificação e Promoção da Ocupação dos Espaços Públicos,1137,Pavimentação e Recapeamento de Vias,4,Despesas de Capital,4,Investimentos,90,Aplicações Diretas,39,Manutenção e Conservação de Bens Imóveis,08.1.759.1224,PMSP-SF/COADM-Fundo Municipal de Desenvolvimento Social-FMD,1,Manutenção e Reformas de Bens Imóveis,1,Outros Serviços de Terceiros - Pessoa Jurídica,1480408.32,0.0,1408753.41,216029.12,216029.12,1192724.29,"[{""siglaUnidadeMedida"": ""UN"", ""descricaoAnexo"": ""serviços de conservação e manutenção da malha viária da cidade de São Paulo"", ""qtdeAnexo"": 1, ""valorUnitarioAnexo"": 1480408.32}]",,,,,731/SMSUB/COGEL/2023
01,PREFEITURA DO MUNICÍPIO DE SÃO PAULO,70846,103861,2023,10,30/10/2023 00:00:00,6012202300217030,37802710000145,TRIADE PAVIMENTACAO E CONSTRUCOES SA,31782,2023,07,Fundo Municipal de Desenvolvimento Social,10,Fundo Municipal de Desenvolvimento Social,15,Urbanismo,452,Serviços Urbanos,3022,Requalificação e Promoção da Ocupação dos Espaços Públicos,1137,Pavimentação e Recapeamento de Vias,4,Despesas de Capital,4,Investimentos,90,Aplicações Diretas,39,Manutenção e Conservação de Bens Imóveis,08.1.759.1224,PMSP-SF/COADM-Fundo Municipal de Desenvolvimento Social-FMD,1,Manutenção e Reformas de Bens Imóveis,1,Outros Serviços de Terceiros - Pessoa Jurídica,1019119.85,0.0,911890.07,911890.07,911890.07,0.0,"[{""siglaUnidadeMedida"": ""UN"", ""descricaoAnexo"": ""Serviços de conservação e manutenção da malha viária da cidade de São Paulo "", ""qtdeAnexo"": 1, ""valorUnitarioAnexo"": 1019119.85}]",,,,,739/SMSUB/COGEL/2023
01,PREFEITURA DO MUNICÍPIO DE SÃO PAULO,70846,103867,2023,10,30/10/2023 00:00:00,6012202300216824,66806555000133,FBS CONSTRUCAO CIVIL E PAVIMENTACAO S.A.,31168,2023,07,Fundo Municipal de Desenvolvimento Social,10,Fundo Municipal de Desenvolvimento Social,15,Urbanismo,452,Serviços Urbanos,3022,Requalificação e Promoção da Ocupação dos Espaços Públicos,1137,Pavimentação e Recapeamento de Vias,4,Despesas de Capital,4,Investimentos,90,Aplicações Diretas,39,Manutenção e Conservação de Bens Imóveis,08.1.759.1224,PMSP-SF/COADM-Fundo Municipal de Desenvolvimento Social-FMD,1,Manutenção e Reformas de Bens Imóveis,1,Outros Serviços de Terceiros - Pessoa Jurídica,2383276.04,0.0,2177648.78,285265.72,285265.72,1892383.06,"[{""siglaUnidadeMedida"": ""UN"", ""descricaoAnexo"": ""serviços de conservação e manutenção da malha viária da cidade de São Paulo"", ""qtdeAnexo"": 1, ""valorUnitarioAnexo"": 2383276.04}]",,,,,717/SMSUB/COGEL/2023
01,PREFEITURA DO MUNICÍPIO DE SÃO PAULO,70846,103878,2023,10,30/10/2023 00:00:00,6012202300217006,66806555000133,FBS CONSTRUCAO CIVIL E PAVIMENTACAO S.A.,31621,2023,07,Fundo Municipal de Desenvolvimento Social,10,Fundo Municipal de Desenvolvimento Social,15,Urbanismo,452,Serviços Urbanos,3022,Requalificação e Promoção da Ocupação dos Espaços Públicos,1137,Pavimentação e Recapeamento de Vias,4,Despesas de Capital,4,Investimentos,90,Aplicações Diretas,39,Manutenção e Conservação de Bens Imóveis,08.1.759.1224,PMSP-SF/COADM-Fundo Municipal de Desenvolvimento Social-FMD,1,Manutenção e Reformas de Bens Imóveis,1,Outros Serviços de Terceiros - Pessoa Jurídica,1588296.52,0.0,1529821.8,224660.42,224660.42,1305161.38,"[{""siglaUnidadeMedida"": ""UN"", ""descricaoAnexo"": ""serviços de conservação e manutenção da malha viária da cidade de São Paulo"", ""qtdeAnexo"": 1, ""valorUnitarioAnexo"": 1588296.52}]",,,,,735/SMSUB/COGEL/2023
01,PREFEITURA DO MUNICÍPIO DE SÃO PAULO,70846,103894,2023,10,30/10/2023 00:00:00,6012202300216840,66806555000133,FBS CONSTRUCAO CIVIL E PAVIMENTACAO S.A.,31192,2023,07,Fundo Municipal de Desenvolvimento Social,10,Fundo Municipal de Desenvolvimento Social,15,Urbanismo,452,Serviços Urbanos,3022,Requalificação e Promoção da Ocupação dos Espaços Públicos,1137,Pavimentação e Recapeamento de Vias,4,Despesas de Capital,4,Investimentos,90,Aplicações Diretas,39,Manutenção e Conservação de Bens Imóveis,08.1.759.1224,PMSP-SF/COADM-Fundo Municipal de Desenvolvimento Social-FMD,1,Manutenção e Reformas de Bens Imóveis,1,Outros Serviços de Terceiros - Pessoa Jurídica,4015874.29,0.0,3882366.16,411529.78,411529.78,3470836.38,"[{""siglaUnidadeMedida"": ""UN"", ""descricaoAnexo"": ""Serviços de conservação e manutenção da malha viária da cidade de São Paulo "", ""qtdeAnexo"": 1, ""valorUnitarioAnexo"": 4015874.29}]",,,,,727/SMSUB/COGEL/2023
01,PREFEITURA DO MUNICÍPIO DE SÃO PAULO,70846,103908,2023,10,30/10/2023 00:00:00,6012202300216700,62162847000120,JOFEGE PAVIMENTACAO E CONSTRUCAO LTDA,32149,2023,07,Fundo Municipal de Desenvolvimento Social,10,Fundo Municipal de Desenvolvimento Social,15,Urbanismo,452,Serviços Urbanos,3022,Requalificação e Promoção da Ocupação dos Espaços Públicos,1137,Pavimentação e Recapeamento de Vias,4,Despesas de Capital,4,Investimentos,90,Aplicações Diretas,39,Manutenção e Conservação de Bens Imóveis,08.1.759.1224,PMSP-SF/COADM-Fundo Municipal de Desenvolvimento Social-FMD,1,Manutenção e Reformas de Bens Imóveis,1,Outros Serviços de Terceiros - Pessoa Jurídica,1330551.57,0.0,862720.91,808988.52,0.0,862720.91,"[{""siglaUnidadeMedida"": ""UN"", ""descricaoAnexo"": ""Serviços de conservação e manutenção da malha viária da cidade de São Paulo "", ""qtdeAnexo"": 1, ""valorUnitarioAnexo"": 1330551.57}]",,,,,765/SMSUB/COGEL/2023
01,PREFEITURA DO MUNICÍPIO DE SÃO PAULO,70846,104041,2023,10,30/10/2023 00:00:00,6012202300216646,43677822000114,SOEBE CONSTRUÇÃO E PAVIMENTAÇÃO SA,32061,2023,07,Fundo Municipal de Desenvolvimento Social,10,Fundo Municipal de Desenvolvimento Social,15,Urbanismo,452,Serviços Urbanos,3022,Requalificação e Promoção da Ocupação dos Espaços Públicos,1137,Pavimentação e Recapeamento de Vias,4,Despesas de Capital,4,Investimentos,90,Aplicações Diretas,39,Manutenção e Conservação de Bens Imóveis,08.1.759.1224,PMSP-SF/COADM-Fundo Municipal de Desenvolvimento Social-FMD,1,Manutenção e Reformas de Bens Imóveis,1,Outros Serviços de Terceiros - Pessoa Jurídica,2570903.04,0.0,2113606.37,2113606.37,2113606.37,0.0,"[{""siglaUnidadeMedida"": ""UN"", ""descricaoAnexo"": ""Serviços de conservação e manutenção da malha viaria da cidade de São Paulo "", ""qtdeAnexo"": 1, ""valorUnitarioAnexo"": 2570903.04}]",,,,,761/SMSUB/COGEL/2023
01,PREFEITURA DO MUNICÍPIO DE SÃO PAULO,39741,104512,2023,10,31/10/2023 00:00:00,7910202100011298,66748955000130,ALMEIDA SAPATA ENGENHARIA E CONSTRUCOES LTDA,19954,2022,07,Fundo Municipal de Desenvolvimento Social,10,Fundo Municipal de Desenvolvimento Social,15,Urbanismo,451,Infra-Estrutura Urbana,3009,Melhoria da Mobilidade Urbana Universal,5187,Recuperação e Reforço de Obras de Arte Especiais - OAE,4,Despesas de Capital,4,Investimentos,90,Aplicações Diretas,51,Obras em Andamento - Uso Comum do Povo,08.2.759.1224,PMSP-SF/COADM-Fundo Municipal de Desenvolvimento Social-FMD,1,"Pontes, Pontilhões e Viadutos ",8,Obras e Instalações,1496837.4,0.0,1496837.4,0.0,0.0,1496837.4,"[{""siglaUnidadeMedida"": ""UN"", ""descricaoAnexo"": ""Execução dos serviços de recuperação estrutural do Viaduto Sumaré e Viaduto Dr. Arnaldo – Lote 14."", ""qtdeAnexo"": 1, ""valorUnitarioAnexo"": 1496837.4}]",,,,,150/SIURB/2022
01,PREFEITURA DO MUNICÍPIO DE SÃO PAULO,39741,104538,2023,10,31/10/2023 00:00:00,7910202100011069,66748955000130,ALMEIDA SAPATA ENGENHARIA E CONSTRUCOES LTDA,17058,2022,07,Fundo Municipal de Desenvolvimento Social,10,Fundo Municipal de Desenvolvimento Social,15,Urbanismo,451,Infra-Estrutura Urbana,3009,Melhoria da Mobilidade Urbana Universal,5187,Recuperação e Reforço de Obras de Arte Especiais - OAE,4,Despesas de Capital,4,Investimentos,90,Aplicações Diretas,51,Obras em Andamento - Uso Comum do Povo,08.2.759.1224,PMSP-SF/COADM-Fundo Municipal de Desenvolvimento Social-FMD,1,"Pontes, Pontilhões e Viadutos ",8,Obras e Instalações,1960016.22,0.0,1865723.89,0.0,0.0,1865723.89,"[{""siglaUnidadeMedida"": ""UN"", ""descricaoAnexo"": ""Execução dos serviços de recuperação estrutural do Viaduto Carlos Ferraci - Lote 5."", ""qtdeAnexo"": 1, ""valorUnitarioAnexo"": 1960016.22}]",,,,,123/SIURB/2022
01,PREFEITURA DO MUNICÍPIO DE SÃO PAULO,70846,104910,2023,11,01/11/2023 00:00:00,6012202300216603,43677822000114,SOEBE CONSTRUÇÃO E PAVIMENTAÇÃO SA,31968,2023,07,Fundo Municipal de Desenvolvimento Social,10,Fundo Municipal de Desenvolvimento Social,15,Urbanismo,452,Serviços Urbanos,3022,Requalificação e Promoção da Ocupação dos Espaços Públicos,1137,Pavimentação e Recapeamento de Vias,4,Despesas de Capital,4,Investimentos,90,Aplicações Diretas,39,Manutenção e Conservação de Bens Imóveis,08.1.759.1224,PMSP-SF/COADM-Fundo Municipal de Desenvolvimento Social-FMD,1,Manutenção e Reformas de Bens Imóveis,1,Outros Serviços de Terceiros - Pessoa Jurídica,669962.07,0.0,519502.16,519502.16,519502.16,0.0,"[{""siglaUnidadeMedida"": ""UN"", ""descricaoAnexo"": ""Serviços de conservação e manutenção da malha viária da cidade de São Paulo "", ""qtdeAnexo"": 1, ""valorUnitarioAnexo"": 669962.07}]",,,,,753/SMSUB/COGEL/2023
01,PREFEITURA DO MUNICÍPIO DE SÃO PAULO,70846,104922,2023,11,01/11/2023 00:00:00,6012202300216611,43677822000114,SOEBE CONSTRUÇÃO E PAVIMENTAÇÃO SA,31752,2023,07,Fundo Municipal de Desenvolvimento Social,10,Fundo Municipal de Desenvolvimento Social,15,Urbanismo,452,Serviços Urbanos,3022,Requalificação e Promoção da Ocupação dos Espaços Públicos,1137,Pavimentação e Recapeamento de Vias,4,Despesas de Capital,4,Investimentos,90,Aplicações Diretas,39,Manutenção e Conservação de Bens Imóveis,08.1.759.1224,PMSP-SF/COADM-Fundo Municipal de Desenvolvimento Social-FMD,1,Manutenção e Reformas de Bens Imóveis,1,Outros Serviços de Terceiros - Pessoa Jurídica,2567263.91,0.0,1753540.04,318568.9,318568.9,1434971.14,"[{""siglaUnidadeMedida"": ""UN"", ""descricaoAnexo"": ""Serviços de conservação e manutenção da malha viária da cidade de São Paulo"", ""qtdeAnexo"": 1, ""valorUnitarioAnexo"": 2567263.91}]",,,,,754/SMSUB/COGEL/2023
01,PREFEITURA DO MUNICÍPIO DE SÃO PAULO,70846,104937,2023,11,01/11/2023 00:00:00,6012202300216638,43677822000114,SOEBE CONSTRUÇÃO E PAVIMENTAÇÃO SA,31974,2023,07,Fundo Municipal de Desenvolvimento Social,10,Fundo Municipal de Desenvolvimento Social,15,Urbanismo,452,Serviços Urbanos,3022,Requalificação e Promoção da Ocupação dos Espaços Públicos,1137,Pavimentação e Recapeamento de Vias,4,Despesas de Capital,4,Investimentos,90,Aplicações Diretas,39,Manutenção e Conservação de Bens Imóveis,08.1.759.1224,PMSP-SF/COADM-Fundo Municipal de Desenvolvimento Social-FMD,1,Manutenção e Reformas de Bens Imóveis,1,Outros Serviços de Terceiros - Pessoa Jurídica,1800942.54,0.0,1666423.65,1235747.52,0.0,1666423.65,"[{""siglaUnidadeMedida"": ""UN"", ""descricaoAnexo"": ""Serviços de conservação e manutenção da malha viária da cidade de São Paulo"", ""qtdeAnexo"": 1, ""valorUnitarioAnexo"": 1800942.54}]",,,,,756/SMSUB/COGEL/2023
01,PREFEITURA DO MUNICÍPIO DE SÃO PAULO,70846,104944,2023,11,01/11/2023 00:00:00,6012202300216620,43677822000114,SOEBE CONSTRUÇÃO E PAVIMENTAÇÃO SA,31748,2023,07,Fundo Municipal de Desenvolvimento Social,10,Fundo Municipal de Desenvolvimento Social,15,Urbanismo,452,Serviços Urbanos,3022,Requalificação e Promoção da Ocupação dos Espaços Públicos,1137,Pavimentação e Recapeamento de Vias,4,Despesas de Capital,4,Investimentos,90,Aplicações Diretas,39,Manutenção e Conservação de Bens Imóveis,08.1.759.1224,PMSP-SF/COADM-Fundo Municipal de Desenvolvimento Social-FMD,1,Manutenção e Reformas de Bens Imóveis,1,Outros Serviços de Terceiros - Pessoa Jurídica,3029323.96,0.0,2211086.58,2107959.12,0.0,2211086.58,"[{""siglaUnidadeMedida"": ""UN"", ""descricaoAnexo"": ""Serviços de conservação e manutenção da malha viária da cidade de São Paulo"", ""qtdeAnexo"": 1, ""valorUnitarioAnexo"": 3029323.96}]",,,,,755/SMSUB/COGEL/2023
01,PREFEITURA DO MUNICÍPIO DE SÃO PAULO,70846,104949,2023,11,01/11/2023 00:00:00,6012202300216581,43677822000114,SOEBE CONSTRUÇÃO E PAVIMENTAÇÃO SA,31791,2023,07,Fundo Municipal de Desenvolvimento Social,10,Fundo Municipal de Desenvolvimento Social,15,Urbanismo,452,Serviços Urbanos,3022,Requalificação e Promoção da Ocupação dos Espaços Públicos,1137,Pavimentação e Recapeamento de Vias,4,Despesas de Capital,4,Investimentos,90,Aplicações Diretas,39,Manutenção e Conservação de Bens Imóveis,08.1.759.1224,PMSP-SF/COADM-Fundo Municipal de Desenvolvimento Social-FMD,1,Manutenção e Reformas de Bens Imóveis,1,Outros Serviços de Terceiros - Pessoa Jurídica,1397330.32,0.0,809945.17,809945.17,809945.17,0.0,"[{""siglaUnidadeMedida"": ""UN"", ""descricaoAnexo"": ""Serviços de conservação e manutenção da malha viária da cidade de São Paulo "", ""qtdeAnexo"": 1, ""valorUnitarioAnexo"": 1397330.32}]",,,,,751/SMSUB/COGEL/2023
01,PREFEITURA DO MUNICÍPIO DE SÃO PAULO,70846,104955,2023,11,01/11/2023 00:00:00,6012202300217057,37802710000145,TRIADE PAVIMENTACAO E CONSTRUCOES SA,31730,2023,07,Fundo Municipal de Desenvolvimento Social,10,Fundo Municipal de Desenvolvimento Social,15,Urbanismo,452,Serviços Urbanos,3022,Requalificação e Promoção da Ocupação dos Espaços Públicos,1137,Pavimentação e Recapeamento de Vias,4,Despesas de Capital,4,Investimentos,90,Aplicações Diretas,39,Manutenção e Conservação de Bens Imóveis,08.1.759.1224,PMSP-SF/COADM-Fundo Municipal de Desenvolvimento Social-FMD,1,Manutenção e Reformas de Bens Imóveis,1,Outros Serviços de Terceiros - Pessoa Jurídica,1526319.92,0.0,1162889.87,551190.88,551190.88,611698.99,"[{""siglaUnidadeMedida"": ""UN"", ""descricaoAnexo"": ""Serviços de conservação e manutenção da malha viária da cidade de São Paulo"", ""qtdeAnexo"": 1, ""valorUnitarioAnexo"": 1526319.92}]",,,,,740/SMSUB/COGEL/2023
01,PREFEITURA DO MUNICÍPIO DE SÃO PAULO,45367,105042,2023,11,01/11/2023 00:00:00,6012202300079207,12856918000116,POAVIAS PAVIMENTACAO LTDA,15193,2023,07,Fundo Municipal de Desenvolvimento Social,10,Fundo Municipal de Desenvolvimento Social,15,Urbanismo,452,Serviços Urbanos,3022,Requalificação e Promoção da Ocupação dos Espaços Públicos,1137,Pavimentação e Recapeamento de Vias,4,Despesas de Capital,4,Investimentos,90,Aplicações Diretas,51,Obras em Andamento - Uso Comum do Povo,08.1.759.1224,PMSP-SF/COADM-Fundo Municipal de Desenvolvimento Social-FMD,1,"Praças, Parques e Jardins ",8,Obras e Instalações,500000.0,0.0,500000.0,500000.0,500000.0,0.0,"[{""siglaUnidadeMedida"": ""UN"", ""descricaoAnexo"": ""ATOS - Serviços de manutenção da malha viária existente em pavimento de paralelepípedo "", ""qtdeAnexo"": 1, ""valorUnitarioAnexo"": 500000.0}]",,,,,251/SMSUB/COGEL/23
01,PREFEITURA DO MUNICÍPIO DE SÃO PAULO,45367,105055,2023,11,01/11/2023 00:00:00,6012202300079207,12856918000116,POAVIAS PAVIMENTACAO LTDA,15193,2023,07,Fundo Municipal de Desenvolvimento Social,10,Fundo Municipal de Desenvolvimento Social,15,Urbanismo,452,Serviços Urbanos,3022,Requalificação e Promoção da Ocupação dos Espaços Públicos,1137,Pavimentação e Recapeamento de Vias,4,Despesas de Capital,4,Investimentos,90,Aplicações Diretas,51,Obras em Andamento - Uso Comum do Povo,08.1.759.1224,PMSP-SF/COADM-Fundo Municipal de Desenvolvimento Social-FMD,1,"Praças, Parques e Jardins ",8,Obras e Instalações,1000000.0,0.0,1000000.0,1000000.0,1000000.0,0.0,"[{""siglaUnidadeMedida"": ""UN"", ""descricaoAnexo"": ""ATOS - Serviços de manutenção da malha viária existente em pavimento de paralelepípedo "", ""qtdeAnexo"": 1, ""valorUnitarioAnexo"": 1000000.0}]",,,,,251/SMSUB/COGEL/23
01,PREFEITURA DO MUNICÍPIO DE SÃO PAULO,70846,105146,2023,11,01/11/2023 00:00:00,6012202300223839,43677822000114,SOEBE CONSTRUÇÃO E PAVIMENTAÇÃO SA,31734,2023,07,Fundo Municipal de Desenvolvimento Social,10,Fundo Municipal de Desenvolvimento Social,15,Urbanismo,452,Serviços Urbanos,3022,Requalificação e Promoção da Ocupação dos Espaços Públicos,1137,Pavimentação e Recapeamento de Vias,4,Despesas de Capital,4,Investimentos,90,Aplicações Diretas,39,Manutenção e Conservação de Bens Imóveis,08.1.759.1224,PMSP-SF/COADM-Fundo Municipal de Desenvolvimento Social-FMD,1,Manutenção e Reformas de Bens Imóveis,1,Outros Serviços de Terceiros - Pessoa Jurídica,2580354.99,0.0,2442708.81,701750.03,0.0,2442708.81,"[{""siglaUnidadeMedida"": ""UN"", ""descricaoAnexo"": ""Serviços de conservação e manutenção da malha viária da cidade de São Paulo"", ""qtdeAnexo"": 1, ""valorUnitarioAnexo"": 2580354.99}]",,,,,758/SMSUB/COGEL/2023
01,PREFEITURA DO MUNICÍPIO DE SÃO PAULO,70846,105158,2023,11,01/11/2023 00:00:00,6012202300223820,43677822000114,SOEBE CONSTRUÇÃO E PAVIMENTAÇÃO SA,31722,2023,07,Fundo Municipal de Desenvolvimento Social,10,Fundo Municipal de Desenvolvimento Social,15,Urbanismo,452,Serviços Urbanos,3022,Requalificação e Promoção da Ocupação dos Espaços Públicos,1137,Pavimentação e Recapeamento de Vias,4,Despesas de Capital,4,Investimentos,90,Aplicações Diretas,39,Manutenção e Conservação de Bens Imóveis,08.1.759.1224,PMSP-SF/COADM-Fundo Municipal de Desenvolvimento Social-FMD,1,Manutenção e Reformas de Bens Imóveis,1,Outros Serviços de Terceiros - Pessoa Jurídica,1991691.66,0.0,1836220.61,1760139.45,1760139.45,76081.16,"[{""siglaUnidadeMedida"": ""UN"", ""descricaoAnexo"": ""Serviços conservação e manutenção da malha viária da cidade de São Paulo"", ""qtdeAnexo"": 1, ""valorUnitarioAnexo"": 1991691.66}]",,,,,757/SMSUB/COGEL/2023
01,PREFEITURA DO MUNICÍPIO DE SÃO PAULO,45356,105378,2023,11,06/11/2023 00:00:00,6012202200124340,44721630000120,NOVA JRA EMPREENDIMENTOS E ENGENHARIA LTDA,27005,2022,07,Fundo Municipal de Desenvolvimento Social,10,Fundo Municipal de Desenvolvimento Social,15,Urbanismo,451,Infra-Estrutura Urbana,3022,Requalificação e Promoção da Ocupação dos Espaços Públicos,1170,"Intervenção, Urbanização e Melhoria de Bairros - Plano de Obras das Su",4,Despesas de Capital,4,Investimentos,90,Aplicações Diretas,51,Obras em Andamento - Uso Comum do Povo,08.2.759.1224,PMSP-SF/COADM-Fundo Municipal de Desenvolvimento Social-FMD,1,"Praças, Parques e Jardins ",8,Obras e Instalações,146859.1,0.0,11478.43,0.0,0.0,11478.43,"[{""siglaUnidadeMedida"": ""UN"", ""descricaoAnexo"": ""ASSESSORIA PARLAMENTAR - Obras de revitalização da Praça Carlos Casado na Rua São Miguel dos Milagres"", ""qtdeAnexo"": 1, ""valorUnitarioAnexo"": 146859.1}]",,,,,126/SMSUB/COGEL/2022
01,PREFEITURA DO MUNICÍPIO DE SÃO PAULO,70846,106212,2023,11,08/11/2023 00:00:00,6012202300229381,43677822000114,SOEBE CONSTRUÇÃO E PAVIMENTAÇÃO SA,34255,2023,07,Fundo Municipal de Desenvolvimento Social,10,Fundo Municipal de Desenvolvimento Social,15,Urbanismo,452,Serviços Urbanos,3022,Requalificação e Promoção da Ocupação dos Espaços Públicos,1137,Pavimentação e Recapeamento de Vias,4,Despesas de Capital,4,Investimentos,90,Aplicações Diretas,39,Manutenção e Conservação de Bens Imóveis,08.1.759.1224,PMSP-SF/COADM-Fundo Municipal de Desenvolvimento Social-FMD,1,Manutenção e Reformas de Bens Imóveis,1,Outros Serviços de Terceiros - Pessoa Jurídica,2931170.02,0.0,0.0,0.0,0.0,0.0,"[{""siglaUnidadeMedida"": ""UN"", ""descricaoAnexo"": ""Serviços de Conservação e manutenção da malha viária da cidade de São Paulo "", ""qtdeAnexo"": 1, ""valorUnitarioAnexo"": 2931170.02}]",,,,,798/SMSUB/COGEL/2023
01,PREFEITURA DO MUNICÍPIO DE SÃO PAULO,70846,106250,2023,11,08/11/2023 00:00:00,6012202300229390,66806555000133,FBS CONSTRUCAO CIVIL E PAVIMENTACAO S.A.,34265,2023,07,Fundo Municipal de Desenvolvimento Social,10,Fundo Municipal de Desenvolvimento Social,15,Urbanismo,452,Serviços Urbanos,3022,Requalificação e Promoção da Ocupação dos Espaços Públicos,1137,Pavimentação e Recapeamento de Vias,4,Despesas de Capital,4,Investimentos,90,Aplicações Diretas,39,Manutenção e Conservação de Bens Imóveis,08.1.759.1224,PMSP-SF/COADM-Fundo Municipal de Desenvolvimento Social-FMD,1,Manutenção e Reformas de Bens Imóveis,1,Outros Serviços de Terceiros - Pessoa Jurídica,3307486.89,0.0,3117440.72,248649.51,248649.51,2868791.21,"[{""siglaUnidadeMedida"": ""UN"", ""descricaoAnexo"": ""Serviços de conservação e manutenção da malha viária da cidade de São Paulo"", ""qtdeAnexo"": 1, ""valorUnitarioAnexo"": 3307486.89}]",,,,,799/SMSUB/COGEL/2023
01,PREFEITURA DO MUNICÍPIO DE SÃO PAULO,70846,106272,2023,11,08/11/2023 00:00:00,6012202300229403,66806555000133,FBS CONSTRUCAO CIVIL E PAVIMENTACAO S.A.,34269,2023,07,Fundo Municipal de Desenvolvimento Social,10,Fundo Municipal de Desenvolvimento Social,15,Urbanismo,452,Serviços Urbanos,3022,Requalificação e Promoção da Ocupação dos Espaços Públicos,1137,Pavimentação e Recapeamento de Vias,4,Despesas de Capital,4,Investimentos,90,Aplicações Diretas,39,Manutenção e Conservação de Bens Imóveis,08.1.759.1224,PMSP-SF/COADM-Fundo Municipal de Desenvolvimento Social-FMD,1,Manutenção e Reformas de Bens Imóveis,1,Outros Serviços de Terceiros - Pessoa Jurídica,2519370.87,0.0,2414902.05,242485.54,242485.54,2172416.51,"[{""siglaUnidadeMedida"": ""UN"", ""descricaoAnexo"": ""Serviços de conservação e manutenção da malha viária da cidade de São Paulo"", ""qtdeAnexo"": 1, ""valorUnitarioAnexo"": 2519370.87}]",,,,,801/SMSUB/COGEL/2023
01,PREFEITURA DO MUNICÍPIO DE SÃO PAULO,24656,106290,2023,11,08/11/2023 00:00:00,6012202300233745,66806555000133,FBS CONSTRUCAO CIVIL E PAVIMENTACAO S.A.,34271,2023,07,Fundo Municipal de Desenvolvimento Social,10,Fundo Municipal de Desenvolvimento Social,15,Urbanismo,452,Serviços Urbanos,3022,Requalificação e Promoção da Ocupação dos Espaços Públicos,1137,Pavimentação e Recapeamento de Vias,4,Despesas de Capital,4,Investimentos,90,Aplicações Diretas,39,Manutenção e Conservação de Bens Imóveis,08.2.759.1224,PMSP-SF/COADM-Fundo Municipal de Desenvolvimento Social-FMD,1,Manutenção e Reformas de Bens Imóveis,1,Outros Serviços de Terceiros - Pessoa Jurídica,7405044.27,0.0,6848100.23,259047.81,259047.81,6589052.42,"[{""siglaUnidadeMedida"": ""UN"", ""descricaoAnexo"": ""Serviços de conservação e manutenção da malha viária da cidade de São Paulo"", ""qtdeAnexo"": 1, ""valorUnitarioAnexo"": 7405044.27}]",,,,,802/SMSUB/COGEL/2023
01,PREFEITURA DO MUNICÍPIO DE SÃO PAULO,70846,106324,2023,11,08/11/2023 00:00:00,6012202300229349,43677822000114,SOEBE CONSTRUÇÃO E PAVIMENTAÇÃO SA,34285,2023,07,Fundo Municipal de Desenvolvimento Social,10,Fundo Municipal de Desenvolvimento Social,15,Urbanismo,452,Serviços Urbanos,3022,Requalificação e Promoção da Ocupação dos Espaços Públicos,1137,Pavimentação e Recapeamento de Vias,4,Despesas de Capital,4,Investimentos,90,Aplicações Diretas,39,Manutenção e Conservação de Bens Imóveis,08.1.759.1224,PMSP-SF/COADM-Fundo Municipal de Desenvolvimento Social-FMD,1,Manutenção e Reformas de Bens Imóveis,1,Outros Serviços de Terceiros - Pessoa Jurídica,1779197.24,0.0,1334793.32,1176282.89,0.0,1334793.32,"[{""siglaUnidadeMedida"": ""UN"", ""descricaoAnexo"": ""Serviços de conservação e manutenção da malha viária da cidade de São Paulo "", ""qtdeAnexo"": 1, ""valorUnitarioAnexo"": 1779197.24}]",,,,,797/SMSUB/COGEL/2023
01,PREFEITURA DO MUNICÍPIO DE SÃO PAULO,71130,107810,2023,11,10/11/2023 00:00:00,201403217773,61699567000192,SPDM  ASSOCIACAO PAULISTA PARA O DESENVOLVIMENTO DA MEDICINA,21362,2018,07,Fundo Municipal de Desenvolvimento Social,10,Fundo Municipal de Desenvolvimento Social,10,Saúde,301,Atenção Básica,3003,"Ações e Serviços da Saúde em Atenção Básica, Especialidades e Vigilânc",5204,"Avança Saúde SP - Ampliação, Reforma e Requalificação de Equipamentos ",4,Despesas de Capital,4,Investimentos,50,Transferências a Instituições Privadas sem Fins Lucrativos,51,Serviços de Assistência à Saúde,08.2.759.1224,PMSP-SF/COADM-Fundo Municipal de Desenvolvimento Social-FMD,0,Obras e Reformas em Imóvel da OS ou de Terceiros,5,Obras e Instalações,211793.83,0.0,211793.83,211793.83,211793.83,0.0,"[{""siglaUnidadeMedida"": ""UN"", ""descricaoAnexo"": ""Despesas com reforma na UBS Almirante Delamare."", ""qtdeAnexo"": 1, ""valorUnitarioAnexo"": 211793.83}]",,,,,R005/2015-SMS.G
01,PREFEITURA DO MUNICÍPIO DE SÃO PAULO,75669,108134,2023,11,10/11/2023 00:00:00,201103589748,13300818000171,EIT ENGENHARIA S A EM RECUPERACAO JUDICIAL,30097,2012,07,Fundo Municipal de Desenvolvimento Social,10,Fundo Municipal de Desenvolvimento Social,16,Habitação,482,Habitação Urbana,3005,Promoção da Sustentabilidade Ambiental,3355,Execução do Programa de Mananciais,4,Despesas de Capital,4,Investimentos,90,Aplicações Diretas,51,Obras em Andamento - Uso Comum do Povo,10.1.755.9001,Recursos de Alienação de Bens/Ativos - Administração Direta,2,Programa de Urbanização de Favelas,8,Obras e Instalações,60000.0,0.0,59879.04,59879.04,59879.04,0.0,"[{""siglaUnidadeMedida"": ""UN"", ""descricaoAnexo"": ""LOTE 2 -MANANCIAIS - CT.031/12"", ""qtdeAnexo"": 1, ""valorUnitarioAnexo"": 60000.0}]",,,,,031/2012-SEHAB
01,PREFEITURA DO MUNICÍPIO DE SÃO PAULO,70846,108643,2023,11,10/11/2023 00:00:00,6012202300216590,43677822000114,SOEBE CONSTRUÇÃO E PAVIMENTAÇÃO SA,31810,2023,07,Fundo Municipal de Desenvolvimento Social,10,Fundo Municipal de Desenvolvimento Social,15,Urbanismo,452,Serviços Urbanos,3022,Requalificação e Promoção da Ocupação dos Espaços Públicos,1137,Pavimentação e Recapeamento de Vias,4,Despesas de Capital,4,Investimentos,90,Aplicações Diretas,39,Manutenção e Conservação de Bens Imóveis,08.1.759.1224,PMSP-SF/COADM-Fundo Municipal de Desenvolvimento Social-FMD,1,Manutenção e Reformas de Bens Imóveis,1,Outros Serviços de Terceiros - Pessoa Jurídica,2322585.51,0.0,1407377.31,1018806.5,1018806.5,388570.81,"[{""siglaUnidadeMedida"": ""UN"", ""descricaoAnexo"": ""Serviços de conservação e manutenção da malha viária da cidade de São Paulo "", ""qtdeAnexo"": 1, ""valorUnitarioAnexo"": 2322585.51}]",,,,,752/SMSUB/COGEL/2023
01,PREFEITURA DO MUNICÍPIO DE SÃO PAULO,70846,108660,2023,11,10/11/2023 00:00:00,6012202300217022,37802710000145,TRIADE PAVIMENTACAO E CONSTRUCOES SA,31742,2023,07,Fundo Municipal de Desenvolvimento Social,10,Fundo Municipal de Desenvolvimento Social,15,Urbanismo,452,Serviços Urbanos,3022,Requalificação e Promoção da Ocupação dos Espaços Públicos,1137,Pavimentação e Recapeamento de Vias,4,Despesas de Capital,4,Investimentos,90,Aplicações Diretas,39,Manutenção e Conservação de Bens Imóveis,08.1.759.1224,PMSP-SF/COADM-Fundo Municipal de Desenvolvimento Social-FMD,1,Manutenção e Reformas de Bens Imóveis,1,Outros Serviços de Terceiros - Pessoa Jurídica,1139091.23,0.0,988204.09,988204.09,988204.09,0.0,"[{""siglaUnidadeMedida"": ""UN"", ""descricaoAnexo"": ""Serviços de conservação e manutenção da malha viária da cidade de São Paulo"", ""qtdeAnexo"": 1, ""valorUnitarioAnexo"": 1139091.23}]",,,,,738/SMSUB/COGEL/2023
01,PREFEITURA DO MUNICÍPIO DE SÃO PAULO,70846,109345,2023,11,13/11/2023 00:00:00,6012202300216891,66806555000133,FBS CONSTRUCAO CIVIL E PAVIMENTACAO S.A.,34825,2023,07,Fundo Municipal de Desenvolvimento Social,10,Fundo Municipal de Desenvolvimento Social,15,Urbanismo,452,Serviços Urbanos,3022,Requalificação e Promoção da Ocupação dos Espaços Públicos,1137,Pavimentação e Recapeamento de Vias,4,Despesas de Capital,4,Investimentos,90,Aplicações Diretas,39,Manutenção e Conservação de Bens Imóveis,08.1.759.1224,PMSP-SF/COADM-Fundo Municipal de Desenvolvimento Social-FMD,1,Manutenção e Reformas de Bens Imóveis,1,Outros Serviços de Terceiros - Pessoa Jurídica,1855829.86,0.0,1786221.93,240591.35,240591.35,1545630.58,"[{""siglaUnidadeMedida"": ""UN"", ""descricaoAnexo"": ""Serviços de Conservação e Manutenção da Malha Viária de São Paulo "", ""qtdeAnexo"": 1, ""valorUnitarioAnexo"": 1855829.86}]",,,,,807/SMSUB/COGEL/2023
01,PREFEITURA DO MUNICÍPIO DE SÃO PAULO,70846,109397,2023,11,13/11/2023 00:00:00,6012202300229306,47218979000132,ARVEK TECNICA E CONSTRUCOES LTDA,34837,2023,07,Fundo Municipal de Desenvolvimento Social,10,Fundo Municipal de Desenvolvimento Social,15,Urbanismo,452,Serviços Urbanos,3022,Requalificação e Promoção da Ocupação dos Espaços Públicos,1137,Pavimentação e Recapeamento de Vias,4,Despesas de Capital,4,Investimentos,90,Aplicações Diretas,39,Manutenção e Conservação de Bens Imóveis,08.1.759.1224,PMSP-SF/COADM-Fundo Municipal de Desenvolvimento Social-FMD,1,Manutenção e Reformas de Bens Imóveis,1,Outros Serviços de Terceiros - Pessoa Jurídica,3001320.29,0.0,2782097.46,2289621.35,2289621.35,492476.11,"[{""siglaUnidadeMedida"": ""UN"", ""descricaoAnexo"": ""serviços de conservação e manutenção da malha viária da cidade de São Paulo"", ""qtdeAnexo"": 1, ""valorUnitarioAnexo"": 3001320.29}]",,,,,804/SMSUB/COGEL/2023
01,PREFEITURA DO MUNICÍPIO DE SÃO PAULO,70846,109425,2023,11,13/11/2023 00:00:00,6012202300229322,47218979000132,ARVEK TECNICA E CONSTRUCOES LTDA,34843,2023,07,Fundo Municipal de Desenvolvimento Social,10,Fundo Municipal de Desenvolvimento Social,15,Urbanismo,452,Serviços Urbanos,3022,Requalificação e Promoção da Ocupação dos Espaços Públicos,1137,Pavimentação e Recapeamento de Vias,4,Despesas de Capital,4,Investimentos,90,Aplicações Diretas,39,Manutenção e Conservação de Bens Imóveis,08.1.759.1224,PMSP-SF/COADM-Fundo Municipal de Desenvolvimento Social-FMD,1,Manutenção e Reformas de Bens Imóveis,1,Outros Serviços de Terceiros - Pessoa Jurídica,2989745.12,0.0,2833983.43,1058903.34,1058903.34,1775080.09,"[{""siglaUnidadeMedida"": ""UN"", ""descricaoAnexo"": ""serviços de conservação e manutenção da malha viária da cidade de São Paulo"", ""qtdeAnexo"": 1, ""valorUnitarioAnexo"": 2989745.12}]",,,,,805/SMSUB/COGEL/2023
01,PREFEITURA DO MUNICÍPIO DE SÃO PAULO,45368,109626,2023,11,13/11/2023 00:00:00,6012202300190590,49335714000140,TEMAFE ENGENHARIA E CONSTRUCOES LTDA,33333,2023,07,Fundo Municipal de Desenvolvimento Social,10,Fundo Municipal de Desenvolvimento Social,15,Urbanismo,452,Serviços Urbanos,3022,Requalificação e Promoção da Ocupação dos Espaços Públicos,1170,"Intervenção, Urbanização e Melhoria de Bairros - Plano de Obras das Su",4,Despesas de Capital,4,Investimentos,90,Aplicações Diretas,39,Manutenção e Conservação de Bens Imóveis,08.1.759.1224,PMSP-SF/COADM-Fundo Municipal de Desenvolvimento Social-FMD,1,Manutenção e Reformas de Bens Imóveis,1,Outros Serviços de Terceiros - Pessoa Jurídica,1406471.26,0.0,1404119.62,0.0,0.0,1404119.62,"[{""siglaUnidadeMedida"": ""UN"", ""descricaoAnexo"": ""ATOs - Serviços de readequação de Mureta do Canteiro central - Av. Jornalista Roberto Marinho"", ""qtdeAnexo"": 1, ""valorUnitarioAnexo"": 1406471.26}]",,,,,776/SMSUB/COGEL/2023
01,PREFEITURA DO MUNICÍPIO DE SÃO PAULO,69732,110451,2023,11,14/11/2023 00:00:00,6018202300782750,11344038000106,INSTITUTO NACIONAL DE TECNOLOGIA E SAUDE,19365,2020,07,Fundo Municipal de Desenvolvimento Social,10,Fundo Municipal de Desenvolvimento Social,10,Saúde,302,Assistência Hospitalar e Ambulatorial,3003,"Ações e Serviços da Saúde em Atenção Básica, Especialidades e Vigilânc",5204,"Avança Saúde SP - Ampliação, Reforma e Requalificação de Equipamentos ",4,Despesas de Capital,4,Investimentos,50,Transferências a Instituições Privadas sem Fins Lucrativos,52,Serviços de Assistência à Saúde,08.2.759.1224,PMSP-SF/COADM-Fundo Municipal de Desenvolvimento Social-FMD,0,Materiais Permanentes,5,Equipamentos e Material Permanente,977306.2,0.0,977306.2,977306.2,977306.2,0.0,"[{""siglaUnidadeMedida"": ""MES"", ""descricaoAnexo"": ""Período: Outubro/2023"", ""qtdeAnexo"": 1, ""valorUnitarioAnexo"": 977306.2}]",,,,,CG R024/2020
01,PREFEITURA DO MUNICÍPIO DE SÃO PAULO,54915,110565,2023,11,14/11/2023 00:00:00,6110202300050651,33131079000734,CARL ZEISS DO BRASIL LTDA,35074,2023,07,Fundo Municipal de Desenvolvimento Social,10,Fundo Municipal de Desenvolvimento Social,10,Saúde,302,Assistência Hospitalar e Ambulatorial,3003,"Ações e Serviços da Saúde em Atenção Básica, Especialidades e Vigilânc",5204,"Avança Saúde SP - Ampliação, Reforma e Requalificação de Equipamentos ",4,Despesas de Capital,4,Investimentos,90,Aplicações Diretas,52,"Apar. Equip. Utens. Méd., Odont., Laboratoriais e Hospitalares",08.2.759.1224,PMSP-SF/COADM-Fundo Municipal de Desenvolvimento Social-FMD,0,Médico-Hospitalares,0,Equipamentos e Material Permanente,1696000.0,0.0,1696000.0,0.0,0.0,1696000.0,"[{""siglaUnidadeMedida"": ""UND"", ""descricaoAnexo"": ""MICROSCÓPIO CIRÚRGICO PARA NEUROCIRURGIA COM MÓDULO OU MÓDULOS DE FLUORESCÊNCIA"", ""qtdeAnexo"": 1, ""valorUnitarioAnexo"": 1696000.0}]",,,,,174/2023
01,PREFEITURA DO MUNICÍPIO DE SÃO PAULO,77238,110774,2023,11,16/11/2023 00:00:00,7610202300048399,00352839000000,PROGRAMA PODE ENTRAR - AQUISIÇÕES,35096,2023,07,Fundo Municipal de Desenvolvimento Social,10,Fundo Municipal de Desenvolvimento Social,16,Habitação,482,Habitação Urbana,3002,Acesso à Moradia Adequada ,3340,Programa Pode Entrar,4,Despesas de Capital,4,Investimentos,90,Aplicações Diretas,61,Edifícios ,08.2.759.1224,PMSP-SF/COADM-Fundo Municipal de Desenvolvimento Social-FMD,9,Edifícios,0,Aquisição de Imóveis,100000000.0,0.0,100000000.0,100000000.0,100000000.0,0.0,"[{""siglaUnidadeMedida"": ""UN"", ""descricaoAnexo"": ""Contratação dos blocos de análise 1 e 2 dos empreendimentos selecionados pelo Chamamento Público 001/SEHAB/COHAB-SP/2022 do Programa Pode Entrar"", ""qtdeAnexo"": 1, ""valorUnitarioAnexo"": 100000000.0}]",,,,,CT COHAB-CEF 89/23
01,PREFEITURA DO MUNICÍPIO DE SÃO PAULO,45894,111176,2023,11,16/11/2023 00:00:00,6018201700153638,33534793000188,EMPREITEC CONSTRUCOES ELETRICAS LTDA,35200,2023,07,Fundo Municipal de Desenvolvimento Social,10,Fundo Municipal de Desenvolvimento Social,10,Saúde,301,Atenção Básica,3003,"Ações e Serviços da Saúde em Atenção Básica, Especialidades e Vigilânc",5204,"Avança Saúde SP - Ampliação, Reforma e Requalificação de Equipamentos ",4,Despesas de Capital,4,Investimentos,90,Aplicações Diretas,51,Obras em Andamento - Uso Específico na Administração,08.2.759.1224,PMSP-SF/COADM-Fundo Municipal de Desenvolvimento Social-FMD,9,Outros Imóveis de uso Específico na Administração,9,Obras e Instalações,1900000.0,0.0,0.0,0.0,0.0,0.0,"[{""siglaUnidadeMedida"": ""UN "", ""descricaoAnexo"": ""Contratação de Empresa de Engenharia Especializada em Reforma e Adequações em Edificações, conforme TERMO DE CONTRATO."", ""qtdeAnexo"": 1, ""valorUnitarioAnexo"": 1900000.0}]",,,,,175/2023/SMS-1/CONTR
01,PREFEITURA DO MUNICÍPIO DE SÃO PAULO,78562,112985,2023,11,21/11/2023 00:00:00,201403371292,61699567000192,SPDM  ASSOCIACAO PAULISTA PARA O DESENVOLVIMENTO DA MEDICINA,21353,2018,07,Fundo Municipal de Desenvolvimento Social,10,Fundo Municipal de Desenvolvimento Social,10,Saúde,301,Atenção Básica,3003,"Ações e Serviços da Saúde em Atenção Básica, Especialidades e Vigilânc",5204,"Avança Saúde SP - Ampliação, Reforma e Requalificação de Equipamentos ",4,Despesas de Capital,4,Investimentos,50,Transferências a Instituições Privadas sem Fins Lucrativos,51,Serviços de Assistência à Saúde,08.2.759.1224,PMSP-SF/COADM-Fundo Municipal de Desenvolvimento Social-FMD,0,Obras e Reformas em Imóvel da Prefeitura,5,Obras e Instalações,237348.49,0.0,237348.49,237348.49,237348.49,0.0,"[{""siglaUnidadeMedida"": ""UN"", ""descricaoAnexo"": ""Despesa de reforma e adequações necessárias a melhoria de acessibilidade para a UBS Pastoral."", ""qtdeAnexo"": 1, ""valorUnitarioAnexo"": 237348.49}]",,,,,R014/2015-SMS.G
01,PREFEITURA DO MUNICÍPIO DE SÃO PAULO,69767,113245,2023,11,22/11/2023 00:00:00,6018202100045034,48211585000115,SOCIEDADE BENEFICENTE CAMINHO DE DAMASCO,21867,2021,07,Fundo Municipal de Desenvolvimento Social,10,Fundo Municipal de Desenvolvimento Social,10,Saúde,301,Atenção Básica,3003,"Ações e Serviços da Saúde em Atenção Básica, Especialidades e Vigilânc",5204,"Avança Saúde SP - Ampliação, Reforma e Requalificação de Equipamentos ",4,Despesas de Capital,4,Investimentos,50,Transferências a Instituições Privadas sem Fins Lucrativos,51,Serviços de Assistência à Saúde,08.2.759.1224,PMSP-SF/COADM-Fundo Municipal de Desenvolvimento Social-FMD,0,Obras e Reformas em Imóvel da Prefeitura,5,Obras e Instalações,260000.0,0.0,260000.0,260000.0,260000.0,0.0,"[{""siglaUnidadeMedida"": ""UN"", ""descricaoAnexo"": ""Despesa para Reforma, adequação e ampliação do CER II Jaçanã ref. CG 025/2021-  SMS.G/CPCS, conforme encaminhamento SEI 091717533 no processo 6018.2023/0046655-6."", ""qtdeAnexo"": 1, ""valorUnitarioAnexo"": 260000.0}]",,,,,25/2021
01,PREFEITURA DO MUNICÍPIO DE SÃO PAULO,76591,113251,2023,11,22/11/2023 00:00:00,6018202100045034,48211585000115,SOCIEDADE BENEFICENTE CAMINHO DE DAMASCO,21867,2021,07,Fundo Municipal de Desenvolvimento Social,10,Fundo Municipal de Desenvolvimento Social,10,Saúde,301,Atenção Básica,3003,"Ações e Serviços da Saúde em Atenção Básica, Especialidades e Vigilânc",5204,"Avança Saúde SP - Ampliação, Reforma e Requalificação de Equipamentos ",4,Despesas de Capital,4,Investimentos,50,Transferências a Instituições Privadas sem Fins Lucrativos,52,Serviços de Assistência à Saúde,08.2.759.1224,PMSP-SF/COADM-Fundo Municipal de Desenvolvimento Social-FMD,0,Materiais Permanentes,5,Equipamentos e Material Permanente,82769.95,0.0,82769.95,82769.95,82769.95,0.0,"[{""siglaUnidadeMedida"": ""UN"", ""descricaoAnexo"": ""Despesa para Aquisição de bens permanentes para o CER II Jaçanã. Autorizado no SEI 093091742 do processo 6018.2023/0046655-6"", ""qtdeAnexo"": 1, ""valorUnitarioAnexo"": 82769.95}]",,,,,25/2021
01,PREFEITURA DO MUNICÍPIO DE SÃO PAULO,74604,113283,2023,11,22/11/2023 00:00:00,201403217684,60742616000160,CASA DE SAUDE SANTA MARCELINA,21331,2018,07,Fundo Municipal de Desenvolvimento Social,10,Fundo Municipal de Desenvolvimento Social,10,Saúde,301,Atenção Básica,3003,"Ações e Serviços da Saúde em Atenção Básica, Especialidades e Vigilânc",5204,"Avança Saúde SP - Ampliação, Reforma e Requalificação de Equipamentos ",4,Despesas de Capital,4,Investimentos,50,Transferências a Instituições Privadas sem Fins Lucrativos,51,Serviços de Assistência à Saúde,08.2.759.1224,PMSP-SF/COADM-Fundo Municipal de Desenvolvimento Social-FMD,0,Obras e Reformas em Imóvel da OS ou de Terceiros,5,Obras e Instalações,300000.0,0.0,300000.0,300000.0,300000.0,0.0,"[{""siglaUnidadeMedida"": ""UNI"", ""descricaoAnexo"": ""6018.2023/0102949-4 - Despesa para Reforma e Adequação na UBS Gleba do Pessego - ref. CG 011/2015-SMS.G - autorizado no SEI 092706788 do proc. 6018.2023/0046655-6"", ""qtdeAnexo"": 1, ""valorUnitarioAnexo"": 300000.0}]",,,,,011/2014
01,PREFEITURA DO MUNICÍPIO DE SÃO PAULO,45367,113982,2023,11,23/11/2023 00:00:00,6012202300098295,15108349000119,RODOSERV ENGENHARIA LTDA,15439,2023,07,Fundo Municipal de Desenvolvimento Social,10,Fundo Municipal de Desenvolvimento Social,15,Urbanismo,452,Serviços Urbanos,3022,Requalificação e Promoção da Ocupação dos Espaços Públicos,1137,Pavimentação e Recapeamento de Vias,4,Despesas de Capital,4,Investimentos,90,Aplicações Diretas,51,Obras em Andamento - Uso Comum do Povo,08.1.759.1224,PMSP-SF/COADM-Fundo Municipal de Desenvolvimento Social-FMD,1,Pavimentação de Ruas e Avenidas ,8,Obras e Instalações,523916.56,0.0,523916.56,523916.56,523916.56,0.0,"[{""siglaUnidadeMedida"": ""UN"", ""descricaoAnexo"": ""ATOS - Serviços em pavimento rígido"", ""qtdeAnexo"": 1, ""valorUnitarioAnexo"": 523916.56}]",,,,,259/SMSUB/COGEL/2023
01,PREFEITURA DO MUNICÍPIO DE SÃO PAULO,76584,113989,2023,11,23/11/2023 00:00:00,201403371349,57571275000100,FUNDACAO DO ABC,21318,2018,07,Fundo Municipal de Desenvolvimento Social,10,Fundo Municipal de Desenvolvimento Social,10,Saúde,301,Atenção Básica,3003,"Ações e Serviços da Saúde em Atenção Básica, Especialidades e Vigilânc",5204,"Avança Saúde SP - Ampliação, Reforma e Requalificação de Equipamentos ",4,Despesas de Capital,4,Investimentos,50,Transferências a Instituições Privadas sem Fins Lucrativos,52,Serviços de Assistência à Saúde,08.2.759.1224,PMSP-SF/COADM-Fundo Municipal de Desenvolvimento Social-FMD,0,Materiais Permanentes,5,Equipamentos e Material Permanente,149782.42,0.0,149782.42,149782.42,149782.42,0.0,"[{""siglaUnidadeMedida"": ""UNI"", ""descricaoAnexo"": ""6018.2023/0105592-4 - R09 - aquisição de equipamentos para a AMA/UBS integrada Jd Tietê I - autorizado no SEI 093091742 processo 6018.2023/0046655-6"", ""qtdeAnexo"": 1, ""valorUnitarioAnexo"": 149782.42}]",,,,,009/2014
01,PREFEITURA DO MUNICÍPIO DE SÃO PAULO,45367,114368,2023,11,24/11/2023 00:00:00,6012202300079630,50557404000159,CONSTRUTORA KAMILOS LTDA,14133,2023,07,Fundo Municipal de Desenvolvimento Social,10,Fundo Municipal de Desenvolvimento Social,15,Urbanismo,452,Serviços Urbanos,3022,Requalificação e Promoção da Ocupação dos Espaços Públicos,1137,Pavimentação e Recapeamento de Vias,4,Despesas de Capital,4,Investimentos,90,Aplicações Diretas,51,Obras em Andamento - Uso Comum do Povo,08.1.759.1224,PMSP-SF/COADM-Fundo Municipal de Desenvolvimento Social-FMD,1,Pavimentação de Ruas e Avenidas ,8,Obras e Instalações,241976.1,0.0,241976.1,241976.1,241976.1,0.0,"[{""siglaUnidadeMedida"": ""UN"", ""descricaoAnexo"": ""ATOS - Serviços de manutenção da malha viária existente em pavimento de paralelepípedo"", ""qtdeAnexo"": 1, ""valorUnitarioAnexo"": 241976.1}]",,,,,240/SMSUB/COGEL/2023
01,PREFEITURA DO MUNICÍPIO DE SÃO PAULO,45367,114376,2023,11,24/11/2023 00:00:00,6012202300196149,54883194000140,TRANSVIAS CONSTRUCOES E TERRAPLENAGEM LTDA,30289,2023,07,Fundo Municipal de Desenvolvimento Social,10,Fundo Municipal de Desenvolvimento Social,15,Urbanismo,452,Serviços Urbanos,3022,Requalificação e Promoção da Ocupação dos Espaços Públicos,1137,Pavimentação e Recapeamento de Vias,4,Despesas de Capital,4,Investimentos,90,Aplicações Diretas,51,Obras em Andamento - Uso Comum do Povo,08.1.759.1224,PMSP-SF/COADM-Fundo Municipal de Desenvolvimento Social-FMD,1,Pavimentação de Ruas e Avenidas ,8,Obras e Instalações,1243454.62,1243454.62,0.0,0.0,0.0,0.0,"[{""siglaUnidadeMedida"": ""UN"", ""descricaoAnexo"": ""ATOS - Serviços de manutenção da malha viária existente em pavimento de paralelepípedo"", ""qtdeAnexo"": 1, ""valorUnitarioAnexo"": 1243454.62}]",,,,,692/SMSUB/COGEL/2023
01,PREFEITURA DO MUNICÍPIO DE SÃO PAULO,45367,114386,2023,11,24/11/2023 00:00:00,6012202300079339,54883194000140,TRANSVIAS CONSTRUCOES E TERRAPLENAGEM LTDA,13102,2023,07,Fundo Municipal de Desenvolvimento Social,10,Fundo Municipal de Desenvolvimento Social,15,Urbanismo,452,Serviços Urbanos,3022,Requalificação e Promoção da Ocupação dos Espaços Públicos,1137,Pavimentação e Recapeamento de Vias,4,Despesas de Capital,4,Investimentos,90,Aplicações Diretas,51,Obras em Andamento - Uso Comum do Povo,08.1.759.1224,PMSP-SF/COADM-Fundo Municipal de Desenvolvimento Social-FMD,1,Pavimentação de Ruas e Avenidas ,8,Obras e Instalações,4423106.01,0.0,4423106.01,4423106.01,4423106.01,0.0,"[{""siglaUnidadeMedida"": ""UN"", ""descricaoAnexo"": ""ATOS - Serviços de manutenção da malha viária existente em pavimento de paralelepípedo"", ""qtdeAnexo"": 1, ""valorUnitarioAnexo"": 4423106.01}]",,,,,218/SMUB/COGEL/2023
01,PREFEITURA DO MUNICÍPIO DE SÃO PAULO,45367,114392,2023,11,24/11/2023 00:00:00,6012202300196149,54883194000140,TRANSVIAS CONSTRUCOES E TERRAPLENAGEM LTDA,30289,2023,07,Fundo Municipal de Desenvolvimento Social,10,Fundo Municipal de Desenvolvimento Social,15,Urbanismo,452,Serviços Urbanos,3022,Requalificação e Promoção da Ocupação dos Espaços Públicos,1137,Pavimentação e Recapeamento de Vias,4,Despesas de Capital,4,Investimentos,90,Aplicações Diretas,51,Obras em Andamento - Uso Comum do Povo,08.1.759.1224,PMSP-SF/COADM-Fundo Municipal de Desenvolvimento Social-FMD,1,Pavimentação de Ruas e Avenidas ,8,Obras e Instalações,756016.12,0.0,756016.12,756016.12,756016.12,0.0,"[{""siglaUnidadeMedida"": ""UN"", ""descricaoAnexo"": ""ATOS - Serviços de manutenção da malha viária existente em pavimento de paralelepípedo"", ""qtdeAnexo"": 1, ""valorUnitarioAnexo"": 756016.12}]",,,,,692/SMSUB/COGEL/2023
01,PREFEITURA DO MUNICÍPIO DE SÃO PAULO,45367,115347,2023,11,28/11/2023 00:00:00,6012202300246235,53552691000100,TECLA CONSTRUCOES LTDA,36318,2023,07,Fundo Municipal de Desenvolvimento Social,10,Fundo Municipal de Desenvolvimento Social,15,Urbanismo,452,Serviços Urbanos,3022,Requalificação e Promoção da Ocupação dos Espaços Públicos,1137,Pavimentação e Recapeamento de Vias,4,Despesas de Capital,4,Investimentos,90,Aplicações Diretas,51,Obras em Andamento - Uso Comum do Povo,08.1.759.1224,PMSP-SF/COADM-Fundo Municipal de Desenvolvimento Social-FMD,1,Pavimentação de Ruas e Avenidas ,8,Obras e Instalações,3000000.0,0.0,3000000.0,0.0,0.0,3000000.0,"[{""siglaUnidadeMedida"": ""UN"", ""descricaoAnexo"": ""Serviços de manutenção de malha viaria em pavimento de paralelepípedo"", ""qtdeAnexo"": 1, ""valorUnitarioAnexo"": 3000000.0}]",,,,,826/SMSUB/COGEL/2023
01,PREFEITURA DO MUNICÍPIO DE SÃO PAULO,45367,115725,2023,11,29/11/2023 00:00:00,6012202300254807,56182090000133,CORPOTEC CONSTRUTORA E EMPREENDIMENTOS IMOBILIARIOS LTDA,36425,2023,07,Fundo Municipal de Desenvolvimento Social,10,Fundo Municipal de Desenvolvimento Social,15,Urbanismo,452,Serviços Urbanos,3022,Requalificação e Promoção da Ocupação dos Espaços Públicos,1137,Pavimentação e Recapeamento de Vias,4,Despesas de Capital,4,Investimentos,90,Aplicações Diretas,51,Obras em Andamento - Uso Comum do Povo,08.1.759.1224,PMSP-SF/COADM-Fundo Municipal de Desenvolvimento Social-FMD,1,Pavimentação de Ruas e Avenidas ,8,Obras e Instalações,912491.6,0.0,912491.6,0.0,0.0,912491.6,"[{""siglaUnidadeMedida"": ""UN"", ""descricaoAnexo"": ""ATOS - Serviços de manutenção da malha viária existente em pavimento de paralelepípedo"", ""qtdeAnexo"": 1, ""valorUnitarioAnexo"": 912491.6}]",,,,,827/SMSUB/COGEL/2023
01,PREFEITURA DO MUNICÍPIO DE SÃO PAULO,45356,115806,2023,11,29/11/2023 00:00:00,6012202300135220,15108349000119,RODOSERV ENGENHARIA LTDA,32329,2023,07,Fundo Municipal de Desenvolvimento Social,10,Fundo Municipal de Desenvolvimento Social,15,Urbanismo,451,Infra-Estrutura Urbana,3022,Requalificação e Promoção da Ocupação dos Espaços Públicos,1170,"Intervenção, Urbanização e Melhoria de Bairros - Plano de Obras das Su",4,Despesas de Capital,4,Investimentos,90,Aplicações Diretas,51,Obras em Andamento - Uso Comum do Povo,08.2.759.1224,PMSP-SF/COADM-Fundo Municipal de Desenvolvimento Social-FMD,1,"Praças, Parques e Jardins ",8,Obras e Instalações,11631340.06,0.0,11631340.06,11631340.06,11631340.06,0.0,"[{""siglaUnidadeMedida"": ""UN"", ""descricaoAnexo"": ""ELABORAÇÃO DE PROJETO EXECUTIVO E EXECUÇÃO DE OBRAS CIVIS PARA IMPLANTAÇÃO DE PARQUE LINEAR"", ""qtdeAnexo"": 1, ""valorUnitarioAnexo"": 11631340.06}]",,,,,773/SMSUB/COGEL/2023
01,PREFEITURA DO MUNICÍPIO DE SÃO PAULO,45356,115818,2023,11,29/11/2023 00:00:00,6012202200220692,03867171000100,CONSTRUTORA ETAMA LTDA,11989,2023,07,Fundo Municipal de Desenvolvimento Social,10,Fundo Municipal de Desenvolvimento Social,15,Urbanismo,451,Infra-Estrutura Urbana,3022,Requalificação e Promoção da Ocupação dos Espaços Públicos,1170,"Intervenção, Urbanização e Melhoria de Bairros - Plano de Obras das Su",4,Despesas de Capital,4,Investimentos,90,Aplicações Diretas,51,Obras em Andamento - Uso Comum do Povo,08.2.759.1224,PMSP-SF/COADM-Fundo Municipal de Desenvolvimento Social-FMD,0,Obras em Áreas de Risco ,8,Obras e Instalações,3621961.1,0.0,3621961.1,3621961.1,2592064.3,1029896.8,"[{""siglaUnidadeMedida"": ""UN"", ""descricaoAnexo"": ""EXECUÇÃO DE OBRAS DE REVITALIZAÇÃO DO CÓRREGO ITAQUERA"", ""qtdeAnexo"": 1, ""valorUnitarioAnexo"": 3621961.1}]",,,,,212/SMSUB/COGEL/2023
01,PREFEITURA DO MUNICÍPIO DE SÃO PAULO,45356,115822,2023,11,29/11/2023 00:00:00,6012202200220870,04780776000122,DP BARROS  PAVIMENTACAO E CONSTRUCAO LTDA,12036,2023,07,Fundo Municipal de Desenvolvimento Social,10,Fundo Municipal de Desenvolvimento Social,15,Urbanismo,451,Infra-Estrutura Urbana,3022,Requalificação e Promoção da Ocupação dos Espaços Públicos,1170,"Intervenção, Urbanização e Melhoria de Bairros - Plano de Obras das Su",4,Despesas de Capital,4,Investimentos,90,Aplicações Diretas,51,Obras em Andamento - Uso Comum do Povo,08.2.759.1224,PMSP-SF/COADM-Fundo Municipal de Desenvolvimento Social-FMD,0,Obras em Áreas de Risco ,8,Obras e Instalações,3166053.53,0.0,1622034.95,0.0,0.0,1622034.95,"[{""siglaUnidadeMedida"": ""UN"", ""descricaoAnexo"": ""execução de obra de canalização e revitalização do córrego Jaguarezinho"", ""qtdeAnexo"": 1, ""valorUnitarioAnexo"": 3166053.53}]",,,,,213/SMSUB/COGEL/2023
01,PREFEITURA DO MUNICÍPIO DE SÃO PAULO,45356,115826,2023,11,29/11/2023 00:00:00,6012202200220870,03867171000100,CONSTRUTORA ETAMA LTDA,12046,2023,07,Fundo Municipal de Desenvolvimento Social,10,Fundo Municipal de Desenvolvimento Social,15,Urbanismo,451,Infra-Estrutura Urbana,3022,Requalificação e Promoção da Ocupação dos Espaços Públicos,1170,"Intervenção, Urbanização e Melhoria de Bairros - Plano de Obras das Su",4,Despesas de Capital,4,Investimentos,90,Aplicações Diretas,51,Obras em Andamento - Uso Comum do Povo,08.2.759.1224,PMSP-SF/COADM-Fundo Municipal de Desenvolvimento Social-FMD,0,Obras em Áreas de Risco ,8,Obras e Instalações,1580645.31,0.0,472972.56,472972.56,472972.56,0.0,"[{""siglaUnidadeMedida"": ""UN"", ""descricaoAnexo"": ""ATOS - Obras de canalização e revitalização do Córrego Jaguarezinho\n"", ""qtdeAnexo"": 1, ""valorUnitarioAnexo"": 1580645.31}]",,,,,213/SNSUB/COGEL/2023
01,PREFEITURA DO MUNICÍPIO DE SÃO PAULO,71141,116175,2023,11,30/11/2023 00:00:00,6018202300557969,22892801000141,RD CONSTRUCAO REFRIGERACAO COMERCIO SERVICOS E PROJETOS LTDA,28561,2023,07,Fundo Municipal de Desenvolvimento Social,10,Fundo Municipal de Desenvolvimento Social,10,Saúde,302,Assistência Hospitalar e Ambulatorial,3003,"Ações e Serviços da Saúde em Atenção Básica, Especialidades e Vigilânc",5204,"Avança Saúde SP - Ampliação, Reforma e Requalificação de Equipamentos ",4,Despesas de Capital,4,Investimentos,90,Aplicações Diretas,51,Obras em Andamento - Uso Comum do Povo,08.2.759.1224,PMSP-SF/COADM-Fundo Municipal de Desenvolvimento Social-FMD,0,Hospitais e Similares ,8,Obras e Instalações,158341.86,0.0,158341.86,107691.42,107691.42,50650.44,"[{""siglaUnidadeMedida"": ""EXE"", ""descricaoAnexo"": ""Aditamento - reforma da UPA Santo Amaro - 2º pavimento."", ""qtdeAnexo"": 1, ""valorUnitarioAnexo"": 158341.86}]",,,,,021/2023/CRSSUL
01,PREFEITURA DO MUNICÍPIO DE SÃO PAULO,60790,116385,2023,11,30/11/2023 00:00:00,201103589764,04373329000159,VILLANOVA ENGENHARIA E DESENVOLVIMENTO AMBIENTAL LTDA,30095,2012,07,Fundo Municipal de Desenvolvimento Social,10,Fundo Municipal de Desenvolvimento Social,16,Habitação,482,Habitação Urbana,3005,Promoção da Sustentabilidade Ambiental,3355,Execução do Programa de Mananciais,4,Despesas de Capital,4,Investimentos,90,Aplicações Diretas,51,Obras em Andamento - Uso Comum do Povo,10.1.755.9001,Recursos de Alienação de Bens/Ativos - Administração Direta,2,Programa de Urbanização de Favelas,8,Obras e Instalações,1644.25,0.0,0.0,0.0,0.0,0.0,"[{""siglaUnidadeMedida"": ""UN"", ""descricaoAnexo"": ""OBRAS LOTE 1 - CT 032/12"", ""qtdeAnexo"": 1, ""valorUnitarioAnexo"": 1644.25}]",,,,,032/2012-SEHAB
01,PREFEITURA DO MUNICÍPIO DE SÃO PAULO,45367,116432,2023,11,30/11/2023 00:00:00,6012202300086289,56182090000133,CORPOTEC CONSTRUTORA E EMPREENDIMENTOS IMOBILIARIOS LTDA,14090,2023,07,Fundo Municipal de Desenvolvimento Social,10,Fundo Municipal de Desenvolvimento Social,15,Urbanismo,452,Serviços Urbanos,3022,Requalificação e Promoção da Ocupação dos Espaços Públicos,1137,Pavimentação e Recapeamento de Vias,4,Despesas de Capital,4,Investimentos,90,Aplicações Diretas,51,Obras em Andamento - Uso Comum do Povo,08.1.759.1224,PMSP-SF/COADM-Fundo Municipal de Desenvolvimento Social-FMD,1,"Praças, Parques e Jardins ",8,Obras e Instalações,3359913.77,0.0,3359913.77,3359913.77,3359913.77,0.0,"[{""siglaUnidadeMedida"": ""UN"", ""descricaoAnexo"": ""ATOS - Serviços de manutenção da malha viária existente em pavimento em paralelepípedo."", ""qtdeAnexo"": 1, ""valorUnitarioAnexo"": 3359913.77}]",,,,,237/SMSUB/COGEL/2023
01,PREFEITURA DO MUNICÍPIO DE SÃO PAULO,45368,116842,2023,12,01/12/2023 00:00:00,6012202300088575,05577367000196,CODIGO ENGENHARIA E CONSTRUCOES LTDA,17476,2023,07,Fundo Municipal de Desenvolvimento Social,10,Fundo Municipal de Desenvolvimento Social,15,Urbanismo,452,Serviços Urbanos,3022,Requalificação e Promoção da Ocupação dos Espaços Públicos,1170,"Intervenção, Urbanização e Melhoria de Bairros - Plano de Obras das Su",4,Despesas de Capital,4,Investimentos,90,Aplicações Diretas,39,Manutenção e Conservação de Bens Imóveis,08.1.759.1224,PMSP-SF/COADM-Fundo Municipal de Desenvolvimento Social-FMD,1,Manutenção e Reformas de Bens Imóveis,1,Outros Serviços de Terceiros - Pessoa Jurídica,242230.03,0.0,183371.52,0.0,0.0,183371.52,"[{""siglaUnidadeMedida"": ""UN"", ""descricaoAnexo"": ""Serviços de Requalificação da Praça São Francisco da Glória"", ""qtdeAnexo"": 1, ""valorUnitarioAnexo"": 242230.03}]",,,,,346/SMSUB/COGEL/2023
01,PREFEITURA DO MUNICÍPIO DE SÃO PAULO,45368,116851,2023,12,01/12/2023 00:00:00,6012202300088567,05577367000196,CODIGO ENGENHARIA E CONSTRUCOES LTDA,17200,2023,07,Fundo Municipal de Desenvolvimento Social,10,Fundo Municipal de Desenvolvimento Social,15,Urbanismo,452,Serviços Urbanos,3022,Requalificação e Promoção da Ocupação dos Espaços Públicos,1170,"Intervenção, Urbanização e Melhoria de Bairros - Plano de Obras das Su",4,Despesas de Capital,4,Investimentos,90,Aplicações Diretas,39,Manutenção e Conservação de Bens Imóveis,08.1.759.1224,PMSP-SF/COADM-Fundo Municipal de Desenvolvimento Social-FMD,1,Manutenção e Reformas de Bens Imóveis,1,Outros Serviços de Terceiros - Pessoa Jurídica,313885.76,22.3,230341.24,0.0,0.0,230341.24,"[{""siglaUnidadeMedida"": ""UN"", ""descricaoAnexo"": ""Serviços de Requalificação da Praça Antônio B. de Almeida localizada na Av. Pref. Fábio Prado S/N"", ""qtdeAnexo"": 1, ""valorUnitarioAnexo"": 313885.76}]",,,,,341/SMSUB/COGEL/2023
01,PREFEITURA DO MUNICÍPIO DE SÃO PAULO,45368,116881,2023,12,01/12/2023 00:00:00,6012202300158050,05577367000196,CODIGO ENGENHARIA E CONSTRUCOES LTDA,29087,2023,07,Fundo Municipal de Desenvolvimento Social,10,Fundo Municipal de Desenvolvimento Social,15,Urbanismo,452,Serviços Urbanos,3022,Requalificação e Promoção da Ocupação dos Espaços Públicos,1170,"Intervenção, Urbanização e Melhoria de Bairros - Plano de Obras das Su",4,Despesas de Capital,4,Investimentos,90,Aplicações Diretas,39,Manutenção e Conservação de Bens Imóveis,08.1.759.1224,PMSP-SF/COADM-Fundo Municipal de Desenvolvimento Social-FMD,1,Manutenção e Reformas de Bens Imóveis,1,Outros Serviços de Terceiros - Pessoa Jurídica,707695.76,0.0,187658.06,104970.14,104970.14,82687.92,"[{""siglaUnidadeMedida"": ""UN"", ""descricaoAnexo"": ""Serviços de Readequação das áreas ajardinadas do Viaduto Onze de Junho, Moema (SUB-VM)"", ""qtdeAnexo"": 1, ""valorUnitarioAnexo"": 707695.76}]",,,,,599/SMSU/COGEL/2023
01,PREFEITURA DO MUNICÍPIO DE SÃO PAULO,45368,116892,2023,12,01/12/2023 00:00:00,6012202300073152,02243019000194,CONSITEC  ENGENHARIA E TECNOLOGIA LTDA,14042,2023,07,Fundo Municipal de Desenvolvimento Social,10,Fundo Municipal de Desenvolvimento Social,15,Urbanismo,452,Serviços Urbanos,3022,Requalificação e Promoção da Ocupação dos Espaços Públicos,1170,"Intervenção, Urbanização e Melhoria de Bairros - Plano de Obras das Su",4,Despesas de Capital,4,Investimentos,90,Aplicações Diretas,39,Manutenção e Conservação de Bens Imóveis,08.1.759.1224,PMSP-SF/COADM-Fundo Municipal de Desenvolvimento Social-FMD,1,Manutenção e Reformas de Bens Imóveis,1,Outros Serviços de Terceiros - Pessoa Jurídica,117470.31,0.0,96583.8,0.0,0.0,96583.8,"[{""siglaUnidadeMedida"": ""UN"", ""descricaoAnexo"": ""Requalificação da Praça Eugenio Aquino Pasquali, Sapopemba"", ""qtdeAnexo"": 1, ""valorUnitarioAnexo"": 117470.31}]",,,,,
01,PREFEITURA DO MUNICÍPIO DE SÃO PAULO,45367,116904,2023,12,01/12/2023 00:00:00,6012202300235616,65035222000195,ERATECNICA ENGENHARIA CONSTRUCOES E SERVICOS LTDA,36766,2023,07,Fundo Municipal de Desenvolvimento Social,10,Fundo Municipal de Desenvolvimento Social,15,Urbanismo,452,Serviços Urbanos,3022,Requalificação e Promoção da Ocupação dos Espaços Públicos,1137,Pavimentação e Recapeamento de Vias,4,Despesas de Capital,4,Investimentos,90,Aplicações Diretas,51,Obras em Andamento - Uso Comum do Povo,08.1.759.1224,PMSP-SF/COADM-Fundo Municipal de Desenvolvimento Social-FMD,1,Pavimentação de Ruas e Avenidas ,8,Obras e Instalações,533429.62,533429.62,0.0,0.0,0.0,0.0,"[{""siglaUnidadeMedida"": ""UN"", ""descricaoAnexo"": ""serviços de manutenção da malha viária existente em pavimento de paralelepípedo"", ""qtdeAnexo"": 1, ""valorUnitarioAnexo"": 533429.62}]",,,,,838/SMSUB/COGEL/2023
01,PREFEITURA DO MUNICÍPIO DE SÃO PAULO,45368,116916,2023,12,01/12/2023 00:00:00,6012202300120070,04002395000112,LEMAM CONSTRUCOES E COMERCIO SA,31776,2023,07,Fundo Municipal de Desenvolvimento Social,10,Fundo Municipal de Desenvolvimento Social,15,Urbanismo,452,Serviços Urbanos,3022,Requalificação e Promoção da Ocupação dos Espaços Públicos,1170,"Intervenção, Urbanização e Melhoria de Bairros - Plano de Obras das Su",4,Despesas de Capital,4,Investimentos,90,Aplicações Diretas,39,Manutenção e Conservação de Bens Imóveis,08.1.759.1224,PMSP-SF/COADM-Fundo Municipal de Desenvolvimento Social-FMD,1,Manutenção e Reformas de Bens Imóveis,1,Outros Serviços de Terceiros - Pessoa Jurídica,40986.98,0.0,0.0,0.0,0.0,0.0,"[{""siglaUnidadeMedida"": ""UN"", ""descricaoAnexo"": ""Serviços de Requalificação do passeio público "", ""qtdeAnexo"": 1, ""valorUnitarioAnexo"": 40986.98}]",,,,,
01,PREFEITURA DO MUNICÍPIO DE SÃO PAULO,45368,116946,2023,12,01/12/2023 00:00:00,6012202300200839,04002395000112,LEMAM CONSTRUCOES E COMERCIO SA,31766,2023,07,Fundo Municipal de Desenvolvimento Social,10,Fundo Municipal de Desenvolvimento Social,15,Urbanismo,452,Serviços Urbanos,3022,Requalificação e Promoção da Ocupação dos Espaços Públicos,1170,"Intervenção, Urbanização e Melhoria de Bairros - Plano de Obras das Su",4,Despesas de Capital,4,Investimentos,90,Aplicações Diretas,39,Manutenção e Conservação de Bens Imóveis,08.1.759.1224,PMSP-SF/COADM-Fundo Municipal de Desenvolvimento Social-FMD,1,Manutenção e Reformas de Bens Imóveis,1,Outros Serviços de Terceiros - Pessoa Jurídica,691091.81,0.0,466946.92,189915.48,189915.48,277031.44,"[{""siglaUnidadeMedida"": ""UN"", ""descricaoAnexo"": ""Serviços de Requalificação do passeio público"", ""qtdeAnexo"": 1, ""valorUnitarioAnexo"": 691091.81}]",,,,,741/SMSUB/COGEL/2023
01,PREFEITURA DO MUNICÍPIO DE SÃO PAULO,45368,116986,2023,12,01/12/2023 00:00:00,6012202300063912,04002395000112,LEMAM CONSTRUCOES E COMERCIO SA,13456,2023,07,Fundo Municipal de Desenvolvimento Social,10,Fundo Municipal de Desenvolvimento Social,15,Urbanismo,452,Serviços Urbanos,3022,Requalificação e Promoção da Ocupação dos Espaços Públicos,1170,"Intervenção, Urbanização e Melhoria de Bairros - Plano de Obras das Su",4,Despesas de Capital,4,Investimentos,90,Aplicações Diretas,39,Manutenção e Conservação de Bens Imóveis,08.1.759.1224,PMSP-SF/COADM-Fundo Municipal de Desenvolvimento Social-FMD,1,Manutenção e Reformas de Bens Imóveis,1,Outros Serviços de Terceiros - Pessoa Jurídica,3977.91,0.0,0.0,0.0,0.0,0.0,"[{""siglaUnidadeMedida"": ""UN"", ""descricaoAnexo"": ""Serviços de Revitalização da Praça Vila Carioca"", ""qtdeAnexo"": 1, ""valorUnitarioAnexo"": 3977.91}]",,,,,
01,PREFEITURA DO MUNICÍPIO DE SÃO PAULO,45368,116994,2023,12,01/12/2023 00:00:00,6012202300081198,04002395000112,LEMAM CONSTRUCOES E COMERCIO SA,28720,2023,07,Fundo Municipal de Desenvolvimento Social,10,Fundo Municipal de Desenvolvimento Social,15,Urbanismo,452,Serviços Urbanos,3022,Requalificação e Promoção da Ocupação dos Espaços Públicos,1170,"Intervenção, Urbanização e Melhoria de Bairros - Plano de Obras das Su",4,Despesas de Capital,4,Investimentos,90,Aplicações Diretas,39,Manutenção e Conservação de Bens Imóveis,08.1.759.1224,PMSP-SF/COADM-Fundo Municipal de Desenvolvimento Social-FMD,1,Manutenção e Reformas de Bens Imóveis,1,Outros Serviços de Terceiros - Pessoa Jurídica,804869.95,0.0,588902.99,470131.96,470131.96,118771.03,"[{""siglaUnidadeMedida"": ""UN"", ""descricaoAnexo"": ""Serviços de Readequação de gradil "", ""qtdeAnexo"": 1, ""valorUnitarioAnexo"": 804869.95}]",,,,,600/smsub/cogel/2023
01,PREFEITURA DO MUNICÍPIO DE SÃO PAULO,45368,117003,2023,12,01/12/2023 00:00:00,6012202300118784,04002395000112,LEMAM CONSTRUCOES E COMERCIO SA,26035,2023,07,Fundo Municipal de Desenvolvimento Social,10,Fundo Municipal de Desenvolvimento Social,15,Urbanismo,452,Serviços Urbanos,3022,Requalificação e Promoção da Ocupação dos Espaços Públicos,1170,"Intervenção, Urbanização e Melhoria de Bairros - Plano de Obras das Su",4,Despesas de Capital,4,Investimentos,90,Aplicações Diretas,39,Manutenção e Conservação de Bens Imóveis,08.1.759.1224,PMSP-SF/COADM-Fundo Municipal de Desenvolvimento Social-FMD,1,Manutenção e Reformas de Bens Imóveis,1,Outros Serviços de Terceiros - Pessoa Jurídica,1031062.3,0.0,858660.47,598594.2,598594.2,260066.27,"[{""siglaUnidadeMedida"": ""UN"", ""descricaoAnexo"": ""Execução de Serviços de Requalificação do passeio público "", ""qtdeAnexo"": 1, ""valorUnitarioAnexo"": 1031062.3}]",,,,,492/SMSUB/COGEL/2023
01,PREFEITURA DO MUNICÍPIO DE SÃO PAULO,45368,117009,2023,12,01/12/2023 00:00:00,6012202300144270,04002395000112,LEMAM CONSTRUCOES E COMERCIO SA,26794,2023,07,Fundo Municipal de Desenvolvimento Social,10,Fundo Municipal de Desenvolvimento Social,15,Urbanismo,452,Serviços Urbanos,3022,Requalificação e Promoção da Ocupação dos Espaços Públicos,1170,"Intervenção, Urbanização e Melhoria de Bairros - Plano de Obras das Su",4,Despesas de Capital,4,Investimentos,90,Aplicações Diretas,39,Manutenção e Conservação de Bens Imóveis,08.1.759.1224,PMSP-SF/COADM-Fundo Municipal de Desenvolvimento Social-FMD,1,Manutenção e Reformas de Bens Imóveis,1,Outros Serviços de Terceiros - Pessoa Jurídica,1093073.67,0.0,765342.64,684612.72,684612.72,80729.92,"[{""siglaUnidadeMedida"": ""UN"", ""descricaoAnexo"": ""Serviços de Revitalização de Escadão "", ""qtdeAnexo"": 1, ""valorUnitarioAnexo"": 1093073.67}]",,,,,533/SMSUB/COGEL/2023
01,PREFEITURA DO MUNICÍPIO DE SÃO PAULO,45368,117012,2023,12,01/12/2023 00:00:00,6012202300107642,04002395000112,LEMAM CONSTRUCOES E COMERCIO SA,26802,2023,07,Fundo Municipal de Desenvolvimento Social,10,Fundo Municipal de Desenvolvimento Social,15,Urbanismo,452,Serviços Urbanos,3022,Requalificação e Promoção da Ocupação dos Espaços Públicos,1170,"Intervenção, Urbanização e Melhoria de Bairros - Plano de Obras das Su",4,Despesas de Capital,4,Investimentos,90,Aplicações Diretas,39,Manutenção e Conservação de Bens Imóveis,08.1.759.1224,PMSP-SF/COADM-Fundo Municipal de Desenvolvimento Social-FMD,1,Manutenção e Reformas de Bens Imóveis,1,Outros Serviços de Terceiros - Pessoa Jurídica,1310713.22,0.0,672125.98,589194.41,589194.41,82931.57,"[{""siglaUnidadeMedida"": ""UN"", ""descricaoAnexo"": ""Serviços de Readequação de gradil "", ""qtdeAnexo"": 1, ""valorUnitarioAnexo"": 1310713.22}]",,,,,534/SMSUB/COGEL/2023
01,PREFEITURA DO MUNICÍPIO DE SÃO PAULO,45368,117017,2023,12,01/12/2023 00:00:00,6012202300229454,15108349000119,RODOSERV ENGENHARIA LTDA,35069,2023,07,Fundo Municipal de Desenvolvimento Social,10,Fundo Municipal de Desenvolvimento Social,15,Urbanismo,452,Serviços Urbanos,3022,Requalificação e Promoção da Ocupação dos Espaços Públicos,1170,"Intervenção, Urbanização e Melhoria de Bairros - Plano de Obras das Su",4,Despesas de Capital,4,Investimentos,90,Aplicações Diretas,39,Manutenção e Conservação de Bens Imóveis,08.1.759.1224,PMSP-SF/COADM-Fundo Municipal de Desenvolvimento Social-FMD,1,Manutenção e Reformas de Bens Imóveis,1,Outros Serviços de Terceiros - Pessoa Jurídica,358453.2,0.0,357855.23,0.0,0.0,357855.23,"[{""siglaUnidadeMedida"": ""UN"", ""descricaoAnexo"": ""Manutenção Passagem Tom Jobim"", ""qtdeAnexo"": 1, ""valorUnitarioAnexo"": 358453.2}]",,,,,800/SMSUB/COGEL/2023
01,PREFEITURA DO MUNICÍPIO DE SÃO PAULO,45368,117023,2023,12,01/12/2023 00:00:00,6012202300105801,49335714000140,TEMAFE ENGENHARIA E CONSTRUCOES LTDA,26799,2023,07,Fundo Municipal de Desenvolvimento Social,10,Fundo Municipal de Desenvolvimento Social,15,Urbanismo,452,Serviços Urbanos,3022,Requalificação e Promoção da Ocupação dos Espaços Públicos,1170,"Intervenção, Urbanização e Melhoria de Bairros - Plano de Obras das Su",4,Despesas de Capital,4,Investimentos,90,Aplicações Diretas,39,Manutenção e Conservação de Bens Imóveis,08.1.759.1224,PMSP-SF/COADM-Fundo Municipal de Desenvolvimento Social-FMD,1,Manutenção e Reformas de Bens Imóveis,1,Outros Serviços de Terceiros - Pessoa Jurídica,289183.42,0.0,185763.46,124739.1,59625.58,126137.88,"[{""siglaUnidadeMedida"": ""UN"", ""descricaoAnexo"": ""Serviços de Requalificação de Passeios e Escadão "", ""qtdeAnexo"": 1, ""valorUnitarioAnexo"": 289183.42}]",,,,,536/SMSUB/COGEL/2023
01,PREFEITURA DO MUNICÍPIO DE SÃO PAULO,45368,117032,2023,12,01/12/2023 00:00:00,6012202300081201,49335714000140,TEMAFE ENGENHARIA E CONSTRUCOES LTDA,27030,2023,07,Fundo Municipal de Desenvolvimento Social,10,Fundo Municipal de Desenvolvimento Social,15,Urbanismo,452,Serviços Urbanos,3022,Requalificação e Promoção da Ocupação dos Espaços Públicos,1170,"Intervenção, Urbanização e Melhoria de Bairros - Plano de Obras das Su",4,Despesas de Capital,4,Investimentos,90,Aplicações Diretas,39,Manutenção e Conservação de Bens Imóveis,08.1.759.1224,PMSP-SF/COADM-Fundo Municipal de Desenvolvimento Social-FMD,1,Manutenção e Reformas de Bens Imóveis,1,Outros Serviços de Terceiros - Pessoa Jurídica,1487485.21,0.0,890842.6,527929.83,150798.2,740044.4,"[{""siglaUnidadeMedida"": ""UN"", ""descricaoAnexo"": ""Serviços de Revitalização do CDC "", ""qtdeAnexo"": 1, ""valorUnitarioAnexo"": 1487485.21}]",,,,,539/SMSUB/COGEL/2023
01,PREFEITURA DO MUNICÍPIO DE SÃO PAULO,81607,117116,2023,12,01/12/2023 00:00:00,201403218001,51232221000126,ASSOCIACAO COMUNITARIA MONTE AZUL,21205,2018,07,Fundo Municipal de Desenvolvimento Social,10,Fundo Municipal de Desenvolvimento Social,10,Saúde,301,Atenção Básica,3003,"Ações e Serviços da Saúde em Atenção Básica, Especialidades e Vigilânc",5204,"Avança Saúde SP - Ampliação, Reforma e Requalificação de Equipamentos ",4,Despesas de Capital,4,Investimentos,50,Transferências a Instituições Privadas sem Fins Lucrativos,52,Serviços de Assistência à Saúde,08.2.759.1224,PMSP-SF/COADM-Fundo Municipal de Desenvolvimento Social-FMD,0,Materiais Permanentes,5,Equipamentos e Material Permanente,199761.79,0.0,199761.79,199761.79,199761.79,0.0,"[{""siglaUnidadeMedida"": ""MES"", ""descricaoAnexo"": ""CG R012.2015 - TA 088.2023 - Inclusão de Recurso de INVESTIMENTO para Aquisição de Materiais e Equipamentos para UBS Vila das Belezas - Dez 2023"", ""qtdeAnexo"": 1, ""valorUnitarioAnexo"": 199761.79}]",,,,,CG R012/2015
01,PREFEITURA DO MUNICÍPIO DE SÃO PAULO,76587,117123,2023,12,01/12/2023 00:00:00,201403371349,57571275000100,FUNDACAO DO ABC,21318,2018,07,Fundo Municipal de Desenvolvimento Social,10,Fundo Municipal de Desenvolvimento Social,10,Saúde,301,Atenção Básica,3003,"Ações e Serviços da Saúde em Atenção Básica, Especialidades e Vigilânc",5204,"Avança Saúde SP - Ampliação, Reforma e Requalificação de Equipamentos ",4,Despesas de Capital,4,Investimentos,50,Transferências a Instituições Privadas sem Fins Lucrativos,52,Serviços de Assistência à Saúde,08.2.759.1224,PMSP-SF/COADM-Fundo Municipal de Desenvolvimento Social-FMD,0,Materiais Permanentes,5,Equipamentos e Material Permanente,249473.94,3329.75,246144.19,246144.19,246144.19,0.0,"[{""siglaUnidadeMedida"": ""UNI"", ""descricaoAnexo"": ""6018.2023/0100662-2 - R09 - Despesa para Aquisição de equipamentos para a AMA/UBS Integrada Jardim das Laranjeiras. Autorizado no SEI 093091742 do processo 6018.2023/0046655-6"", ""qtdeAnexo"": 1, ""valorUnitarioAnexo"": 249473.94}]",,,,,009/2014
01,PREFEITURA DO MUNICÍPIO DE SÃO PAULO,81606,117136,2023,12,01/12/2023 00:00:00,201400356039,68311216000101,ASSOCIAÇÃO SAUDE DA FAMILIA,21189,2018,07,Fundo Municipal de Desenvolvimento Social,10,Fundo Municipal de Desenvolvimento Social,10,Saúde,301,Atenção Básica,3003,"Ações e Serviços da Saúde em Atenção Básica, Especialidades e Vigilânc",5204,"Avança Saúde SP - Ampliação, Reforma e Requalificação de Equipamentos ",4,Despesas de Capital,4,Investimentos,50,Transferências a Instituições Privadas sem Fins Lucrativos,51,Serviços de Assistência à Saúde,08.2.759.1224,PMSP-SF/COADM-Fundo Municipal de Desenvolvimento Social-FMD,0,Obras e Reformas em Imóvel da Prefeitura,5,Obras e Instalações,197500.25,0.0,197500.25,197500.25,197500.25,0.0,"[{""siglaUnidadeMedida"": ""MES"", ""descricaoAnexo"": ""CG R002.2014 - TA 164.2023 - Inclusão de Recurso de INVESTIMENTO para Adequação/Reforma dos Banheiros da AMA/UBS Integrada Jardim Mirna - Nov 2023"", ""qtdeAnexo"": 1, ""valorUnitarioAnexo"": 197500.25}]",,,,,R002/2014
01,PREFEITURA DO MUNICÍPIO DE SÃO PAULO,24656,117253,2023,12,01/12/2023 00:00:00,6012202300182016,66806555000133,FBS CONSTRUCAO CIVIL E PAVIMENTACAO S.A.,36999,2023,07,Fundo Municipal de Desenvolvimento Social,10,Fundo Municipal de Desenvolvimento Social,15,Urbanismo,452,Serviços Urbanos,3022,Requalificação e Promoção da Ocupação dos Espaços Públicos,1137,Pavimentação e Recapeamento de Vias,4,Despesas de Capital,4,Investimentos,90,Aplicações Diretas,39,Manutenção e Conservação de Bens Imóveis,08.2.759.1224,PMSP-SF/COADM-Fundo Municipal de Desenvolvimento Social-FMD,1,Manutenção e Reformas de Bens Imóveis,1,Outros Serviços de Terceiros - Pessoa Jurídica,449564.73,0.0,438287.15,0.0,0.0,438287.15,"[{""siglaUnidadeMedida"": ""UN"", ""descricaoAnexo"": ""serviços de conservação e manutenção da malha viária da cidade de São Paulo"", ""qtdeAnexo"": 1, ""valorUnitarioAnexo"": 449564.73}]",,,,,847/SMSUB/COGEL/2023
01,PREFEITURA DO MUNICÍPIO DE SÃO PAULO,24656,117291,2023,12,01/12/2023 00:00:00,6012202300260947,62162847000120,JOFEGE PAVIMENTACAO E CONSTRUCAO LTDA,37042,2023,07,Fundo Municipal de Desenvolvimento Social,10,Fundo Municipal de Desenvolvimento Social,15,Urbanismo,452,Serviços Urbanos,3022,Requalificação e Promoção da Ocupação dos Espaços Públicos,1137,Pavimentação e Recapeamento de Vias,4,Despesas de Capital,4,Investimentos,90,Aplicações Diretas,39,Manutenção e Conservação de Bens Imóveis,08.2.759.1224,PMSP-SF/COADM-Fundo Municipal de Desenvolvimento Social-FMD,1,Manutenção e Reformas de Bens Imóveis,1,Outros Serviços de Terceiros - Pessoa Jurídica,453592.27,0.0,102526.96,0.0,0.0,102526.96,"[{""siglaUnidadeMedida"": ""UN"", ""descricaoAnexo"": ""CONSEMAVI - TC XXX/SMSUB/COGEL/2023 - Via Avenida Professor José Maria Alkmin - Trecho Avenida Engenheiro Heitor Antônio Eiras Garcia"", ""qtdeAnexo"": 1, ""valorUnitarioAnexo"": 453592.27}]",,,,,842/SMSUB/COGEL/2023
01,PREFEITURA DO MUNICÍPIO DE SÃO PAULO,24656,117295,2023,12,01/12/2023 00:00:00,6012202300156279,09052229000144,SOUZA COMPEC ENGENHARIA E CONSTRUÇÕES LTDA,36656,2023,07,Fundo Municipal de Desenvolvimento Social,10,Fundo Municipal de Desenvolvimento Social,15,Urbanismo,452,Serviços Urbanos,3022,Requalificação e Promoção da Ocupação dos Espaços Públicos,1137,Pavimentação e Recapeamento de Vias,4,Despesas de Capital,4,Investimentos,90,Aplicações Diretas,39,Manutenção e Conservação de Bens Imóveis,08.2.759.1224,PMSP-SF/COADM-Fundo Municipal de Desenvolvimento Social-FMD,1,Manutenção e Reformas de Bens Imóveis,1,Outros Serviços de Terceiros - Pessoa Jurídica,679484.17,0.0,412115.43,0.0,0.0,412115.43,"[{""siglaUnidadeMedida"": ""UN"", ""descricaoAnexo"": ""serviços de conservação e manutenção da malha viária da cidade de São Paulo"", ""qtdeAnexo"": 1, ""valorUnitarioAnexo"": 679484.17}]",,,,,848/SMSUB/COGEL/2023
01,PREFEITURA DO MUNICÍPIO DE SÃO PAULO,24656,117298,2023,12,01/12/2023 00:00:00,6012202300193735,09052229000144,SOUZA COMPEC ENGENHARIA E CONSTRUÇÕES LTDA,36664,2023,07,Fundo Municipal de Desenvolvimento Social,10,Fundo Municipal de Desenvolvimento Social,15,Urbanismo,452,Serviços Urbanos,3022,Requalificação e Promoção da Ocupação dos Espaços Públicos,1137,Pavimentação e Recapeamento de Vias,4,Despesas de Capital,4,Investimentos,90,Aplicações Diretas,39,Manutenção e Conservação de Bens Imóveis,08.2.759.1224,PMSP-SF/COADM-Fundo Municipal de Desenvolvimento Social-FMD,1,Manutenção e Reformas de Bens Imóveis,1,Outros Serviços de Terceiros - Pessoa Jurídica,1064680.45,0.0,992105.52,0.0,0.0,992105.52,"[{""siglaUnidadeMedida"": ""UN"", ""descricaoAnexo"": ""Serviços de conservação e manutenção da malha viária da cidade de São Paulo"", ""qtdeAnexo"": 1, ""valorUnitarioAnexo"": 1064680.45}]",,,,,849/SMSUB/COGEL/2023
01,PREFEITURA DO MUNICÍPIO DE SÃO PAULO,76592,117971,2023,12,04/12/2023 00:00:00,201403371403,60742616000160,CASA DE SAUDE SANTA MARCELINA,21337,2018,07,Fundo Municipal de Desenvolvimento Social,10,Fundo Municipal de Desenvolvimento Social,10,Saúde,301,Atenção Básica,3003,"Ações e Serviços da Saúde em Atenção Básica, Especialidades e Vigilânc",5204,"Avança Saúde SP - Ampliação, Reforma e Requalificação de Equipamentos ",4,Despesas de Capital,4,Investimentos,50,Transferências a Instituições Privadas sem Fins Lucrativos,52,Serviços de Assistência à Saúde,08.2.759.1224,PMSP-SF/COADM-Fundo Municipal de Desenvolvimento Social-FMD,0,Materiais Permanentes,5,Equipamentos e Material Permanente,99889.0,0.0,99889.0,99889.0,99889.0,0.0,"[{""siglaUnidadeMedida"": ""UNI"", ""descricaoAnexo"": ""6018.2023/0103202-9 - R10 - Despesa para Aquisição de materiais e equipamentos para o PA Atualpa Dr. Girão Rabelo. Autorizado no SEI 093091742 do processo 6018.2023/0046655-6"", ""qtdeAnexo"": 1, ""valorUnitarioAnexo"": 99889.0}]",,,,,010/2014
01,PREFEITURA DO MUNICÍPIO DE SÃO PAULO,24656,118062,2023,12,04/12/2023 00:00:00,6012202300260882,62162847000120,JOFEGE PAVIMENTACAO E CONSTRUCAO LTDA,37163,2023,07,Fundo Municipal de Desenvolvimento Social,10,Fundo Municipal de Desenvolvimento Social,15,Urbanismo,452,Serviços Urbanos,3022,Requalificação e Promoção da Ocupação dos Espaços Públicos,1137,Pavimentação e Recapeamento de Vias,4,Despesas de Capital,4,Investimentos,90,Aplicações Diretas,39,Manutenção e Conservação de Bens Imóveis,08.2.759.1224,PMSP-SF/COADM-Fundo Municipal de Desenvolvimento Social-FMD,1,Manutenção e Reformas de Bens Imóveis,1,Outros Serviços de Terceiros - Pessoa Jurídica,599342.29,0.0,132370.83,0.0,0.0,132370.83,"[{""siglaUnidadeMedida"": ""UN"", ""descricaoAnexo"": ""serviços de conservação e manutenção da malha viária da cidade de São Paulo"", ""qtdeAnexo"": 1, ""valorUnitarioAnexo"": 599342.29}]",,,,,852/SMSUB/COGEL/23
01,PREFEITURA DO MUNICÍPIO DE SÃO PAULO,24656,118080,2023,12,04/12/2023 00:00:00,6012202300146672,62162847000120,JOFEGE PAVIMENTACAO E CONSTRUCAO LTDA,37173,2023,07,Fundo Municipal de Desenvolvimento Social,10,Fundo Municipal de Desenvolvimento Social,15,Urbanismo,452,Serviços Urbanos,3022,Requalificação e Promoção da Ocupação dos Espaços Públicos,1137,Pavimentação e Recapeamento de Vias,4,Despesas de Capital,4,Investimentos,90,Aplicações Diretas,39,Manutenção e Conservação de Bens Imóveis,08.2.759.1224,PMSP-SF/COADM-Fundo Municipal de Desenvolvimento Social-FMD,1,Manutenção e Reformas de Bens Imóveis,1,Outros Serviços de Terceiros - Pessoa Jurídica,403126.82,0.0,0.0,0.0,0.0,0.0,"[{""siglaUnidadeMedida"": ""UN"", ""descricaoAnexo"": ""serviços de conservação e manutenção da malha viária da cidade de São Paulo"", ""qtdeAnexo"": 1, ""valorUnitarioAnexo"": 403126.82}]",,,,,853/SMSUB/COGEL/2023
01,PREFEITURA DO MUNICÍPIO DE SÃO PAULO,45368,118111,2023,12,04/12/2023 00:00:00,6012202300144866,67192609000180,M A S CONSTRUCOES E EMPREENDIMENTOS LIMITADA,25904,2023,07,Fundo Municipal de Desenvolvimento Social,10,Fundo Municipal de Desenvolvimento Social,15,Urbanismo,452,Serviços Urbanos,3022,Requalificação e Promoção da Ocupação dos Espaços Públicos,1170,"Intervenção, Urbanização e Melhoria de Bairros - Plano de Obras das Su",4,Despesas de Capital,4,Investimentos,90,Aplicações Diretas,39,Manutenção e Conservação de Bens Imóveis,08.1.759.1224,PMSP-SF/COADM-Fundo Municipal de Desenvolvimento Social-FMD,1,Manutenção e Reformas de Bens Imóveis,1,Outros Serviços de Terceiros - Pessoa Jurídica,214139.41,0.0,214139.25,0.0,0.0,214139.25,"[{""siglaUnidadeMedida"": ""UN"", ""descricaoAnexo"": ""ATOS - Serviços de adequação de Viela na Rua Jaslo.\n"", ""qtdeAnexo"": 1, ""valorUnitarioAnexo"": 214139.41}]",,,,,485/SMSUB/COGEL/2023
01,PREFEITURA DO MUNICÍPIO DE SÃO PAULO,24656,118140,2023,12,04/12/2023 00:00:00,6012202300263032,43677822000114,SOEBE CONSTRUÇÃO E PAVIMENTAÇÃO SA,37045,2023,07,Fundo Municipal de Desenvolvimento Social,10,Fundo Municipal de Desenvolvimento Social,15,Urbanismo,452,Serviços Urbanos,3022,Requalificação e Promoção da Ocupação dos Espaços Públicos,1137,Pavimentação e Recapeamento de Vias,4,Despesas de Capital,4,Investimentos,90,Aplicações Diretas,39,Manutenção e Conservação de Bens Imóveis,08.2.759.1224,PMSP-SF/COADM-Fundo Municipal de Desenvolvimento Social-FMD,1,Manutenção e Reformas de Bens Imóveis,1,Outros Serviços de Terceiros - Pessoa Jurídica,217017.91,0.0,217001.96,0.0,0.0,217001.96,"[{""siglaUnidadeMedida"": ""UN"", ""descricaoAnexo"": ""CONSEMAVI - TC Nº XXX/SMSUB/COGEL/2023 - Via Av. Ascaz Natal - Trecho Rua Professora Marta Maria Bernardes"", ""qtdeAnexo"": 1, ""valorUnitarioAnexo"": 217017.91}]",,,,,880/SMSUB/COGEL/2023
01,PREFEITURA DO MUNICÍPIO DE SÃO PAULO,24656,118484,2023,12,04/12/2023 00:00:00,6012202300149337,62162847000120,JOFEGE PAVIMENTACAO E CONSTRUCAO LTDA,37317,2023,07,Fundo Municipal de Desenvolvimento Social,10,Fundo Municipal de Desenvolvimento Social,15,Urbanismo,452,Serviços Urbanos,3022,Requalificação e Promoção da Ocupação dos Espaços Públicos,1137,Pavimentação e Recapeamento de Vias,4,Despesas de Capital,4,Investimentos,90,Aplicações Diretas,39,Manutenção e Conservação de Bens Imóveis,08.2.759.1224,PMSP-SF/COADM-Fundo Municipal de Desenvolvimento Social-FMD,1,Manutenção e Reformas de Bens Imóveis,1,Outros Serviços de Terceiros - Pessoa Jurídica,357520.24,0.0,87915.52,0.0,0.0,87915.52,"[{""siglaUnidadeMedida"": ""UN"", ""descricaoAnexo"": ""Serviços de conservação e manutenção da malha viária da cidade de São Paulo "", ""qtdeAnexo"": 1, ""valorUnitarioAnexo"": 357520.24}]",,,,,855/SMSUB/COGEL/2023
01,PREFEITURA DO MUNICÍPIO DE SÃO PAULO,24656,118531,2023,12,04/12/2023 00:00:00,6012202300175435,47218979000132,ARVEK TECNICA E CONSTRUCOES LTDA,37187,2023,07,Fundo Municipal de Desenvolvimento Social,10,Fundo Municipal de Desenvolvimento Social,15,Urbanismo,452,Serviços Urbanos,3022,Requalificação e Promoção da Ocupação dos Espaços Públicos,1137,Pavimentação e Recapeamento de Vias,4,Despesas de Capital,4,Investimentos,90,Aplicações Diretas,39,Manutenção e Conservação de Bens Imóveis,08.2.759.1224,PMSP-SF/COADM-Fundo Municipal de Desenvolvimento Social-FMD,1,Manutenção e Reformas de Bens Imóveis,1,Outros Serviços de Terceiros - Pessoa Jurídica,781999.28,0.0,222910.04,0.0,0.0,222910.04,"[{""siglaUnidadeMedida"": ""UN"", ""descricaoAnexo"": ""serviços de conservação e manutenção da malha viária da cidade de São Paulo"", ""qtdeAnexo"": 1, ""valorUnitarioAnexo"": 781999.28}]",,,,,911/SMSUB/COGEL/2023
01,PREFEITURA DO MUNICÍPIO DE SÃO PAULO,24656,118560,2023,12,04/12/2023 00:00:00,6012202300262893,43677822000114,SOEBE CONSTRUÇÃO E PAVIMENTAÇÃO SA,37190,2023,07,Fundo Municipal de Desenvolvimento Social,10,Fundo Municipal de Desenvolvimento Social,15,Urbanismo,452,Serviços Urbanos,3022,Requalificação e Promoção da Ocupação dos Espaços Públicos,1137,Pavimentação e Recapeamento de Vias,4,Despesas de Capital,4,Investimentos,90,Aplicações Diretas,39,Manutenção e Conservação de Bens Imóveis,08.2.759.1224,PMSP-SF/COADM-Fundo Municipal de Desenvolvimento Social-FMD,1,Manutenção e Reformas de Bens Imóveis,1,Outros Serviços de Terceiros - Pessoa Jurídica,2154147.35,0.0,2151805.31,0.0,0.0,2151805.31,"[{""siglaUnidadeMedida"": ""UN"", ""descricaoAnexo"": ""serviços de conservação e manutenção da malha viária da cidade de São Paulo"", ""qtdeAnexo"": 1, ""valorUnitarioAnexo"": 2154147.35}]",,,,,886/SMSUB/COGEL/2023
01,PREFEITURA DO MUNICÍPIO DE SÃO PAULO,45356,118562,2023,12,04/12/2023 00:00:00,6012202300135220,15108349000119,RODOSERV ENGENHARIA LTDA,32329,2023,07,Fundo Municipal de Desenvolvimento Social,10,Fundo Municipal de Desenvolvimento Social,15,Urbanismo,451,Infra-Estrutura Urbana,3022,Requalificação e Promoção da Ocupação dos Espaços Públicos,1170,"Intervenção, Urbanização e Melhoria de Bairros - Plano de Obras das Su",4,Despesas de Capital,4,Investimentos,90,Aplicações Diretas,51,Obras em Andamento - Uso Comum do Povo,08.2.759.1224,PMSP-SF/COADM-Fundo Municipal de Desenvolvimento Social-FMD,1,"Praças, Parques e Jardins ",8,Obras e Instalações,3148139.68,0.0,3148139.65,1019527.16,1019527.16,2128612.49,"[{""siglaUnidadeMedida"": ""UN"", ""descricaoAnexo"": ""ATOS - ELABORAÇÃO DE PROJETO EXECUTIVO E EXECUÇÃO DE OBRAS CIVIS PARA IMPLANTAÇÃO DE PARQUE LINEAR NO\nBAIRRO VILA NOVA GALVÃO - SP (SUB-JT) - CÓRREGO RUA ANHANDUZINHO"", ""qtdeAnexo"": 1, ""valorUnitarioAnexo"": 3148139.68}]",,,,,773/SMSUB/COGEL/2023
01,PREFEITURA DO MUNICÍPIO DE SÃO PAULO,45367,118595,2023,12,04/12/2023 00:00:00,6012202300235616,65035222000195,ERATECNICA ENGENHARIA CONSTRUCOES E SERVICOS LTDA,36766,2023,07,Fundo Municipal de Desenvolvimento Social,10,Fundo Municipal de Desenvolvimento Social,15,Urbanismo,452,Serviços Urbanos,3022,Requalificação e Promoção da Ocupação dos Espaços Públicos,1137,Pavimentação e Recapeamento de Vias,4,Despesas de Capital,4,Investimentos,90,Aplicações Diretas,51,Obras em Andamento - Uso Comum do Povo,08.1.759.1224,PMSP-SF/COADM-Fundo Municipal de Desenvolvimento Social-FMD,1,Pavimentação de Ruas e Avenidas ,8,Obras e Instalações,1351937.3,466570.38,885366.92,0.0,0.0,885366.92,"[{""siglaUnidadeMedida"": ""UN"", ""descricaoAnexo"": ""ATOS - serviços de manutenção da malha viária existente em pavimento de paralelepípedo"", ""qtdeAnexo"": 1, ""valorUnitarioAnexo"": 1351937.3}]",,,,,838/SMSUB/COGEL/2023
01,PREFEITURA DO MUNICÍPIO DE SÃO PAULO,45368,118619,2023,12,04/12/2023 00:00:00,6012202300144688,67192609000180,M A S CONSTRUCOES E EMPREENDIMENTOS LIMITADA,26240,2023,07,Fundo Municipal de Desenvolvimento Social,10,Fundo Municipal de Desenvolvimento Social,15,Urbanismo,452,Serviços Urbanos,3022,Requalificação e Promoção da Ocupação dos Espaços Públicos,1170,"Intervenção, Urbanização e Melhoria de Bairros - Plano de Obras das Su",4,Despesas de Capital,4,Investimentos,90,Aplicações Diretas,39,Manutenção e Conservação de Bens Imóveis,08.1.759.1224,PMSP-SF/COADM-Fundo Municipal de Desenvolvimento Social-FMD,1,Manutenção e Reformas de Bens Imóveis,1,Outros Serviços de Terceiros - Pessoa Jurídica,391740.47,0.0,388350.67,0.0,0.0,388350.67,"[{""siglaUnidadeMedida"": ""UN"", ""descricaoAnexo"": ""ATOS - Serviços de adequação de Viela na Rua Brás Albanese"", ""qtdeAnexo"": 1, ""valorUnitarioAnexo"": 391740.47}]",,,,,506/SMSUB/COGEL/2023
01,PREFEITURA DO MUNICÍPIO DE SÃO PAULO,24656,118635,2023,12,04/12/2023 00:00:00,6012202300261030,62162847000120,JOFEGE PAVIMENTACAO E CONSTRUCAO LTDA,37224,2023,07,Fundo Municipal de Desenvolvimento Social,10,Fundo Municipal de Desenvolvimento Social,15,Urbanismo,452,Serviços Urbanos,3022,Requalificação e Promoção da Ocupação dos Espaços Públicos,1137,Pavimentação e Recapeamento de Vias,4,Despesas de Capital,4,Investimentos,90,Aplicações Diretas,39,Manutenção e Conservação de Bens Imóveis,08.2.759.1224,PMSP-SF/COADM-Fundo Municipal de Desenvolvimento Social-FMD,1,Manutenção e Reformas de Bens Imóveis,1,Outros Serviços de Terceiros - Pessoa Jurídica,388942.47,0.0,91589.38,0.0,0.0,91589.38,"[{""siglaUnidadeMedida"": ""UN"", ""descricaoAnexo"": ""Serviços de conservação e manutenção da malha viária da cidade de são paulo"", ""qtdeAnexo"": 1, ""valorUnitarioAnexo"": 388942.47}]",,,,,892/SMSUB/COGEL/2023
01,PREFEITURA DO MUNICÍPIO DE SÃO PAULO,74601,119039,2023,12,05/12/2023 00:00:00,6018202100045034,48211585000115,SOCIEDADE BENEFICENTE CAMINHO DE DAMASCO,21867,2021,07,Fundo Municipal de Desenvolvimento Social,10,Fundo Municipal de Desenvolvimento Social,10,Saúde,301,Atenção Básica,3003,"Ações e Serviços da Saúde em Atenção Básica, Especialidades e Vigilânc",5204,"Avança Saúde SP - Ampliação, Reforma e Requalificação de Equipamentos ",4,Despesas de Capital,4,Investimentos,50,Transferências a Instituições Privadas sem Fins Lucrativos,52,Serviços de Assistência à Saúde,08.2.759.1224,PMSP-SF/COADM-Fundo Municipal de Desenvolvimento Social-FMD,0,Materiais Permanentes,5,Equipamentos e Material Permanente,108233.79,0.0,108233.79,108233.79,108233.79,0.0,"[{""siglaUnidadeMedida"": ""UN"", ""descricaoAnexo"": ""Despesa para Aquisição de equipamentos assistenciais e administrativos para a mudança da URSI Santana/Jaçanã - ref. CG 025/2021-CPCSS/SMS - autorizado no SEI 092706788 do proc. 6018.2023/0046655-6"", ""qtdeAnexo"": 1, ""valorUnitarioAnexo"": 108233.79}]",,,,,25/2021
01,PREFEITURA DO MUNICÍPIO DE SÃO PAULO,81609,119096,2023,12,05/12/2023 00:00:00,201403217773,61699567000192,SPDM  ASSOCIACAO PAULISTA PARA O DESENVOLVIMENTO DA MEDICINA,21362,2018,07,Fundo Municipal de Desenvolvimento Social,10,Fundo Municipal de Desenvolvimento Social,10,Saúde,301,Atenção Básica,3003,"Ações e Serviços da Saúde em Atenção Básica, Especialidades e Vigilânc",5204,"Avança Saúde SP - Ampliação, Reforma e Requalificação de Equipamentos ",4,Despesas de Capital,4,Investimentos,50,Transferências a Instituições Privadas sem Fins Lucrativos,52,Serviços de Assistência à Saúde,08.2.759.1224,PMSP-SF/COADM-Fundo Municipal de Desenvolvimento Social-FMD,0,Materiais Permanentes,5,Equipamentos e Material Permanente,17500.0,0.0,17500.0,17500.0,17500.0,0.0,"[{""siglaUnidadeMedida"": ""UN"", ""descricaoAnexo"": ""Aquisição de materiais e equipamentos para o Consultório Odontológico do Tribunal de Contas do Município."", ""qtdeAnexo"": 1, ""valorUnitarioAnexo"": 17500.0}]",,,,,R005/2015-SMS.G
01,PREFEITURA DO MUNICÍPIO DE SÃO PAULO,59323,119276,2023,12,05/12/2023 00:00:00,6018202301155325,01294872000172,PILAO ENGENHARIA E CONSTRUCOES LTDA,37706,2023,07,Fundo Municipal de Desenvolvimento Social,10,Fundo Municipal de Desenvolvimento Social,10,Saúde,302,Assistência Hospitalar e Ambulatorial,3003,"Ações e Serviços da Saúde em Atenção Básica, Especialidades e Vigilânc",5204,"Avança Saúde SP - Ampliação, Reforma e Requalificação de Equipamentos ",4,Despesas de Capital,4,Investimentos,90,Aplicações Diretas,51,Obras em Andamento - Uso Comum do Povo,08.2.759.1224,PMSP-SF/COADM-Fundo Municipal de Desenvolvimento Social-FMD,0,Hospitais e Similares ,8,Obras e Instalações,1352221.96,1352221.96,0.0,0.0,0.0,0.0,"[{""siglaUnidadeMedida"": ""SER"", ""descricaoAnexo"": ""CONTRATAÇÃO DE EMPRESA OU CONSÓRCIO DE EMPRESAS PARA EXECUÇÃO DE REFORMA DA UPA CIDADE ADEMAR (LOTE 1), PARA SECRETARIA MUNICIPAL DE SAÚDE, COM FORNECIMENTO DE MATERIAL E MÃO-DE-OBRA. - EXERCÍCIO 2023."", ""qtdeAnexo"": 1, ""valorUnitarioAnexo"": 1352221.96}]",,,,,188/2023
01,PREFEITURA DO MUNICÍPIO DE SÃO PAULO,81625,119289,2023,12,05/12/2023 00:00:00,6018202301119051,02243019000194,CONSITEC  ENGENHARIA E TECNOLOGIA LTDA,37659,2023,07,Fundo Municipal de Desenvolvimento Social,10,Fundo Municipal de Desenvolvimento Social,10,Saúde,301,Atenção Básica,3003,"Ações e Serviços da Saúde em Atenção Básica, Especialidades e Vigilânc",5204,"Avança Saúde SP - Ampliação, Reforma e Requalificação de Equipamentos ",4,Despesas de Capital,4,Investimentos,90,Aplicações Diretas,51,Obras em Andamento - Uso Comum do Povo,08.2.759.1224,PMSP-SF/COADM-Fundo Municipal de Desenvolvimento Social-FMD,0,Hospitais e Similares ,8,Obras e Instalações,468922.74,0.0,0.0,0.0,0.0,0.0,"[{""siglaUnidadeMedida"": ""SER"", ""descricaoAnexo"": ""SMS - CONTRATAÇÃO DA OBRA DE MANUTENÇÃO AMA/UBS ÁGUA RASA - EXERCÍCIO 2023."", ""qtdeAnexo"": 1, ""valorUnitarioAnexo"": 468922.74}]",,,,,009/2023
01,PREFEITURA DO MUNICÍPIO DE SÃO PAULO,59323,119339,2023,12,05/12/2023 00:00:00,6018202301155325,01294872000172,PILAO ENGENHARIA E CONSTRUCOES LTDA,37706,2023,07,Fundo Municipal de Desenvolvimento Social,10,Fundo Municipal de Desenvolvimento Social,10,Saúde,302,Assistência Hospitalar e Ambulatorial,3003,"Ações e Serviços da Saúde em Atenção Básica, Especialidades e Vigilânc",5204,"Avança Saúde SP - Ampliação, Reforma e Requalificação de Equipamentos ",4,Despesas de Capital,4,Investimentos,90,Aplicações Diretas,51,Obras em Andamento - Uso Comum do Povo,08.2.759.1224,PMSP-SF/COADM-Fundo Municipal de Desenvolvimento Social-FMD,0,Hospitais e Similares ,8,Obras e Instalações,155663.41,0.0,75401.86,0.0,0.0,75401.86,"[{""siglaUnidadeMedida"": ""SER"", ""descricaoAnexo"": ""CONTRATAÇÃO DE EMPRESA OU CONSÓRCIO DE EMPRESAS PARA EXECUÇÃO DE REFORMA DA UPA CIDADE ADEMAR (LOTE 1), PARA SECRETARIA MUNICIPAL DE SAÚDE, COM FORNECIMENTO DE MATERIAL E MÃO-DE-OBRA DEZEMBRO/2023.\n"", ""qtdeAnexo"": 1, ""valorUnitarioAnexo"": 155663.41}]",,,,,188/2023
01,PREFEITURA DO MUNICÍPIO DE SÃO PAULO,59649,119413,2023,12,05/12/2023 00:00:00,6018202301155597,43898972000158,CONSTRUTORA ROY LTDA,37797,2023,07,Fundo Municipal de Desenvolvimento Social,10,Fundo Municipal de Desenvolvimento Social,10,Saúde,301,Atenção Básica,3003,"Ações e Serviços da Saúde em Atenção Básica, Especialidades e Vigilânc",5204,"Avança Saúde SP - Ampliação, Reforma e Requalificação de Equipamentos ",4,Despesas de Capital,4,Investimentos,90,Aplicações Diretas,51,Obras em Andamento - Uso Comum do Povo,10.2.755.1224,PMSP-SF/COADM-Fundo Municipal de Desenvolvimento Social-FMD,0,Hospitais e Similares ,8,Obras e Instalações,161897.52,0.0,28609.92,0.0,0.0,28609.92,"[{""siglaUnidadeMedida"": ""SER"", ""descricaoAnexo"": ""CONTRATAÇÃO DE EMPRESA OU CONSÓRCIO DE EMPRESAS PARA EXECUÇÃO DE REFORMA DA UBS ENGENHEIRO TRINDADE (LOTE 2), PARA SECRETARIA MUNICIPAL DE SAÚDE, COM FORNECIMENTO DE MATERIAL E MÃO-DE-OBRA - EXERCICIO 2023"", ""qtdeAnexo"": 1, ""valorUnitarioAnexo"": 161897.52}]",,,,,191/2023
01,PREFEITURA DO MUNICÍPIO DE SÃO PAULO,59642,119449,2023,12,05/12/2023 00:00:00,6018202301155686,34730331000107,DPT ENGENHARIA E ARQUITETURA LTDA,37822,2023,07,Fundo Municipal de Desenvolvimento Social,10,Fundo Municipal de Desenvolvimento Social,10,Saúde,301,Atenção Básica,3003,"Ações e Serviços da Saúde em Atenção Básica, Especialidades e Vigilânc",5204,"Avança Saúde SP - Ampliação, Reforma e Requalificação de Equipamentos ",4,Despesas de Capital,4,Investimentos,90,Aplicações Diretas,51,Obras em Andamento - Uso Comum do Povo,10.2.755.1224,PMSP-SF/COADM-Fundo Municipal de Desenvolvimento Social-FMD,0,Hospitais e Similares ,8,Obras e Instalações,111796.33,0.0,9371.66,0.0,0.0,9371.66,"[{""siglaUnidadeMedida"": ""SER"", ""descricaoAnexo"": ""CONTRATAÇÃO DE EMPRESA OU CONSÓRCIO DE EMPRESAS PARA EXECUÇÃO DA CONSTRUÇÃO DA UBS JARDIM FONTALIS (LOTE 3), PARA SECRETARIA MUNICIPAL DE SAÚDE, COM FORNECIMENTO DE MATERIAL E MÃO-DE-OBRA - EXERCICIO 2023."", ""qtdeAnexo"": 1, ""valorUnitarioAnexo"": 111796.33}]",,,,,190/2023
01,PREFEITURA DO MUNICÍPIO DE SÃO PAULO,59657,119471,2023,12,05/12/2023 00:00:00,6018202301155821,56838949000110,CONSTRUTORA PROGREDIOR LTDA,37844,2023,07,Fundo Municipal de Desenvolvimento Social,10,Fundo Municipal de Desenvolvimento Social,10,Saúde,301,Atenção Básica,3003,"Ações e Serviços da Saúde em Atenção Básica, Especialidades e Vigilânc",5204,"Avança Saúde SP - Ampliação, Reforma e Requalificação de Equipamentos ",4,Despesas de Capital,4,Investimentos,90,Aplicações Diretas,51,Obras em Andamento - Uso Comum do Povo,10.2.755.1224,PMSP-SF/COADM-Fundo Municipal de Desenvolvimento Social-FMD,0,Hospitais e Similares ,8,Obras e Instalações,195254.37,0.0,7465.4,0.0,0.0,7465.4,"[{""siglaUnidadeMedida"": ""SER"", ""descricaoAnexo"": ""CONTRATAÇÃO DE EMPRESA OU CONSÓRCIO DE EMPRESAS PARA EXECUÇÃO DA REVITALIZAÇÃO/AMPLIAÇÃO DA UBS AMERICANÓPOLIS (LOTE 4), PARA SECRETARIA MUNICIPAL DE SAÚDE, COM FORNECIMENTO DE MATERIAL E MÃO-DE-OBRA - EXERCICIO 2023."", ""qtdeAnexo"": 1, ""valorUnitarioAnexo"": 195254.37}]",,,,,192/2023
01,PREFEITURA DO MUNICÍPIO DE SÃO PAULO,24656,119502,2023,12,05/12/2023 00:00:00,6012202300177292,37802710000145,TRIADE PAVIMENTACAO E CONSTRUCOES SA,37850,2023,07,Fundo Municipal de Desenvolvimento Social,10,Fundo Municipal de Desenvolvimento Social,15,Urbanismo,452,Serviços Urbanos,3022,Requalificação e Promoção da Ocupação dos Espaços Públicos,1137,Pavimentação e Recapeamento de Vias,4,Despesas de Capital,4,Investimentos,90,Aplicações Diretas,39,Manutenção e Conservação de Bens Imóveis,08.2.759.1224,PMSP-SF/COADM-Fundo Municipal de Desenvolvimento Social-FMD,1,Manutenção e Reformas de Bens Imóveis,1,Outros Serviços de Terceiros - Pessoa Jurídica,2005522.27,0.0,919983.65,0.0,0.0,919983.65,"[{""siglaUnidadeMedida"": ""UN"", ""descricaoAnexo"": ""Prestações de serviços de conservação e manutenção da malha viária da cidade de São Paulo"", ""qtdeAnexo"": 1, ""valorUnitarioAnexo"": 2005522.27}]",,,,,912/SMSUB/COGEL/2023
01,PREFEITURA DO MUNICÍPIO DE SÃO PAULO,82616,119833,2023,12,06/12/2023 00:00:00,6018202301082972,66748955000130,ALMEIDA SAPATA ENGENHARIA E CONSTRUCOES LTDA,38015,2023,07,Fundo Municipal de Desenvolvimento Social,10,Fundo Municipal de Desenvolvimento Social,10,Saúde,301,Atenção Básica,3003,"Ações e Serviços da Saúde em Atenção Básica, Especialidades e Vigilânc",5204,"Avança Saúde SP - Ampliação, Reforma e Requalificação de Equipamentos ",4,Despesas de Capital,4,Investimentos,90,Aplicações Diretas,51,Obras em Andamento - Uso Comum do Povo,08.2.759.1224,PMSP-SF/COADM-Fundo Municipal de Desenvolvimento Social-FMD,0,Hospitais e Similares ,8,Obras e Instalações,289875.05,0.0,0.0,0.0,0.0,0.0,"[{""siglaUnidadeMedida"": ""SER"", ""descricaoAnexo"": ""SMS - CONTRATAÇÃO DE OBRA DE MANUTENÇÃO - UBS NOSSA SENHORA DO BRASIL - EXERCÍCIO 2023."", ""qtdeAnexo"": 1, ""valorUnitarioAnexo"": 289875.05}]",,,,,005/2023
01,PREFEITURA DO MUNICÍPIO DE SÃO PAULO,82644,119843,2023,12,06/12/2023 00:00:00,6018202301083162,66748955000130,ALMEIDA SAPATA ENGENHARIA E CONSTRUCOES LTDA,38021,2023,07,Fundo Municipal de Desenvolvimento Social,10,Fundo Municipal de Desenvolvimento Social,10,Saúde,301,Atenção Básica,3003,"Ações e Serviços da Saúde em Atenção Básica, Especialidades e Vigilânc",5204,"Avança Saúde SP - Ampliação, Reforma e Requalificação de Equipamentos ",4,Despesas de Capital,4,Investimentos,90,Aplicações Diretas,51,Obras em Andamento - Uso Comum do Povo,08.2.759.1224,PMSP-SF/COADM-Fundo Municipal de Desenvolvimento Social-FMD,0,Hospitais e Similares ,8,Obras e Instalações,292043.44,0.0,14759.1,0.0,0.0,14759.1,"[{""siglaUnidadeMedida"": ""SER"", ""descricaoAnexo"": ""SMS - CONTRATAÇÃO DE OBRA DE MANUTENÇÃO - UBS REPÚBLICA - EXERCÍCIO 2023."", ""qtdeAnexo"": 1, ""valorUnitarioAnexo"": 292043.44}]",,,,,007/2023
01,PREFEITURA DO MUNICÍPIO DE SÃO PAULO,82632,119855,2023,12,06/12/2023 00:00:00,6018202301082565,66748955000130,ALMEIDA SAPATA ENGENHARIA E CONSTRUCOES LTDA,38032,2023,07,Fundo Municipal de Desenvolvimento Social,10,Fundo Municipal de Desenvolvimento Social,10,Saúde,301,Atenção Básica,3003,"Ações e Serviços da Saúde em Atenção Básica, Especialidades e Vigilânc",5204,"Avança Saúde SP - Ampliação, Reforma e Requalificação de Equipamentos ",4,Despesas de Capital,4,Investimentos,90,Aplicações Diretas,51,Obras em Andamento - Uso Comum do Povo,08.2.759.1224,PMSP-SF/COADM-Fundo Municipal de Desenvolvimento Social-FMD,0,Hospitais e Similares ,8,Obras e Instalações,736769.63,0.0,73204.44,0.0,0.0,73204.44,"[{""siglaUnidadeMedida"": ""SER"", ""descricaoAnexo"": ""SMS - CONTRATAÇÃO DE OBRA DE MANUTENÇÃO - UBS SANTA CECÍLIA - EXERCÍCIO 2023."", ""qtdeAnexo"": 1, ""valorUnitarioAnexo"": 736769.63}]",,,,,008/2023
01,PREFEITURA DO MUNICÍPIO DE SÃO PAULO,82635,119872,2023,12,06/12/2023 00:00:00,6018202301081534,66748955000130,ALMEIDA SAPATA ENGENHARIA E CONSTRUCOES LTDA,38038,2023,07,Fundo Municipal de Desenvolvimento Social,10,Fundo Municipal de Desenvolvimento Social,10,Saúde,301,Atenção Básica,3003,"Ações e Serviços da Saúde em Atenção Básica, Especialidades e Vigilânc",5204,"Avança Saúde SP - Ampliação, Reforma e Requalificação de Equipamentos ",4,Despesas de Capital,4,Investimentos,90,Aplicações Diretas,51,Obras em Andamento - Uso Comum do Povo,08.2.759.1224,PMSP-SF/COADM-Fundo Municipal de Desenvolvimento Social-FMD,0,Hospitais e Similares ,8,Obras e Instalações,153940.49,0.0,1744.15,0.0,0.0,1744.15,"[{""siglaUnidadeMedida"": ""SER"", ""descricaoAnexo"": ""SMS - CONTRATAÇÃO DE OBRA DE MANUTENÇÃO - UBS BOM RETIRO - EXERCÍCIO 2023.\n"", ""qtdeAnexo"": 1, ""valorUnitarioAnexo"": 153940.49}]",,,,,001/2023
01,PREFEITURA DO MUNICÍPIO DE SÃO PAULO,82620,119888,2023,12,06/12/2023 00:00:00,6018202301083456,66748955000130,ALMEIDA SAPATA ENGENHARIA E CONSTRUCOES LTDA,38047,2023,07,Fundo Municipal de Desenvolvimento Social,10,Fundo Municipal de Desenvolvimento Social,10,Saúde,301,Atenção Básica,3003,"Ações e Serviços da Saúde em Atenção Básica, Especialidades e Vigilânc",5204,"Avança Saúde SP - Ampliação, Reforma e Requalificação de Equipamentos ",4,Despesas de Capital,4,Investimentos,90,Aplicações Diretas,51,Obras em Andamento - Uso Comum do Povo,08.2.759.1224,PMSP-SF/COADM-Fundo Municipal de Desenvolvimento Social-FMD,0,Hospitais e Similares ,8,Obras e Instalações,691055.55,0.0,15702.12,0.0,0.0,15702.12,"[{""siglaUnidadeMedida"": ""SER"", ""descricaoAnexo"": ""SMS - CONTRATAÇÃO DE OBRA DE MANUTENÇÃO - UBS SÉ - EXERCÍCIO 2023."", ""qtdeAnexo"": 1, ""valorUnitarioAnexo"": 691055.55}]",,,,,003/2023
01,PREFEITURA DO MUNICÍPIO DE SÃO PAULO,81635,119902,2023,12,06/12/2023 00:00:00,6018202301082840,66748955000130,ALMEIDA SAPATA ENGENHARIA E CONSTRUCOES LTDA,38062,2023,07,Fundo Municipal de Desenvolvimento Social,10,Fundo Municipal de Desenvolvimento Social,10,Saúde,301,Atenção Básica,3003,"Ações e Serviços da Saúde em Atenção Básica, Especialidades e Vigilânc",5204,"Avança Saúde SP - Ampliação, Reforma e Requalificação de Equipamentos ",4,Despesas de Capital,4,Investimentos,90,Aplicações Diretas,51,Obras em Andamento - Uso Comum do Povo,08.2.759.1224,PMSP-SF/COADM-Fundo Municipal de Desenvolvimento Social-FMD,0,Hospitais e Similares ,8,Obras e Instalações,676221.88,0.0,32803.5,0.0,0.0,32803.5,"[{""siglaUnidadeMedida"": ""SER"", ""descricaoAnexo"": ""SMS - CONTRATAÇÃO DE OBRA DE MANUTENÇÃO - UBS HUMAITÁ - EXERCÍCIO 2023."", ""qtdeAnexo"": 1, ""valorUnitarioAnexo"": 676221.88}]",,,,,006/2023
01,PREFEITURA DO MUNICÍPIO DE SÃO PAULO,81631,119924,2023,12,06/12/2023 00:00:00,6018202301081780,66748955000130,ALMEIDA SAPATA ENGENHARIA E CONSTRUCOES LTDA,38077,2023,07,Fundo Municipal de Desenvolvimento Social,10,Fundo Municipal de Desenvolvimento Social,10,Saúde,301,Atenção Básica,3003,"Ações e Serviços da Saúde em Atenção Básica, Especialidades e Vigilânc",5204,"Avança Saúde SP - Ampliação, Reforma e Requalificação de Equipamentos ",4,Despesas de Capital,4,Investimentos,90,Aplicações Diretas,51,Obras em Andamento - Uso Comum do Povo,08.2.759.1224,PMSP-SF/COADM-Fundo Municipal de Desenvolvimento Social-FMD,0,Hospitais e Similares ,8,Obras e Instalações,233983.8,0.0,208514.92,0.0,0.0,208514.92,"[{""siglaUnidadeMedida"": ""SER"", ""descricaoAnexo"": ""SMS - CONTRATAÇÃO DE OBRA DE MANUTENÇÃO - UBS BORACEA - EXERCÍCIO 2023."", ""qtdeAnexo"": 1, ""valorUnitarioAnexo"": 233983.8}]",,,,,002/2023
01,PREFEITURA DO MUNICÍPIO DE SÃO PAULO,81615,119942,2023,12,06/12/2023 00:00:00,6018202301061266,67192609000180,M A S CONSTRUCOES E EMPREENDIMENTOS LIMITADA,38075,2023,07,Fundo Municipal de Desenvolvimento Social,10,Fundo Municipal de Desenvolvimento Social,10,Saúde,301,Atenção Básica,3003,"Ações e Serviços da Saúde em Atenção Básica, Especialidades e Vigilânc",5204,"Avança Saúde SP - Ampliação, Reforma e Requalificação de Equipamentos ",4,Despesas de Capital,4,Investimentos,90,Aplicações Diretas,51,Obras em Andamento - Uso Comum do Povo,08.2.759.1224,PMSP-SF/COADM-Fundo Municipal de Desenvolvimento Social-FMD,0,Hospitais e Similares ,8,Obras e Instalações,627637.27,0.0,318498.75,0.0,0.0,318498.75,"[{""siglaUnidadeMedida"": ""SER"", ""descricaoAnexo"": ""CONTRATAÇÃO DE EMPRESA ESPECIALIZADA PARA A PRESTAÇÃO DE SERVIÇOS DE REPAROS, ADEQUAÇÕES PONTUAIS E PEQUENOS SERVIÇOS DE ENGENHARIA NA UNIDADE AE DR. ALEXANDRE KALIL YASBEK – (LOTE 7 – Sudeste 2- ETAPA) -EXERCICIO 2023."", ""qtdeAnexo"": 1, ""valorUnitarioAnexo"": 627637.27}]",,,,,017/2023
01,PREFEITURA DO MUNICÍPIO DE SÃO PAULO,81621,119956,2023,12,06/12/2023 00:00:00,6018202301067809,62533278000181,H E ENGENHARIA COMERCIO E REPRESENTACOES LTDA,38091,2023,07,Fundo Municipal de Desenvolvimento Social,10,Fundo Municipal de Desenvolvimento Social,10,Saúde,301,Atenção Básica,3003,"Ações e Serviços da Saúde em Atenção Básica, Especialidades e Vigilânc",5204,"Avança Saúde SP - Ampliação, Reforma e Requalificação de Equipamentos ",4,Despesas de Capital,4,Investimentos,90,Aplicações Diretas,51,Obras em Andamento - Uso Comum do Povo,08.2.759.1224,PMSP-SF/COADM-Fundo Municipal de Desenvolvimento Social-FMD,0,Hospitais e Similares ,8,Obras e Instalações,296534.22,0.0,58235.82,0.0,0.0,58235.82,"[{""siglaUnidadeMedida"": ""SER"", ""descricaoAnexo"": ""SMS - CONTRATAÇÃO DE OBRA DE MANUTENÇÃO - UBS ARRASTÃO - EXERCÍCIO 2023."", ""qtdeAnexo"": 1, ""valorUnitarioAnexo"": 296534.22}]",,,,,011/2023
01,PREFEITURA DO MUNICÍPIO DE SÃO PAULO,81637,119969,2023,12,06/12/2023 00:00:00,6018202301083367,66748955000130,ALMEIDA SAPATA ENGENHARIA E CONSTRUCOES LTDA,38106,2023,07,Fundo Municipal de Desenvolvimento Social,10,Fundo Municipal de Desenvolvimento Social,10,Saúde,301,Atenção Básica,3003,"Ações e Serviços da Saúde em Atenção Básica, Especialidades e Vigilânc",5204,"Avança Saúde SP - Ampliação, Reforma e Requalificação de Equipamentos ",4,Despesas de Capital,4,Investimentos,90,Aplicações Diretas,51,Obras em Andamento - Uso Comum do Povo,08.2.759.1224,PMSP-SF/COADM-Fundo Municipal de Desenvolvimento Social-FMD,0,Hospitais e Similares ,8,Obras e Instalações,896366.64,0.0,89606.82,0.0,0.0,89606.82,"[{""siglaUnidadeMedida"": ""SER"", ""descricaoAnexo"": ""SMS - CONTRATAÇÃO DE OBRA DE MANUTENÇÃO - UBS CAMBUCI - EXERCÍCIO 2023."", ""qtdeAnexo"": 1, ""valorUnitarioAnexo"": 896366.64}]",,,,,004/2023
01,PREFEITURA DO MUNICÍPIO DE SÃO PAULO,81619,119988,2023,12,06/12/2023 00:00:00,6018202301061312,67192609000180,M A S CONSTRUCOES E EMPREENDIMENTOS LIMITADA,38064,2023,07,Fundo Municipal de Desenvolvimento Social,10,Fundo Municipal de Desenvolvimento Social,10,Saúde,301,Atenção Básica,3003,"Ações e Serviços da Saúde em Atenção Básica, Especialidades e Vigilânc",5204,"Avança Saúde SP - Ampliação, Reforma e Requalificação de Equipamentos ",4,Despesas de Capital,4,Investimentos,90,Aplicações Diretas,51,Obras em Andamento - Uso Comum do Povo,08.2.759.1224,PMSP-SF/COADM-Fundo Municipal de Desenvolvimento Social-FMD,0,Hospitais e Similares ,8,Obras e Instalações,662987.82,0.0,0.0,0.0,0.0,0.0,"[{""siglaUnidadeMedida"": ""SER"", ""descricaoAnexo"": ""CONTRATAÇÃO DE EMPRESA ESPECIALIZADA PARA A PRESTAÇÃO DE SERVIÇOS DE REPAROS, ADEQUAÇÕES PONTUAIS E PEQUENOS SERVIÇOS DE ENGENHARIA NA UNIDADE AE DR. ALEXANDRE KALIL YASBEK – (LOTE 7 – Sudeste 2- ETAPA 3) -EXERCICIO 2023."", ""qtdeAnexo"": 1, ""valorUnitarioAnexo"": 662987.82}]",,,,,010/2023
01,PREFEITURA DO MUNICÍPIO DE SÃO PAULO,81623,120002,2023,12,06/12/2023 00:00:00,6018202301078177,62533278000181,H E ENGENHARIA COMERCIO E REPRESENTACOES LTDA,38118,2023,07,Fundo Municipal de Desenvolvimento Social,10,Fundo Municipal de Desenvolvimento Social,10,Saúde,301,Atenção Básica,3003,"Ações e Serviços da Saúde em Atenção Básica, Especialidades e Vigilânc",5204,"Avança Saúde SP - Ampliação, Reforma e Requalificação de Equipamentos ",4,Despesas de Capital,4,Investimentos,90,Aplicações Diretas,51,Obras em Andamento - Uso Comum do Povo,08.2.759.1224,PMSP-SF/COADM-Fundo Municipal de Desenvolvimento Social-FMD,0,Hospitais e Similares ,8,Obras e Instalações,331273.85,0.0,0.0,0.0,0.0,0.0,"[{""siglaUnidadeMedida"": ""SER"", ""descricaoAnexo"": ""SMS - CONTRATAÇÃO DE OBRA DE MANUTENÇÃO - UBS CAMPO LIMPO - EXERCÍCIO 2023."", ""qtdeAnexo"": 1, ""valorUnitarioAnexo"": 331273.85}]",,,,,012/2023
01,PREFEITURA DO MUNICÍPIO DE SÃO PAULO,81617,120034,2023,12,06/12/2023 00:00:00,6018202301061290,67192609000180,M A S CONSTRUCOES E EMPREENDIMENTOS LIMITADA,38040,2023,07,Fundo Municipal de Desenvolvimento Social,10,Fundo Municipal de Desenvolvimento Social,10,Saúde,301,Atenção Básica,3003,"Ações e Serviços da Saúde em Atenção Básica, Especialidades e Vigilânc",5204,"Avança Saúde SP - Ampliação, Reforma e Requalificação de Equipamentos ",4,Despesas de Capital,4,Investimentos,90,Aplicações Diretas,51,Obras em Andamento - Uso Comum do Povo,08.2.759.1224,PMSP-SF/COADM-Fundo Municipal de Desenvolvimento Social-FMD,0,Hospitais e Similares ,8,Obras e Instalações,471539.5,0.0,0.0,0.0,0.0,0.0,"[{""siglaUnidadeMedida"": ""SER"", ""descricaoAnexo"": ""CONTRATAÇÃO DE EMPRESA ESPECIALIZADA PARA A PRESTAÇÃO DE SERVIÇOS DE REPAROS, ADEQUAÇÕES PONTUAIS E PEQUENOS SERVIÇOS DE ENGENHARIA NA UNIDADE AE DR. ALEXANDRE KALIL YASBEK – (LOTE 7 – Sudeste 2- ETAPA 2) -EXERCICIO 2023."", ""qtdeAnexo"": 1, ""valorUnitarioAnexo"": 471539.5}]",,,,,016/2023
01,PREFEITURA DO MUNICÍPIO DE SÃO PAULO,82642,120346,2023,12,06/12/2023 00:00:00,6018202301056866,04002395000112,LEMAM CONSTRUCOES E COMERCIO SA,38183,2023,07,Fundo Municipal de Desenvolvimento Social,10,Fundo Municipal de Desenvolvimento Social,10,Saúde,301,Atenção Básica,3003,"Ações e Serviços da Saúde em Atenção Básica, Especialidades e Vigilânc",5204,"Avança Saúde SP - Ampliação, Reforma e Requalificação de Equipamentos ",4,Despesas de Capital,4,Investimentos,90,Aplicações Diretas,51,Obras em Andamento - Uso Comum do Povo,08.2.759.1224,PMSP-SF/COADM-Fundo Municipal de Desenvolvimento Social-FMD,0,Hospitais e Similares ,8,Obras e Instalações,568408.26,0.0,345388.52,0.0,0.0,345388.52,"[{""siglaUnidadeMedida"": ""SER"", ""descricaoAnexo"": ""CONTRATAÇÃO DE EMPRESA ESPECIALIZADA PARA A PRESTAÇÃO DE SERVIÇOS DE REPAROS, ADEQUAÇÕES PONTUAIS E PEQUENOS SERVIÇOS DE ENGENHARIA NA UBS VILA IMPÉRIO II– COM FORNECIMENTO DE MATERIAL E MÃO-DE-OBRA, EM LOTES. (LOTE 10 – Sul 3 ) – EXERCÍCIO 2023."", ""qtdeAnexo"": 1, ""valorUnitarioAnexo"": 568408.26}]",,,,,014/2023
01,PREFEITURA DO MUNICÍPIO DE SÃO PAULO,82641,120388,2023,12,06/12/2023 00:00:00,6018202301064338,04002395000112,LEMAM CONSTRUCOES E COMERCIO SA,38305,2023,07,Fundo Municipal de Desenvolvimento Social,10,Fundo Municipal de Desenvolvimento Social,10,Saúde,301,Atenção Básica,3003,"Ações e Serviços da Saúde em Atenção Básica, Especialidades e Vigilânc",5204,"Avança Saúde SP - Ampliação, Reforma e Requalificação de Equipamentos ",4,Despesas de Capital,4,Investimentos,90,Aplicações Diretas,51,Obras em Andamento - Uso Comum do Povo,08.2.759.1224,PMSP-SF/COADM-Fundo Municipal de Desenvolvimento Social-FMD,0,Hospitais e Similares ,8,Obras e Instalações,445017.15,0.0,207256.61,0.0,0.0,207256.61,"[{""siglaUnidadeMedida"": ""SER"", ""descricaoAnexo"": ""CONTRATAÇÃO DE EMPRESA ESPECIALIZADA PARA A PRESTAÇÃO DE SERVIÇOS DE REPAROS, ADEQUAÇÕES PONTUAIS E PEQUENOS SERVIÇOS DE ENGENHARIA NA UBS MAR PAULISTA– COM FORNECIMENTO DE MATERIAL E MÃO-DE-OBRA, EM LOTES. (LOTE 10 – Sul 3) – EXERCÍCIO 2023."", ""qtdeAnexo"": 1, ""valorUnitarioAnexo"": 445017.15}]",,,,,013/2023
01,PREFEITURA DO MUNICÍPIO DE SÃO PAULO,45360,121176,2023,12,06/12/2023 00:00:00,6012202300205636,23139874000120,HABITEM INCORPORACAO E CONSTRUCAO LTDA,30625,2023,07,Fundo Municipal de Desenvolvimento Social,10,Fundo Municipal de Desenvolvimento Social,15,Urbanismo,452,Serviços Urbanos,3006,Promoção dos Direitos da Pessoa com Deficiência,1169,Reforma e Acessibilidade em Passeios Públicos,4,Despesas de Capital,4,Investimentos,90,Aplicações Diretas,39,Manutenção e Conservação de Bens Imóveis,08.1.759.1224,PMSP-SF/COADM-Fundo Municipal de Desenvolvimento Social-FMD,1,Manutenção e Reformas de Bens Imóveis,1,Outros Serviços de Terceiros - Pessoa Jurídica,136080.56,0.0,0.0,0.0,0.0,0.0,"[{""siglaUnidadeMedida"": ""UN"", ""descricaoAnexo"": ""SERVIÇOS DE PAVIMENTAÇÃO DE CALÇADAS NA CIDADE DE SÃO\nPAULO, INSERIDAS NO PLANO EMERGENCIAL DE CALÇADAS"", ""qtdeAnexo"": 1, ""valorUnitarioAnexo"": 136080.56}]",,,,,700/SMSUB/COGEL/2023
01,PREFEITURA DO MUNICÍPIO DE SÃO PAULO,82627,121260,2023,12,08/12/2023 00:00:00,6018202301123636,02243019000194,CONSITEC  ENGENHARIA E TECNOLOGIA LTDA,38752,2023,07,Fundo Municipal de Desenvolvimento Social,10,Fundo Municipal de Desenvolvimento Social,10,Saúde,301,Atenção Básica,3003,"Ações e Serviços da Saúde em Atenção Básica, Especialidades e Vigilânc",5204,"Avança Saúde SP - Ampliação, Reforma e Requalificação de Equipamentos ",4,Despesas de Capital,4,Investimentos,90,Aplicações Diretas,51,Obras em Andamento - Uso Comum do Povo,08.2.759.1224,PMSP-SF/COADM-Fundo Municipal de Desenvolvimento Social-FMD,0,Hospitais e Similares ,8,Obras e Instalações,168256.69,0.0,0.0,0.0,0.0,0.0,"[{""siglaUnidadeMedida"": ""SER"", ""descricaoAnexo"": ""SMS - CONTRATAÇÃO DA OBRA DE MANUTENÇÃO UBS COMENDADOR JOSÉ GONZALES - EXERCÍCIO 2023."", ""qtdeAnexo"": 1, ""valorUnitarioAnexo"": 168256.69}]",,,,,015/2023
01,PREFEITURA DO MUNICÍPIO DE SÃO PAULO,82625,121261,2023,12,08/12/2023 00:00:00,6018202301067345,62533278000181,H E ENGENHARIA COMERCIO E REPRESENTACOES LTDA,38750,2023,07,Fundo Municipal de Desenvolvimento Social,10,Fundo Municipal de Desenvolvimento Social,10,Saúde,301,Atenção Básica,3003,"Ações e Serviços da Saúde em Atenção Básica, Especialidades e Vigilânc",5204,"Avança Saúde SP - Ampliação, Reforma e Requalificação de Equipamentos ",4,Despesas de Capital,4,Investimentos,90,Aplicações Diretas,51,Obras em Andamento - Uso Comum do Povo,08.2.759.1224,PMSP-SF/COADM-Fundo Municipal de Desenvolvimento Social-FMD,0,Hospitais e Similares ,8,Obras e Instalações,301934.38,0.0,120024.04,0.0,0.0,120024.04,"[{""siglaUnidadeMedida"": ""SER"", ""descricaoAnexo"": ""SMS - CONTRATAÇÃO DE OBRA DE MANUTENÇÃO - UBS JD. NAKAMURA - EXERCÍCIO 2023."", ""qtdeAnexo"": 1, ""valorUnitarioAnexo"": 301934.38}]",,,,,020/2023
01,PREFEITURA DO MUNICÍPIO DE SÃO PAULO,82634,121266,2023,12,08/12/2023 00:00:00,6018202301066748,62533278000181,H E ENGENHARIA COMERCIO E REPRESENTACOES LTDA,38748,2023,07,Fundo Municipal de Desenvolvimento Social,10,Fundo Municipal de Desenvolvimento Social,10,Saúde,301,Atenção Básica,3003,"Ações e Serviços da Saúde em Atenção Básica, Especialidades e Vigilânc",5204,"Avança Saúde SP - Ampliação, Reforma e Requalificação de Equipamentos ",4,Despesas de Capital,4,Investimentos,90,Aplicações Diretas,51,Obras em Andamento - Uso Comum do Povo,08.2.759.1224,PMSP-SF/COADM-Fundo Municipal de Desenvolvimento Social-FMD,0,Hospitais e Similares ,8,Obras e Instalações,306668.1,0.0,0.0,0.0,0.0,0.0,"[{""siglaUnidadeMedida"": ""SER"", ""descricaoAnexo"": ""SMS - CONTRATAÇÃO DA OBRA DE MANUTENÇÃO UBS PQ. ARARIBÁ - EXERCÍCIO 2023."", ""qtdeAnexo"": 1, ""valorUnitarioAnexo"": 306668.1}]",,,,,019/2023
01,PREFEITURA DO MUNICÍPIO DE SÃO PAULO,82636,121449,2023,12,08/12/2023 00:00:00,6018202301056424,04002395000112,LEMAM CONSTRUCOES E COMERCIO SA,38805,2023,07,Fundo Municipal de Desenvolvimento Social,10,Fundo Municipal de Desenvolvimento Social,10,Saúde,301,Atenção Básica,3003,"Ações e Serviços da Saúde em Atenção Básica, Especialidades e Vigilânc",5204,"Avança Saúde SP - Ampliação, Reforma e Requalificação de Equipamentos ",4,Despesas de Capital,4,Investimentos,90,Aplicações Diretas,51,Obras em Andamento - Uso Comum do Povo,08.2.759.1224,PMSP-SF/COADM-Fundo Municipal de Desenvolvimento Social-FMD,0,Hospitais e Similares ,8,Obras e Instalações,640378.14,0.0,244326.43,0.0,0.0,244326.43,"[{""siglaUnidadeMedida"": ""SER"", ""descricaoAnexo"": ""SMS - CONTRATAÇÃO DE EMPRESA ESPECIALIZADA PARA A PRESTAÇÃO DE SERVIÇOS DE REPAROS,\nADEQUAÇÕES PONTUAIS E PEQUENOS SERVIÇOS DE ENGENHARIA NA UBS JARDIM AEROPORTO– COM FORNECIMENTO DE MATERIAL E MÃO-DE-OBRA, EM LOTES. (LOTE 10 – Sul 3) – EXERCÍCIO 2023."", ""qtdeAnexo"": 1, ""valorUnitarioAnexo"": 640378.14}]",,,,,023/2023
01,PREFEITURA DO MUNICÍPIO DE SÃO PAULO,82614,121623,2023,12,08/12/2023 00:00:00,6018202301063994,04002395000112,LEMAM CONSTRUCOES E COMERCIO SA,38835,2023,07,Fundo Municipal de Desenvolvimento Social,10,Fundo Municipal de Desenvolvimento Social,10,Saúde,301,Atenção Básica,3003,"Ações e Serviços da Saúde em Atenção Básica, Especialidades e Vigilânc",5204,"Avança Saúde SP - Ampliação, Reforma e Requalificação de Equipamentos ",4,Despesas de Capital,4,Investimentos,90,Aplicações Diretas,51,Obras em Andamento - Uso Comum do Povo,08.2.759.1224,PMSP-SF/COADM-Fundo Municipal de Desenvolvimento Social-FMD,0,Hospitais e Similares ,8,Obras e Instalações,579097.8,0.0,197847.57,0.0,0.0,197847.57,"[{""siglaUnidadeMedida"": ""SER"", ""descricaoAnexo"": ""SMS-CONTRATAÇÃO DE EMPRESA ESPECIALIZADA PARA A PRESTAÇÃO DE SERVIÇOS DE REPAROS, ADEQUAÇÕES PONTUAIS E PEQUENOS SERVIÇOS DE ENGENHARIA NA UBS JARDIM UMUARAMA– COM FORNECIMENTO DE MATERIAL E MÃO-DE-OBRA, EM LOTES. (LOTE 10 – Sul 3) – EXERCÍCIO 2023.\n"", ""qtdeAnexo"": 1, ""valorUnitarioAnexo"": 579097.8}]",,,,,026/2023
01,PREFEITURA DO MUNICÍPIO DE SÃO PAULO,82615,121662,2023,12,08/12/2023 00:00:00,6018202301056718,04002395000112,LEMAM CONSTRUCOES E COMERCIO SA,38845,2023,07,Fundo Municipal de Desenvolvimento Social,10,Fundo Municipal de Desenvolvimento Social,10,Saúde,301,Atenção Básica,3003,"Ações e Serviços da Saúde em Atenção Básica, Especialidades e Vigilânc",5204,"Avança Saúde SP - Ampliação, Reforma e Requalificação de Equipamentos ",4,Despesas de Capital,4,Investimentos,90,Aplicações Diretas,51,Obras em Andamento - Uso Comum do Povo,08.2.759.1224,PMSP-SF/COADM-Fundo Municipal de Desenvolvimento Social-FMD,0,Hospitais e Similares ,8,Obras e Instalações,814251.6,0.0,468829.56,0.0,0.0,468829.56,"[{""siglaUnidadeMedida"": ""SER"", ""descricaoAnexo"": ""SMS-CONTRATAÇÃO DE EMPRESA ESPECIALIZADA PARA A PRESTAÇÃO DE SERVIÇOS DE REPAROS, ADEQUAÇÕES PONTUAIS E PEQUENOS SERVIÇOS DE ENGENHARIA NA UBS JARDIM MIRIAM II– COM\nFORNECIMENTO DE MATERIAL E MÃO-DE-OBRA, EM LOTES. (LOTE 10 – Sul 3) – EXERCÍCIO 2023\n"", ""qtdeAnexo"": 1, ""valorUnitarioAnexo"": 814251.6}]",,,,,024/2023
01,PREFEITURA DO MUNICÍPIO DE SÃO PAULO,82613,121681,2023,12,08/12/2023 00:00:00,6018202301064036,04002395000112,LEMAM CONSTRUCOES E COMERCIO SA,38854,2023,07,Fundo Municipal de Desenvolvimento Social,10,Fundo Municipal de Desenvolvimento Social,10,Saúde,301,Atenção Básica,3003,"Ações e Serviços da Saúde em Atenção Básica, Especialidades e Vigilânc",5204,"Avança Saúde SP - Ampliação, Reforma e Requalificação de Equipamentos ",4,Despesas de Capital,4,Investimentos,90,Aplicações Diretas,51,Obras em Andamento - Uso Comum do Povo,08.2.759.1224,PMSP-SF/COADM-Fundo Municipal de Desenvolvimento Social-FMD,0,Hospitais e Similares ,8,Obras e Instalações,340994.02,0.0,150002.6,0.0,0.0,150002.6,"[{""siglaUnidadeMedida"": ""SER"", ""descricaoAnexo"": ""SMS-CONTRATAÇÃO DE EMPRESA ESPECIALIZADA PARA A PRESTAÇÃO DE SERVIÇOS DE REPAROS, ADEQUAÇÕES PONTUAIS E PEQUENOS SERVIÇOS DE ENGENHARIA NA UBS CHÁCARA SANTO ANTÔNIO– COM FORNECIMENTO DE MATERIAL E MÃO-DE-OBRA, EM LOTES. (LOTE 10 – Sul 3) – EXERCÍCIO 2023."", ""qtdeAnexo"": 1, ""valorUnitarioAnexo"": 340994.02}]",,,,,022/2023
01,PREFEITURA DO MUNICÍPIO DE SÃO PAULO,82639,121700,2023,12,08/12/2023 00:00:00,6018202301064451,04002395000112,LEMAM CONSTRUCOES E COMERCIO SA,38864,2023,07,Fundo Municipal de Desenvolvimento Social,10,Fundo Municipal de Desenvolvimento Social,10,Saúde,301,Atenção Básica,3003,"Ações e Serviços da Saúde em Atenção Básica, Especialidades e Vigilânc",5204,"Avança Saúde SP - Ampliação, Reforma e Requalificação de Equipamentos ",4,Despesas de Capital,4,Investimentos,90,Aplicações Diretas,51,Obras em Andamento - Uso Comum do Povo,08.2.759.1224,PMSP-SF/COADM-Fundo Municipal de Desenvolvimento Social-FMD,0,Hospitais e Similares ,8,Obras e Instalações,420946.53,0.0,262226.69,0.0,0.0,262226.69,"[{""siglaUnidadeMedida"": ""SER"", ""descricaoAnexo"": ""SMS-CONTRATAÇÃO DE EMPRESA ESPECIALIZADA PARA A PRESTAÇÃO DE SERVIÇOS DE REPAROS, ADEQUAÇÕES PONTUAIS E PEQUENOS SERVIÇOS DE ENGENHARIA NA UBS VILA CONSTÂNCIA– COM FORNECIMENTO DE MATERIAL E MÃO-DE-OBRA, EM LOTES. (LOTE 10 – Sul 3) – EXERCÍCIO 2023.\n"", ""qtdeAnexo"": 1, ""valorUnitarioAnexo"": 420946.53}]",,,,,027/2023
01,PREFEITURA DO MUNICÍPIO DE SÃO PAULO,45360,121714,2023,12,08/12/2023 00:00:00,6012202300275340,44721630000120,NOVA JRA EMPREENDIMENTOS E ENGENHARIA LTDA,38867,2023,07,Fundo Municipal de Desenvolvimento Social,10,Fundo Municipal de Desenvolvimento Social,15,Urbanismo,452,Serviços Urbanos,3006,Promoção dos Direitos da Pessoa com Deficiência,1169,Reforma e Acessibilidade em Passeios Públicos,4,Despesas de Capital,4,Investimentos,90,Aplicações Diretas,39,Manutenção e Conservação de Bens Imóveis,08.1.759.1224,PMSP-SF/COADM-Fundo Municipal de Desenvolvimento Social-FMD,1,Manutenção e Reformas de Bens Imóveis,1,Outros Serviços de Terceiros - Pessoa Jurídica,594985.17,0.0,7945.82,0.0,0.0,7945.82,"[{""siglaUnidadeMedida"": ""UN"", ""descricaoAnexo"": ""ATOS - 965/SMSUB/COGEL/2023 - "", ""qtdeAnexo"": 1, ""valorUnitarioAnexo"": 594985.17}]",,,,,965/SMSUB/COGEL/2023
01,PREFEITURA DO MUNICÍPIO DE SÃO PAULO,82622,121740,2023,12,08/12/2023 00:00:00,6018202301068104,04002395000112,LEMAM CONSTRUCOES E COMERCIO SA,38874,2023,07,Fundo Municipal de Desenvolvimento Social,10,Fundo Municipal de Desenvolvimento Social,10,Saúde,301,Atenção Básica,3003,"Ações e Serviços da Saúde em Atenção Básica, Especialidades e Vigilânc",5204,"Avança Saúde SP - Ampliação, Reforma e Requalificação de Equipamentos ",4,Despesas de Capital,4,Investimentos,90,Aplicações Diretas,51,Obras em Andamento - Uso Comum do Povo,08.2.759.1224,PMSP-SF/COADM-Fundo Municipal de Desenvolvimento Social-FMD,0,Hospitais e Similares ,8,Obras e Instalações,676933.84,0.0,188937.99,0.0,0.0,188937.99,"[{""siglaUnidadeMedida"": ""SER"", ""descricaoAnexo"": ""SMS-CONTRATAÇÃO DE EMPRESA ESPECIALIZADA PARA A PRESTAÇÃO DE SERVIÇOS DE REPAROS, ADEQUAÇÕES PONTUAIS E PEQUENOS SERVIÇOS DE ENGENHARIA NA UBS JD NITERÓI– COM FORNECIMENTO DE MATERIAL E MÃO-DE-OBRA, EM LOTES. (LOTE 10 – Sul 3) – EXERCÍCIO 2023.\n"", ""qtdeAnexo"": 1, ""valorUnitarioAnexo"": 676933.84}]",,,,,025/2023
01,PREFEITURA DO MUNICÍPIO DE SÃO PAULO,76593,121755,2023,12,08/12/2023 00:00:00,201400356039,68311216000101,ASSOCIAÇÃO SAUDE DA FAMILIA,21189,2018,07,Fundo Municipal de Desenvolvimento Social,10,Fundo Municipal de Desenvolvimento Social,10,Saúde,301,Atenção Básica,3003,"Ações e Serviços da Saúde em Atenção Básica, Especialidades e Vigilânc",5204,"Avança Saúde SP - Ampliação, Reforma e Requalificação de Equipamentos ",4,Despesas de Capital,4,Investimentos,50,Transferências a Instituições Privadas sem Fins Lucrativos,52,Serviços de Assistência à Saúde,08.2.759.1224,PMSP-SF/COADM-Fundo Municipal de Desenvolvimento Social-FMD,0,Materiais Permanentes,5,Equipamentos e Material Permanente,99623.0,0.0,99623.0,99623.0,99623.0,0.0,"[{""siglaUnidadeMedida"": ""MES"", ""descricaoAnexo"": ""CG R002.2014 - TA 160.2023 - Inclusão de Recurso de INVESTIMENTO para Aquisição de Mobiliários e Equipamentos para AMA/UBS Integrada Jardim Castro Alves - Nov 2023\n\n"", ""qtdeAnexo"": 1, ""valorUnitarioAnexo"": 99623.0}]",,,,,R002/2014
01,PREFEITURA DO MUNICÍPIO DE SÃO PAULO,82619,121948,2023,12,11/12/2023 00:00:00,6018202301095462,57646374000104,MACOR ENGENHARIA CONSTRUCOES E COMERCIO SA,38917,2023,07,Fundo Municipal de Desenvolvimento Social,10,Fundo Municipal de Desenvolvimento Social,10,Saúde,301,Atenção Básica,3003,"Ações e Serviços da Saúde em Atenção Básica, Especialidades e Vigilânc",5204,"Avança Saúde SP - Ampliação, Reforma e Requalificação de Equipamentos ",4,Despesas de Capital,4,Investimentos,90,Aplicações Diretas,51,Obras em Andamento - Uso Comum do Povo,08.2.759.1224,PMSP-SF/COADM-Fundo Municipal de Desenvolvimento Social-FMD,0,Hospitais e Similares ,8,Obras e Instalações,261948.82,0.0,6649.97,0.0,0.0,6649.97,"[{""siglaUnidadeMedida"": ""SER"", ""descricaoAnexo"": ""SMS - CONTRATAÇÃO DE EMPRESA ESPECIALIZADA PARA A PRESTAÇÃO DE SERVIÇOS DE REPAROS, ADEQUAÇÕES PONTUAIS E PEQUENOS SERVIÇOS DE ENGENHARIA NA UBS PARELHEIROS– COM FORNECIMENTO DE MATERIAL E MÃO-DE-OBRA, EM LOTES. (LOTE 09 – Sul 2) – EXERCÍCIO 2023."", ""qtdeAnexo"": 1, ""valorUnitarioAnexo"": 261948.82}]",,,,,021/2023
01,PREFEITURA DO MUNICÍPIO DE SÃO PAULO,82630,121967,2023,12,11/12/2023 00:00:00,6018202301068490,67192609000180,M A S CONSTRUCOES E EMPREENDIMENTOS LIMITADA,38923,2023,07,Fundo Municipal de Desenvolvimento Social,10,Fundo Municipal de Desenvolvimento Social,10,Saúde,301,Atenção Básica,3003,"Ações e Serviços da Saúde em Atenção Básica, Especialidades e Vigilânc",5204,"Avança Saúde SP - Ampliação, Reforma e Requalificação de Equipamentos ",4,Despesas de Capital,4,Investimentos,90,Aplicações Diretas,51,Obras em Andamento - Uso Comum do Povo,08.2.759.1224,PMSP-SF/COADM-Fundo Municipal de Desenvolvimento Social-FMD,0,Hospitais e Similares ,8,Obras e Instalações,228896.28,0.0,199769.2,0.0,0.0,199769.2,"[{""siglaUnidadeMedida"": ""SER"", ""descricaoAnexo"": ""SMS - CONTRATAÇÃO DE EMPRESA ESPECIALIZADA PARA A PRESTAÇÃO DE SERVIÇOS DE REPAROS, ADEQUAÇÕES PONTUAIS E PEQUENOS SERVIÇOS DE ENGENHARIA NA AMA/UBS VL. CALIFONIA (ETP. 2)– COM FORNECIMENTO DE MAT. E MÃO-DE-OBRA, EM LOTES. (LT 07 – Sudeste 2) – EXERC 2023"", ""qtdeAnexo"": 1, ""valorUnitarioAnexo"": 228896.28}]",,,,,018/2023
01,PREFEITURA DO MUNICÍPIO DE SÃO PAULO,62193,122198,2023,12,11/12/2023 00:00:00,6110202100021771,61699567000273,SPDM  ASSOCIACAO PAULISTA PARA O DESENVOLVIMENTO DA MEDICINA,53,2011,07,Fundo Municipal de Desenvolvimento Social,10,Fundo Municipal de Desenvolvimento Social,10,Saúde,302,Assistência Hospitalar e Ambulatorial,3003,"Ações e Serviços da Saúde em Atenção Básica, Especialidades e Vigilânc",5204,"Avança Saúde SP - Ampliação, Reforma e Requalificação de Equipamentos ",4,Despesas de Capital,4,Investimentos,50,Transferências a Instituições Privadas sem Fins Lucrativos,52,Serviços de Assistência à Saúde,08.2.759.1224,PMSP-SF/COADM-Fundo Municipal de Desenvolvimento Social-FMD,0,Materiais Permanentes,5,Equipamentos e Material Permanente,1000000.0,0.0,1000000.0,1000000.0,1000000.0,0.0,"[{""siglaUnidadeMedida"": ""SER"", ""descricaoAnexo"": ""SMS - SPDM - H.M. VER. J. STOROPOLLI - CONTRATO DE GESTÃO Nº 006/2008 - AQUISIÇÃO DE EQUIPAMENTO DE TOMOGRAFIA DE 32 CORTES"", ""qtdeAnexo"": 1, ""valorUnitarioAnexo"": 1000000.0}]",,,,,006/2008-NTCSS-SMS-G
01,PREFEITURA DO MUNICÍPIO DE SÃO PAULO,45360,122658,2023,12,12/12/2023 00:00:00,6012202300158476,44721630000120,NOVA JRA EMPREENDIMENTOS E ENGENHARIA LTDA,23878,2023,07,Fundo Municipal de Desenvolvimento Social,10,Fundo Municipal de Desenvolvimento Social,15,Urbanismo,452,Serviços Urbanos,3006,Promoção dos Direitos da Pessoa com Deficiência,1169,Reforma e Acessibilidade em Passeios Públicos,4,Despesas de Capital,4,Investimentos,90,Aplicações Diretas,39,Manutenção e Conservação de Bens Imóveis,08.1.759.1224,PMSP-SF/COADM-Fundo Municipal de Desenvolvimento Social-FMD,1,Manutenção e Reformas de Bens Imóveis,1,Outros Serviços de Terceiros - Pessoa Jurídica,323732.46,0.0,323732.46,0.0,0.0,323732.46,"[{""siglaUnidadeMedida"": ""UN"", ""descricaoAnexo"": ""ATOS - 444/SMSUB/COGEL/2023 - \""Avenida Cupecê entre Rua Rubens Facchini e Rua Sassaki - Quadra F402/ Setor120\nAvenida Cupecê entre Rua Sassaki e Rua Professor Pedro Matias de Oliveira - Quadra F391/ Setor 120\n"", ""qtdeAnexo"": 1, ""valorUnitarioAnexo"": 323732.46}]",,,,,444/SMSUB/COGEL/2023
01,PREFEITURA DO MUNICÍPIO DE SÃO PAULO,85832,122819,2023,12,13/12/2023 00:00:00,6018202301100393,62533278000181,H E ENGENHARIA COMERCIO E REPRESENTACOES LTDA,39093,2023,07,Fundo Municipal de Desenvolvimento Social,10,Fundo Municipal de Desenvolvimento Social,10,Saúde,301,Atenção Básica,3003,"Ações e Serviços da Saúde em Atenção Básica, Especialidades e Vigilânc",5204,"Avança Saúde SP - Ampliação, Reforma e Requalificação de Equipamentos ",4,Despesas de Capital,4,Investimentos,90,Aplicações Diretas,51,Obras em Andamento - Uso Comum do Povo,08.2.759.1224,PMSP-SF/COADM-Fundo Municipal de Desenvolvimento Social-FMD,0,Hospitais e Similares ,8,Obras e Instalações,263794.83,0.0,70850.85,0.0,0.0,70850.85,"[{""siglaUnidadeMedida"": ""SER"", ""descricaoAnexo"": ""SMS - CONTRATAÇÃO DE OBRA DE MANUTENÇÃO - UBS JD. SÃO BENTO - EXERCÍCIO 2023."", ""qtdeAnexo"": 1, ""valorUnitarioAnexo"": 263794.83}]",,,,,036/2023
01,PREFEITURA DO MUNICÍPIO DE SÃO PAULO,38369,122821,2023,12,13/12/2023 00:00:00,6110202100124171,07717809000188,CONSTRUMAB ENGENHARIA LTDA,39095,2023,07,Fundo Municipal de Desenvolvimento Social,10,Fundo Municipal de Desenvolvimento Social,10,Saúde,302,Assistência Hospitalar e Ambulatorial,3003,"Ações e Serviços da Saúde em Atenção Básica, Especialidades e Vigilânc",5204,"Avança Saúde SP - Ampliação, Reforma e Requalificação de Equipamentos ",4,Despesas de Capital,4,Investimentos,90,Aplicações Diretas,51,Obras em Andamento - Uso Comum do Povo,08.2.759.1224,PMSP-SF/COADM-Fundo Municipal de Desenvolvimento Social-FMD,0,Hospitais e Similares ,8,Obras e Instalações,699700.0,0.0,699700.0,0.0,0.0,699700.0,"[{""siglaUnidadeMedida"": ""SER"", ""descricaoAnexo"": ""SMS- CONTRATAÇÃO DE EMPRESA ESPECIALIZADA EM REFORMAS DE EDIFICAÇÕES, COM FORNECIMENTO DE MATERIAL E MÃO DE OBRA  DO HOSPITAL MUNICIPAL DR. PROFESSOR ALÍPIO CORRÊA NETO PERTENCENTE A SMS."", ""qtdeAnexo"": 1, ""valorUnitarioAnexo"": 699700.0}]",,,,,196/2023
01,PREFEITURA DO MUNICÍPIO DE SÃO PAULO,85846,123138,2023,12,14/12/2023 00:00:00,6018202301063846,56838949000110,CONSTRUTORA PROGREDIOR LTDA,39241,2023,07,Fundo Municipal de Desenvolvimento Social,10,Fundo Municipal de Desenvolvimento Social,10,Saúde,301,Atenção Básica,3003,"Ações e Serviços da Saúde em Atenção Básica, Especialidades e Vigilânc",5204,"Avança Saúde SP - Ampliação, Reforma e Requalificação de Equipamentos ",4,Despesas de Capital,4,Investimentos,90,Aplicações Diretas,51,Obras em Andamento - Uso Comum do Povo,08.2.759.1224,PMSP-SF/COADM-Fundo Municipal de Desenvolvimento Social-FMD,0,Hospitais e Similares ,8,Obras e Instalações,199592.26,0.0,143823.54,0.0,0.0,143823.54,"[{""siglaUnidadeMedida"": ""SER"", ""descricaoAnexo"": ""SMS - CONTRATAÇÃO DE OBRA DE MANUTENÇÃO - CASA SER MARIA AUXILIADORA - EXERCÍCIO 2023."", ""qtdeAnexo"": 1, ""valorUnitarioAnexo"": 199592.26}]",,,,,028/2023
01,PREFEITURA DO MUNICÍPIO DE SÃO PAULO,85860,123144,2023,12,14/12/2023 00:00:00,6018202301078576,56838949000110,CONSTRUTORA PROGREDIOR LTDA,39244,2023,07,Fundo Municipal de Desenvolvimento Social,10,Fundo Municipal de Desenvolvimento Social,10,Saúde,301,Atenção Básica,3003,"Ações e Serviços da Saúde em Atenção Básica, Especialidades e Vigilânc",5204,"Avança Saúde SP - Ampliação, Reforma e Requalificação de Equipamentos ",4,Despesas de Capital,4,Investimentos,90,Aplicações Diretas,51,Obras em Andamento - Uso Comum do Povo,08.2.759.1224,PMSP-SF/COADM-Fundo Municipal de Desenvolvimento Social-FMD,0,Hospitais e Similares ,8,Obras e Instalações,37932.25,0.0,11688.1,0.0,0.0,11688.1,"[{""siglaUnidadeMedida"": ""SER"", ""descricaoAnexo"": ""SMS - CONTRATAÇÃO DE OBRA DE MANUTENÇÃO - UBS CASTRO ALVES - EXERCÍCIO 2023."", ""qtdeAnexo"": 1, ""valorUnitarioAnexo"": 37932.25}]",,,,,033/2023
01,PREFEITURA DO MUNICÍPIO DE SÃO PAULO,85863,123150,2023,12,14/12/2023 00:00:00,6018202301078410,56838949000110,CONSTRUTORA PROGREDIOR LTDA,39247,2023,07,Fundo Municipal de Desenvolvimento Social,10,Fundo Municipal de Desenvolvimento Social,10,Saúde,301,Atenção Básica,3003,"Ações e Serviços da Saúde em Atenção Básica, Especialidades e Vigilânc",5204,"Avança Saúde SP - Ampliação, Reforma e Requalificação de Equipamentos ",4,Despesas de Capital,4,Investimentos,90,Aplicações Diretas,51,Obras em Andamento - Uso Comum do Povo,08.2.759.1224,PMSP-SF/COADM-Fundo Municipal de Desenvolvimento Social-FMD,0,Hospitais e Similares ,8,Obras e Instalações,75490.33,0.0,1794.88,0.0,0.0,1794.88,"[{""siglaUnidadeMedida"": ""SER"", ""descricaoAnexo"": ""SMS - CONTRATAÇÃO DE OBRA DE MANUTENÇÃO - UBS PQ SANTA RITA - EXERCÍCIO 2023."", ""qtdeAnexo"": 1, ""valorUnitarioAnexo"": 75490.33}]",,,,,032/2023
01,PREFEITURA DO MUNICÍPIO DE SÃO PAULO,85867,123158,2023,12,14/12/2023 00:00:00,6018202301078614,56838949000110,CONSTRUTORA PROGREDIOR LTDA,39253,2023,07,Fundo Municipal de Desenvolvimento Social,10,Fundo Municipal de Desenvolvimento Social,10,Saúde,301,Atenção Básica,3003,"Ações e Serviços da Saúde em Atenção Básica, Especialidades e Vigilânc",5204,"Avança Saúde SP - Ampliação, Reforma e Requalificação de Equipamentos ",4,Despesas de Capital,4,Investimentos,90,Aplicações Diretas,51,Obras em Andamento - Uso Comum do Povo,08.2.759.1224,PMSP-SF/COADM-Fundo Municipal de Desenvolvimento Social-FMD,0,Hospitais e Similares ,8,Obras e Instalações,41481.55,0.0,2845.45,0.0,0.0,2845.45,"[{""siglaUnidadeMedida"": ""SER"", ""descricaoAnexo"": ""SMS - CONTRATAÇÃO DE OBRA DE MANUTENÇÃO - UBS PEDRO DE SOUZA CAMPOS - EXERCÍCIO 2023."", ""qtdeAnexo"": 1, ""valorUnitarioAnexo"": 41481.55}]",,,,,029/2023
01,PREFEITURA DO MUNICÍPIO DE SÃO PAULO,85827,123163,2023,12,14/12/2023 00:00:00,6018202301078533,56838949000110,CONSTRUTORA PROGREDIOR LTDA,39257,2023,07,Fundo Municipal de Desenvolvimento Social,10,Fundo Municipal de Desenvolvimento Social,10,Saúde,301,Atenção Básica,3003,"Ações e Serviços da Saúde em Atenção Básica, Especialidades e Vigilânc",5204,"Avança Saúde SP - Ampliação, Reforma e Requalificação de Equipamentos ",4,Despesas de Capital,4,Investimentos,90,Aplicações Diretas,51,Obras em Andamento - Uso Comum do Povo,08.2.759.1224,PMSP-SF/COADM-Fundo Municipal de Desenvolvimento Social-FMD,0,Hospitais e Similares ,8,Obras e Instalações,26014.61,0.0,2878.38,0.0,0.0,2878.38,"[{""siglaUnidadeMedida"": ""SER"", ""descricaoAnexo"": ""SMS - CONTRATAÇÃO DE OBRA DE MANUTENÇÃO - UBS ERMELINO MATARAZZO - EXERCÍCIO 2023."", ""qtdeAnexo"": 1, ""valorUnitarioAnexo"": 26014.61}]",,,,,030/2023
01,PREFEITURA DO MUNICÍPIO DE SÃO PAULO,85854,123166,2023,12,14/12/2023 00:00:00,6018202301080465,56838949000110,CONSTRUTORA PROGREDIOR LTDA,39260,2023,07,Fundo Municipal de Desenvolvimento Social,10,Fundo Municipal de Desenvolvimento Social,10,Saúde,301,Atenção Básica,3003,"Ações e Serviços da Saúde em Atenção Básica, Especialidades e Vigilânc",5204,"Avança Saúde SP - Ampliação, Reforma e Requalificação de Equipamentos ",4,Despesas de Capital,4,Investimentos,90,Aplicações Diretas,51,Obras em Andamento - Uso Comum do Povo,08.2.759.1224,PMSP-SF/COADM-Fundo Municipal de Desenvolvimento Social-FMD,0,Hospitais e Similares ,8,Obras e Instalações,108538.44,0.0,1835.17,0.0,0.0,1835.17,"[{""siglaUnidadeMedida"": ""SER"", ""descricaoAnexo"": ""SMS - CONTRATAÇÃO DE OBRA DE MANUTENÇÃO - UBS JD. DAS CAMÉLIAS - EXERCÍCIO 2023."", ""qtdeAnexo"": 1, ""valorUnitarioAnexo"": 108538.44}]",,,,,031/2023
01,PREFEITURA DO MUNICÍPIO DE SÃO PAULO,85848,123179,2023,12,14/12/2023 00:00:00,6018202301128956,02243019000194,CONSITEC  ENGENHARIA E TECNOLOGIA LTDA,39267,2023,07,Fundo Municipal de Desenvolvimento Social,10,Fundo Municipal de Desenvolvimento Social,10,Saúde,301,Atenção Básica,3003,"Ações e Serviços da Saúde em Atenção Básica, Especialidades e Vigilânc",5204,"Avança Saúde SP - Ampliação, Reforma e Requalificação de Equipamentos ",4,Despesas de Capital,4,Investimentos,90,Aplicações Diretas,51,Obras em Andamento - Uso Comum do Povo,08.2.759.1224,PMSP-SF/COADM-Fundo Municipal de Desenvolvimento Social-FMD,0,Hospitais e Similares ,8,Obras e Instalações,161582.8,0.0,0.0,0.0,0.0,0.0,"[{""siglaUnidadeMedida"": ""SER"", ""descricaoAnexo"": ""SMS - CONTRATAÇÃO DA OBRA DE MANUTENÇÃO - UBS SANTO ESTEVÃO - EXERCÍCIO 2023"", ""qtdeAnexo"": 1, ""valorUnitarioAnexo"": 161582.8}]",,,,,035/2023
01,PREFEITURA DO MUNICÍPIO DE SÃO PAULO,85857,123186,2023,12,14/12/2023 00:00:00,6018202301132252,04002395000112,LEMAM CONSTRUCOES E COMERCIO SA,39268,2023,07,Fundo Municipal de Desenvolvimento Social,10,Fundo Municipal de Desenvolvimento Social,10,Saúde,301,Atenção Básica,3003,"Ações e Serviços da Saúde em Atenção Básica, Especialidades e Vigilânc",5204,"Avança Saúde SP - Ampliação, Reforma e Requalificação de Equipamentos ",4,Despesas de Capital,4,Investimentos,90,Aplicações Diretas,51,Obras em Andamento - Uso Comum do Povo,08.2.759.1224,PMSP-SF/COADM-Fundo Municipal de Desenvolvimento Social-FMD,0,Hospitais e Similares ,8,Obras e Instalações,395562.58,0.0,112631.27,0.0,0.0,112631.27,"[{""siglaUnidadeMedida"": ""SER"", ""descricaoAnexo"": ""SMS - CONTRATAÇÃO DA OBRA DE MANUTENÇÃO - UBS VILA GUACURI - EXERCÍCIO 2023"", ""qtdeAnexo"": 1, ""valorUnitarioAnexo"": 395562.58}]",,,,,039/2023
01,PREFEITURA DO MUNICÍPIO DE SÃO PAULO,85852,123196,2023,12,14/12/2023 00:00:00,6018202301116907,66748955000130,ALMEIDA SAPATA ENGENHARIA E CONSTRUCOES LTDA,39273,2023,07,Fundo Municipal de Desenvolvimento Social,10,Fundo Municipal de Desenvolvimento Social,10,Saúde,301,Atenção Básica,3003,"Ações e Serviços da Saúde em Atenção Básica, Especialidades e Vigilânc",5204,"Avança Saúde SP - Ampliação, Reforma e Requalificação de Equipamentos ",4,Despesas de Capital,4,Investimentos,90,Aplicações Diretas,51,Obras em Andamento - Uso Comum do Povo,08.2.759.1224,PMSP-SF/COADM-Fundo Municipal de Desenvolvimento Social-FMD,0,Hospitais e Similares ,8,Obras e Instalações,669085.6,0.0,69682.99,0.0,0.0,69682.99,"[{""siglaUnidadeMedida"": ""SER"", ""descricaoAnexo"": ""SMS - CONTRATAÇÃO DA OBRA DE MANUTENÇÃO - AMA ESPECIALIDADES SANTA CECÍLIA - EXERCÍCIO 2023"", ""qtdeAnexo"": 1, ""valorUnitarioAnexo"": 669085.6}]",,,,,034/2023
01,PREFEITURA DO MUNICÍPIO DE SÃO PAULO,45356,123342,2023,12,14/12/2023 00:00:00,6012202300121416,15108349000119,RODOSERV ENGENHARIA LTDA,37553,2023,07,Fundo Municipal de Desenvolvimento Social,10,Fundo Municipal de Desenvolvimento Social,15,Urbanismo,451,Infra-Estrutura Urbana,3022,Requalificação e Promoção da Ocupação dos Espaços Públicos,1170,"Intervenção, Urbanização e Melhoria de Bairros - Plano de Obras das Su",4,Despesas de Capital,4,Investimentos,90,Aplicações Diretas,51,Obras em Andamento - Uso Comum do Povo,08.2.759.1224,PMSP-SF/COADM-Fundo Municipal de Desenvolvimento Social-FMD,1,Passarelas e Similares ,8,Obras e Instalações,2000000.0,0.0,1999998.21,0.0,0.0,1999998.21,"[{""siglaUnidadeMedida"": ""UN"", ""descricaoAnexo"": ""Atos - Execução de obras civis para implantação de parque linear no Bairro Guaianases local: Av. Ribeirão Itaquera – Bairro:Guaianases - São Paulo/SP"", ""qtdeAnexo"": 1, ""valorUnitarioAnexo"": 2000000.0}]",,,,,952/SMSUB/COGEL/2023
01,PREFEITURA DO MUNICÍPIO DE SÃO PAULO,85830,123408,2023,12,15/12/2023 00:00:00,6018202301078070,62533278000181,H E ENGENHARIA COMERCIO E REPRESENTACOES LTDA,39390,2023,07,Fundo Municipal de Desenvolvimento Social,10,Fundo Municipal de Desenvolvimento Social,10,Saúde,301,Atenção Básica,3003,"Ações e Serviços da Saúde em Atenção Básica, Especialidades e Vigilânc",5204,"Avança Saúde SP - Ampliação, Reforma e Requalificação de Equipamentos ",4,Despesas de Capital,4,Investimentos,90,Aplicações Diretas,51,Obras em Andamento - Uso Comum do Povo,08.2.759.1224,PMSP-SF/COADM-Fundo Municipal de Desenvolvimento Social-FMD,0,Hospitais e Similares ,8,Obras e Instalações,350581.25,0.0,12364.54,0.0,0.0,12364.54,"[{""siglaUnidadeMedida"": ""SER"", ""descricaoAnexo"": ""SMS - CONTRATAÇÃO DE OBRA DA CONSTRUÇÃO DA UBS/AMA VILA PREL - EXERCÍCIO 2023."", ""qtdeAnexo"": 1, ""valorUnitarioAnexo"": 350581.25}]",,,,,037/2023
01,PREFEITURA DO MUNICÍPIO DE SÃO PAULO,85836,123415,2023,12,15/12/2023 00:00:00,6018202301100873,62533278000181,H E ENGENHARIA COMERCIO E REPRESENTACOES LTDA,39394,2023,07,Fundo Municipal de Desenvolvimento Social,10,Fundo Municipal de Desenvolvimento Social,10,Saúde,301,Atenção Básica,3003,"Ações e Serviços da Saúde em Atenção Básica, Especialidades e Vigilânc",5204,"Avança Saúde SP - Ampliação, Reforma e Requalificação de Equipamentos ",4,Despesas de Capital,4,Investimentos,90,Aplicações Diretas,51,Obras em Andamento - Uso Comum do Povo,08.2.759.1224,PMSP-SF/COADM-Fundo Municipal de Desenvolvimento Social-FMD,0,Hospitais e Similares ,8,Obras e Instalações,268367.43,0.0,53587.51,0.0,0.0,53587.51,"[{""siglaUnidadeMedida"": ""SER"", ""descricaoAnexo"": ""SMS - CONTRATAÇÃO DE OBRA DE MANUTENÇÃO - UBS JARDIM OLINDA - EXERCÍCIO 2023."", ""qtdeAnexo"": 1, ""valorUnitarioAnexo"": 268367.43}]",,,,,038/2023
01,PREFEITURA DO MUNICÍPIO DE SÃO PAULO,52471,124950,2023,12,20/12/2023 00:00:00,6018202300666539,06297348000179,DEKTON ENGENHARIA E CONSTRUCAO LTDA,40160,2023,07,Fundo Municipal de Desenvolvimento Social,10,Fundo Municipal de Desenvolvimento Social,10,Saúde,301,Atenção Básica,3003,"Ações e Serviços da Saúde em Atenção Básica, Especialidades e Vigilânc",5204,"Avança Saúde SP - Ampliação, Reforma e Requalificação de Equipamentos ",4,Despesas de Capital,4,Investimentos,90,Aplicações Diretas,51,Obras em Andamento - Uso Comum do Povo,08.2.759.1224,PMSP-SF/COADM-Fundo Municipal de Desenvolvimento Social-FMD,0,Hospitais e Similares ,8,Obras e Instalações,1032880.25,0.0,1032473.88,0.0,0.0,1032473.88,"[{""siglaUnidadeMedida"": ""EXE"", ""descricaoAnexo"": ""REFORMA DO IMÓVEL LOCALIZADO NO LARGO DO SOCORRO, PARA A IMPLANTAÇÃO DA UNIDADE CCO CAPELA DO SOCORRO.\n"", ""qtdeAnexo"": 1, ""valorUnitarioAnexo"": 1032880.25}]",,,,,032/2023/CRS-SUL
01,PREFEITURA DO MUNICÍPIO DE SÃO PAULO,85824,125479,2023,12,22/12/2023 00:00:00,201403371292,61699567000192,SPDM  ASSOCIACAO PAULISTA PARA O DESENVOLVIMENTO DA MEDICINA,21353,2018,07,Fundo Municipal de Desenvolvimento Social,10,Fundo Municipal de Desenvolvimento Social,10,Saúde,301,Atenção Básica,3003,"Ações e Serviços da Saúde em Atenção Básica, Especialidades e Vigilânc",5204,"Avança Saúde SP - Ampliação, Reforma e Requalificação de Equipamentos ",4,Despesas de Capital,4,Investimentos,50,Transferências a Instituições Privadas sem Fins Lucrativos,52,Serviços de Assistência à Saúde,08.2.759.1224,PMSP-SF/COADM-Fundo Municipal de Desenvolvimento Social-FMD,0,Materiais Permanentes,5,Equipamentos e Material Permanente,149900.0,0.0,149900.0,149900.0,149900.0,0.0,"[{""siglaUnidadeMedida"": ""UN"", ""descricaoAnexo"": ""Termo Aditivo ao Contrato de Gestão nº R014/2015 -SMS.G - Investimento - Aquisição de equipamentos e mobiliários para o AMA Sapopemba."", ""qtdeAnexo"": 1, ""valorUnitarioAnexo"": 149900.0}]",,,,,R014/2015-SMS.G
01,PREFEITURA DO MUNICÍPIO DE SÃO PAULO,85820,125757,2023,12,22/12/2023 00:00:00,201403371349,57571275000100,FUNDACAO DO ABC,21318,2018,07,Fundo Municipal de Desenvolvimento Social,10,Fundo Municipal de Desenvolvimento Social,10,Saúde,301,Atenção Básica,3003,"Ações e Serviços da Saúde em Atenção Básica, Especialidades e Vigilânc",5204,"Avança Saúde SP - Ampliação, Reforma e Requalificação de Equipamentos ",4,Despesas de Capital,4,Investimentos,50,Transferências a Instituições Privadas sem Fins Lucrativos,52,Serviços de Assistência à Saúde,08.2.759.1224,PMSP-SF/COADM-Fundo Municipal de Desenvolvimento Social-FMD,0,Materiais Permanentes,5,Equipamentos e Material Permanente,100000.0,0.0,100000.0,100000.0,100000.0,0.0,"[{""siglaUnidadeMedida"": ""UN"", ""descricaoAnexo"": ""SMS- RASTS SÃO MATEUS –  Aquisição de Equipamentos e Mobiliários para a UBS Jd IV Centenário, do Processo Sei 6018.2023/0115684-4"", ""qtdeAnexo"": 1, ""valorUnitarioAnexo"": 100000.0}]",,,,,009/2014
01,PREFEITURA DO MUNICÍPIO DE SÃO PAULO,87863,125947,2023,12,22/12/2023 00:00:00,6018202301055983,04002395000112,LEMAM CONSTRUCOES E COMERCIO SA,40540,2023,07,Fundo Municipal de Desenvolvimento Social,10,Fundo Municipal de Desenvolvimento Social,10,Saúde,301,Atenção Básica,3003,"Ações e Serviços da Saúde em Atenção Básica, Especialidades e Vigilânc",5204,"Avança Saúde SP - Ampliação, Reforma e Requalificação de Equipamentos ",4,Despesas de Capital,4,Investimentos,90,Aplicações Diretas,51,Obras em Andamento - Uso Comum do Povo,08.2.759.1224,PMSP-SF/COADM-Fundo Municipal de Desenvolvimento Social-FMD,0,Hospitais e Similares ,8,Obras e Instalações,332020.19,0.0,1804.08,0.0,0.0,1804.08,"[{""siglaUnidadeMedida"": ""SER"", ""descricaoAnexo"": ""SMS - CONTRATAÇÃO DE OBRA DE MANUTENÇÃO - LABORATÓRIO SANTO AMARO - EXERCÍCIO 2023."", ""qtdeAnexo"": 1, ""valorUnitarioAnexo"": 332020.19}]",,,,,041/2023
01,PREFEITURA DO MUNICÍPIO DE SÃO PAULO,87856,126033,2023,12,22/12/2023 00:00:00,6018202301068473,67192609000180,M A S CONSTRUCOES E EMPREENDIMENTOS LIMITADA,40564,2023,07,Fundo Municipal de Desenvolvimento Social,10,Fundo Municipal de Desenvolvimento Social,10,Saúde,301,Atenção Básica,3003,"Ações e Serviços da Saúde em Atenção Básica, Especialidades e Vigilânc",5204,"Avança Saúde SP - Ampliação, Reforma e Requalificação de Equipamentos ",4,Despesas de Capital,4,Investimentos,90,Aplicações Diretas,51,Obras em Andamento - Uso Comum do Povo,08.2.759.1224,PMSP-SF/COADM-Fundo Municipal de Desenvolvimento Social-FMD,0,Hospitais e Similares ,8,Obras e Instalações,186583.25,0.0,114844.43,0.0,0.0,114844.43,"[{""siglaUnidadeMedida"": ""SER"", ""descricaoAnexo"": ""SMS - CONTRATAÇÃO DE OBRA DE MANUTENÇÃO - AMA/UBS VILA CALIFÓRNIA (ETAPA 1) - EXERCÍCIO 2023."", ""qtdeAnexo"": 1, ""valorUnitarioAnexo"": 186583.25}]",,,,,040/2023/sms/cg/atas
01,PREFEITURA DO MUNICÍPIO DE SÃO PAULO,81611,126307,2023,12,22/12/2023 00:00:00,201403218052,66518267000264,CENTRO DE ESTUDOS E PESQUISAS DR JOAO AMORIM,21210,2018,07,Fundo Municipal de Desenvolvimento Social,10,Fundo Municipal de Desenvolvimento Social,10,Saúde,301,Atenção Básica,3003,"Ações e Serviços da Saúde em Atenção Básica, Especialidades e Vigilânc",5204,"Avança Saúde SP - Ampliação, Reforma e Requalificação de Equipamentos ",4,Despesas de Capital,4,Investimentos,50,Transferências a Instituições Privadas sem Fins Lucrativos,52,Serviços de Assistência à Saúde,08.2.759.1224,PMSP-SF/COADM-Fundo Municipal de Desenvolvimento Social-FMD,0,Materiais Permanentes,5,Equipamentos e Material Permanente,36000.0,0.0,36000.0,36000.0,36000.0,0.0,"[{""siglaUnidadeMedida"": ""MES"", ""descricaoAnexo"": ""CG R006.2015 - TA 135.2023 - Inclusão de Recurso de INVESTIMENTO para Aquisição de Mobiliário e Equipamento para UBS Vera Cruz - Dez 2023"", ""qtdeAnexo"": 1, ""valorUnitarioAnexo"": 36000.0}]",,,,,006/2015
01,PREFEITURA DO MUNICÍPIO DE SÃO PAULO,69759,126498,2023,12,22/12/2023 00:00:00,6018202300916721,06194976000129,QUALIDA SERVICOS TECNICOS EIRELI,40636,2023,07,Fundo Municipal de Desenvolvimento Social,10,Fundo Municipal de Desenvolvimento Social,10,Saúde,301,Atenção Básica,3003,"Ações e Serviços da Saúde em Atenção Básica, Especialidades e Vigilânc",5204,"Avança Saúde SP - Ampliação, Reforma e Requalificação de Equipamentos ",4,Despesas de Capital,4,Investimentos,90,Aplicações Diretas,51,Obras em Andamento - Uso Comum do Povo,08.2.759.1224,PMSP-SF/COADM-Fundo Municipal de Desenvolvimento Social-FMD,0,Hospitais e Similares ,8,Obras e Instalações,35107.86,0.0,35107.86,0.0,0.0,35107.86,"[{""siglaUnidadeMedida"": ""EXE"", ""descricaoAnexo"": ""REFORMA DA UNIDADE BÁSICA DE SAÚDE VILA CALÚ"", ""qtdeAnexo"": 1, ""valorUnitarioAnexo"": 35107.86}]",,,,,033/2023/CRS-SUL
01,PREFEITURA DO MUNICÍPIO DE SÃO PAULO,87869,127116,2023,12,26/12/2023 00:00:00,201403217684,60742616000160,CASA DE SAUDE SANTA MARCELINA,21331,2018,07,Fundo Municipal de Desenvolvimento Social,10,Fundo Municipal de Desenvolvimento Social,10,Saúde,301,Atenção Básica,3003,"Ações e Serviços da Saúde em Atenção Básica, Especialidades e Vigilânc",5204,"Avança Saúde SP - Ampliação, Reforma e Requalificação de Equipamentos ",4,Despesas de Capital,4,Investimentos,50,Transferências a Instituições Privadas sem Fins Lucrativos,52,Serviços de Assistência à Saúde,08.2.759.1224,PMSP-SF/COADM-Fundo Municipal de Desenvolvimento Social-FMD,0,Materiais Permanentes,5,Equipamentos e Material Permanente,96469.22,0.0,96469.22,96469.22,96469.22,0.0,"[{""siglaUnidadeMedida"": ""UNI"", ""descricaoAnexo"": ""6018.2023/0107923-8 - R11 - Aquisição de equipamento/mobiliário para a UBS Jardim Copa (conforme processo 6018.2023/0046655-6) - programa de metas 2021/2024"", ""qtdeAnexo"": 1, ""valorUnitarioAnexo"": 96469.22}]",,,,,011/2014
01,PREFEITURA DO MUNICÍPIO DE SÃO PAULO,87878,127152,2023,12,26/12/2023 00:00:00,201403217684,60742616000160,CASA DE SAUDE SANTA MARCELINA,21331,2018,07,Fundo Municipal de Desenvolvimento Social,10,Fundo Municipal de Desenvolvimento Social,10,Saúde,301,Atenção Básica,3003,"Ações e Serviços da Saúde em Atenção Básica, Especialidades e Vigilânc",5204,"Avança Saúde SP - Ampliação, Reforma e Requalificação de Equipamentos ",4,Despesas de Capital,4,Investimentos,50,Transferências a Instituições Privadas sem Fins Lucrativos,52,Serviços de Assistência à Saúde,08.2.759.1224,PMSP-SF/COADM-Fundo Municipal de Desenvolvimento Social-FMD,0,Materiais Permanentes,5,Equipamentos e Material Permanente,99972.34,0.0,99972.34,99972.34,99972.34,0.0,"[{""siglaUnidadeMedida"": ""UNI"", ""descricaoAnexo"": ""6018.2023/0110185-3 - R11 - Aquisição de equipamento/mobiliário para a UBS Jardim Helian (conforme processo 6018.2023/0046655-6) - programa de metas 2021/2024"", ""qtdeAnexo"": 1, ""valorUnitarioAnexo"": 99972.34}]",,,,,011/2014
01,PREFEITURA DO MUNICÍPIO DE SÃO PAULO,45367,127224,2023,12,26/12/2023 00:00:00,6012202300131624,02542939000103,FBF CONSTRUCOES E SERVICOS LTDA,40769,2023,07,Fundo Municipal de Desenvolvimento Social,10,Fundo Municipal de Desenvolvimento Social,15,Urbanismo,452,Serviços Urbanos,3022,Requalificação e Promoção da Ocupação dos Espaços Públicos,1137,Pavimentação e Recapeamento de Vias,4,Despesas de Capital,4,Investimentos,90,Aplicações Diretas,51,Obras em Andamento - Uso Comum do Povo,08.1.759.1224,PMSP-SF/COADM-Fundo Municipal de Desenvolvimento Social-FMD,1,Pavimentação de Ruas e Avenidas ,8,Obras e Instalações,411981.09,375981.09,35946.89,0.0,0.0,35946.89,"[{""siglaUnidadeMedida"": ""UN"", ""descricaoAnexo"": ""ATOS - Elaboração de projeto executivo e execução de pavimentação sobre rua de terra...\n"", ""qtdeAnexo"": 1, ""valorUnitarioAnexo"": 411981.09}]",,,,,1130/SMSUB/COGEL/202
01,PREFEITURA DO MUNICÍPIO DE SÃO PAULO,87864,127440,2023,12,27/12/2023 00:00:00,6018202301064141,04002395000112,LEMAM CONSTRUCOES E COMERCIO SA,40855,2023,07,Fundo Municipal de Desenvolvimento Social,10,Fundo Municipal de Desenvolvimento Social,10,Saúde,301,Atenção Básica,3003,"Ações e Serviços da Saúde em Atenção Básica, Especialidades e Vigilânc",5204,"Avança Saúde SP - Ampliação, Reforma e Requalificação de Equipamentos ",3,Despesas Correntes,3,Outras Despesas Correntes,90,Aplicações Diretas,39,Manutenção e Conservação de Bens Imóveis,08.2.759.1224,PMSP-SF/COADM-Fundo Municipal de Desenvolvimento Social-FMD,0,"Pequenas Reformas - Hospitais, UBS e Similares",1,Outros Serviços de Terceiros - Pessoa Jurídica,419195.71,0.0,298429.42,0.0,0.0,298429.42,"[{""siglaUnidadeMedida"": ""SER"", ""descricaoAnexo"": ""SMS - CONTRATAÇÃO DE EMPRESA ESPECIALIZADA PARA A PRESTAÇÃO DE SERVIÇOS DE REPAROS, ADEQUAÇÕES PONTUAIS E PEQUENOS SERVIÇOS DE ENGENHARIA NA AMA/UBS VILA IMPÉRIO I – COM FORNECIMENTO DE MATERIAL E MÃO-DE-OBRA, EM LOTES. (LOTE 10 – Sul 3) - EXERCÍCIO 2023."", ""qtdeAnexo"": 1, ""valorUnitarioAnexo"": 419195.71}]",,,,,45/2023
01,PREFEITURA DO MUNICÍPIO DE SÃO PAULO,76558,127462,2023,12,27/12/2023 00:00:00,6018202300988714,29863757000190,R2A CONSTRUCOES LTDA,40867,2023,07,Fundo Municipal de Desenvolvimento Social,10,Fundo Municipal de Desenvolvimento Social,10,Saúde,301,Atenção Básica,3003,"Ações e Serviços da Saúde em Atenção Básica, Especialidades e Vigilânc",5204,"Avança Saúde SP - Ampliação, Reforma e Requalificação de Equipamentos ",3,Despesas Correntes,3,Outras Despesas Correntes,90,Aplicações Diretas,39,Manutenção e Conservação de Bens Imóveis,08.2.759.1224,PMSP-SF/COADM-Fundo Municipal de Desenvolvimento Social-FMD,0,"Pequenas Reformas - Hospitais, UBS e Similares",1,Outros Serviços de Terceiros - Pessoa Jurídica,373605.9,0.0,0.0,0.0,0.0,0.0,"[{""siglaUnidadeMedida"": ""UND"", ""descricaoAnexo"": ""CONTRATAÇÃO DE EMPRESA DE ENGENHARIA ESPECIALIZADA PARA SERVIÇOS DE SERVIÇOS DE MANUTENÇÃO E REPAROS NA UNIDADE SAE SANTANA"", ""qtdeAnexo"": 1, ""valorUnitarioAnexo"": 373605.9}]",,,,,
01,PREFEITURA DO MUNICÍPIO DE SÃO PAULO,87861,127510,2023,12,27/12/2023 00:00:00,6018202301161805,57646374000104,MACOR ENGENHARIA CONSTRUCOES E COMERCIO SA,40879,2023,07,Fundo Municipal de Desenvolvimento Social,10,Fundo Municipal de Desenvolvimento Social,10,Saúde,301,Atenção Básica,3003,"Ações e Serviços da Saúde em Atenção Básica, Especialidades e Vigilânc",5204,"Avança Saúde SP - Ampliação, Reforma e Requalificação de Equipamentos ",4,Despesas de Capital,4,Investimentos,90,Aplicações Diretas,51,Obras em Andamento - Uso Comum do Povo,08.2.759.1224,PMSP-SF/COADM-Fundo Municipal de Desenvolvimento Social-FMD,0,Hospitais e Similares ,8,Obras e Instalações,209149.73,0.0,1855.32,0.0,0.0,1855.32,"[{""siglaUnidadeMedida"": ""SER"", ""descricaoAnexo"": ""SMS-CONTRATAÇÃO DE EMPRESA ESPECIALIZADA PARA A PRESTAÇÃO DE SERVIÇOS DE REPAROS, ADEQUAÇÕES PONTUAIS E PEQUENOS SERVIÇOS DE ENGENHARIA NA UBS JARDIM SHANGRILÁ ELLUS – COM FORNECIMENTO DE MATERIAL E MÃO-DE-OBRA, EM LOTES. (LOTE 09 – Sul 2)- EXERCÍCIO 2023"", ""qtdeAnexo"": 1, ""valorUnitarioAnexo"": 209149.73}]",,,,,044/2023
01,PREFEITURA DO MUNICÍPIO DE SÃO PAULO,87866,127545,2023,12,27/12/2023 00:00:00,6018202301063749,56838949000110,CONSTRUTORA PROGREDIOR LTDA,40897,2023,07,Fundo Municipal de Desenvolvimento Social,10,Fundo Municipal de Desenvolvimento Social,10,Saúde,301,Atenção Básica,3003,"Ações e Serviços da Saúde em Atenção Básica, Especialidades e Vigilânc",5204,"Avança Saúde SP - Ampliação, Reforma e Requalificação de Equipamentos ",3,Despesas Correntes,3,Outras Despesas Correntes,90,Aplicações Diretas,39,Manutenção e Conservação de Bens Imóveis,08.2.759.1224,PMSP-SF/COADM-Fundo Municipal de Desenvolvimento Social-FMD,0,"Pequenas Reformas - Hospitais, UBS e Similares",1,Outros Serviços de Terceiros - Pessoa Jurídica,18321.76,0.0,1835.17,0.0,0.0,1835.17,"[{""siglaUnidadeMedida"": ""SER"", ""descricaoAnexo"": ""SMS - CONTRATAÇÃO DE EMPRESA ESPECIALIZADA PARA A PRESTAÇÃO DE SERVIÇOS DE REPAROS, ADEQUAÇÕES PONTUAIS E PEQUENOS SERVIÇOS DE ENGENHARIA NA UBS VILA CISPER – COM FORNECIMENTO DE MATERIAL E MÃO-DE-OBRA, EM LOTES. (LOTE 02 – LESTE 1) – EXERCÍCIO 2023"", ""qtdeAnexo"": 1, ""valorUnitarioAnexo"": 18321.76}]",,,,,043/2023
01,PREFEITURA DO MUNICÍPIO DE SÃO PAULO,87862,127614,2023,12,27/12/2023 00:00:00,6018202301078657,56838949000110,CONSTRUTORA PROGREDIOR LTDA,40918,2023,07,Fundo Municipal de Desenvolvimento Social,10,Fundo Municipal de Desenvolvimento Social,10,Saúde,301,Atenção Básica,3003,"Ações e Serviços da Saúde em Atenção Básica, Especialidades e Vigilânc",5204,"Avança Saúde SP - Ampliação, Reforma e Requalificação de Equipamentos ",4,Despesas de Capital,4,Investimentos,90,Aplicações Diretas,51,Obras em Andamento - Uso Comum do Povo,08.2.759.1224,PMSP-SF/COADM-Fundo Municipal de Desenvolvimento Social-FMD,0,Hospitais e Similares ,8,Obras e Instalações,169571.32,0.0,1835.17,0.0,0.0,1835.17,"[{""siglaUnidadeMedida"": ""SER"", ""descricaoAnexo"": ""SMS - CONTRATAÇÃO DE EMPRESA ESPECIALIZADA PARA A PRESTAÇÃO DE SERVIÇOS DE REPAROS, ADEQUAÇÕES PONTUAIS E PEQUENOS SERVIÇOS DE ENGENHARIA NA UBS JD DAS OLIVEIRAS – COM FORNECIMENTO DE MATERIAL E MÃO-DE-OBRA, EM LOTES. (LOTE 02 – LESTE 1) – EXERCÍCIO 2023."", ""qtdeAnexo"": 1, ""valorUnitarioAnexo"": 169571.32}]",,,,,042/2023/SMS/CG/ATAS
01,PREFEITURA DO MUNICÍPIO DE SÃO PAULO,82648,130097,2023,12,28/12/2023 00:00:00,6018202100045034,48211585000115,SOCIEDADE BENEFICENTE CAMINHO DE DAMASCO,21867,2021,07,Fundo Municipal de Desenvolvimento Social,10,Fundo Municipal de Desenvolvimento Social,10,Saúde,301,Atenção Básica,3003,"Ações e Serviços da Saúde em Atenção Básica, Especialidades e Vigilânc",5204,"Avança Saúde SP - Ampliação, Reforma e Requalificação de Equipamentos ",4,Despesas de Capital,4,Investimentos,50,Transferências a Instituições Privadas sem Fins Lucrativos,52,Serviços de Assistência à Saúde,08.2.759.1224,PMSP-SF/COADM-Fundo Municipal de Desenvolvimento Social-FMD,0,Materiais Permanentes,5,Equipamentos e Material Permanente,801516.3,0.0,801516.3,801516.3,801516.3,0.0,"[{""siglaUnidadeMedida"": ""UN"", ""descricaoAnexo"": ""Despesa para Aquisição de bens permanente para o Centro de Cuidados Odontológicos – CECCO Tucuruvi - autorizado no SEI nº 094346802, do processo nº 6018.2023/0046655-6"", ""qtdeAnexo"": 1, ""valorUnitarioAnexo"": 801516.3}]",,,,,25/2021
01,PREFEITURA DO MUNICÍPIO DE SÃO PAULO,45367,132769,2023,12,28/12/2023 00:00:00,6012202300234555,54883194000140,TRANSVIAS CONSTRUCOES E TERRAPLENAGEM LTDA,34730,2023,07,Fundo Municipal de Desenvolvimento Social,10,Fundo Municipal de Desenvolvimento Social,15,Urbanismo,452,Serviços Urbanos,3022,Requalificação e Promoção da Ocupação dos Espaços Públicos,1137,Pavimentação e Recapeamento de Vias,4,Despesas de Capital,4,Investimentos,90,Aplicações Diretas,51,Obras em Andamento - Uso Comum do Povo,08.1.759.1224,PMSP-SF/COADM-Fundo Municipal de Desenvolvimento Social-FMD,1,Pavimentação de Ruas e Avenidas ,8,Obras e Instalações,3602088.13,0.0,3602088.13,0.0,0.0,3602088.13,"[{""siglaUnidadeMedida"": ""UN"", ""descricaoAnexo"": ""ATOS - Contratação da empresa para execução dos serviços de manutenção da malha viária existente em pavimento de paralelepípedo."", ""qtdeAnexo"": 1, ""valorUnitarioAnexo"": 3602088.13}]",,,,,794/SMSUB/COGEL/2023
01,PREFEITURA DO MUNICÍPIO DE SÃO PAULO,81612,133783,2023,12,29/12/2023 00:00:00,201502293893,61699567000273,SPDM  ASSOCIACAO PAULISTA PARA O DESENVOLVIMENTO DA MEDICINA,21355,2018,07,Fundo Municipal de Desenvolvimento Social,10,Fundo Municipal de Desenvolvimento Social,10,Saúde,301,Atenção Básica,3003,"Ações e Serviços da Saúde em Atenção Básica, Especialidades e Vigilânc",5204,"Avança Saúde SP - Ampliação, Reforma e Requalificação de Equipamentos ",4,Despesas de Capital,4,Investimentos,50,Transferências a Instituições Privadas sem Fins Lucrativos,52,Serviços de Assistência à Saúde,08.2.759.1224,PMSP-SF/COADM-Fundo Municipal de Desenvolvimento Social-FMD,0,Materiais Permanentes,5,Equipamentos e Material Permanente,11850.0,0.0,11850.0,11850.0,0.0,11850.0,"[{""siglaUnidadeMedida"": ""1"", ""descricaoAnexo"": ""SMS – CRS OESTE – CG R022/2016 SMS.G – TA 129/23 – AQUISIÇÃO DE MATERIAL PERMANENTE, PARA A IMPLANTAÇÃO DO PGRSS NAS UNIDADES, REF. DEZEMBRO/2023, NO VALOR DE R$ 11.850,00 (ONZE MIL, OITOCENTOS E CINQUENTA REAIS)"", ""qtdeAnexo"": 1, ""valorUnitarioAnexo"": 11850.0}]",,,,,022/2016/SMS/NTCSS
01,PREFEITURA DO MUNICÍPIO DE SÃO PAULO,90499,133831,2023,12,29/12/2023 00:00:00,201403218125,61699567000273,SPDM  ASSOCIACAO PAULISTA PARA O DESENVOLVIMENTO DA MEDICINA,21358,2018,07,Fundo Municipal de Desenvolvimento Social,10,Fundo Municipal de Desenvolvimento Social,10,Saúde,301,Atenção Básica,3003,"Ações e Serviços da Saúde em Atenção Básica, Especialidades e Vigilânc",5204,"Avança Saúde SP - Ampliação, Reforma e Requalificação de Equipamentos ",4,Despesas de Capital,4,Investimentos,50,Transferências a Instituições Privadas sem Fins Lucrativos,51,Serviços de Assistência à Saúde,08.2.759.1224,PMSP-SF/COADM-Fundo Municipal de Desenvolvimento Social-FMD,0,Obras e Reformas em Imóvel da OS ou de Terceiros,5,Obras e Instalações,999989.4,0.0,999989.4,999989.4,0.0,999989.4,"[{""siglaUnidadeMedida"": ""UND"", ""descricaoAnexo"": ""SMS/CRS-N –TA 163/2023 - ACRÉSCIMO DE RECURSOS DE À TITULO DE INVESTIMENTO, POR MEIO DE EMENDA PARLAMENTAR PARA REFORMA E ADEQUAÇÃO DA UBS ALDEIA DO JARAGUA"", ""qtdeAnexo"": 1, ""valorUnitarioAnexo"": 999989.4}]",,,,,004/2015
01,PREFEITURA DO MUNICÍPIO DE SÃO PAULO,91288,133842,2023,12,29/12/2023 00:00:00,201403218125,61699567000273,SPDM  ASSOCIACAO PAULISTA PARA O DESENVOLVIMENTO DA MEDICINA,21358,2018,07,Fundo Municipal de Desenvolvimento Social,10,Fundo Municipal de Desenvolvimento Social,10,Saúde,301,Atenção Básica,3003,"Ações e Serviços da Saúde em Atenção Básica, Especialidades e Vigilânc",5204,"Avança Saúde SP - Ampliação, Reforma e Requalificação de Equipamentos ",4,Despesas de Capital,4,Investimentos,50,Transferências a Instituições Privadas sem Fins Lucrativos,52,Serviços de Assistência à Saúde,08.2.759.1224,PMSP-SF/COADM-Fundo Municipal de Desenvolvimento Social-FMD,0,Materiais Permanentes,5,Equipamentos e Material Permanente,81000.0,0.0,81000.0,81000.0,0.0,81000.0,"[{""siglaUnidadeMedida"": ""800"", ""descricaoAnexo"": ""ACRÉSCIMO DE RECURSOS À TITULO DE INVESTIMENTO DE TRANSPOSIÇÃO DE RECURSO, PARA AQUISIÇÃO DE EQUIPAMENTOS PARA AMA-E PERUS"", ""qtdeAnexo"": 1, ""valorUnitarioAnexo"": 81000.0}]",,,,,004/2015
01,PREFEITURA DO MUNICÍPIO DE SÃO PAULO,90513,133853,2023,12,29/12/2023 00:00:00,201403218125,61699567000273,SPDM  ASSOCIACAO PAULISTA PARA O DESENVOLVIMENTO DA MEDICINA,21358,2018,07,Fundo Municipal de Desenvolvimento Social,10,Fundo Municipal de Desenvolvimento Social,10,Saúde,301,Atenção Básica,3003,"Ações e Serviços da Saúde em Atenção Básica, Especialidades e Vigilânc",5204,"Avança Saúde SP - Ampliação, Reforma e Requalificação de Equipamentos ",4,Despesas de Capital,4,Investimentos,50,Transferências a Instituições Privadas sem Fins Lucrativos,52,Serviços de Assistência à Saúde,08.2.759.1224,PMSP-SF/COADM-Fundo Municipal de Desenvolvimento Social-FMD,0,Materiais Permanentes,5,Equipamentos e Material Permanente,64110.0,0.0,64110.0,64110.0,0.0,64110.0,"[{""siglaUnidadeMedida"": ""UND"", ""descricaoAnexo"": ""SMS/CRS- N - ACRÉSCIMO DE TRANSPOSIÇÃO DE RECURSO PARA EQUIPAMENTOS E MATERIAIS PARA O CAPS ADULTO II PERUS"", ""qtdeAnexo"": 1, ""valorUnitarioAnexo"": 64110.0}]",,,,,004/2015
01,PREFEITURA DO MUNICÍPIO DE SÃO PAULO,90512,133866,2023,12,29/12/2023 00:00:00,201403218125,61699567000273,SPDM  ASSOCIACAO PAULISTA PARA O DESENVOLVIMENTO DA MEDICINA,21358,2018,07,Fundo Municipal de Desenvolvimento Social,10,Fundo Municipal de Desenvolvimento Social,10,Saúde,301,Atenção Básica,3003,"Ações e Serviços da Saúde em Atenção Básica, Especialidades e Vigilânc",5204,"Avança Saúde SP - Ampliação, Reforma e Requalificação de Equipamentos ",4,Despesas de Capital,4,Investimentos,50,Transferências a Instituições Privadas sem Fins Lucrativos,51,Serviços de Assistência à Saúde,08.2.759.1224,PMSP-SF/COADM-Fundo Municipal de Desenvolvimento Social-FMD,0,Obras e Reformas em Imóvel da OS ou de Terceiros,5,Obras e Instalações,40000.0,0.0,40000.0,40000.0,0.0,40000.0,"[{""siglaUnidadeMedida"": ""UND"", ""descricaoAnexo"": ""SMS/CRS-N - TA 164/2023 - ACRÉSCIMO TRANSPOSIÇÃO DE RECURSOS DE INVESTIMENTO, PARA CONSTRUÇÃO DE COBERTURA PARA ESPERA DE PACIENTES SINTOMÁTICOS NA UBS PARQUE NAÇÕES SEM TERRA"", ""qtdeAnexo"": 1, ""valorUnitarioAnexo"": 40000.0}]",,,,,004/2015
01,PREFEITURA DO MUNICÍPIO DE SÃO PAULO,90509,133875,2023,12,29/12/2023 00:00:00,201403218125,61699567000273,SPDM  ASSOCIACAO PAULISTA PARA O DESENVOLVIMENTO DA MEDICINA,21358,2018,07,Fundo Municipal de Desenvolvimento Social,10,Fundo Municipal de Desenvolvimento Social,10,Saúde,301,Atenção Básica,3003,"Ações e Serviços da Saúde em Atenção Básica, Especialidades e Vigilânc",5204,"Avança Saúde SP - Ampliação, Reforma e Requalificação de Equipamentos ",4,Despesas de Capital,4,Investimentos,50,Transferências a Instituições Privadas sem Fins Lucrativos,51,Serviços de Assistência à Saúde,08.2.759.1224,PMSP-SF/COADM-Fundo Municipal de Desenvolvimento Social-FMD,0,Obras e Reformas em Imóvel da OS ou de Terceiros,5,Obras e Instalações,299319.97,0.0,299319.97,299319.97,0.0,299319.97,"[{""siglaUnidadeMedida"": ""UND"", ""descricaoAnexo"": ""SMS/CRSN - TA 165/2023 - ACRÉSCIMO DE TRANSPOSIÇÃO DE RECURSO PARA RECURSO DE INVESTIMENTO PARA REFORMA E AQUISIÇÃO DE EQUIPAMENTOS DA UBS PERUS"", ""qtdeAnexo"": 1, ""valorUnitarioAnexo"": 299319.97}]",,,,,004/2015
01,PREFEITURA DO MUNICÍPIO DE SÃO PAULO,90510,133880,2023,12,29/12/2023 00:00:00,201403218125,61699567000273,SPDM  ASSOCIACAO PAULISTA PARA O DESENVOLVIMENTO DA MEDICINA,21358,2018,07,Fundo Municipal de Desenvolvimento Social,10,Fundo Municipal de Desenvolvimento Social,10,Saúde,301,Atenção Básica,3003,"Ações e Serviços da Saúde em Atenção Básica, Especialidades e Vigilânc",5204,"Avança Saúde SP - Ampliação, Reforma e Requalificação de Equipamentos ",4,Despesas de Capital,4,Investimentos,50,Transferências a Instituições Privadas sem Fins Lucrativos,52,Serviços de Assistência à Saúde,08.2.759.1224,PMSP-SF/COADM-Fundo Municipal de Desenvolvimento Social-FMD,0,Materiais Permanentes,5,Equipamentos e Material Permanente,7680.0,0.0,7680.0,7680.0,0.0,7680.0,"[{""siglaUnidadeMedida"": ""UND"", ""descricaoAnexo"": ""SMS/CRSN - TA 165/2023 - ACRÉSCIMO DE TRANSPOSIÇÃO DE RECURSO PARA RECURSO DE INVESTIMENTO PARA REFORMA E AQUISIÇÃO DE EQUIPAMENTOS DA UBS PERUS"", ""qtdeAnexo"": 1, ""valorUnitarioAnexo"": 7680.0}]",,,,,004/2015
01,PREFEITURA DO MUNICÍPIO DE SÃO PAULO,90515,134229,2023,12,29/12/2023 00:00:00,201403218192,68311216000101,ASSOCIAÇÃO SAUDE DA FAMILIA,21360,2018,07,Fundo Municipal de Desenvolvimento Social,10,Fundo Municipal de Desenvolvimento Social,10,Saúde,301,Atenção Básica,3003,"Ações e Serviços da Saúde em Atenção Básica, Especialidades e Vigilânc",5204,"Avança Saúde SP - Ampliação, Reforma e Requalificação de Equipamentos ",4,Despesas de Capital,4,Investimentos,50,Transferências a Instituições Privadas sem Fins Lucrativos,51,Serviços de Assistência à Saúde,08.2.759.1224,PMSP-SF/COADM-Fundo Municipal de Desenvolvimento Social-FMD,0,Obras e Reformas em Imóvel da Prefeitura,5,Obras e Instalações,93721.6,0.0,93721.6,93721.6,0.0,93721.6,"[{""siglaUnidadeMedida"": ""UN"", ""descricaoAnexo"": ""Reforma do Estacionamento, adequação do abrigo do compressor e colocação de tampa na valeta de drenagem pluvial da UBS Jardim Guarani, cf. processos 6018.2023/0080791-4 e 6018.2023/0046655-6"", ""qtdeAnexo"": 1, ""valorUnitarioAnexo"": 93721.6}]",,,,,18/2015
01,PREFEITURA DO MUNICÍPIO DE SÃO PAULO,90505,134288,2023,12,29/12/2023 00:00:00,201403218192,68311216000101,ASSOCIAÇÃO SAUDE DA FAMILIA,21360,2018,07,Fundo Municipal de Desenvolvimento Social,10,Fundo Municipal de Desenvolvimento Social,10,Saúde,301,Atenção Básica,3003,"Ações e Serviços da Saúde em Atenção Básica, Especialidades e Vigilânc",5204,"Avança Saúde SP - Ampliação, Reforma e Requalificação de Equipamentos ",4,Despesas de Capital,4,Investimentos,50,Transferências a Instituições Privadas sem Fins Lucrativos,51,Serviços de Assistência à Saúde,08.2.759.1224,PMSP-SF/COADM-Fundo Municipal de Desenvolvimento Social-FMD,0,Obras e Reformas em Imóvel da Prefeitura,5,Obras e Instalações,298955.14,0.0,298955.14,298955.14,0.0,298955.14,"[{""siglaUnidadeMedida"": ""UN"", ""descricaoAnexo"": ""Reforma contemplando a troca do telhado e ajuste na rede de águas pluviais da AMA/UBS Jardim Paulistano, cf. processos 6018.2023/0080789-2 e 6018.2023/0046655-6"", ""qtdeAnexo"": 1, ""valorUnitarioAnexo"": 298955.14}]",,,,,18/2015
01,PREFEITURA DO MUNICÍPIO DE SÃO PAULO,90503,134328,2023,12,29/12/2023 00:00:00,201401361540,61699567000273,SPDM  ASSOCIACAO PAULISTA PARA O DESENVOLVIMENTO DA MEDICINA,21367,2018,07,Fundo Municipal de Desenvolvimento Social,10,Fundo Municipal de Desenvolvimento Social,10,Saúde,301,Atenção Básica,3003,"Ações e Serviços da Saúde em Atenção Básica, Especialidades e Vigilânc",5204,"Avança Saúde SP - Ampliação, Reforma e Requalificação de Equipamentos ",4,Despesas de Capital,4,Investimentos,50,Transferências a Instituições Privadas sem Fins Lucrativos,51,Serviços de Assistência à Saúde,08.2.759.1224,PMSP-SF/COADM-Fundo Municipal de Desenvolvimento Social-FMD,0,Obras e Reformas em Imóvel da Prefeitura,5,Obras e Instalações,249999.9,0.0,249999.9,249999.9,0.0,249999.9,"[{""siglaUnidadeMedida"": ""UN"", ""descricaoAnexo"": ""Reforma e adequação na UBS/AMA Integrada Jardim Brasil, cf. processos 6018.2023/0084728-2 e 6018.2023/0046655-6"", ""qtdeAnexo"": 1, ""valorUnitarioAnexo"": 249999.9}]",,,,,8/2018
01,PREFEITURA DO MUNICÍPIO DE SÃO PAULO,69762,134439,2023,12,29/12/2023 00:00:00,6018202300916888,06194976000129,QUALIDA SERVICOS TECNICOS EIRELI,41680,2023,07,Fundo Municipal de Desenvolvimento Social,10,Fundo Municipal de Desenvolvimento Social,10,Saúde,301,Atenção Básica,3003,"Ações e Serviços da Saúde em Atenção Básica, Especialidades e Vigilânc",5204,"Avança Saúde SP - Ampliação, Reforma e Requalificação de Equipamentos ",4,Despesas de Capital,4,Investimentos,90,Aplicações Diretas,51,Obras em Andamento - Uso Comum do Povo,08.2.759.1224,PMSP-SF/COADM-Fundo Municipal de Desenvolvimento Social-FMD,0,Hospitais e Similares ,8,Obras e Instalações,273912.76,0.0,273912.76,0.0,0.0,273912.76,"[{""siglaUnidadeMedida"": ""MES"", ""descricaoAnexo"": ""REFORMA DA UNIDADE AMA/UBS JARDIM CAPELA"", ""qtdeAnexo"": 1, ""valorUnitarioAnexo"": 273912.76}]",,,,,036/2023/CRS-SUL
01,PREFEITURA DO MUNICÍPIO DE SÃO PAULO,81640,134453,2023,12,29/12/2023 00:00:00,6034202300018763,67192609000180,M A S CONSTRUCOES E EMPREENDIMENTOS LIMITADA,41682,2023,07,Fundo Municipal de Desenvolvimento Social,10,Fundo Municipal de Desenvolvimento Social,10,Saúde,302,Assistência Hospitalar e Ambulatorial,3003,"Ações e Serviços da Saúde em Atenção Básica, Especialidades e Vigilânc",5204,"Avança Saúde SP - Ampliação, Reforma e Requalificação de Equipamentos ",4,Despesas de Capital,4,Investimentos,90,Aplicações Diretas,51,Obras em Andamento - Uso Comum do Povo,08.2.759.1224,PMSP-SF/COADM-Fundo Municipal de Desenvolvimento Social-FMD,0,Hospitais e Similares ,8,Obras e Instalações,9130010.88,0.0,0.0,0.0,0.0,0.0,"[{""siglaUnidadeMedida"": ""UN"", ""descricaoAnexo"": ""CC 004/SUB-AD/2023 Servs. de Execução de obras e serviços de implantação da 2ª fase da UPA Pedreira, localizada na Avenida Nossa Senhora do Sabará, São Paulo-SP "", ""qtdeAnexo"": 1, ""valorUnitarioAnexo"": 9130010.88}]",,,,,CC 004/SUB-AD/2023
01,PREFEITURA DO MUNICÍPIO DE SÃO PAULO,87875,134523,2023,12,29/12/2023 00:00:00,201403371292,61699567000192,SPDM  ASSOCIACAO PAULISTA PARA O DESENVOLVIMENTO DA MEDICINA,21353,2018,07,Fundo Municipal de Desenvolvimento Social,10,Fundo Municipal de Desenvolvimento Social,10,Saúde,301,Atenção Básica,3003,"Ações e Serviços da Saúde em Atenção Básica, Especialidades e Vigilânc",5204,"Avança Saúde SP - Ampliação, Reforma e Requalificação de Equipamentos ",4,Despesas de Capital,4,Investimentos,50,Transferências a Instituições Privadas sem Fins Lucrativos,52,Serviços de Assistência à Saúde,08.2.759.1224,PMSP-SF/COADM-Fundo Municipal de Desenvolvimento Social-FMD,0,Materiais Permanentes,5,Equipamentos e Material Permanente,146820.0,0.0,146820.0,146820.0,0.0,146820.0,"[{""siglaUnidadeMedida"": ""UN"", ""descricaoAnexo"": ""Aquisição de equipamentos e mobiliários para o Ambulatório de Especialidades Sapopemba."", ""qtdeAnexo"": 1, ""valorUnitarioAnexo"": 146820.0}]",,,,,R014/2015-SMS.G
01,PREFEITURA DO MUNICÍPIO DE SÃO PAULO,90507,134541,2023,12,29/12/2023 00:00:00,201403371217,61699567000192,SPDM  ASSOCIACAO PAULISTA PARA O DESENVOLVIMENTO DA MEDICINA,21356,2018,07,Fundo Municipal de Desenvolvimento Social,10,Fundo Municipal de Desenvolvimento Social,10,Saúde,301,Atenção Básica,3003,"Ações e Serviços da Saúde em Atenção Básica, Especialidades e Vigilânc",5204,"Avança Saúde SP - Ampliação, Reforma e Requalificação de Equipamentos ",4,Despesas de Capital,4,Investimentos,50,Transferências a Instituições Privadas sem Fins Lucrativos,52,Serviços de Assistência à Saúde,08.2.759.1224,PMSP-SF/COADM-Fundo Municipal de Desenvolvimento Social-FMD,0,Materiais Permanentes,5,Equipamentos e Material Permanente,89200.0,0.0,89200.0,89200.0,0.0,89200.0,"[{""siglaUnidadeMedida"": ""UN"", ""descricaoAnexo"": ""Aquisição de equipamentos e mobiliários para a UBS Vila Prudente."", ""qtdeAnexo"": 1, ""valorUnitarioAnexo"": 89200.0}]",,,,,R015/2015-SMS/NTCSS
01,PREFEITURA DO MUNICÍPIO DE SÃO PAULO,45360,134561,2023,12,29/12/2023 00:00:00,6012202300293110,68382498000138,TOBIAS  FIGUEIREDO CONSTRUCAO COMERCIO E SERVICOS LTDA,41746,2023,07,Fundo Municipal de Desenvolvimento Social,10,Fundo Municipal de Desenvolvimento Social,15,Urbanismo,452,Serviços Urbanos,3006,Promoção dos Direitos da Pessoa com Deficiência,1169,Reforma e Acessibilidade em Passeios Públicos,4,Despesas de Capital,4,Investimentos,90,Aplicações Diretas,39,Manutenção e Conservação de Bens Imóveis,08.1.759.1224,PMSP-SF/COADM-Fundo Municipal de Desenvolvimento Social-FMD,1,Manutenção e Reformas de Bens Imóveis,1,Outros Serviços de Terceiros - Pessoa Jurídica,145201.81,0.0,0.0,0.0,0.0,0.0,"[{""siglaUnidadeMedida"": ""UN"", ""descricaoAnexo"": ""atos -SERVIÇOS DE PAVIMENTAÇÃO DE CALÇADAS NA CIDADE DE SÃO PAULO - INSERIDAS NO PLANO EMERGENCIAL DE CALÇADAS – PEC"", ""qtdeAnexo"": 1, ""valorUnitarioAnexo"": 145201.81}]",,,,,
01,PREFEITURA DO MUNICÍPIO DE SÃO PAULO,90497,134607,2023,12,29/12/2023 00:00:00,201403371349,57571275000100,FUNDACAO DO ABC,21318,2018,07,Fundo Municipal de Desenvolvimento Social,10,Fundo Municipal de Desenvolvimento Social,10,Saúde,301,Atenção Básica,3003,"Ações e Serviços da Saúde em Atenção Básica, Especialidades e Vigilânc",5204,"Avança Saúde SP - Ampliação, Reforma e Requalificação de Equipamentos ",4,Despesas de Capital,4,Investimentos,50,Transferências a Instituições Privadas sem Fins Lucrativos,52,Serviços de Assistência à Saúde,08.2.759.1224,PMSP-SF/COADM-Fundo Municipal de Desenvolvimento Social-FMD,0,Materiais Permanentes,5,Equipamentos e Material Permanente,99988.5,0.0,99988.5,99988.5,0.0,99988.5,"[{""siglaUnidadeMedida"": ""UNI"", ""descricaoAnexo"": ""R09 - Aquisição de equipamentos para a UBS Jardim Paraguaçú, cf. processos 6018.2023/0119740-0 e 6018.2023/0046655-6"", ""qtdeAnexo"": 1, ""valorUnitarioAnexo"": 99988.5}]",,,,,009/2014
01,PREFEITURA DO MUNICÍPIO DE SÃO PAULO,90521,134611,2023,12,29/12/2023 00:00:00,201403371349,57571275000100,FUNDACAO DO ABC,21318,2018,07,Fundo Municipal de Desenvolvimento Social,10,Fundo Municipal de Desenvolvimento Social,10,Saúde,301,Atenção Básica,3003,"Ações e Serviços da Saúde em Atenção Básica, Especialidades e Vigilânc",5204,"Avança Saúde SP - Ampliação, Reforma e Requalificação de Equipamentos ",4,Despesas de Capital,4,Investimentos,50,Transferências a Instituições Privadas sem Fins Lucrativos,51,Serviços de Assistência à Saúde,08.2.759.1224,PMSP-SF/COADM-Fundo Municipal de Desenvolvimento Social-FMD,0,Obras e Reformas em Imóvel da OS ou de Terceiros,5,Obras e Instalações,197518.35,0.0,197518.35,197518.35,0.0,197518.35,"[{""siglaUnidadeMedida"": ""UNI"", ""descricaoAnexo"": ""R09 - Reforma/adequação da UBS CDHU Palanque, cf. processos 6018.2023/0122728-8 e 6018.2023/0046655-6"", ""qtdeAnexo"": 1, ""valorUnitarioAnexo"": 197518.35}]",,,,,009/2014
01,PREFEITURA DO MUNICÍPIO DE SÃO PAULO,90518,134621,2023,12,29/12/2023 00:00:00,201403371349,57571275000100,FUNDACAO DO ABC,21318,2018,07,Fundo Municipal de Desenvolvimento Social,10,Fundo Municipal de Desenvolvimento Social,10,Saúde,301,Atenção Básica,3003,"Ações e Serviços da Saúde em Atenção Básica, Especialidades e Vigilânc",5204,"Avança Saúde SP - Ampliação, Reforma e Requalificação de Equipamentos ",4,Despesas de Capital,4,Investimentos,50,Transferências a Instituições Privadas sem Fins Lucrativos,51,Serviços de Assistência à Saúde,08.2.759.1224,PMSP-SF/COADM-Fundo Municipal de Desenvolvimento Social-FMD,0,Obras e Reformas em Imóvel da OS ou de Terceiros,5,Obras e Instalações,198828.95,0.0,198828.95,198828.95,0.0,198828.95,"[{""siglaUnidadeMedida"": ""UNI"", ""descricaoAnexo"": ""R09 - Reforma/adequação na UBS Rio Claro, cf. processos 6018.2023/0122726-1, e 6018.2023/0046655-6"", ""qtdeAnexo"": 1, ""valorUnitarioAnexo"": 198828.95}]",,,,,009/2014
01,PREFEITURA DO MUNICÍPIO DE SÃO PAULO,76590,134635,2023,12,29/12/2023 00:00:00,201403371403,60742616000160,CASA DE SAUDE SANTA MARCELINA,21337,2018,07,Fundo Municipal de Desenvolvimento Social,10,Fundo Municipal de Desenvolvimento Social,10,Saúde,301,Atenção Básica,3003,"Ações e Serviços da Saúde em Atenção Básica, Especialidades e Vigilânc",5204,"Avança Saúde SP - Ampliação, Reforma e Requalificação de Equipamentos ",4,Despesas de Capital,4,Investimentos,50,Transferências a Instituições Privadas sem Fins Lucrativos,52,Serviços de Assistência à Saúde,08.2.759.1224,PMSP-SF/COADM-Fundo Municipal de Desenvolvimento Social-FMD,0,Materiais Permanentes,5,Equipamentos e Material Permanente,288786.39,1979.9,286806.49,286806.49,0.0,286806.49,"[{""siglaUnidadeMedida"": ""UNI"", ""descricaoAnexo"": ""R10 - Despesa para Aquisição de materiais e equipamentos para o CAPS INFANTO JUVENIL II ITAIM PAULISTA. Autorizado no SEI 093091742 do processo 6018.2023/0046655-6"", ""qtdeAnexo"": 1, ""valorUnitarioAnexo"": 288786.39}]",,,,,010/2014
01,PREFEITURA DO MUNICÍPIO DE SÃO PAULO,87880,134640,2023,12,29/12/2023 00:00:00,201403217684,60742616000160,CASA DE SAUDE SANTA MARCELINA,21331,2018,07,Fundo Municipal de Desenvolvimento Social,10,Fundo Municipal de Desenvolvimento Social,10,Saúde,301,Atenção Básica,3003,"Ações e Serviços da Saúde em Atenção Básica, Especialidades e Vigilânc",5204,"Avança Saúde SP - Ampliação, Reforma e Requalificação de Equipamentos ",4,Despesas de Capital,4,Investimentos,50,Transferências a Instituições Privadas sem Fins Lucrativos,52,Serviços de Assistência à Saúde,08.2.759.1224,PMSP-SF/COADM-Fundo Municipal de Desenvolvimento Social-FMD,0,Materiais Permanentes,5,Equipamentos e Material Permanente,99752.48,0.0,99752.48,99752.48,0.0,99752.48,"[{""siglaUnidadeMedida"": ""UNI"", ""descricaoAnexo"": ""R11 - Aquisição de equipamento/mobiliário para a UBS Profeta Jeremias (conforme processo 6018.2023/0046655-6)\n"", ""qtdeAnexo"": 1, ""valorUnitarioAnexo"": 99752.48}]",,,,,011/2014
01,PREFEITURA DO MUNICÍPIO DE SÃO PAULO,76583,134659,2023,12,29/12/2023 00:00:00,201403371349,57571275000100,FUNDACAO DO ABC,21318,2018,07,Fundo Municipal de Desenvolvimento Social,10,Fundo Municipal de Desenvolvimento Social,10,Saúde,301,Atenção Básica,3003,"Ações e Serviços da Saúde em Atenção Básica, Especialidades e Vigilânc",5204,"Avança Saúde SP - Ampliação, Reforma e Requalificação de Equipamentos ",4,Despesas de Capital,4,Investimentos,50,Transferências a Instituições Privadas sem Fins Lucrativos,52,Serviços de Assistência à Saúde,08.2.759.1224,PMSP-SF/COADM-Fundo Municipal de Desenvolvimento Social-FMD,0,Materiais Permanentes,5,Equipamentos e Material Permanente,99744.31,6908.65,92835.66,92835.66,0.0,92835.66,"[{""siglaUnidadeMedida"": ""UNI"", ""descricaoAnexo"": ""R09 - Despesa para Aquisição de equipamentos para a AMA/UBS Integrada Jardim Santo André. Autorizado no SEI 093091742 do processo 6018.2023/0046655-6"", ""qtdeAnexo"": 1, ""valorUnitarioAnexo"": 99744.31}]",,,,,009/2014
