codEmpresa,nomEmpresa,numReserva,codEmpenho,anoEmpenho,mesEmpenho,datEmpenho,codProcesso,numCpfCnpj,txtRazaoSocial,numContrato,anoContrato,codOrgao,txDescricaoOrgao,codUnidade,txDescricaoUnidade,codFuncao,txDescricaoFuncao,codSubFuncao,txDescricaoSubFuncao,codPrograma,txDescricaoPrograma,codProjetoAtividade,txDescricaoProjetoAtividade,codCategoria,txDescricaoCategoriaEconomica,codGrupo,txDescricaoGrupoDespesa,codModalidade,txDescricaoModalidade,codElemento,txDescricaoElemento,codFonteRecurso,txDescricaoFonteRecurso,codItemDespesa,txDescricaoItemDespesa,codSubElemento,txDescricaoSubElementoDespesa,valTotalEmpenhado,valAnuladoEmpenho,valEmpenhadoLiquido,valLiquidado,valPagoExercicio,valPagoRestos,anexos,codReferencia,codDestinacaoRecurso,codVinculacaoRecurso,codExeFonte,numeroOriginalContrato
01,PREFEITURA DO MUNICÍPIO DE SÃO PAULO,25933,36139,2026,3,24/03/2026 00:00:00,6018202501022450,38218230000102,JM ENGENHARIA DIAGNOSTICA LTDA,38816,2025,07,Fundo Municipal de Desenvolvimento Social,10,Fundo Municipal de Desenvolvimento Social,10,Saúde,302,Assistência Hospitalar e Ambulatorial,4016,Saúde em Atenção Hospitalar e de Urgência e Emergência,1536,"Ampliação, Reforma e Requalificação de Equipamentos em Atenção Hospita",4,Despesas de Capital,4,Investimentos,90,Aplicações Diretas,39,Outros Serviços de Terceiros - Pessoa Jurídica,08.2.759.1224,PMSP-SF/COADM-Fundo Municipal de Desenvolvimento Social-FMD,9,Outros Serviços de Terceiros - Pessoa Jurídica,9,Outros Serviços de Terceiros - Pessoa Jurídica,46953.0,0.0,46953.0,14085.9,14085.9,0.0,"[{""siglaUnidadeMedida"": ""SER"", ""descricaoAnexo"": ""SMS/OBRAS - CONTRATAÇÃO DE EMPRESA, PARA EMISSÃO DE LAUDO SOBRE A INTEGRIDADE DE ESTRUTURA DE CONCRETO ARMADO - EXERCÍCIO 2026"", ""qtdeAnexo"": 1, ""valorUnitarioAnexo"": 46953.0}]",,,,,045/2026
01,PREFEITURA DO MUNICÍPIO DE SÃO PAULO,25933,36557,2026,3,26/03/2026 00:00:00,6018202500311114,63457348000122,CONSORCIO MEDINFRA,34139,2025,07,Fundo Municipal de Desenvolvimento Social,10,Fundo Municipal de Desenvolvimento Social,10,Saúde,302,Assistência Hospitalar e Ambulatorial,4016,Saúde em Atenção Hospitalar e de Urgência e Emergência,1536,"Ampliação, Reforma e Requalificação de Equipamentos em Atenção Hospita",4,Despesas de Capital,4,Investimentos,90,Aplicações Diretas,39,Outros Serviços de Terceiros - Pessoa Jurídica,08.2.759.1224,PMSP-SF/COADM-Fundo Municipal de Desenvolvimento Social-FMD,9,Outros Serviços de Terceiros - Pessoa Jurídica,9,Outros Serviços de Terceiros - Pessoa Jurídica,5939038.03,0.0,5939038.03,3390145.89,3390145.89,0.0,"[{""siglaUnidadeMedida"": ""SER"", ""descricaoAnexo"": ""SMS/OBRAS - CONTRATAÇÃO DE SERVIÇOS DE ENGENHARIA PARA APOIO NA FISCALIZAÇÃO DE OBRAS DE REFORMA E CONSTRUÇÃO DE UNIDADES DE SAÚDE SOB RESPONSABILIDADE DA SECRETARIA MUNICIPAL DE SAÚDE DE SÃO PAULO – EXERCÍCIO 2026"", ""qtdeAnexo"": 1, ""valorUnitarioAnexo"": 5939038.03}]",,,,,101/2025
01,PREFEITURA DO MUNICÍPIO DE SÃO PAULO,25933,36581,2026,3,26/03/2026 00:00:00,6018202200852004,50851721000183,CONSORCIO MBM,15264,2023,07,Fundo Municipal de Desenvolvimento Social,10,Fundo Municipal de Desenvolvimento Social,10,Saúde,302,Assistência Hospitalar e Ambulatorial,4016,Saúde em Atenção Hospitalar e de Urgência e Emergência,1536,"Ampliação, Reforma e Requalificação de Equipamentos em Atenção Hospita",4,Despesas de Capital,4,Investimentos,90,Aplicações Diretas,39,Outros Serviços de Terceiros - Pessoa Jurídica,08.2.759.1224,PMSP-SF/COADM-Fundo Municipal de Desenvolvimento Social-FMD,9,Outros Serviços de Terceiros - Pessoa Jurídica,9,Outros Serviços de Terceiros - Pessoa Jurídica,522417.79,0.0,522417.79,409228.42,409228.42,0.0,"[{""siglaUnidadeMedida"": ""SER"", ""descricaoAnexo"": ""SMS/OBRAS - CONTRATAÇÃO DE SERVIÇOS DE ENGENHARIA PARA ELABORAÇÃO DE PROJETOS, APOIO TÉCNICO – OPERACIONAL E SUPERVISÃO DE OBRAS PARA A CONSTRUÇÃO E REQUALIFICAÇÃO DE HOSPITAIS MUNICIPAIS, DE RESPONSABILIDADE DA SMS - EXERCÍCIO DE 2026."", ""qtdeAnexo"": 1, ""valorUnitarioAnexo"": 522417.79}]",,,,,062/2023
01,PREFEITURA DO MUNICÍPIO DE SÃO PAULO,25933,36584,2026,3,26/03/2026 00:00:00,6018202200852004,50851721000183,CONSORCIO MBM,15264,2023,07,Fundo Municipal de Desenvolvimento Social,10,Fundo Municipal de Desenvolvimento Social,10,Saúde,302,Assistência Hospitalar e Ambulatorial,4016,Saúde em Atenção Hospitalar e de Urgência e Emergência,1536,"Ampliação, Reforma e Requalificação de Equipamentos em Atenção Hospita",4,Despesas de Capital,4,Investimentos,90,Aplicações Diretas,39,Outros Serviços de Terceiros - Pessoa Jurídica,08.2.759.1224,PMSP-SF/COADM-Fundo Municipal de Desenvolvimento Social-FMD,9,Outros Serviços de Terceiros - Pessoa Jurídica,9,Outros Serviços de Terceiros - Pessoa Jurídica,117614.21,0.0,117614.21,117614.21,117614.21,0.0,"[{""siglaUnidadeMedida"": ""SER"", ""descricaoAnexo"": ""SMS/OBRAS - CONTRATAÇÃO DE SERVIÇOS DE ENGENHARIA PARA ELABORAÇÃO DE PROJETOS, APOIO TÉCNICO – OPERACIONAL E SUPERVISÃO DE OBRAS PARA A CONSTRUÇÃO E REQUALIFICAÇÃO DE HOSPITAIS MUNICIPAIS, DE RESPONSABILIDADE DA SMS - EXERCÍCIO DE 2026."", ""qtdeAnexo"": 1, ""valorUnitarioAnexo"": 117614.21}]",,,,,062/2023
01,PREFEITURA DO MUNICÍPIO DE SÃO PAULO,25907,38085,2026,4,01/04/2026 00:00:00,6018202300746494,51773856000130,CONSORCIO HR,26066,2023,07,Fundo Municipal de Desenvolvimento Social,10,Fundo Municipal de Desenvolvimento Social,10,Saúde,301,Atenção Básica,4015,"Saúde em Atenção Básica, Especialidades e Vigilância",1525,Construção e Implantação de Equipamentos de Atenção Básica e Especiali,4,Despesas de Capital,4,Investimentos,90,Aplicações Diretas,51,Obras em Andamento - Uso Comum do Povo,08.1.759.1224,PMSP-SF/COADM-Fundo Municipal de Desenvolvimento Social-FMD,0,Hospitais e Similares ,8,Obras e Instalações,3036455.81,0.0,3036455.81,0.0,0.0,0.0,"[{""siglaUnidadeMedida"": ""SER"", ""descricaoAnexo"": ""SMS/OBRAS - CONTRATAÇÃO DE OBRA DA CONSTRUÇÃO DA UBS JD. BRASÍLIA - EXERCÍCIO 2026."", ""qtdeAnexo"": 1, ""valorUnitarioAnexo"": 3036455.81}]",,,,,141/2023
01,PREFEITURA DO MUNICÍPIO DE SÃO PAULO,25907,38087,2026,4,01/04/2026 00:00:00,6018202300746494,51773856000130,CONSORCIO HR,26066,2023,07,Fundo Municipal de Desenvolvimento Social,10,Fundo Municipal de Desenvolvimento Social,10,Saúde,301,Atenção Básica,4015,"Saúde em Atenção Básica, Especialidades e Vigilância",1525,Construção e Implantação de Equipamentos de Atenção Básica e Especiali,4,Despesas de Capital,4,Investimentos,90,Aplicações Diretas,51,Obras em Andamento - Uso Comum do Povo,08.1.759.1224,PMSP-SF/COADM-Fundo Municipal de Desenvolvimento Social-FMD,0,Hospitais e Similares ,8,Obras e Instalações,241276.78,0.0,241276.78,0.0,0.0,0.0,"[{""siglaUnidadeMedida"": ""SER"", ""descricaoAnexo"": ""SMS/OBRAS - CONTRATAÇÃO DE OBRA DA CONSTRUÇÃO DA UBS JD. BRASÍLIA - REAJUSTE - EXERCÍCIO 2026."", ""qtdeAnexo"": 1, ""valorUnitarioAnexo"": 241276.78}]",,,,,141/2023
01,PREFEITURA DO MUNICÍPIO DE SÃO PAULO,25910,38210,2026,4,01/04/2026 00:00:00,6018202100763794,49723802000119,SCOPUS CONSTRUTORA & INCORPORADORA LTDA,21744,2022,07,Fundo Municipal de Desenvolvimento Social,10,Fundo Municipal de Desenvolvimento Social,10,Saúde,301,Atenção Básica,4015,"Saúde em Atenção Básica, Especialidades e Vigilância",1525,Construção e Implantação de Equipamentos de Atenção Básica e Especiali,4,Despesas de Capital,4,Investimentos,90,Aplicações Diretas,51,Obras em Andamento - Uso Comum do Povo,10.2.755.1224,PMSP-SF/COADM-Fundo Municipal de Desenvolvimento Social-FMD,0,Hospitais e Similares ,8,Obras e Instalações,399209.53,0.0,399209.53,390183.44,390183.44,0.0,"[{""siglaUnidadeMedida"": ""SER"", ""descricaoAnexo"": ""SMS/OBRAS - EXECUÇÃO DE OBRAS DE CONSTRUÇÃO DA UBS CIDADE DUTRA – LOTE 3 - EXERCÍCIO 2026."", ""qtdeAnexo"": 1, ""valorUnitarioAnexo"": 399209.53}]",,,,,134/2022
01,PREFEITURA DO MUNICÍPIO DE SÃO PAULO,25910,38215,2026,4,01/04/2026 00:00:00,6018202100763794,49723802000119,SCOPUS CONSTRUTORA & INCORPORADORA LTDA,21744,2022,07,Fundo Municipal de Desenvolvimento Social,10,Fundo Municipal de Desenvolvimento Social,10,Saúde,301,Atenção Básica,4015,"Saúde em Atenção Básica, Especialidades e Vigilância",1525,Construção e Implantação de Equipamentos de Atenção Básica e Especiali,4,Despesas de Capital,4,Investimentos,90,Aplicações Diretas,51,Obras em Andamento - Uso Comum do Povo,10.2.755.1224,PMSP-SF/COADM-Fundo Municipal de Desenvolvimento Social-FMD,0,Hospitais e Similares ,8,Obras e Instalações,50630.62,0.0,50630.62,0.0,0.0,0.0,"[{""siglaUnidadeMedida"": ""SER"", ""descricaoAnexo"": ""SMS/OBRAS - EXECUÇÃO DE OBRAS DE CONSTRUÇÃO DA UBS CIDADE DUTRA – LOTE 3 - EXERCÍCIO 2026."", ""qtdeAnexo"": 1, ""valorUnitarioAnexo"": 50630.62}]",,,,,134/2022
01,PREFEITURA DO MUNICÍPIO DE SÃO PAULO,25944,38251,2026,4,01/04/2026 00:00:00,6018202400871290,55757193000111,CONSORCIO RENOVA SAUDE,27805,2024,07,Fundo Municipal de Desenvolvimento Social,10,Fundo Municipal de Desenvolvimento Social,10,Saúde,302,Assistência Hospitalar e Ambulatorial,4016,Saúde em Atenção Hospitalar e de Urgência e Emergência,1536,"Ampliação, Reforma e Requalificação de Equipamentos em Atenção Hospita",4,Despesas de Capital,4,Investimentos,90,Aplicações Diretas,51,Obras em Andamento - Uso Comum do Povo,08.2.759.1224,PMSP-SF/COADM-Fundo Municipal de Desenvolvimento Social-FMD,0,Hospitais e Similares ,8,Obras e Instalações,10831647.4,0.0,10831647.4,10831647.4,10831647.4,0.0,"[{""siglaUnidadeMedida"": ""SER"", ""descricaoAnexo"": ""SMS/OBRAS - SERVIÇOS DE ARQUITETURA E ENGENHARIA E EXECUÇÃO DE OBRAS COM VISTAS À REFORMA E AMPLIAÇÃO DO LOTE 3 - HOSPITAL MUNICIPAL DR BENEDICTO MONTENEGRO - EXERCÍCIO 2026."", ""qtdeAnexo"": 1, ""valorUnitarioAnexo"": 10831647.4}]",,,,,094/2024
01,PREFEITURA DO MUNICÍPIO DE SÃO PAULO,25944,38257,2026,4,01/04/2026 00:00:00,6018202400871290,55757193000111,CONSORCIO RENOVA SAUDE,27805,2024,07,Fundo Municipal de Desenvolvimento Social,10,Fundo Municipal de Desenvolvimento Social,10,Saúde,302,Assistência Hospitalar e Ambulatorial,4016,Saúde em Atenção Hospitalar e de Urgência e Emergência,1536,"Ampliação, Reforma e Requalificação de Equipamentos em Atenção Hospita",4,Despesas de Capital,4,Investimentos,90,Aplicações Diretas,51,Obras em Andamento - Uso Comum do Povo,08.2.759.1224,PMSP-SF/COADM-Fundo Municipal de Desenvolvimento Social-FMD,0,Hospitais e Similares ,8,Obras e Instalações,529342.6,0.0,529342.6,529342.6,14424.52,0.0,"[{""siglaUnidadeMedida"": ""SER"", ""descricaoAnexo"": ""SMS/OBRAS - SERVIÇOS DE ARQUITETURA E ENGENHARIA E EXECUÇÃO DE OBRAS COM VISTAS À REFORMA E AMPLIAÇÃO DO LOTE 3 - HOSPITAL MUNICIPAL DR BENEDICTO MONTENEGRO - EXERCÍCIO 2026."", ""qtdeAnexo"": 1, ""valorUnitarioAnexo"": 529342.6}]",,,,,094/2024
01,PREFEITURA DO MUNICÍPIO DE SÃO PAULO,25924,38348,2026,4,01/04/2026 00:00:00,6018202400254240,00688529000140,JB CONSTRUCOES E EMPREENDIMENTOS LTDA,7318,2024,07,Fundo Municipal de Desenvolvimento Social,10,Fundo Municipal de Desenvolvimento Social,10,Saúde,302,Assistência Hospitalar e Ambulatorial,4016,Saúde em Atenção Hospitalar e de Urgência e Emergência,1535,Construção e Implantação de Equipamentos em Atenção Hospitalar e de Ur,4,Despesas de Capital,4,Investimentos,90,Aplicações Diretas,51,Obras em Andamento - Uso Comum do Povo,08.1.759.1224,PMSP-SF/COADM-Fundo Municipal de Desenvolvimento Social-FMD,0,Hospitais e Similares ,8,Obras e Instalações,1906103.38,0.0,1906103.38,0.0,0.0,0.0,"[{""siglaUnidadeMedida"": ""SER"", ""descricaoAnexo"": ""SMS/OBRAS - CONTRATAÇÃO DE EMPRESA PARA EXECUÇÃO DE CONSTRUÇÃO DA UPA VILA PRUDENTE (LOTE 05), PARA SMS - EXERCÍCIO DE 2026"", ""qtdeAnexo"": 1, ""valorUnitarioAnexo"": 1906103.38}]",,,,,028/2024
01,PREFEITURA DO MUNICÍPIO DE SÃO PAULO,25924,38358,2026,4,01/04/2026 00:00:00,6018202400254240,00688529000140,JB CONSTRUCOES E EMPREENDIMENTOS LTDA,7318,2024,07,Fundo Municipal de Desenvolvimento Social,10,Fundo Municipal de Desenvolvimento Social,10,Saúde,302,Assistência Hospitalar e Ambulatorial,4016,Saúde em Atenção Hospitalar e de Urgência e Emergência,1535,Construção e Implantação de Equipamentos em Atenção Hospitalar e de Ur,4,Despesas de Capital,4,Investimentos,90,Aplicações Diretas,51,Obras em Andamento - Uso Comum do Povo,08.1.759.1224,PMSP-SF/COADM-Fundo Municipal de Desenvolvimento Social-FMD,0,Hospitais e Similares ,8,Obras e Instalações,85072.86,0.0,85072.86,0.0,0.0,0.0,"[{""siglaUnidadeMedida"": ""SER"", ""descricaoAnexo"": ""SMS/OBRAS - CONTRATAÇÃO DE EMPRESA PARA EXECUÇÃO DE CONSTRUÇÃO DA UPA VILA PRUDENTE (LOTE 05), PARA SMS - EXERCÍCIO DE 2026 - 1º REAJUSTE"", ""qtdeAnexo"": 1, ""valorUnitarioAnexo"": 85072.86}]",,,,,028/2024
01,PREFEITURA DO MUNICÍPIO DE SÃO PAULO,25914,38393,2026,4,02/04/2026 00:00:00,6018202501218231,56838949000110,CONSTRUTORA PROGREDIOR LTDA,32427,2025,07,Fundo Municipal de Desenvolvimento Social,10,Fundo Municipal de Desenvolvimento Social,10,Saúde,301,Atenção Básica,4015,"Saúde em Atenção Básica, Especialidades e Vigilância",1526,"Ampliação, Reforma e Requalificação de Equipamentos de Atenção Básica ",4,Despesas de Capital,4,Investimentos,90,Aplicações Diretas,51,Obras em Andamento - Uso Comum do Povo,08.1.759.1224,PMSP-SF/COADM-Fundo Municipal de Desenvolvimento Social-FMD,0,Hospitais e Similares ,8,Obras e Instalações,90566.59,0.0,90566.59,90549.23,90549.23,0.0,"[{""siglaUnidadeMedida"": ""SER"", ""descricaoAnexo"": ""SMS/OBRAS - EMPRESA ESPECIALIZADA PARA A PRESTAÇÃO DE SERVIÇOS DE REPAROS, ADEQUAÇÕES PONTUAIS E PEQUENOS SERVIÇOS DE ENGENHARIA NOS PRÉDIOS OCUPADOS PELA SMS, COM FORNECIMENTO DE MATERIAL E MÃO-DE-OBRALOTE 02 - LESTE 1- UBS ITAIM PAULISTA - DR. JÚLIO DE GOUVEIA (2ª FASE).\n\n"", ""qtdeAnexo"": 1, ""valorUnitarioAnexo"": 90566.59}]",,,,,101/2025
01,PREFEITURA DO MUNICÍPIO DE SÃO PAULO,25914,38401,2026,4,02/04/2026 00:00:00,6018202501166754,07534937000196,TETRABASE  ENGENHARIA E CONSTRUCOES LTDA,31344,2025,07,Fundo Municipal de Desenvolvimento Social,10,Fundo Municipal de Desenvolvimento Social,10,Saúde,301,Atenção Básica,4015,"Saúde em Atenção Básica, Especialidades e Vigilância",1526,"Ampliação, Reforma e Requalificação de Equipamentos de Atenção Básica ",4,Despesas de Capital,4,Investimentos,90,Aplicações Diretas,51,Obras em Andamento - Uso Comum do Povo,08.1.759.1224,PMSP-SF/COADM-Fundo Municipal de Desenvolvimento Social-FMD,0,Hospitais e Similares ,8,Obras e Instalações,228070.7,0.0,228070.7,227775.54,227775.54,0.0,"[{""siglaUnidadeMedida"": ""SER"", ""descricaoAnexo"": ""SMS/OBRAS - EMPRESA ESPECIALIZADA PARA A PRESTAÇÃO DE SERVIÇOS DE REPAROS, ADEQUAÇÕES PONTUAIS E PEQUENOS SERVIÇOS DE ENGENHARIA NOS PRÉDIOS OCUPADOS PELA SMS, COM FORNECIMENTO DE MATERIAL E MÃO-DE-OBRA - LOTE 03 - LESTE 2 -  CERCAMENTO/MURO JARDIM CIBELE (RUA TOMOICHI SHIMIZU, N° 460)"", ""qtdeAnexo"": 1, ""valorUnitarioAnexo"": 228070.7}]",,,,,028/2025
01,PREFEITURA DO MUNICÍPIO DE SÃO PAULO,25914,38404,2026,4,02/04/2026 00:00:00,6018202501165634,62533278000181,H E ENGENHARIA COMERCIO E REPRESENTACOES LTDA,32221,2025,07,Fundo Municipal de Desenvolvimento Social,10,Fundo Municipal de Desenvolvimento Social,10,Saúde,301,Atenção Básica,4015,"Saúde em Atenção Básica, Especialidades e Vigilância",1526,"Ampliação, Reforma e Requalificação de Equipamentos de Atenção Básica ",4,Despesas de Capital,4,Investimentos,90,Aplicações Diretas,51,Obras em Andamento - Uso Comum do Povo,08.1.759.1224,PMSP-SF/COADM-Fundo Municipal de Desenvolvimento Social-FMD,0,Hospitais e Similares ,8,Obras e Instalações,328805.89,0.0,328805.89,328805.89,328805.89,0.0,"[{""siglaUnidadeMedida"": ""SER"", ""descricaoAnexo"": ""SMS/OBRAS - EMPRESA ESPECIALIZADA PARA A PRESTAÇÃO DE SERVIÇOS DE REPAROS, ADEQUAÇÕES PONTUAIS E PEQUENOS SERVIÇOS DE ENGENHARIA NOS PRÉDIOS OCUPADOS PELA SMS. - LOTE 08- SUL 1- UBS JARDIM MACEDÔNIA."", ""qtdeAnexo"": 1, ""valorUnitarioAnexo"": 328805.89}]",,,,,083/2025
01,PREFEITURA DO MUNICÍPIO DE SÃO PAULO,25924,38405,2026,4,02/04/2026 00:00:00,6018202300747687,51803790000184,CONSORCIO UG,26613,2023,07,Fundo Municipal de Desenvolvimento Social,10,Fundo Municipal de Desenvolvimento Social,10,Saúde,302,Assistência Hospitalar e Ambulatorial,4016,Saúde em Atenção Hospitalar e de Urgência e Emergência,1535,Construção e Implantação de Equipamentos em Atenção Hospitalar e de Ur,4,Despesas de Capital,4,Investimentos,90,Aplicações Diretas,51,Obras em Andamento - Uso Comum do Povo,08.1.759.1224,PMSP-SF/COADM-Fundo Municipal de Desenvolvimento Social-FMD,0,Hospitais e Similares ,8,Obras e Instalações,1383763.84,0.0,1383763.84,0.0,0.0,0.0,"[{""siglaUnidadeMedida"": ""SER"", ""descricaoAnexo"": ""SMS/OBRAS - CONTRATAÇÃO DE OBRA DA CONSTRUÇÃO DA UPA GRAJAÚ - EXERCÍCIO 2026."", ""qtdeAnexo"": 1, ""valorUnitarioAnexo"": 1383763.84}]",,,,,145/2023
01,PREFEITURA DO MUNICÍPIO DE SÃO PAULO,25924,38407,2026,4,02/04/2026 00:00:00,6018202300747687,51803790000184,CONSORCIO UG,26613,2023,07,Fundo Municipal de Desenvolvimento Social,10,Fundo Municipal de Desenvolvimento Social,10,Saúde,302,Assistência Hospitalar e Ambulatorial,4016,Saúde em Atenção Hospitalar e de Urgência e Emergência,1535,Construção e Implantação de Equipamentos em Atenção Hospitalar e de Ur,4,Despesas de Capital,4,Investimentos,90,Aplicações Diretas,51,Obras em Andamento - Uso Comum do Povo,08.1.759.1224,PMSP-SF/COADM-Fundo Municipal de Desenvolvimento Social-FMD,0,Hospitais e Similares ,8,Obras e Instalações,116236.16,0.0,116236.16,0.0,0.0,0.0,"[{""siglaUnidadeMedida"": ""SER"", ""descricaoAnexo"": ""SMS/OBRAS - CONTRATAÇÃO DE OBRA DA CONSTRUÇÃO DA UPA GRAJAÚ - REAJUSTE - EXERCÍCIO 2026."", ""qtdeAnexo"": 1, ""valorUnitarioAnexo"": 116236.16}]",,,,,145/2023
01,PREFEITURA DO MUNICÍPIO DE SÃO PAULO,25924,38410,2026,4,02/04/2026 00:00:00,6018202300469970,51182145000191,CONSTRUTORA SANDIN LTDA,15944,2023,07,Fundo Municipal de Desenvolvimento Social,10,Fundo Municipal de Desenvolvimento Social,10,Saúde,302,Assistência Hospitalar e Ambulatorial,4016,Saúde em Atenção Hospitalar e de Urgência e Emergência,1535,Construção e Implantação de Equipamentos em Atenção Hospitalar e de Ur,4,Despesas de Capital,4,Investimentos,90,Aplicações Diretas,51,Obras em Andamento - Uso Comum do Povo,08.1.759.1224,PMSP-SF/COADM-Fundo Municipal de Desenvolvimento Social-FMD,0,Hospitais e Similares ,8,Obras e Instalações,2659204.74,0.0,2659204.74,0.0,0.0,0.0,"[{""siglaUnidadeMedida"": ""SER"", ""descricaoAnexo"": ""SMS/OBRAS - CONSTRUÇÃO DE UNIDADE DE PRONTO ATENDIMENTO - UPA SAPOPEMBA - EXERCÍCIO 2026."", ""qtdeAnexo"": 1, ""valorUnitarioAnexo"": 2659204.74}]",,,,,071/2023
01,PREFEITURA DO MUNICÍPIO DE SÃO PAULO,25924,38413,2026,4,02/04/2026 00:00:00,6018202300469970,51182145000191,CONSTRUTORA SANDIN LTDA,15944,2023,07,Fundo Municipal de Desenvolvimento Social,10,Fundo Municipal de Desenvolvimento Social,10,Saúde,302,Assistência Hospitalar e Ambulatorial,4016,Saúde em Atenção Hospitalar e de Urgência e Emergência,1535,Construção e Implantação de Equipamentos em Atenção Hospitalar e de Ur,4,Despesas de Capital,4,Investimentos,90,Aplicações Diretas,51,Obras em Andamento - Uso Comum do Povo,08.1.759.1224,PMSP-SF/COADM-Fundo Municipal de Desenvolvimento Social-FMD,0,Hospitais e Similares ,8,Obras e Instalações,210609.02,0.0,210609.02,0.0,0.0,0.0,"[{""siglaUnidadeMedida"": ""SER"", ""descricaoAnexo"": ""SMS/OBRAS - CONSTRUÇÃO DE UNIDADE DE PRONTO ATENDIMENTO - UPA SAPOPEMBA - REAJUSTE - EXERCÍCIO 2026."", ""qtdeAnexo"": 1, ""valorUnitarioAnexo"": 210609.02}]",,,,,071/2023
01,PREFEITURA DO MUNICÍPIO DE SÃO PAULO,25914,38421,2026,4,02/04/2026 00:00:00,6018202401326288,04206255000166,CONSTRUISO ENGENHARIA E EMPREENDIMENTOS LTDA,41289,2024,07,Fundo Municipal de Desenvolvimento Social,10,Fundo Municipal de Desenvolvimento Social,10,Saúde,301,Atenção Básica,4015,"Saúde em Atenção Básica, Especialidades e Vigilância",1526,"Ampliação, Reforma e Requalificação de Equipamentos de Atenção Básica ",4,Despesas de Capital,4,Investimentos,90,Aplicações Diretas,51,Obras em Andamento - Uso Comum do Povo,08.1.759.1224,PMSP-SF/COADM-Fundo Municipal de Desenvolvimento Social-FMD,0,Hospitais e Similares ,8,Obras e Instalações,2265104.42,0.0,2265104.42,0.0,0.0,0.0,"[{""siglaUnidadeMedida"": ""SER"", ""descricaoAnexo"": ""SMS/OBRAS - CONTRATAÇÃO SEMI-INTEGRADA DE EMPRESA OU CONSÓRCIO, COM VISTAS A ELABORAÇÃO DE PROJETOS EXECUTIVOS E REALIZAÇÃO DE OBRAS DE REFORMA DO COMPLEXO PERI PERI - EXERCÍCIO 2026."", ""qtdeAnexo"": 1, ""valorUnitarioAnexo"": 2265104.42}]",,,,,151/2024
01,PREFEITURA DO MUNICÍPIO DE SÃO PAULO,25914,38422,2026,4,02/04/2026 00:00:00,6018202501135115,67192609000180,M A S CONSTRUCOES E EMPREENDIMENTOS LIMITADA,32064,2025,07,Fundo Municipal de Desenvolvimento Social,10,Fundo Municipal de Desenvolvimento Social,10,Saúde,301,Atenção Básica,4015,"Saúde em Atenção Básica, Especialidades e Vigilância",1526,"Ampliação, Reforma e Requalificação de Equipamentos de Atenção Básica ",4,Despesas de Capital,4,Investimentos,90,Aplicações Diretas,51,Obras em Andamento - Uso Comum do Povo,08.1.759.1224,PMSP-SF/COADM-Fundo Municipal de Desenvolvimento Social-FMD,0,Hospitais e Similares ,8,Obras e Instalações,580422.72,0.0,580422.72,478660.38,70199.31,0.0,"[{""siglaUnidadeMedida"": ""SER"", ""descricaoAnexo"": ""SMS - PRESTAÇÃO DE SERVIÇOS DE REPAROS, ADEQUAÇÕES PONTUAIS E PEQUENOS SERVIÇOS DE ENGENHARIA NO – HOSPITAL DIA FLAVIO GIANNOTTI – EXERCÍCIO 2026."", ""qtdeAnexo"": 1, ""valorUnitarioAnexo"": 580422.72}]",,,,,038/2025
01,PREFEITURA DO MUNICÍPIO DE SÃO PAULO,25914,38424,2026,4,02/04/2026 00:00:00,6018202501162376,66748955000130,ALMEIDA SAPATA ENGENHARIA E CONSTRUCOES LTDA,31420,2025,07,Fundo Municipal de Desenvolvimento Social,10,Fundo Municipal de Desenvolvimento Social,10,Saúde,301,Atenção Básica,4015,"Saúde em Atenção Básica, Especialidades e Vigilância",1526,"Ampliação, Reforma e Requalificação de Equipamentos de Atenção Básica ",4,Despesas de Capital,4,Investimentos,90,Aplicações Diretas,51,Obras em Andamento - Uso Comum do Povo,08.1.759.1224,PMSP-SF/COADM-Fundo Municipal de Desenvolvimento Social-FMD,0,Hospitais e Similares ,8,Obras e Instalações,399390.28,0.0,399390.28,399390.21,399390.21,0.0,"[{""siglaUnidadeMedida"": ""SER"", ""descricaoAnexo"": ""SMS/OBRAS - CONTRATAÇÃO DE OBRA PARA MANUTENÇÃO PREVENTIVA, CORRETIVA, REPAROS E ADEQUAÇÕES NA AMA/UBS INTEGRADA PAULO VI - (2ª FASE) - EXERCÍCIO 2026."", ""qtdeAnexo"": 1, ""valorUnitarioAnexo"": 399390.28}]",,,,,021/2025
01,PREFEITURA DO MUNICÍPIO DE SÃO PAULO,25914,38426,2026,4,02/04/2026 00:00:00,6018202500972307,56838949000110,CONSTRUTORA PROGREDIOR LTDA,31531,2025,07,Fundo Municipal de Desenvolvimento Social,10,Fundo Municipal de Desenvolvimento Social,10,Saúde,301,Atenção Básica,4015,"Saúde em Atenção Básica, Especialidades e Vigilância",1526,"Ampliação, Reforma e Requalificação de Equipamentos de Atenção Básica ",4,Despesas de Capital,4,Investimentos,90,Aplicações Diretas,51,Obras em Andamento - Uso Comum do Povo,08.1.759.1224,PMSP-SF/COADM-Fundo Municipal de Desenvolvimento Social-FMD,0,Hospitais e Similares ,8,Obras e Instalações,199656.96,0.0,199656.96,199653.0,199653.0,0.0,"[{""siglaUnidadeMedida"": ""SER"", ""descricaoAnexo"": ""SMS/OBRAS - PRESTAÇÃO DE SERV. DE REPAROS, ADEQUAÇÕES PONTUAIS E PEQUENOS SERV. DE ENGENHARIA, COM FORNECIMENTO DE MATERIAL E MÃO-DE-OBRA. – LOTE 02 – LESTE 1 – UBS JARDIM SÃO CARLOS (2ª FASE) – EXERCÍCIO 2026."", ""qtdeAnexo"": 1, ""valorUnitarioAnexo"": 199656.96}]",,,,,023/2025
01,PREFEITURA DO MUNICÍPIO DE SÃO PAULO,25914,38427,2026,4,02/04/2026 00:00:00,6018202501116277,04002395000112,LEMAM CONSTRUCOES E COMERCIO SA,32048,2025,07,Fundo Municipal de Desenvolvimento Social,10,Fundo Municipal de Desenvolvimento Social,10,Saúde,301,Atenção Básica,4015,"Saúde em Atenção Básica, Especialidades e Vigilância",1526,"Ampliação, Reforma e Requalificação de Equipamentos de Atenção Básica ",4,Despesas de Capital,4,Investimentos,90,Aplicações Diretas,51,Obras em Andamento - Uso Comum do Povo,08.1.759.1224,PMSP-SF/COADM-Fundo Municipal de Desenvolvimento Social-FMD,0,Hospitais e Similares ,8,Obras e Instalações,450316.23,0.0,450316.23,346580.45,346580.45,0.0,"[{""siglaUnidadeMedida"": ""SER"", ""descricaoAnexo"": ""SMS/OBRAS - PRESTAÇÃO DE SERVIÇOS DE REPAROS, ADEQUAÇÕES PONTUAIS E PEQUENOS SERVIÇOS DE ENGENHARIA NO LABORATÓRIO SANTO AMARO - EXERCÍCIO 2026."", ""qtdeAnexo"": 1, ""valorUnitarioAnexo"": 450316.23}]",,,,,044/2025
01,PREFEITURA DO MUNICÍPIO DE SÃO PAULO,25914,38434,2026,4,02/04/2026 00:00:00,6018202501232196,62533278000181,H E ENGENHARIA COMERCIO E REPRESENTACOES LTDA,32443,2025,07,Fundo Municipal de Desenvolvimento Social,10,Fundo Municipal de Desenvolvimento Social,10,Saúde,301,Atenção Básica,4015,"Saúde em Atenção Básica, Especialidades e Vigilância",1526,"Ampliação, Reforma e Requalificação de Equipamentos de Atenção Básica ",4,Despesas de Capital,4,Investimentos,90,Aplicações Diretas,51,Obras em Andamento - Uso Comum do Povo,08.1.759.1224,PMSP-SF/COADM-Fundo Municipal de Desenvolvimento Social-FMD,0,Hospitais e Similares ,8,Obras e Instalações,86222.77,0.0,86222.77,86057.27,86057.27,0.0,"[{""siglaUnidadeMedida"": ""SER"", ""descricaoAnexo"": ""SMS/OBRAS - PRESTAÇÃO DE SERVIÇOS DE REPAROS, ADEQUAÇÕES PONTUAIS E PEQUENOS SERVIÇOS DE ENGENHARIA - LOTE 08 - SUL 1 – INSTITUIÇÃO DE LONGA PERMANÊNCIA PARA IDOSOS (ILPI) II OTONIEL MOTA. - EXERCÍCIO 2026."", ""qtdeAnexo"": 1, ""valorUnitarioAnexo"": 86222.77}]",,,,,112/2025
01,PREFEITURA DO MUNICÍPIO DE SÃO PAULO,25944,38436,2026,4,02/04/2026 00:00:00,6018202401132629,03643992000163,BB ENGENHARIA E CONSTRUCOES S A,32201,2025,07,Fundo Municipal de Desenvolvimento Social,10,Fundo Municipal de Desenvolvimento Social,10,Saúde,302,Assistência Hospitalar e Ambulatorial,4016,Saúde em Atenção Hospitalar e de Urgência e Emergência,1536,"Ampliação, Reforma e Requalificação de Equipamentos em Atenção Hospita",4,Despesas de Capital,4,Investimentos,90,Aplicações Diretas,51,Obras em Andamento - Uso Comum do Povo,08.2.759.1224,PMSP-SF/COADM-Fundo Municipal de Desenvolvimento Social-FMD,0,Hospitais e Similares ,8,Obras e Instalações,1000000.0,0.0,1000000.0,976075.63,565467.37,0.0,"[{""siglaUnidadeMedida"": ""SER"", ""descricaoAnexo"": ""SMS/OBRAS - PRESTAÇÃO DE SERV. DE REPAROS, ADEQ. PONTUAIS E PEQ. SERVIÇOS DE ENGENHARIA NOS PRÉDIOS OCUPADOS PELA SMS,COM FORNEC. DE MATERIAL E MÃO-DE-OBRA - LOTE 05 - NORTE 2 - HM VER. JOSÉ STOROPOLLI - 2ª FASE - EXERCÍCIO 2026."", ""qtdeAnexo"": 1, ""valorUnitarioAnexo"": 1000000.0}]",,,,,70/2025
01,PREFEITURA DO MUNICÍPIO DE SÃO PAULO,25944,38476,2026,4,02/04/2026 00:00:00,6018202501163402,05577367000196,CODIGO ENGENHARIA E CONSTRUCOES LTDA,32411,2025,07,Fundo Municipal de Desenvolvimento Social,10,Fundo Municipal de Desenvolvimento Social,10,Saúde,302,Assistência Hospitalar e Ambulatorial,4016,Saúde em Atenção Hospitalar e de Urgência e Emergência,1536,"Ampliação, Reforma e Requalificação de Equipamentos em Atenção Hospita",4,Despesas de Capital,4,Investimentos,90,Aplicações Diretas,51,Obras em Andamento - Uso Comum do Povo,08.2.759.1224,PMSP-SF/COADM-Fundo Municipal de Desenvolvimento Social-FMD,0,Hospitais e Similares ,8,Obras e Instalações,518183.34,0.0,518183.34,0.0,0.0,0.0,"[{""siglaUnidadeMedida"": ""SER"", ""descricaoAnexo"": ""SMS/OBRAS - EMPRESA ESPEC.PARA PRESTAÇÃO DE SERV. DE REPAROS, ADEQ. PONTUAIS E PEQ. SERV. DE ENGENHARIA NOS PRÉDIOS OCUPADOS PELA SMS, COM FORNEC. DE MATERIAL E MÃO-DE-OBRA. – LOTE 04 – NORTE 1 – UPA PIRITUBA – EXERCÍCIO 2026."", ""qtdeAnexo"": 1, ""valorUnitarioAnexo"": 518183.34}]",,,,,118/2025
01,PREFEITURA DO MUNICÍPIO DE SÃO PAULO,25907,38506,2026,4,02/04/2026 00:00:00,6018202300469920,07461206000168,TERRA NOVA ENGENHARIA E CONSTRUCOES LTDA,15959,2023,07,Fundo Municipal de Desenvolvimento Social,10,Fundo Municipal de Desenvolvimento Social,10,Saúde,301,Atenção Básica,4015,"Saúde em Atenção Básica, Especialidades e Vigilância",1525,Construção e Implantação de Equipamentos de Atenção Básica e Especiali,4,Despesas de Capital,4,Investimentos,90,Aplicações Diretas,51,Obras em Andamento - Uso Comum do Povo,08.1.759.1224,PMSP-SF/COADM-Fundo Municipal de Desenvolvimento Social-FMD,0,Hospitais e Similares ,8,Obras e Instalações,73405.25,0.0,73405.25,0.0,0.0,0.0,"[{""siglaUnidadeMedida"": ""SER"", ""descricaoAnexo"": ""SMS/OBRAS - CONSTRUÇÃO DE UNIDADE BÁSICA DE SAÚDE - UBS JARDIM POPULAR - AVENIDA JAIME TORRES, 600 JARDIM POPULAR. - SUB ERMELINO MATARAZZO. REAJUSTE. - EXERCÍCIO DE 2026."", ""qtdeAnexo"": 1, ""valorUnitarioAnexo"": 73405.25}]",,,,,070/2023-SMS.G
01,PREFEITURA DO MUNICÍPIO DE SÃO PAULO,25907,38511,2026,4,02/04/2026 00:00:00,6018202300469920,07461206000168,TERRA NOVA ENGENHARIA E CONSTRUCOES LTDA,15959,2023,07,Fundo Municipal de Desenvolvimento Social,10,Fundo Municipal de Desenvolvimento Social,10,Saúde,301,Atenção Básica,4015,"Saúde em Atenção Básica, Especialidades e Vigilância",1525,Construção e Implantação de Equipamentos de Atenção Básica e Especiali,4,Despesas de Capital,4,Investimentos,90,Aplicações Diretas,51,Obras em Andamento - Uso Comum do Povo,08.1.759.1224,PMSP-SF/COADM-Fundo Municipal de Desenvolvimento Social-FMD,0,Hospitais e Similares ,8,Obras e Instalações,926594.75,0.0,926594.75,0.0,0.0,0.0,"[{""siglaUnidadeMedida"": ""SER"", ""descricaoAnexo"": ""SMS/OBRAS - CONSTRUÇÃO DE UNIDADE BÁSICA DE SAÚDE - UBS JARDIM POPULAR - AVENIDA JAIME TORRES, 600 JARDIM POPULAR. - SUB ERMELINO MATARAZZO - EXERCÍCIO DE 2026"", ""qtdeAnexo"": 1, ""valorUnitarioAnexo"": 926594.75}]",,,,,070/2023-SMS.G
01,PREFEITURA DO MUNICÍPIO DE SÃO PAULO,25907,38518,2026,4,02/04/2026 00:00:00,6018202300747814,06297348000179,DEKTON ENGENHARIA E CONSTRUCAO LTDA,23568,2023,07,Fundo Municipal de Desenvolvimento Social,10,Fundo Municipal de Desenvolvimento Social,10,Saúde,301,Atenção Básica,4015,"Saúde em Atenção Básica, Especialidades e Vigilância",1525,Construção e Implantação de Equipamentos de Atenção Básica e Especiali,4,Despesas de Capital,4,Investimentos,90,Aplicações Diretas,51,Obras em Andamento - Uso Comum do Povo,08.1.759.1224,PMSP-SF/COADM-Fundo Municipal de Desenvolvimento Social-FMD,0,Hospitais e Similares ,8,Obras e Instalações,154981.55,0.0,154981.55,0.0,0.0,0.0,"[{""siglaUnidadeMedida"": ""SER"", ""descricaoAnexo"": ""SMS/OBRAS - CONTRATAÇÃO DE EMPRESA PARA EXECUÇÃO DE OBRAS PARA CONSTRUÇÃO DE UNIDADES BÁSICAS DE SAÚDE PARA SECRETARIA MUNICIPAL DE SAÚDE, COM FORNECIMENTO DE MATERIAL E MÃO-DE-OBRA - UBS JARDIM PROGRESSO - REAJUSTE - EXERCÍCIO DE 2026"", ""qtdeAnexo"": 1, ""valorUnitarioAnexo"": 154981.55}]",,,,,121/2023/SMS
01,PREFEITURA DO MUNICÍPIO DE SÃO PAULO,25907,38531,2026,4,02/04/2026 00:00:00,6018202300747814,06297348000179,DEKTON ENGENHARIA E CONSTRUCAO LTDA,23568,2023,07,Fundo Municipal de Desenvolvimento Social,10,Fundo Municipal de Desenvolvimento Social,10,Saúde,301,Atenção Básica,4015,"Saúde em Atenção Básica, Especialidades e Vigilância",1525,Construção e Implantação de Equipamentos de Atenção Básica e Especiali,4,Despesas de Capital,4,Investimentos,90,Aplicações Diretas,51,Obras em Andamento - Uso Comum do Povo,08.1.759.1224,PMSP-SF/COADM-Fundo Municipal de Desenvolvimento Social-FMD,0,Hospitais e Similares ,8,Obras e Instalações,1845018.45,0.0,1845018.45,0.0,0.0,0.0,"[{""siglaUnidadeMedida"": ""SER"", ""descricaoAnexo"": ""SMS/OBRAS - CONTRATAÇÃO DE EMPRESA PARA EXECUÇÃO DE OBRAS PARA CONSTRUÇÃO DE UNIDADES BÁSICAS DE SAÚDE PARA SECRETARIA MUNICIPAL DE SAÚDE, COM FORNECIMENTO DE MATERIAL E MÃO-DE-OBRA - UBS JARDIM PROGRESSO - EXERCÍCIO DE 2026"", ""qtdeAnexo"": 1, ""valorUnitarioAnexo"": 1845018.45}]",,,,,121/2023/SMS
01,PREFEITURA DO MUNICÍPIO DE SÃO PAULO,25914,38710,2026,4,02/04/2026 00:00:00,6018202501161043,56838949000110,CONSTRUTORA PROGREDIOR LTDA,31479,2025,07,Fundo Municipal de Desenvolvimento Social,10,Fundo Municipal de Desenvolvimento Social,10,Saúde,301,Atenção Básica,4015,"Saúde em Atenção Básica, Especialidades e Vigilância",1526,"Ampliação, Reforma e Requalificação de Equipamentos de Atenção Básica ",4,Despesas de Capital,4,Investimentos,90,Aplicações Diretas,51,Obras em Andamento - Uso Comum do Povo,08.1.759.1224,PMSP-SF/COADM-Fundo Municipal de Desenvolvimento Social-FMD,0,Hospitais e Similares ,8,Obras e Instalações,121687.75,0.0,121687.75,121661.46,121661.46,0.0,"[{""siglaUnidadeMedida"": ""SER"", ""descricaoAnexo"": ""SMS/OBRAS - PRESTAÇÃO DE SERVIÇOS DE REPAROS, ADEQUAÇÕES PONTUAIS E PEQUENOS SERVIÇOS DE ENGENHARIA, NA UBS CIDADE NOVA SÃO MIGUEL - EXERCÍCIO 2026"", ""qtdeAnexo"": 1, ""valorUnitarioAnexo"": 121687.75}]",,,,,022/2025
01,PREFEITURA DO MUNICÍPIO DE SÃO PAULO,25914,38715,2026,4,06/04/2026 00:00:00,6018202401326156,44721630000120,NOVA JRA EMPREENDIMENTOS E ENGENHARIA LTDA,41288,2024,07,Fundo Municipal de Desenvolvimento Social,10,Fundo Municipal de Desenvolvimento Social,10,Saúde,301,Atenção Básica,4015,"Saúde em Atenção Básica, Especialidades e Vigilância",1526,"Ampliação, Reforma e Requalificação de Equipamentos de Atenção Básica ",4,Despesas de Capital,4,Investimentos,90,Aplicações Diretas,51,Obras em Andamento - Uso Comum do Povo,08.1.759.1224,PMSP-SF/COADM-Fundo Municipal de Desenvolvimento Social-FMD,0,Hospitais e Similares ,8,Obras e Instalações,1137912.41,0.0,1137912.41,501317.25,501317.25,0.0,"[{""siglaUnidadeMedida"": ""SER"", ""descricaoAnexo"": ""SMS/OBRAS - CONTRATAÇÃO SEMI-INTEGRADA DE EMPRESA, COM VISTAS A ELABORAÇÃO DE PROJETOS EXECUTIVOS E REALIZAÇÃO DE OBRAS DE REFORMA DA UBS BUTANTÃ (LOTE 1), COM FORNECIMENTO DE MATERIAIS, EQUIPAMENTOS E MÃO DE OBRA NECESSÁRIAS E SUFICIENTES À ENTREGA FINAL DO OBJETO."", ""qtdeAnexo"": 1, ""valorUnitarioAnexo"": 1137912.41}]",,,,,143/2024
01,PREFEITURA DO MUNICÍPIO DE SÃO PAULO,25918,38716,2026,4,06/04/2026 00:00:00,6018202401326156,44721630000120,NOVA JRA EMPREENDIMENTOS E ENGENHARIA LTDA,41288,2024,07,Fundo Municipal de Desenvolvimento Social,10,Fundo Municipal de Desenvolvimento Social,10,Saúde,301,Atenção Básica,4015,"Saúde em Atenção Básica, Especialidades e Vigilância",1526,"Ampliação, Reforma e Requalificação de Equipamentos de Atenção Básica ",4,Despesas de Capital,4,Investimentos,90,Aplicações Diretas,51,Obras em Andamento - Uso Comum do Povo,10.2.755.1224,PMSP-SF/COADM-Fundo Municipal de Desenvolvimento Social-FMD,0,Hospitais e Similares ,8,Obras e Instalações,2869843.96,0.0,2869843.96,0.0,0.0,0.0,"[{""siglaUnidadeMedida"": ""SER"", ""descricaoAnexo"": ""SMS/OBRAS - CONTRATAÇÃO SEMI-INTEGRADA DE EMPRESA, COM VISTAS A ELABORAÇÃO DE PROJETOS EXECUTIVOS E REALIZAÇÃO DE OBRAS DE REFORMA DA UBS BUTANTÃ (LOTE 1), COM FORNECIMENTO DE MATERIAIS, EQUIPAMENTOS E MÃO DE OBRA NECESSÁRIAS E SUFICIENTES À ENTREGA FINAL DO OBJETO."", ""qtdeAnexo"": 1, ""valorUnitarioAnexo"": 2869843.96}]",,,,,143/2024
01,PREFEITURA DO MUNICÍPIO DE SÃO PAULO,25907,38718,2026,4,06/04/2026 00:00:00,6018202400254232,15108349000119,RODOSERV ENGENHARIA LTDA,7312,2024,07,Fundo Municipal de Desenvolvimento Social,10,Fundo Municipal de Desenvolvimento Social,10,Saúde,301,Atenção Básica,4015,"Saúde em Atenção Básica, Especialidades e Vigilância",1525,Construção e Implantação de Equipamentos de Atenção Básica e Especiali,4,Despesas de Capital,4,Investimentos,90,Aplicações Diretas,51,Obras em Andamento - Uso Comum do Povo,08.1.759.1224,PMSP-SF/COADM-Fundo Municipal de Desenvolvimento Social-FMD,0,Hospitais e Similares ,8,Obras e Instalações,83257.41,0.0,83257.41,0.0,0.0,0.0,"[{""siglaUnidadeMedida"": ""SER"", ""descricaoAnexo"": ""SMS/OBRAS - EXECUÇÃO DE CONTRUÇÃO DA AMA UBS PARQUE ANHANGUERA/JD ROSINHA (LOTE 04), PARA SECRETARIA MUNICIPAL DE SAÚDE, COM FORNECIMENTO DE MATERIAL E MÃO-DE-OBRA. "", ""qtdeAnexo"": 1, ""valorUnitarioAnexo"": 83257.41}]",,,,,029/2024
01,PREFEITURA DO MUNICÍPIO DE SÃO PAULO,25910,38719,2026,4,06/04/2026 00:00:00,6018202400254232,15108349000119,RODOSERV ENGENHARIA LTDA,7312,2024,07,Fundo Municipal de Desenvolvimento Social,10,Fundo Municipal de Desenvolvimento Social,10,Saúde,301,Atenção Básica,4015,"Saúde em Atenção Básica, Especialidades e Vigilância",1525,Construção e Implantação de Equipamentos de Atenção Básica e Especiali,4,Despesas de Capital,4,Investimentos,90,Aplicações Diretas,51,Obras em Andamento - Uso Comum do Povo,10.2.755.1224,PMSP-SF/COADM-Fundo Municipal de Desenvolvimento Social-FMD,0,Hospitais e Similares ,8,Obras e Instalações,28832.2,0.0,28832.2,0.0,0.0,0.0,"[{""siglaUnidadeMedida"": ""SER"", ""descricaoAnexo"": ""SMS/OBRAS - EXECUÇÃO DE CONTRUÇÃO DA AMA UBS PARQUE ANHANGUERA/JD ROSINHA (LOTE 04), PARA SECRETARIA MUNICIPAL DE SAÚDE, COM FORNECIMENTO DE MATERIAL E MÃO-DE-OBRA. "", ""qtdeAnexo"": 1, ""valorUnitarioAnexo"": 28832.2}]",,,,,029/2024
01,PREFEITURA DO MUNICÍPIO DE SÃO PAULO,25910,38720,2026,4,06/04/2026 00:00:00,6018202400254232,15108349000119,RODOSERV ENGENHARIA LTDA,7312,2024,07,Fundo Municipal de Desenvolvimento Social,10,Fundo Municipal de Desenvolvimento Social,10,Saúde,301,Atenção Básica,4015,"Saúde em Atenção Básica, Especialidades e Vigilância",1525,Construção e Implantação de Equipamentos de Atenção Básica e Especiali,4,Despesas de Capital,4,Investimentos,90,Aplicações Diretas,51,Obras em Andamento - Uso Comum do Povo,10.2.755.1224,PMSP-SF/COADM-Fundo Municipal de Desenvolvimento Social-FMD,0,Hospitais e Similares ,8,Obras e Instalações,5002.56,0.0,5002.56,0.0,0.0,0.0,"[{""siglaUnidadeMedida"": ""SER"", ""descricaoAnexo"": ""SMS/OBRAS - EXECUÇÃO DE CONTRUÇÃO DA AMA UBS PARQUE ANHANGUERA/JD ROSINHA (LOTE 04), PARA SECRETARIA MUNICIPAL DE SAÚDE, COM FORNECIMENTO DE MATERIAL E MÃO-DE-OBRA."", ""qtdeAnexo"": 1, ""valorUnitarioAnexo"": 5002.56}]",,,,,029/2024
01,PREFEITURA DO MUNICÍPIO DE SÃO PAULO,25914,39146,2026,4,06/04/2026 00:00:00,6018202501241748,67192609000180,M A S CONSTRUCOES E EMPREENDIMENTOS LIMITADA,32493,2025,07,Fundo Municipal de Desenvolvimento Social,10,Fundo Municipal de Desenvolvimento Social,10,Saúde,301,Atenção Básica,4015,"Saúde em Atenção Básica, Especialidades e Vigilância",1526,"Ampliação, Reforma e Requalificação de Equipamentos de Atenção Básica ",4,Despesas de Capital,4,Investimentos,90,Aplicações Diretas,51,Obras em Andamento - Uso Comum do Povo,08.1.759.1224,PMSP-SF/COADM-Fundo Municipal de Desenvolvimento Social-FMD,0,Hospitais e Similares ,8,Obras e Instalações,472833.28,76.07,472757.21,182840.57,182840.57,0.0,"[{""siglaUnidadeMedida"": ""SER"", ""descricaoAnexo"": ""SMS/OBRAS – PRESTAÇÃO DE SERVIÇOS DE REPAROS, ADEQUAÇÕES PONTUAIS E PEQUENOS SERVIÇOS DE ENGENHARIA – LOTE 07 – SUDESTE 2 – UVIS VILA PRUDENTE – EXERCÍCIO 2026"", ""qtdeAnexo"": 1, ""valorUnitarioAnexo"": 472833.28}]",,,,,106/2025
01,PREFEITURA DO MUNICÍPIO DE SÃO PAULO,25927,44285,2026,4,16/04/2026 00:00:00,6018202401325672,30037029000109,APENG SERVICOS E CONSTRUCOES LTDA,41575,2024,07,Fundo Municipal de Desenvolvimento Social,10,Fundo Municipal de Desenvolvimento Social,10,Saúde,302,Assistência Hospitalar e Ambulatorial,4016,Saúde em Atenção Hospitalar e de Urgência e Emergência,1535,Construção e Implantação de Equipamentos em Atenção Hospitalar e de Ur,4,Despesas de Capital,4,Investimentos,90,Aplicações Diretas,51,Obras em Andamento - Uso Comum do Povo,08.2.759.1224,PMSP-SF/COADM-Fundo Municipal de Desenvolvimento Social-FMD,0,Hospitais e Similares ,8,Obras e Instalações,1600000.0,0.0,1600000.0,1494084.32,861797.97,0.0,"[{""siglaUnidadeMedida"": ""SER"", ""descricaoAnexo"": ""SMS/OBRAS - CONTRATAÇÃO DE EMPRESA PARA EXECUÇÃO DA CONSTRUÇÃO DA UPA CIDADE TIRADENTES II - EXERCÍCIO DE 2026."", ""qtdeAnexo"": 1, ""valorUnitarioAnexo"": 1600000.0}]",,,,,145/2024
01,PREFEITURA DO MUNICÍPIO DE SÃO PAULO,25927,44289,2026,4,16/04/2026 00:00:00,6018202401326172,02120261000170,SHOP SIGNS OBRAS E SERVICOS LTDA,41279,2024,07,Fundo Municipal de Desenvolvimento Social,10,Fundo Municipal de Desenvolvimento Social,10,Saúde,302,Assistência Hospitalar e Ambulatorial,4016,Saúde em Atenção Hospitalar e de Urgência e Emergência,1535,Construção e Implantação de Equipamentos em Atenção Hospitalar e de Ur,4,Despesas de Capital,4,Investimentos,90,Aplicações Diretas,51,Obras em Andamento - Uso Comum do Povo,08.2.759.1224,PMSP-SF/COADM-Fundo Municipal de Desenvolvimento Social-FMD,0,Hospitais e Similares ,8,Obras e Instalações,1500000.0,0.0,1500000.0,533470.04,533470.04,0.0,"[{""siglaUnidadeMedida"": ""SER"", ""descricaoAnexo"": ""SMS/OBRAS - CONTRATAÇÃO SEMI-INTEGRADA DE EMPRESA OU CONSÓRCIO, COM VISTAS A ELABORAÇÃO DE PROJETOS EXECUTIVOS E REALIZAÇÃO DE OBRAS DE REFORMA DA UPA ITAQUERA - EXERCÍCIO 2026."", ""qtdeAnexo"": 1, ""valorUnitarioAnexo"": 1500000.0}]",,,,,138/2024
01,PREFEITURA DO MUNICÍPIO DE SÃO PAULO,25927,44292,2026,4,16/04/2026 00:00:00,6018202401325893,58563919000173,CONSORCIO M9 ENGENHARIA,9577,2025,07,Fundo Municipal de Desenvolvimento Social,10,Fundo Municipal de Desenvolvimento Social,10,Saúde,302,Assistência Hospitalar e Ambulatorial,4016,Saúde em Atenção Hospitalar e de Urgência e Emergência,1535,Construção e Implantação de Equipamentos em Atenção Hospitalar e de Ur,4,Despesas de Capital,4,Investimentos,90,Aplicações Diretas,51,Obras em Andamento - Uso Comum do Povo,08.2.759.1224,PMSP-SF/COADM-Fundo Municipal de Desenvolvimento Social-FMD,0,Hospitais e Similares ,8,Obras e Instalações,1300000.0,0.0,1300000.0,0.0,0.0,0.0,"[{""siglaUnidadeMedida"": ""SER"", ""descricaoAnexo"": ""SMS - EXECUÇÃO DA CONSTRUÇÃO DA UPA SÃO MATEUS - EXERCÍCIO 2026."", ""qtdeAnexo"": 1, ""valorUnitarioAnexo"": 1300000.0}]",,,,,027/2025
01,PREFEITURA DO MUNICÍPIO DE SÃO PAULO,25933,44309,2026,4,16/04/2026 00:00:00,6018202501392428,06273115000136,WEBER CONSULTORIA E ENGENHARIA AMBIENTAL LIMITADA,37953,2025,07,Fundo Municipal de Desenvolvimento Social,10,Fundo Municipal de Desenvolvimento Social,10,Saúde,302,Assistência Hospitalar e Ambulatorial,4016,Saúde em Atenção Hospitalar e de Urgência e Emergência,1536,"Ampliação, Reforma e Requalificação de Equipamentos em Atenção Hospita",4,Despesas de Capital,4,Investimentos,90,Aplicações Diretas,39,Outros Serviços de Terceiros - Pessoa Jurídica,08.2.759.1224,PMSP-SF/COADM-Fundo Municipal de Desenvolvimento Social-FMD,9,Outros Serviços de Terceiros - Pessoa Jurídica,9,Outros Serviços de Terceiros - Pessoa Jurídica,1273815.97,0.0,1273815.97,298029.85,298029.85,0.0,"[{""siglaUnidadeMedida"": ""SER"", ""descricaoAnexo"": ""SMS/OBRAS - CONTRATAÇÃO DE EMPRESA ESPECIALIZADA PARA EXECUÇÃO DE SERVIÇOS GERAIS DE CONSULTORIA, GERENCIAMENTO E INVESTIGAÇÃO AMBIENTAL, COM FORNECIMENTO DE MATERIAIS DE PRIMEIRA LINHA E MÃO-DE- OBRA ESPECIALIZADA – EXERCÍCIO 2026."", ""qtdeAnexo"": 1, ""valorUnitarioAnexo"": 1273815.97}]",,,,,001/2025-CONT/ATA
01,PREFEITURA DO MUNICÍPIO DE SÃO PAULO,25938,44312,2026,4,16/04/2026 00:00:00,6018202501392428,06273115000136,WEBER CONSULTORIA E ENGENHARIA AMBIENTAL LIMITADA,37953,2025,07,Fundo Municipal de Desenvolvimento Social,10,Fundo Municipal de Desenvolvimento Social,10,Saúde,302,Assistência Hospitalar e Ambulatorial,4016,Saúde em Atenção Hospitalar e de Urgência e Emergência,1536,"Ampliação, Reforma e Requalificação de Equipamentos em Atenção Hospita",4,Despesas de Capital,4,Investimentos,90,Aplicações Diretas,39,Outros Serviços de Terceiros - Pessoa Jurídica,10.1.755.9001,Recursos de Alienação de Bens/Ativos - Administração Direta,9,Outros Serviços de Terceiros - Pessoa Jurídica,9,Outros Serviços de Terceiros - Pessoa Jurídica,46953.0,46953.0,0.0,0.0,0.0,0.0,"[{""siglaUnidadeMedida"": ""SER"", ""descricaoAnexo"": ""SMS/OBRAS - CONTRATAÇÃO DE EMPRESA ESPECIALIZADA PARA EXECUÇÃO DE SERVIÇOS GERAIS DE CONSULTORIA, GERENCIAMENTO E INVESTIGAÇÃO AMBIENTAL, COM FORNECIMENTO DE MATERIAIS DE PRIMEIRA LINHA E MÃO-DE- OBRA ESPECIALIZADA – EXERCÍCIO 2026."", ""qtdeAnexo"": 1, ""valorUnitarioAnexo"": 46953.0}]",,,,,001/2025-CONT/ATA
01,PREFEITURA DO MUNICÍPIO DE SÃO PAULO,25938,44322,2026,4,16/04/2026 00:00:00,6018202501392428,06273115000136,WEBER CONSULTORIA E ENGENHARIA AMBIENTAL LIMITADA,37953,2025,07,Fundo Municipal de Desenvolvimento Social,10,Fundo Municipal de Desenvolvimento Social,10,Saúde,302,Assistência Hospitalar e Ambulatorial,4016,Saúde em Atenção Hospitalar e de Urgência e Emergência,1536,"Ampliação, Reforma e Requalificação de Equipamentos em Atenção Hospita",4,Despesas de Capital,4,Investimentos,90,Aplicações Diretas,39,Outros Serviços de Terceiros - Pessoa Jurídica,10.1.755.9001,Recursos de Alienação de Bens/Ativos - Administração Direta,9,Outros Serviços de Terceiros - Pessoa Jurídica,9,Outros Serviços de Terceiros - Pessoa Jurídica,56618.3,0.0,56618.3,21593.68,21593.68,0.0,"[{""siglaUnidadeMedida"": ""SER"", ""descricaoAnexo"": ""SMS/OBRAS - CONTRATAÇÃO DE EMPRESA ESPECIALIZADA PARA EXECUÇÃO DE SERVIÇOS GERAIS DE CONSULTORIA, GERENCIAMENTO E INVESTIGAÇÃO AMBIENTAL, COM FORNECIMENTO DE MATERIAIS DE PRIMEIRA LINHA E MÃO-DE- OBRA ESPECIALIZADA – EXERCÍCIO 2026."", ""qtdeAnexo"": 1, ""valorUnitarioAnexo"": 56618.3}]",,,,,001/2025-CONT/ATA
01,PREFEITURA DO MUNICÍPIO DE SÃO PAULO,25941,44695,2026,4,17/04/2026 00:00:00,6018202400325040,53780577000120,CONSORCIO MAIS SAUDE,5284,2026,07,Fundo Municipal de Desenvolvimento Social,10,Fundo Municipal de Desenvolvimento Social,10,Saúde,302,Assistência Hospitalar e Ambulatorial,4016,Saúde em Atenção Hospitalar e de Urgência e Emergência,1536,"Ampliação, Reforma e Requalificação de Equipamentos em Atenção Hospita",4,Despesas de Capital,4,Investimentos,90,Aplicações Diretas,51,Obras em Andamento - Uso Comum do Povo,08.1.759.1224,PMSP-SF/COADM-Fundo Municipal de Desenvolvimento Social-FMD,0,Hospitais e Similares ,8,Obras e Instalações,957276.74,0.0,957276.74,0.0,0.0,0.0,"[{""siglaUnidadeMedida"": ""SER"", ""descricaoAnexo"": ""SMS/OBRAS - EXECUÇÃO DE REFORMA DO HOSPITAL MUNICIPAL DOUTOR JOSÉ SOARES HUNGRIA (LOTE 02). - EXERCÍCIO DE 2026."", ""qtdeAnexo"": 1, ""valorUnitarioAnexo"": 957276.74}]",,,,,040/2024
01,PREFEITURA DO MUNICÍPIO DE SÃO PAULO,25941,44696,2026,4,17/04/2026 00:00:00,6018202400325040,53780577000120,CONSORCIO MAIS SAUDE,5284,2026,07,Fundo Municipal de Desenvolvimento Social,10,Fundo Municipal de Desenvolvimento Social,10,Saúde,302,Assistência Hospitalar e Ambulatorial,4016,Saúde em Atenção Hospitalar e de Urgência e Emergência,1536,"Ampliação, Reforma e Requalificação de Equipamentos em Atenção Hospita",4,Despesas de Capital,4,Investimentos,90,Aplicações Diretas,51,Obras em Andamento - Uso Comum do Povo,08.1.759.1224,PMSP-SF/COADM-Fundo Municipal de Desenvolvimento Social-FMD,0,Hospitais e Similares ,8,Obras e Instalações,42723.26,0.0,42723.26,0.0,0.0,0.0,"[{""siglaUnidadeMedida"": ""SER"", ""descricaoAnexo"": ""SMS/OBRAS - EXECUÇÃO DE REFORMA DO HOSPITAL MUNICIPAL DOUTOR JOSÉ SOARES HUNGRIA (LOTE 02). - EXERCÍCIO DE 2026. - REAJUSTE."", ""qtdeAnexo"": 1, ""valorUnitarioAnexo"": 42723.26}]",,,,,040/2024
01,PREFEITURA DO MUNICÍPIO DE SÃO PAULO,25941,44698,2026,4,17/04/2026 00:00:00,6018202400324869,05577367000196,CODIGO ENGENHARIA E CONSTRUCOES LTDA,9729,2024,07,Fundo Municipal de Desenvolvimento Social,10,Fundo Municipal de Desenvolvimento Social,10,Saúde,302,Assistência Hospitalar e Ambulatorial,4016,Saúde em Atenção Hospitalar e de Urgência e Emergência,1536,"Ampliação, Reforma e Requalificação de Equipamentos em Atenção Hospita",4,Despesas de Capital,4,Investimentos,90,Aplicações Diretas,51,Obras em Andamento - Uso Comum do Povo,08.1.759.1224,PMSP-SF/COADM-Fundo Municipal de Desenvolvimento Social-FMD,0,Hospitais e Similares ,8,Obras e Instalações,478638.37,0.0,478638.37,0.0,0.0,0.0,"[{""siglaUnidadeMedida"": ""SER"", ""descricaoAnexo"": ""SMS/OBRAS - EXECUÇÃO DE REFORMA DO HOSPITAL MUNICIPAL DOUTOR ALÍPIO CORREA NETO (LOTE 01), COM FORNECIMENTO DE MATERIAL E MÃO-DE-OBRA. - EXERCÍCIO DE 2026. \n\n"", ""qtdeAnexo"": 1, ""valorUnitarioAnexo"": 478638.37}]",,,,,037/2024
01,PREFEITURA DO MUNICÍPIO DE SÃO PAULO,25941,44699,2026,4,17/04/2026 00:00:00,6018202400324869,03643992000163,BB ENGENHARIA E CONSTRUCOES S A,9729,2024,07,Fundo Municipal de Desenvolvimento Social,10,Fundo Municipal de Desenvolvimento Social,10,Saúde,302,Assistência Hospitalar e Ambulatorial,4016,Saúde em Atenção Hospitalar e de Urgência e Emergência,1536,"Ampliação, Reforma e Requalificação de Equipamentos em Atenção Hospita",4,Despesas de Capital,4,Investimentos,90,Aplicações Diretas,51,Obras em Andamento - Uso Comum do Povo,08.1.759.1224,PMSP-SF/COADM-Fundo Municipal de Desenvolvimento Social-FMD,0,Hospitais e Similares ,8,Obras e Instalações,478638.37,0.0,478638.37,0.0,0.0,0.0,"[{""siglaUnidadeMedida"": ""SER"", ""descricaoAnexo"": ""SMS/OBRAS - EXECUÇÃO DE REFORMA DO HOSPITAL MUNICIPAL DOUTOR ALÍPIO CORREA NETO (LOTE 01), COM FORNECIMENTO DE MATERIAL E MÃO-DE-OBRA. - EXERCÍCIO DE 2026. \n\n"", ""qtdeAnexo"": 1, ""valorUnitarioAnexo"": 478638.37}]",,,,,037/2024
01,PREFEITURA DO MUNICÍPIO DE SÃO PAULO,25941,44700,2026,4,17/04/2026 00:00:00,6018202400324869,05577367000196,CODIGO ENGENHARIA E CONSTRUCOES LTDA,9729,2024,07,Fundo Municipal de Desenvolvimento Social,10,Fundo Municipal de Desenvolvimento Social,10,Saúde,302,Assistência Hospitalar e Ambulatorial,4016,Saúde em Atenção Hospitalar e de Urgência e Emergência,1536,"Ampliação, Reforma e Requalificação de Equipamentos em Atenção Hospita",4,Despesas de Capital,4,Investimentos,90,Aplicações Diretas,51,Obras em Andamento - Uso Comum do Povo,08.1.759.1224,PMSP-SF/COADM-Fundo Municipal de Desenvolvimento Social-FMD,0,Hospitais e Similares ,8,Obras e Instalações,21361.63,0.0,21361.63,0.0,0.0,0.0,"[{""siglaUnidadeMedida"": ""SER"", ""descricaoAnexo"": ""SMS/OBRAS - EXECUÇÃO DE REFORMA DO HOSPITAL MUNICIPAL DOUTOR ALÍPIO CORREA NETO (LOTE 01), COM FORNECIMENTO DE MATERIAL E MÃO-DE-OBRA. - EXERCÍCIO DE 2026. - REAJUSTE."", ""qtdeAnexo"": 1, ""valorUnitarioAnexo"": 21361.63}]",,,,,037/2024
01,PREFEITURA DO MUNICÍPIO DE SÃO PAULO,25941,44701,2026,4,17/04/2026 00:00:00,6018202400324869,03643992000163,BB ENGENHARIA E CONSTRUCOES S A,9729,2024,07,Fundo Municipal de Desenvolvimento Social,10,Fundo Municipal de Desenvolvimento Social,10,Saúde,302,Assistência Hospitalar e Ambulatorial,4016,Saúde em Atenção Hospitalar e de Urgência e Emergência,1536,"Ampliação, Reforma e Requalificação de Equipamentos em Atenção Hospita",4,Despesas de Capital,4,Investimentos,90,Aplicações Diretas,51,Obras em Andamento - Uso Comum do Povo,08.1.759.1224,PMSP-SF/COADM-Fundo Municipal de Desenvolvimento Social-FMD,0,Hospitais e Similares ,8,Obras e Instalações,21361.63,0.0,21361.63,0.0,0.0,0.0,"[{""siglaUnidadeMedida"": ""SER"", ""descricaoAnexo"": ""SMS/OBRAS - EXECUÇÃO DE REFORMA DO HOSPITAL MUNICIPAL DOUTOR ALÍPIO CORREA NETO (LOTE 01), COM FORNECIMENTO DE MATERIAL E MÃO-DE-OBRA. - EXERCÍCIO DE 2026. - REAJUSTE."", ""qtdeAnexo"": 1, ""valorUnitarioAnexo"": 21361.63}]",,,,,037/2024
01,PREFEITURA DO MUNICÍPIO DE SÃO PAULO,25941,44708,2026,4,17/04/2026 00:00:00,6018202400325288,53619416000159,CONSORCIO LEMAM  CONSITEC  JLA,9732,2024,07,Fundo Municipal de Desenvolvimento Social,10,Fundo Municipal de Desenvolvimento Social,10,Saúde,302,Assistência Hospitalar e Ambulatorial,4016,Saúde em Atenção Hospitalar e de Urgência e Emergência,1536,"Ampliação, Reforma e Requalificação de Equipamentos em Atenção Hospita",4,Despesas de Capital,4,Investimentos,90,Aplicações Diretas,51,Obras em Andamento - Uso Comum do Povo,08.1.759.1224,PMSP-SF/COADM-Fundo Municipal de Desenvolvimento Social-FMD,0,Hospitais e Similares ,8,Obras e Instalações,957276.74,0.0,957276.74,0.0,0.0,0.0,"[{""siglaUnidadeMedida"": ""SER"", ""descricaoAnexo"": ""SMS/OBRAS - CONTRATAÇÃO DE CONSÓRCIO DE EMPRESAS PARA EXECUÇÃO DE REFORMA DO HOSPITAL MUNICIPAL DR. ARTHUR RIBEIRO DE SABOYA (LOTE 03) - EXERCÍCIO DE 2026."", ""qtdeAnexo"": 1, ""valorUnitarioAnexo"": 957276.74}]",,,,,036/2024/SMS-1
01,PREFEITURA DO MUNICÍPIO DE SÃO PAULO,25941,44710,2026,4,17/04/2026 00:00:00,6018202400325288,53619416000159,CONSORCIO LEMAM  CONSITEC  JLA,9732,2024,07,Fundo Municipal de Desenvolvimento Social,10,Fundo Municipal de Desenvolvimento Social,10,Saúde,302,Assistência Hospitalar e Ambulatorial,4016,Saúde em Atenção Hospitalar e de Urgência e Emergência,1536,"Ampliação, Reforma e Requalificação de Equipamentos em Atenção Hospita",4,Despesas de Capital,4,Investimentos,90,Aplicações Diretas,51,Obras em Andamento - Uso Comum do Povo,08.1.759.1224,PMSP-SF/COADM-Fundo Municipal de Desenvolvimento Social-FMD,0,Hospitais e Similares ,8,Obras e Instalações,42723.26,0.0,42723.26,0.0,0.0,0.0,"[{""siglaUnidadeMedida"": ""SER"", ""descricaoAnexo"": ""SMS/OBRAS - CONTRATAÇÃO DE CONSÓRCIO DE EMPRESAS PARA EXECUÇÃO DE REFORMA DO HOSPITAL MUNICIPAL DR. ARTHUR RIBEIRO DE SABOYA (LOTE 03) - EXERCÍCIO DE 2026 - REAJUSTE."", ""qtdeAnexo"": 1, ""valorUnitarioAnexo"": 42723.26}]",,,,,036/2024/SMS-1
01,PREFEITURA DO MUNICÍPIO DE SÃO PAULO,25941,44712,2026,4,17/04/2026 00:00:00,6018202501163402,05577367000196,CODIGO ENGENHARIA E CONSTRUCOES LTDA,32411,2025,07,Fundo Municipal de Desenvolvimento Social,10,Fundo Municipal de Desenvolvimento Social,10,Saúde,302,Assistência Hospitalar e Ambulatorial,4016,Saúde em Atenção Hospitalar e de Urgência e Emergência,1536,"Ampliação, Reforma e Requalificação de Equipamentos em Atenção Hospita",4,Despesas de Capital,4,Investimentos,90,Aplicações Diretas,51,Obras em Andamento - Uso Comum do Povo,08.1.759.1224,PMSP-SF/COADM-Fundo Municipal de Desenvolvimento Social-FMD,0,Hospitais e Similares ,8,Obras e Instalações,500000.0,0.0,500000.0,0.0,0.0,0.0,"[{""siglaUnidadeMedida"": ""SER"", ""descricaoAnexo"": ""SMS/OBRAS - EMPRESA ESPEC.PARA PRESTAÇÃO DE SERV. DE REPAROS, ADEQ. PONTUAIS E PEQ. SERV. DE ENGENHARIA NOS PRÉDIOS OCUPADOS PELA SMS, COM FORNEC. DE MATERIAL E MÃO-DE-OBRA. – LOTE 04 – NORTE 1 – UPA PIRITUBA – EXERCÍCIO 2026."", ""qtdeAnexo"": 1, ""valorUnitarioAnexo"": 500000.0}]",,,,,118/2025
01,PREFEITURA DO MUNICÍPIO DE SÃO PAULO,25941,44716,2026,4,17/04/2026 00:00:00,6018202400324192,01376473000150,HERSA ENGENHARIA E SERVICOS LTDA,9733,2024,07,Fundo Municipal de Desenvolvimento Social,10,Fundo Municipal de Desenvolvimento Social,10,Saúde,302,Assistência Hospitalar e Ambulatorial,4016,Saúde em Atenção Hospitalar e de Urgência e Emergência,1536,"Ampliação, Reforma e Requalificação de Equipamentos em Atenção Hospita",4,Despesas de Capital,4,Investimentos,90,Aplicações Diretas,51,Obras em Andamento - Uso Comum do Povo,08.1.759.1224,PMSP-SF/COADM-Fundo Municipal de Desenvolvimento Social-FMD,0,Hospitais e Similares ,8,Obras e Instalações,957276.74,0.0,957276.74,0.0,0.0,0.0,"[{""siglaUnidadeMedida"": ""SER"", ""descricaoAnexo"": ""SMS/OBRAS - CONTRATAÇÃO DE CONSÓRCIO DE EMPRESA PARA EXECUÇÃO DE REFORMA DO HOSPITAL MUNICIPAL PROF. DOUTOR WALDOMIRO DE PAULA (LOTE 04), PARA SECRETARIA MUNICIPAL DE SAÚDE, COM FORNECIMENTO DE MATERIAL E MÃO-DE-OBRA - EXERCÍCIO DE 2026."", ""qtdeAnexo"": 1, ""valorUnitarioAnexo"": 957276.74}]",,,,,035/2024
01,PREFEITURA DO MUNICÍPIO DE SÃO PAULO,25941,44721,2026,4,17/04/2026 00:00:00,6018202400324192,01376473000150,HERSA ENGENHARIA E SERVICOS LTDA,9733,2024,07,Fundo Municipal de Desenvolvimento Social,10,Fundo Municipal de Desenvolvimento Social,10,Saúde,302,Assistência Hospitalar e Ambulatorial,4016,Saúde em Atenção Hospitalar e de Urgência e Emergência,1536,"Ampliação, Reforma e Requalificação de Equipamentos em Atenção Hospita",4,Despesas de Capital,4,Investimentos,90,Aplicações Diretas,51,Obras em Andamento - Uso Comum do Povo,08.1.759.1224,PMSP-SF/COADM-Fundo Municipal de Desenvolvimento Social-FMD,0,Hospitais e Similares ,8,Obras e Instalações,42723.26,0.0,42723.26,0.0,0.0,0.0,"[{""siglaUnidadeMedida"": ""SER"", ""descricaoAnexo"": ""SMS/OBRAS - CONTRATAÇÃO DE CONSÓRCIO DE EMPRESA PARA EXECUÇÃO DE REFORMA DO HOSPITAL MUNICIPAL PROF. DOUTOR WALDOMIRO DE PAULA (LOTE 04), PARA SECRETARIA MUNICIPAL DE SAÚDE, COM FORNECIMENTO DE MATERIAL E MÃO-DE-OBRA - EXERCÍCIO DE 2026 - REAJUSTE."", ""qtdeAnexo"": 1, ""valorUnitarioAnexo"": 42723.26}]",,,,,035/2024
01,PREFEITURA DO MUNICÍPIO DE SÃO PAULO,25941,44724,2026,4,17/04/2026 00:00:00,6018202400324192,49723802000119,SCOPUS CONSTRUTORA & INCORPORADORA LTDA,9733,2024,07,Fundo Municipal de Desenvolvimento Social,10,Fundo Municipal de Desenvolvimento Social,10,Saúde,302,Assistência Hospitalar e Ambulatorial,4016,Saúde em Atenção Hospitalar e de Urgência e Emergência,1536,"Ampliação, Reforma e Requalificação de Equipamentos em Atenção Hospita",4,Despesas de Capital,4,Investimentos,90,Aplicações Diretas,51,Obras em Andamento - Uso Comum do Povo,08.1.759.1224,PMSP-SF/COADM-Fundo Municipal de Desenvolvimento Social-FMD,0,Hospitais e Similares ,8,Obras e Instalações,957276.74,0.0,957276.74,0.0,0.0,0.0,"[{""siglaUnidadeMedida"": ""SER"", ""descricaoAnexo"": ""SMS/OBRAS - CONTRATAÇÃO DE CONSÓRCIO DE EMPRESA PARA EXECUÇÃO DE REFORMA DO HOSPITAL MUNICIPAL PROF. DOUTOR WALDOMIRO DE PAULA (LOTE 04), PARA SECRETARIA MUNICIPAL DE SAÚDE, COM FORNECIMENTO DE MATERIAL E MÃO-DE-OBRA - EXERCÍCIO DE 2026."", ""qtdeAnexo"": 1, ""valorUnitarioAnexo"": 957276.74}]",,,,,035/2024
01,PREFEITURA DO MUNICÍPIO DE SÃO PAULO,25941,44727,2026,4,17/04/2026 00:00:00,6018202400324192,49723802000119,SCOPUS CONSTRUTORA & INCORPORADORA LTDA,9733,2024,07,Fundo Municipal de Desenvolvimento Social,10,Fundo Municipal de Desenvolvimento Social,10,Saúde,302,Assistência Hospitalar e Ambulatorial,4016,Saúde em Atenção Hospitalar e de Urgência e Emergência,1536,"Ampliação, Reforma e Requalificação de Equipamentos em Atenção Hospita",4,Despesas de Capital,4,Investimentos,90,Aplicações Diretas,51,Obras em Andamento - Uso Comum do Povo,08.1.759.1224,PMSP-SF/COADM-Fundo Municipal de Desenvolvimento Social-FMD,0,Hospitais e Similares ,8,Obras e Instalações,42723.26,0.0,42723.26,0.0,0.0,0.0,"[{""siglaUnidadeMedida"": ""SER"", ""descricaoAnexo"": ""SMS/OBRAS - CONTRATAÇÃO DE CONSÓRCIO DE EMPRESA PARA EXECUÇÃO DE REFORMA DO HOSPITAL MUNICIPAL PROF. DOUTOR WALDOMIRO DE PAULA (LOTE 04), PARA SECRETARIA MUNICIPAL DE SAÚDE, COM FORNECIMENTO DE MATERIAL E MÃO-DE-OBRA - EXERCÍCIO DE 2026 - REAJUSTE."", ""qtdeAnexo"": 1, ""valorUnitarioAnexo"": 42723.26}]",,,,,035/2024
01,PREFEITURA DO MUNICÍPIO DE SÃO PAULO,25918,48700,2026,4,28/04/2026 00:00:00,6018202501198370,07534937000196,TETRABASE  ENGENHARIA E CONSTRUCOES LTDA,32124,2025,07,Fundo Municipal de Desenvolvimento Social,10,Fundo Municipal de Desenvolvimento Social,10,Saúde,301,Atenção Básica,4015,"Saúde em Atenção Básica, Especialidades e Vigilância",1526,"Ampliação, Reforma e Requalificação de Equipamentos de Atenção Básica ",4,Despesas de Capital,4,Investimentos,90,Aplicações Diretas,51,Obras em Andamento - Uso Comum do Povo,10.2.755.1224,PMSP-SF/COADM-Fundo Municipal de Desenvolvimento Social-FMD,0,Hospitais e Similares ,8,Obras e Instalações,23218.04,0.0,23218.04,23218.04,23218.04,0.0,"[{""siglaUnidadeMedida"": ""SER"", ""descricaoAnexo"": ""SMS - CONTRATAÇÃO DE EMPRESA ESPEC. PARA A PRESTAÇÃO DE SERV. DE REPAROS, ADEQ. PONTUAIS E PEQ. SERVIÇOS DE ENGENHARIA NOS PRÉDIOS OCUPADOS PELA SMS, COM FORNEC. DE MATERIAL E MÃO-DE-OBRA - LOTE 03 - LESTE 2 - CER II JARDIM SOARES - EXERCÍCIO DE 2026"", ""qtdeAnexo"": 1, ""valorUnitarioAnexo"": 23218.04}]",,,,,063/2025
01,PREFEITURA DO MUNICÍPIO DE SÃO PAULO,25918,48703,2026,4,28/04/2026 00:00:00,6018202501204109,67192609000180,M A S CONSTRUCOES E EMPREENDIMENTOS LIMITADA,32328,2025,07,Fundo Municipal de Desenvolvimento Social,10,Fundo Municipal de Desenvolvimento Social,10,Saúde,301,Atenção Básica,4015,"Saúde em Atenção Básica, Especialidades e Vigilância",1526,"Ampliação, Reforma e Requalificação de Equipamentos de Atenção Básica ",4,Despesas de Capital,4,Investimentos,90,Aplicações Diretas,51,Obras em Andamento - Uso Comum do Povo,10.2.755.1224,PMSP-SF/COADM-Fundo Municipal de Desenvolvimento Social-FMD,0,Hospitais e Similares ,8,Obras e Instalações,150000.0,0.0,150000.0,149997.57,149997.57,0.0,"[{""siglaUnidadeMedida"": ""ser"", ""descricaoAnexo"": ""SMS - PRESTAÇÃO DE SERVIÇOS DE REPAROS, ADEQUAÇÕES PONTUAIS E PEQUENOS SERVIÇOS DE ENGENHARIA NA – COMPLEXO SAPOPEMBA (2ª FASE) - EXERCÍCIO DE 2026\nCOMPLEXO SAPOPEMBA (2ª FASE) -"", ""qtdeAnexo"": 1, ""valorUnitarioAnexo"": 150000.0}]",,,,,080/2025
01,PREFEITURA DO MUNICÍPIO DE SÃO PAULO,25918,48806,2026,4,29/04/2026 00:00:00,6018202501164964,07534937000196,TETRABASE  ENGENHARIA E CONSTRUCOES LTDA,31342,2025,07,Fundo Municipal de Desenvolvimento Social,10,Fundo Municipal de Desenvolvimento Social,10,Saúde,301,Atenção Básica,4015,"Saúde em Atenção Básica, Especialidades e Vigilância",1526,"Ampliação, Reforma e Requalificação de Equipamentos de Atenção Básica ",4,Despesas de Capital,4,Investimentos,90,Aplicações Diretas,51,Obras em Andamento - Uso Comum do Povo,10.2.755.1224,PMSP-SF/COADM-Fundo Municipal de Desenvolvimento Social-FMD,0,Hospitais e Similares ,8,Obras e Instalações,3736.03,0.0,3736.03,3736.03,3736.03,0.0,"[{""siglaUnidadeMedida"": ""SER"", ""descricaoAnexo"": ""SMS/OBRAS - EMPRESA ESPECIALIZADA PARA A PRESTAÇÃO DE SERVIÇOS DE REPAROS, ADEQUAÇÕES PONTUAIS E PEQUENOS SERVIÇOS DE ENGENHARIA NOS PRÉDIOS OCUPADOS PELA SECRETARIA MUNICIPAL DE SAÚDE, COM FORNECIMENTO DE MATERIAL E MÃO-DE-OBRA – LOTE 03 – LESTE 2 – UBS JARDIM TIETÊ II. – EXERCÍCIO DE 2026."", ""qtdeAnexo"": 1, ""valorUnitarioAnexo"": 3736.03}]",,,,,026/2025
01,PREFEITURA DO MUNICÍPIO DE SÃO PAULO,25921,48807,2026,4,29/04/2026 00:00:00,6018202501164964,07534937000196,TETRABASE  ENGENHARIA E CONSTRUCOES LTDA,31342,2025,07,Fundo Municipal de Desenvolvimento Social,10,Fundo Municipal de Desenvolvimento Social,10,Saúde,301,Atenção Básica,4015,"Saúde em Atenção Básica, Especialidades e Vigilância",1526,"Ampliação, Reforma e Requalificação de Equipamentos de Atenção Básica ",4,Despesas de Capital,4,Investimentos,90,Aplicações Diretas,51,Obras em Andamento - Uso Comum do Povo,08.2.759.1224,PMSP-SF/COADM-Fundo Municipal de Desenvolvimento Social-FMD,0,Hospitais e Similares ,8,Obras e Instalações,171328.2,0.0,171328.2,171328.2,171328.2,0.0,"[{""siglaUnidadeMedida"": ""SER"", ""descricaoAnexo"": ""SMS/OBRAS - EMPRESA ESPECIALIZADA PARA A PRESTAÇÃO DE SERV. DE REPAROS, ADEQUAÇÕES PONTUAIS E PEQUENOS SERV. DE ENGENHARIA NOS PRÉDIOS OCUPADOS PELA SMS, COM FORNEC. DE MATERIAL E MÃO-DE-OBRA. – LOTE 03 – LESTE 2 – UBS JARDIM TIETÊ II. – EXERCÍCIO DE 2026."", ""qtdeAnexo"": 1, ""valorUnitarioAnexo"": 171328.2}]",,,,,026/2025
01,PREFEITURA DO MUNICÍPIO DE SÃO PAULO,25910,48810,2026,4,29/04/2026 00:00:00,6018202501185031,09445502000109,SOLUCOES SERVICOS TERCEIRIZADOS LTDA,30705,2025,07,Fundo Municipal de Desenvolvimento Social,10,Fundo Municipal de Desenvolvimento Social,10,Saúde,301,Atenção Básica,4015,"Saúde em Atenção Básica, Especialidades e Vigilância",1525,Construção e Implantação de Equipamentos de Atenção Básica e Especiali,4,Despesas de Capital,4,Investimentos,90,Aplicações Diretas,51,Obras em Andamento - Uso Comum do Povo,10.2.755.1224,PMSP-SF/COADM-Fundo Municipal de Desenvolvimento Social-FMD,0,Hospitais e Similares ,8,Obras e Instalações,600000.0,0.0,600000.0,600000.0,600000.0,0.0,"[{""siglaUnidadeMedida"": ""SER"", ""descricaoAnexo"": ""SMS/OBRAS - CONTRATAÇÃO SEMI INTEGRADA DE EMPRESA, COM VISTAS A ELABORAÇÃO DE PROJETOS EXECUTIVOS E REALIZAÇÃO DE OBRAS DE CONSTRUÇÃO DA UBS SANTA LUZIA (LOTE 01), COM FORNECIMENTO DE MATERIAIS. - EXERCÍCIO DE 2026.\n\n"", ""qtdeAnexo"": 1, ""valorUnitarioAnexo"": 600000.0}]",,,,,091/2025
01,PREFEITURA DO MUNICÍPIO DE SÃO PAULO,25910,48812,2026,4,29/04/2026 00:00:00,6018202401326237,47061699000163,JNB CONSTRUCOES E SERVICOS LTDA,41300,2024,07,Fundo Municipal de Desenvolvimento Social,10,Fundo Municipal de Desenvolvimento Social,10,Saúde,301,Atenção Básica,4015,"Saúde em Atenção Básica, Especialidades e Vigilância",1525,Construção e Implantação de Equipamentos de Atenção Básica e Especiali,4,Despesas de Capital,4,Investimentos,90,Aplicações Diretas,51,Obras em Andamento - Uso Comum do Povo,10.2.755.1224,PMSP-SF/COADM-Fundo Municipal de Desenvolvimento Social-FMD,0,Hospitais e Similares ,8,Obras e Instalações,300000.0,0.0,300000.0,0.0,0.0,0.0,"[{""siglaUnidadeMedida"": ""SER"", ""descricaoAnexo"": ""SMS/OBRAS - CONTRATAÇÃO SEMI INTEGRADA DE EMPRESA, COM VISTAS A ELABORAÇÃO DE PROJETOS EXECUTIVOS E REALIZAÇÃO DE OBRAS DE CONSTRUÇÃO DA UBS BORORÉ (LOTE 4), COM FORNECIMENTO DE MATERIAIS. - EXERCÍCIO DE 2026."", ""qtdeAnexo"": 1, ""valorUnitarioAnexo"": 300000.0}]",,,,,146/2024
01,PREFEITURA DO MUNICÍPIO DE SÃO PAULO,25918,48815,2026,4,29/04/2026 00:00:00,6018202501198370,07534937000196,TETRABASE  ENGENHARIA E CONSTRUCOES LTDA,32124,2025,07,Fundo Municipal de Desenvolvimento Social,10,Fundo Municipal de Desenvolvimento Social,10,Saúde,301,Atenção Básica,4015,"Saúde em Atenção Básica, Especialidades e Vigilância",1526,"Ampliação, Reforma e Requalificação de Equipamentos de Atenção Básica ",4,Despesas de Capital,4,Investimentos,90,Aplicações Diretas,51,Obras em Andamento - Uso Comum do Povo,10.2.755.1224,PMSP-SF/COADM-Fundo Municipal de Desenvolvimento Social-FMD,0,Hospitais e Similares ,8,Obras e Instalações,23218.04,23218.04,0.0,0.0,0.0,0.0,"[{""siglaUnidadeMedida"": ""SER"", ""descricaoAnexo"": ""SMS/OBRAS - CONTRATAÇÃO DE EMPRESA ESPEC. PARA A PRESTAÇÃO DE SERV. DE REPAROS, ADEQ. PONTUAIS E PEQ. SERVIÇOS DE ENGENHARIA NOS PRÉDIOS OCUPADOS PELA SMS, COM FORNEC. DE MATERIAL E MÃO-DE-OBRA - LOTE 03 - LESTE 2 - CER II JARDIM SOARES."", ""qtdeAnexo"": 1, ""valorUnitarioAnexo"": 23218.04}]",,,,,063/2025
01,PREFEITURA DO MUNICÍPIO DE SÃO PAULO,25910,48829,2026,4,29/04/2026 00:00:00,6018202300745803,44721630000120,NOVA JRA EMPREENDIMENTOS E ENGENHARIA LTDA,11010,2025,07,Fundo Municipal de Desenvolvimento Social,10,Fundo Municipal de Desenvolvimento Social,10,Saúde,301,Atenção Básica,4015,"Saúde em Atenção Básica, Especialidades e Vigilância",1525,Construção e Implantação de Equipamentos de Atenção Básica e Especiali,4,Despesas de Capital,4,Investimentos,90,Aplicações Diretas,51,Obras em Andamento - Uso Comum do Povo,10.2.755.1224,PMSP-SF/COADM-Fundo Municipal de Desenvolvimento Social-FMD,0,Hospitais e Similares ,8,Obras e Instalações,60157.45,0.0,60157.45,0.0,0.0,0.0,"[{""siglaUnidadeMedida"": ""SER"", ""descricaoAnexo"": ""SMS/OBRAS - CONTRATAÇÃO DE EMPRESA PARA EXECUÇÃO DE OBRAS PARA A CONSTRUÇÃO DE UNIDADES BÁSICAS DE SAÚDE PARA SMS COM FORNECIMENTO DE MATERIAL E MÃO-DE-OBRA - LOTE 03 - UBS JARDIM KIOTO - PERÍODO: EXERCÍCIO DE 2026 – REAJUSTE."", ""qtdeAnexo"": 1, ""valorUnitarioAnexo"": 60157.45}]",,,,,119/2023
01,PREFEITURA DO MUNICÍPIO DE SÃO PAULO,25910,48842,2026,4,29/04/2026 00:00:00,6018202300745803,44721630000120,NOVA JRA EMPREENDIMENTOS E ENGENHARIA LTDA,11010,2025,07,Fundo Municipal de Desenvolvimento Social,10,Fundo Municipal de Desenvolvimento Social,10,Saúde,301,Atenção Básica,4015,"Saúde em Atenção Básica, Especialidades e Vigilância",1525,Construção e Implantação de Equipamentos de Atenção Básica e Especiali,4,Despesas de Capital,4,Investimentos,90,Aplicações Diretas,51,Obras em Andamento - Uso Comum do Povo,10.2.755.1224,PMSP-SF/COADM-Fundo Municipal de Desenvolvimento Social-FMD,0,Hospitais e Similares ,8,Obras e Instalações,24199.94,0.0,24199.94,0.0,0.0,0.0,"[{""siglaUnidadeMedida"": ""SER"", ""descricaoAnexo"": ""SMS/OBRAS - CONTRATAÇÃO DE EMPRESA PARA EXECUÇÃO DE OBRAS PARA A CONSTRUÇÃO DE UNIDADES BÁSICAS DE SAÚDE PARA SMS COM FORNECIMENTO DE MATERIAL E MÃO-DE-OBRA - LOTE 03 - UBS JARDIM KIOTO - PERÍODO: EXERCÍCIO DE 2026."", ""qtdeAnexo"": 1, ""valorUnitarioAnexo"": 24199.94}]",,,,,119/2023
01,PREFEITURA DO MUNICÍPIO DE SÃO PAULO,25910,48845,2026,4,29/04/2026 00:00:00,6018202600346955,44721630000120,NOVA JRA EMPREENDIMENTOS E ENGENHARIA LTDA,11010,2025,07,Fundo Municipal de Desenvolvimento Social,10,Fundo Municipal de Desenvolvimento Social,10,Saúde,301,Atenção Básica,4015,"Saúde em Atenção Básica, Especialidades e Vigilância",1525,Construção e Implantação de Equipamentos de Atenção Básica e Especiali,4,Despesas de Capital,4,Investimentos,90,Aplicações Diretas,51,Obras em Andamento - Uso Comum do Povo,10.2.755.1224,PMSP-SF/COADM-Fundo Municipal de Desenvolvimento Social-FMD,0,Hospitais e Similares ,8,Obras e Instalações,732878.42,0.0,732878.42,0.0,0.0,0.0,"[{""siglaUnidadeMedida"": ""SER"", ""descricaoAnexo"": ""SMS/OBRAS - CONTRATAÇÃO DE EMPRESA PARA EXECUÇÃO DE OBRAS PARA A CONSTRUÇÃO DE UNIDADES BÁSICAS DE SAÚDE PARA SMS COM FORNECIMENTO DE MATERIAL E MÃO-DE-OBRA - LOTE 03 - UBS JARDIM KIOTO - PERÍODO: EXERCÍCIO DE 2026."", ""qtdeAnexo"": 1, ""valorUnitarioAnexo"": 732878.42}]",,,,,119/2023
01,PREFEITURA DO MUNICÍPIO DE SÃO PAULO,25921,48847,2026,4,29/04/2026 00:00:00,6018202501204281,67192609000180,M A S CONSTRUCOES E EMPREENDIMENTOS LIMITADA,32320,2025,07,Fundo Municipal de Desenvolvimento Social,10,Fundo Municipal de Desenvolvimento Social,10,Saúde,301,Atenção Básica,4015,"Saúde em Atenção Básica, Especialidades e Vigilância",1526,"Ampliação, Reforma e Requalificação de Equipamentos de Atenção Básica ",4,Despesas de Capital,4,Investimentos,90,Aplicações Diretas,51,Obras em Andamento - Uso Comum do Povo,08.2.759.1224,PMSP-SF/COADM-Fundo Municipal de Desenvolvimento Social-FMD,0,Hospitais e Similares ,8,Obras e Instalações,150000.0,0.0,150000.0,149988.91,149988.91,0.0,"[{""siglaUnidadeMedida"": ""SER"", ""descricaoAnexo"": ""SMS/OBRAS - PRESTAÇÃO DE SERVIÇOS DE REPAROS, ADEQUAÇÕES PONTUAIS E PEQUENOS SERVIÇOS DE ENGENHARIA - COMPLEXO SAPOPEMBA (2ª FASE) - EXERCÍCIO 2026."", ""qtdeAnexo"": 1, ""valorUnitarioAnexo"": 150000.0}]",,,,,081/2025
01,PREFEITURA DO MUNICÍPIO DE SÃO PAULO,25910,48861,2026,4,29/04/2026 00:00:00,6018202501185228,21941290000148,TOWER ENGENHARIA E CONSTRUCAO LTDA,30717,2025,07,Fundo Municipal de Desenvolvimento Social,10,Fundo Municipal de Desenvolvimento Social,10,Saúde,301,Atenção Básica,4015,"Saúde em Atenção Básica, Especialidades e Vigilância",1525,Construção e Implantação de Equipamentos de Atenção Básica e Especiali,4,Despesas de Capital,4,Investimentos,90,Aplicações Diretas,51,Obras em Andamento - Uso Comum do Povo,10.2.755.1224,PMSP-SF/COADM-Fundo Municipal de Desenvolvimento Social-FMD,0,Hospitais e Similares ,8,Obras e Instalações,600000.0,0.0,600000.0,599461.63,599461.63,0.0,"[{""siglaUnidadeMedida"": ""SER"", ""descricaoAnexo"": ""SMS/OBRAS - CONTRATAÇÃO SEMI INTEGRADA DE EMPRESA OU CONSÓRCIO ESPECIALIZADO, COM VISTAS A ELABORAÇÃO DE PROJETOS EXECUTIVOS E REALIZAÇÃO DE OBRAS DE CONSTRUÇÃO DA, UBS JARDIM JULIETA, COM FORNECIMENTO DE MATERIAIS, EQUIPAMENTOS E MÃO DE OBRA – EXERCÍCIO 2026."", ""qtdeAnexo"": 1, ""valorUnitarioAnexo"": 600000.0}]",,,,,092/2025
01,PREFEITURA DO MUNICÍPIO DE SÃO PAULO,25910,48877,2026,4,29/04/2026 00:00:00,6018202300745102,15009784000196,FP PROJETOS EMPREENDIMENTOS LTDA,23422,2023,07,Fundo Municipal de Desenvolvimento Social,10,Fundo Municipal de Desenvolvimento Social,10,Saúde,301,Atenção Básica,4015,"Saúde em Atenção Básica, Especialidades e Vigilância",1525,Construção e Implantação de Equipamentos de Atenção Básica e Especiali,4,Despesas de Capital,4,Investimentos,90,Aplicações Diretas,51,Obras em Andamento - Uso Comum do Povo,10.2.755.1224,PMSP-SF/COADM-Fundo Municipal de Desenvolvimento Social-FMD,0,Hospitais e Similares ,8,Obras e Instalações,38745.39,38745.39,0.0,0.0,0.0,0.0,"[{""siglaUnidadeMedida"": ""SER"", ""descricaoAnexo"": ""SMS/OBRAS - CONTRATAÇÃO DE EMPRESA OU CONSÓRCIO DE EMPRESAS PARA EXECUÇÃO DE OBRAS PARA CONSTRUÇÃO DE UNIDADES BÁSICAS DE SAÚDE PARA SMS COM FORNECIMENTO DE MATERIAL E MÃO-DE-OBRA. LOTE 02 - UBS IPOJUCA. - REAJUSTE. - EXERCÍCIO DE 2026."", ""qtdeAnexo"": 1, ""valorUnitarioAnexo"": 38745.39}]",,,,,118/2023
01,PREFEITURA DO MUNICÍPIO DE SÃO PAULO,25910,48882,2026,4,29/04/2026 00:00:00,6018202300745102,15009784000196,FP PROJETOS EMPREENDIMENTOS LTDA,23422,2023,07,Fundo Municipal de Desenvolvimento Social,10,Fundo Municipal de Desenvolvimento Social,10,Saúde,301,Atenção Básica,4015,"Saúde em Atenção Básica, Especialidades e Vigilância",1525,Construção e Implantação de Equipamentos de Atenção Básica e Especiali,4,Despesas de Capital,4,Investimentos,90,Aplicações Diretas,51,Obras em Andamento - Uso Comum do Povo,10.2.755.1224,PMSP-SF/COADM-Fundo Municipal de Desenvolvimento Social-FMD,0,Hospitais e Similares ,8,Obras e Instalações,461254.61,461254.61,0.0,0.0,0.0,0.0,"[{""siglaUnidadeMedida"": ""SER"", ""descricaoAnexo"": ""SMS/OBRAS - CONTRATAÇÃO DE EMPRESA OU CONSÓRCIO DE EMPRESAS PARA EXECUÇÃO DE OBRAS PARA CONSTRUÇÃO DE UNIDADES BÁSICAS DE SAÚDE PARA SMS COM FORNECIMENTO DE MATERIAL E MÃO-DE-OBRA. LOTE 02 - UBS IPOJUCA. - EXERCÍCIO DE 2026."", ""qtdeAnexo"": 1, ""valorUnitarioAnexo"": 461254.61}]",,,,,118/2023
01,PREFEITURA DO MUNICÍPIO DE SÃO PAULO,25918,49014,2026,4,29/04/2026 00:00:00,6018202501231181,56838949000110,CONSTRUTORA PROGREDIOR LTDA,32485,2025,07,Fundo Municipal de Desenvolvimento Social,10,Fundo Municipal de Desenvolvimento Social,10,Saúde,301,Atenção Básica,4015,"Saúde em Atenção Básica, Especialidades e Vigilância",1526,"Ampliação, Reforma e Requalificação de Equipamentos de Atenção Básica ",4,Despesas de Capital,4,Investimentos,90,Aplicações Diretas,51,Obras em Andamento - Uso Comum do Povo,10.2.755.1224,PMSP-SF/COADM-Fundo Municipal de Desenvolvimento Social-FMD,0,Hospitais e Similares ,8,Obras e Instalações,200000.0,10782.84,189217.16,189217.16,189217.16,0.0,"[{""siglaUnidadeMedida"": ""SER"", ""descricaoAnexo"": ""SMS/OBRAS - CONTRATAÇÃO DE EMPRESA ESPEC. PARA A PRESTAÇÃO DE SERV. DE REPAROS, ADEQ. PONTUAIS E PEQ. SERVIÇOS DE ENGENHARIA NOS PRÉDIOS OCUPADOS PELA SMS, COM FORNEC. DE MATERIAL E MÃO-DE-OBRA - LOTE 02 - LESTE 1 - UVIS CIDADE TIRADENTES."", ""qtdeAnexo"": 1, ""valorUnitarioAnexo"": 200000.0}]",,,,,103/2025
01,PREFEITURA DO MUNICÍPIO DE SÃO PAULO,25921,49042,2026,4,29/04/2026 00:00:00,6018202400602605,57646374000104,MACOR ENGENHARIA CONSTRUCOES E COMERCIO SA,31974,2025,07,Fundo Municipal de Desenvolvimento Social,10,Fundo Municipal de Desenvolvimento Social,10,Saúde,301,Atenção Básica,4015,"Saúde em Atenção Básica, Especialidades e Vigilância",1526,"Ampliação, Reforma e Requalificação de Equipamentos de Atenção Básica ",4,Despesas de Capital,4,Investimentos,90,Aplicações Diretas,51,Obras em Andamento - Uso Comum do Povo,08.2.759.1224,PMSP-SF/COADM-Fundo Municipal de Desenvolvimento Social-FMD,0,Hospitais e Similares ,8,Obras e Instalações,200000.0,0.0,200000.0,0.0,0.0,0.0,"[{""siglaUnidadeMedida"": ""SER"", ""descricaoAnexo"": ""SMS/OBRAS - PRESTAÇÃO DE SERVIÇOS DE REPAROS, ADEQUAÇÕES PONTUAIS E PEQUENOS SERVIÇOS DE ENGENHARIA NA UBS\nCHÁCARA DO CONDE - EXERCÍCIO 2026."", ""qtdeAnexo"": 1, ""valorUnitarioAnexo"": 200000.0}]",,,,,043/2025/SMS/CG/ATAS
01,PREFEITURA DO MUNICÍPIO DE SÃO PAULO,25910,49443,2026,4,29/04/2026 00:00:00,6018202401326245,08068681000131,ECO PRIME ENGENHARIA LTDA,41453,2024,07,Fundo Municipal de Desenvolvimento Social,10,Fundo Municipal de Desenvolvimento Social,10,Saúde,301,Atenção Básica,4015,"Saúde em Atenção Básica, Especialidades e Vigilância",1525,Construção e Implantação de Equipamentos de Atenção Básica e Especiali,4,Despesas de Capital,4,Investimentos,90,Aplicações Diretas,51,Obras em Andamento - Uso Comum do Povo,10.2.755.1224,PMSP-SF/COADM-Fundo Municipal de Desenvolvimento Social-FMD,0,Hospitais e Similares ,8,Obras e Instalações,300000.0,0.0,300000.0,0.0,0.0,0.0,"[{""siglaUnidadeMedida"": ""SER"", ""descricaoAnexo"": ""SMS - CONTRATAÇÃO COM VISTAS A ELABORAÇÃO DE PROJETOS EXECUTIVOS E REALIZAÇÃO DE OBRAS DE REFORMA DA UBS NOVA CONQUISTA (LOTE 5) - EXERCÍCIO DE 2026"", ""qtdeAnexo"": 1, ""valorUnitarioAnexo"": 300000.0}]",,,,,150/2024
01,PREFEITURA DO MUNICÍPIO DE SÃO PAULO,25938,50804,2026,5,04/05/2026 00:00:00,6018202500311114,63457348000122,CONSORCIO MEDINFRA,34139,2025,07,Fundo Municipal de Desenvolvimento Social,10,Fundo Municipal de Desenvolvimento Social,10,Saúde,302,Assistência Hospitalar e Ambulatorial,4016,Saúde em Atenção Hospitalar e de Urgência e Emergência,1536,"Ampliação, Reforma e Requalificação de Equipamentos em Atenção Hospita",4,Despesas de Capital,4,Investimentos,90,Aplicações Diretas,39,Outros Serviços de Terceiros - Pessoa Jurídica,10.1.755.9001,Recursos de Alienação de Bens/Ativos - Administração Direta,9,Outros Serviços de Terceiros - Pessoa Jurídica,9,Outros Serviços de Terceiros - Pessoa Jurídica,4232997.93,0.0,4232997.93,0.0,0.0,0.0,"[{""siglaUnidadeMedida"": ""SER"", ""descricaoAnexo"": ""SMS/OBRAS - CONTRATAÇÃO DE SERVIÇOS DE ENGENHARIA PARA APOIO NA FISCALIZAÇÃO DE OBRAS DE REFORMA E CONSTRUÇÃO DE UNIDADES DE SAÚDE SOB RESPONSABILIDADE DA SECRETARIA MUNICIPAL DE SAÚDE DE SÃO PAULO – EXERCÍCIO 2026."", ""qtdeAnexo"": 1, ""valorUnitarioAnexo"": 4232997.93}]",,,,,101/2025
01,PREFEITURA DO MUNICÍPIO DE SÃO PAULO,25910,51242,2026,5,06/05/2026 00:00:00,6018202400254160,36157982000177,REP ENGENHARIA E SERVICOS LTDA,7254,2024,07,Fundo Municipal de Desenvolvimento Social,10,Fundo Municipal de Desenvolvimento Social,10,Saúde,301,Atenção Básica,4015,"Saúde em Atenção Básica, Especialidades e Vigilância",1525,Construção e Implantação de Equipamentos de Atenção Básica e Especiali,4,Despesas de Capital,4,Investimentos,90,Aplicações Diretas,51,Obras em Andamento - Uso Comum do Povo,10.2.755.1224,PMSP-SF/COADM-Fundo Municipal de Desenvolvimento Social-FMD,0,Hospitais e Similares ,8,Obras e Instalações,478398.05,0.0,478398.05,0.0,0.0,0.0,"[{""siglaUnidadeMedida"": ""SER"", ""descricaoAnexo"": ""SMS/OBRAS - EMPRESA PARA EXECUÇÃO DE CONSTRUÇÃO DO HOSPITAL VETERINÁRIO SÃO MIGUEL (LOTE 1), PARA A SECRETARIA MUNICIPAL DE SAÚDE, COM FORNECIMENTO DE MATERIAL E MÃO-DE-OBRA. – EXERCÍCIO DE 2026. "", ""qtdeAnexo"": 1, ""valorUnitarioAnexo"": 478398.05}]",,,,,026/2024
01,PREFEITURA DO MUNICÍPIO DE SÃO PAULO,25910,51243,2026,5,06/05/2026 00:00:00,6018202400254160,36157982000177,REP ENGENHARIA E SERVICOS LTDA,7254,2024,07,Fundo Municipal de Desenvolvimento Social,10,Fundo Municipal de Desenvolvimento Social,10,Saúde,301,Atenção Básica,4015,"Saúde em Atenção Básica, Especialidades e Vigilância",1525,Construção e Implantação de Equipamentos de Atenção Básica e Especiali,4,Despesas de Capital,4,Investimentos,90,Aplicações Diretas,51,Obras em Andamento - Uso Comum do Povo,10.2.755.1224,PMSP-SF/COADM-Fundo Municipal de Desenvolvimento Social-FMD,0,Hospitais e Similares ,8,Obras e Instalações,21601.95,0.0,21601.95,0.0,0.0,0.0,"[{""siglaUnidadeMedida"": ""SER"", ""descricaoAnexo"": ""SMS/OBRAS - EMPRESA PARA EXECUÇÃO DE CONSTRUÇÃO DO HOSPITAL VETERINÁRIO SÃO MIGUEL (LOTE 1), PARA A SECRETARIA MUNICIPAL DE SAÚDE, COM FORNECIMENTO DE MATERIAL E MÃO-DE-OBRA. – EXERCÍCIO DE 2026. – REAJUSTE."", ""qtdeAnexo"": 1, ""valorUnitarioAnexo"": 21601.95}]",,,,,026/2024
01,PREFEITURA DO MUNICÍPIO DE SÃO PAULO,25921,51635,2026,5,07/05/2026 00:00:00,6018202400325504,07534937000196,TETRABASE  ENGENHARIA E CONSTRUCOES LTDA,9464,2024,07,Fundo Municipal de Desenvolvimento Social,10,Fundo Municipal de Desenvolvimento Social,10,Saúde,301,Atenção Básica,4015,"Saúde em Atenção Básica, Especialidades e Vigilância",1526,"Ampliação, Reforma e Requalificação de Equipamentos de Atenção Básica ",4,Despesas de Capital,4,Investimentos,90,Aplicações Diretas,51,Obras em Andamento - Uso Comum do Povo,08.2.759.1224,PMSP-SF/COADM-Fundo Municipal de Desenvolvimento Social-FMD,0,Hospitais e Similares ,8,Obras e Instalações,21361.63,0.0,21361.63,21361.63,21361.63,0.0,"[{""siglaUnidadeMedida"": ""SER"", ""descricaoAnexo"": ""SMS/OBRAS - CONTRATAÇÃO DE EMPRESA OU CONSÓRCIO DE EMPRESAS PARA EXECUÇÃO DE REFORMA DO PAULISTÃO DA SAÚDE NORTE (LOTE 05), PARA SMS - REAJUSTE - EXERCÍCIO 2026."", ""qtdeAnexo"": 1, ""valorUnitarioAnexo"": 21361.63}]",,,,,032
01,PREFEITURA DO MUNICÍPIO DE SÃO PAULO,25921,51640,2026,5,07/05/2026 00:00:00,6018202400325504,07534937000196,TETRABASE  ENGENHARIA E CONSTRUCOES LTDA,9464,2024,07,Fundo Municipal de Desenvolvimento Social,10,Fundo Municipal de Desenvolvimento Social,10,Saúde,301,Atenção Básica,4015,"Saúde em Atenção Básica, Especialidades e Vigilância",1526,"Ampliação, Reforma e Requalificação de Equipamentos de Atenção Básica ",4,Despesas de Capital,4,Investimentos,90,Aplicações Diretas,51,Obras em Andamento - Uso Comum do Povo,08.2.759.1224,PMSP-SF/COADM-Fundo Municipal de Desenvolvimento Social-FMD,0,Hospitais e Similares ,8,Obras e Instalações,478638.37,0.0,478638.37,478638.37,478638.37,0.0,"[{""siglaUnidadeMedida"": ""SER"", ""descricaoAnexo"": ""SMS/OBRAS - CONTRATAÇÃO DE EMPRESA OU CONSÓRCIO DE EMPRESAS PARA EXECUÇÃO DE REFORMA DO PAULISTÃO DA SAÚDE NORTE (LOTE 05), PARA SMS  - EXERCÍCIO 2026."", ""qtdeAnexo"": 1, ""valorUnitarioAnexo"": 478638.37}]",,,,,032
01,PREFEITURA DO MUNICÍPIO DE SÃO PAULO,39740,55771,2026,5,18/05/2026 00:00:00,6018202401138066,04002395000112,LEMAM CONSTRUCOES E COMERCIO SA,32502,2025,07,Fundo Municipal de Desenvolvimento Social,10,Fundo Municipal de Desenvolvimento Social,10,Saúde,301,Atenção Básica,4015,"Saúde em Atenção Básica, Especialidades e Vigilância",1526,"Ampliação, Reforma e Requalificação de Equipamentos de Atenção Básica ",4,Despesas de Capital,4,Investimentos,90,Aplicações Diretas,51,Obras em Andamento - Uso Comum do Povo,10.1.755.9001,Recursos de Alienação de Bens/Ativos - Administração Direta,0,Hospitais e Similares ,8,Obras e Instalações,800000.0,0.0,800000.0,0.0,0.0,0.0,"[{""siglaUnidadeMedida"": ""SER"", ""descricaoAnexo"": ""SMS/OBRAS - EMPRESA ESPECIALIZADA PARA A PRESTAÇÃO DE SERVIÇOS DE REPAROS, ADEQUAÇÕES PONTUAIS E PEQUENOS SERVIÇOS DE ENGENHARIA NOS PRÉDIOS OCUPADOS PELA SECRETARIA MUNICIPAL DE SAÚDE, COM FORNECIMENTO DE MATERIAL E MÃO-DE-OBRA - LOTE 10- SUL 3 - PADI SUL. – EXERCÍCIO DE 2026."", ""qtdeAnexo"": 1, ""valorUnitarioAnexo"": 800000.0}]",,,,,085/2025
01,PREFEITURA DO MUNICÍPIO DE SÃO PAULO,39740,55772,2026,5,18/05/2026 00:00:00,6018202501165634,62533278000181,H E ENGENHARIA COMERCIO E REPRESENTACOES LTDA,32221,2025,07,Fundo Municipal de Desenvolvimento Social,10,Fundo Municipal de Desenvolvimento Social,10,Saúde,301,Atenção Básica,4015,"Saúde em Atenção Básica, Especialidades e Vigilância",1526,"Ampliação, Reforma e Requalificação de Equipamentos de Atenção Básica ",4,Despesas de Capital,4,Investimentos,90,Aplicações Diretas,51,Obras em Andamento - Uso Comum do Povo,10.1.755.9001,Recursos de Alienação de Bens/Ativos - Administração Direta,0,Hospitais e Similares ,8,Obras e Instalações,400000.0,0.0,400000.0,400000.0,43335.18,0.0,"[{""siglaUnidadeMedida"": ""SER"", ""descricaoAnexo"": ""SMS/OBRAS - CONTRATAÇÃO DE EMPRESA ESPECIALIZADA PARA A PRESTAÇÃO DE SERVIÇOS DE REPAROS, ADEQUAÇÕES PONTUAIS E PEQUENOS SERVIÇOS DE ENGENHARIA NOS PRÉDIOS OCUPADOS PELA SECRETARIA MUNICIPAL DE SAÚDE, COM FORNECIMENTO DE MATERIAL E MÃO-DE-OBRA - LOTE 08- SUL 1- UBS JARDIM MACEDÔNIA. – EXERCÍCIO DE 2026."", ""qtdeAnexo"": 1, ""valorUnitarioAnexo"": 400000.0}]",,,,,083/2025
01,PREFEITURA DO MUNICÍPIO DE SÃO PAULO,39740,55775,2026,5,18/05/2026 00:00:00,6018202501208376,03643992000163,BB ENGENHARIA E CONSTRUCOES S A,32414,2025,07,Fundo Municipal de Desenvolvimento Social,10,Fundo Municipal de Desenvolvimento Social,10,Saúde,301,Atenção Básica,4015,"Saúde em Atenção Básica, Especialidades e Vigilância",1526,"Ampliação, Reforma e Requalificação de Equipamentos de Atenção Básica ",4,Despesas de Capital,4,Investimentos,90,Aplicações Diretas,51,Obras em Andamento - Uso Comum do Povo,10.1.755.9001,Recursos de Alienação de Bens/Ativos - Administração Direta,0,Hospitais e Similares ,8,Obras e Instalações,514869.01,0.0,514869.01,514868.71,241431.79,0.0,"[{""siglaUnidadeMedida"": ""SER"", ""descricaoAnexo"": ""SMS/OBRAS - EMPRESA ESPEC.PARA PRESTAÇÃO DE SERV. DE REPAROS, ADEQ. PONTUAIS E PEQ. SERV. DE ENGENHARIA NOS PRÉDIOS OCUPADOS PELA SMS, COM FORNEC. DE MATERIAL E MÃO-DE-OBRA. – LOTE 05 – NORTE 2 – UBS VILA EDE."", ""qtdeAnexo"": 1, ""valorUnitarioAnexo"": 514869.01}]",,,,,104/2025
01,PREFEITURA DO MUNICÍPIO DE SÃO PAULO,25921,55786,2026,5,18/05/2026 00:00:00,6018202501198621,07534937000196,TETRABASE  ENGENHARIA E CONSTRUCOES LTDA,32177,2025,07,Fundo Municipal de Desenvolvimento Social,10,Fundo Municipal de Desenvolvimento Social,10,Saúde,301,Atenção Básica,4015,"Saúde em Atenção Básica, Especialidades e Vigilância",1526,"Ampliação, Reforma e Requalificação de Equipamentos de Atenção Básica ",4,Despesas de Capital,4,Investimentos,90,Aplicações Diretas,51,Obras em Andamento - Uso Comum do Povo,08.2.759.1224,PMSP-SF/COADM-Fundo Municipal de Desenvolvimento Social-FMD,0,Hospitais e Similares ,8,Obras e Instalações,2092.38,0.0,2092.38,2092.38,2092.38,0.0,"[{""siglaUnidadeMedida"": ""SER"", ""descricaoAnexo"": ""SMS/OBRAS - CONTRATAÇÃO DE EMPRESA ESPEC. PARA A PRESTAÇÃO DE SERV. DE REPAROS, ADEQ. PONTUAIS E PEQ. SERVIÇOS DE ENGENHARIA NOS PRÉDIOS OCUPADOS PELA SMS, COM FORNEC. DE MATERIAL E MÃO-DE-OBRA - LOTE 03 - LESTE 2 - UBS JARDIM SOARES – EXERCÍCIO 2026."", ""qtdeAnexo"": 1, ""valorUnitarioAnexo"": 2092.38}]",,,,,062/2025
01,PREFEITURA DO MUNICÍPIO DE SÃO PAULO,39740,55787,2026,5,18/05/2026 00:00:00,6018202501198621,07534937000196,TETRABASE  ENGENHARIA E CONSTRUCOES LTDA,32177,2025,07,Fundo Municipal de Desenvolvimento Social,10,Fundo Municipal de Desenvolvimento Social,10,Saúde,301,Atenção Básica,4015,"Saúde em Atenção Básica, Especialidades e Vigilância",1526,"Ampliação, Reforma e Requalificação de Equipamentos de Atenção Básica ",4,Despesas de Capital,4,Investimentos,90,Aplicações Diretas,51,Obras em Andamento - Uso Comum do Povo,10.1.755.9001,Recursos de Alienação de Bens/Ativos - Administração Direta,0,Hospitais e Similares ,8,Obras e Instalações,269582.52,0.0,269582.52,269582.52,269582.52,0.0,"[{""siglaUnidadeMedida"": ""SER"", ""descricaoAnexo"": ""SMS/OBRAS - CONTRATAÇÃO DE EMPRESA ESPEC. PARA A PRESTAÇÃO DE SERV. DE REPAROS, ADEQ. PONTUAIS E PEQ. SERVIÇOS DE ENGENHARIA NOS PRÉDIOS OCUPADOS PELA SMS, COM FORNEC. DE MATERIAL E MÃO-DE-OBRA - LOTE 03 - LESTE 2 - UBS JARDIM SOARES – EXERCÍCIO 2026."", ""qtdeAnexo"": 1, ""valorUnitarioAnexo"": 269582.52}]",,,,,062/2025
01,PREFEITURA DO MUNICÍPIO DE SÃO PAULO,39740,55912,2026,5,18/05/2026 00:00:00,6018202500447849,67192609000180,M A S CONSTRUCOES E EMPREENDIMENTOS LIMITADA,32090,2025,07,Fundo Municipal de Desenvolvimento Social,10,Fundo Municipal de Desenvolvimento Social,10,Saúde,301,Atenção Básica,4015,"Saúde em Atenção Básica, Especialidades e Vigilância",1526,"Ampliação, Reforma e Requalificação de Equipamentos de Atenção Básica ",4,Despesas de Capital,4,Investimentos,90,Aplicações Diretas,51,Obras em Andamento - Uso Comum do Povo,10.1.755.9001,Recursos de Alienação de Bens/Ativos - Administração Direta,0,Hospitais e Similares ,8,Obras e Instalações,500000.0,0.0,500000.0,374555.35,374555.35,0.0,"[{""siglaUnidadeMedida"": ""SER"", ""descricaoAnexo"": ""SMS/OBRAS - EMPRESA ESPECIALIZADA PARA A PRESTAÇÃO DE SERVIÇOS DE REPAROS, ADEQUAÇÕES PONTUAIS E PEQUENOS SERVIÇOS DE ENGENHARIA NOS PRÉDIOS OCUPADOS PELA SECRETARIA MUNICIPAL DE SAÚDE, COM FORNECIMENTO DE MATERIAL E MÃO-DE-OBRA – LOTE 07 - SUDESTE 2 – COMPLEXO HELIÓPOLIS - (PLATAFORMAS ELEVATÓRIA). – EXERCÍCIO DE 2026."", ""qtdeAnexo"": 1, ""valorUnitarioAnexo"": 500000.0}]",,,,,039/2025
01,PREFEITURA DO MUNICÍPIO DE SÃO PAULO,39739,57257,2026,5,22/05/2026 00:00:00,6018202100923155,33298127000198,UNO HABITACAO SA,5417,2022,07,Fundo Municipal de Desenvolvimento Social,10,Fundo Municipal de Desenvolvimento Social,10,Saúde,302,Assistência Hospitalar e Ambulatorial,4016,Saúde em Atenção Hospitalar e de Urgência e Emergência,1535,Construção e Implantação de Equipamentos em Atenção Hospitalar e de Ur,4,Despesas de Capital,4,Investimentos,90,Aplicações Diretas,51,Obras em Andamento - Uso Comum do Povo,08.2.759.1224,PMSP-SF/COADM-Fundo Municipal de Desenvolvimento Social-FMD,0,Hospitais e Similares ,8,Obras e Instalações,1100000.0,0.0,1100000.0,1057248.03,1057248.03,0.0,"[{""siglaUnidadeMedida"": ""UN"", ""descricaoAnexo"": ""Pagamento de despesas com a construção da unidade UPA Lapa - PPP-05-01/2022 (126657495) - DIPFH"", ""qtdeAnexo"": 1, ""valorUnitarioAnexo"": 1100000.0}]",,,,, PPP 05.01/22
01,PREFEITURA DO MUNICÍPIO DE SÃO PAULO,25910,58456,2026,5,27/05/2026 00:00:00,6018202300745102,15009784000196,FP PROJETOS EMPREENDIMENTOS LTDA,11198,2025,07,Fundo Municipal de Desenvolvimento Social,10,Fundo Municipal de Desenvolvimento Social,10,Saúde,301,Atenção Básica,4015,"Saúde em Atenção Básica, Especialidades e Vigilância",1525,Construção e Implantação de Equipamentos de Atenção Básica e Especiali,4,Despesas de Capital,4,Investimentos,90,Aplicações Diretas,51,Obras em Andamento - Uso Comum do Povo,10.2.755.1224,PMSP-SF/COADM-Fundo Municipal de Desenvolvimento Social-FMD,0,Hospitais e Similares ,8,Obras e Instalações,38745.39,0.0,38745.39,0.0,0.0,0.0,"[{""siglaUnidadeMedida"": ""SER"", ""descricaoAnexo"": ""SMS/OBRAS - CONTRATAÇÃO DE EMPRESA OU CONSÓRCIO DE EMPRESAS PARA EXECUÇÃO DE OBRAS PARA CONSTRUÇÃO DE UNIDADES BÁSICAS DE SAÚDE PARA SMS COM FORNECIMENTO DE MATERIAL E MÃO-DE-OBRA. LOTE 02 - UBS IPOJUCA. - REAJUSTE. - EXERCÍCIO DE 2026"", ""qtdeAnexo"": 1, ""valorUnitarioAnexo"": 38745.39}]",,,,,118/2023
01,PREFEITURA DO MUNICÍPIO DE SÃO PAULO,25910,58460,2026,5,27/05/2026 00:00:00,6018202300745102,15009784000196,FP PROJETOS EMPREENDIMENTOS LTDA,11198,2025,07,Fundo Municipal de Desenvolvimento Social,10,Fundo Municipal de Desenvolvimento Social,10,Saúde,301,Atenção Básica,4015,"Saúde em Atenção Básica, Especialidades e Vigilância",1525,Construção e Implantação de Equipamentos de Atenção Básica e Especiali,4,Despesas de Capital,4,Investimentos,90,Aplicações Diretas,51,Obras em Andamento - Uso Comum do Povo,10.2.755.1224,PMSP-SF/COADM-Fundo Municipal de Desenvolvimento Social-FMD,0,Hospitais e Similares ,8,Obras e Instalações,461254.61,0.0,461254.61,0.0,0.0,0.0,"[{""siglaUnidadeMedida"": ""SER"", ""descricaoAnexo"": ""SMS/OBRAS - CONTRATAÇÃO DE EMPRESA OU CONSÓRCIO DE EMPRESAS PARA EXECUÇÃO DE OBRAS PARA CONSTRUÇÃO DE UNIDADES BÁSICAS DE SAÚDE PARA SMS COM FORNECIMENTO DE MATERIAL E MÃO-DE-OBRA. LOTE 02 - UBS IPOJUCA. - EXERCÍCIO DE 2026"", ""qtdeAnexo"": 1, ""valorUnitarioAnexo"": 461254.61}]",,,,,118/2023
01,PREFEITURA DO MUNICÍPIO DE SÃO PAULO,25918,60958,2026,6,08/06/2026 00:00:00,6018202501197072,03643992000163,BB ENGENHARIA E CONSTRUCOES S A,32207,2025,07,Fundo Municipal de Desenvolvimento Social,10,Fundo Municipal de Desenvolvimento Social,10,Saúde,301,Atenção Básica,4015,"Saúde em Atenção Básica, Especialidades e Vigilância",1526,"Ampliação, Reforma e Requalificação de Equipamentos de Atenção Básica ",4,Despesas de Capital,4,Investimentos,90,Aplicações Diretas,51,Obras em Andamento - Uso Comum do Povo,10.2.755.1224,PMSP-SF/COADM-Fundo Municipal de Desenvolvimento Social-FMD,0,Hospitais e Similares ,8,Obras e Instalações,10782.84,0.0,10782.84,0.0,0.0,0.0,"[{""siglaUnidadeMedida"": ""SER"", ""descricaoAnexo"": ""SMS/OBRAS - CONTRATAÇÃO DE EMPRESA ESPEC. PARA A PRESTAÇÃO DE SERV. DE REPAROS, ADEQ. PONTUAIS E PEQ. SERVIÇOS DE ENGENHARIA NOS PRÉDIOS OCUPADOS PELA SMS, COM FORNEC. DE MATERIAL E MÃO-DE-OBRA - LOTE 05 - NORTE 2 - LABZOO (BIOTÉRIO)."", ""qtdeAnexo"": 1, ""valorUnitarioAnexo"": 10782.84}]",,,,,71/2025
01,PREFEITURA DO MUNICÍPIO DE SÃO PAULO,39740,61147,2026,6,09/06/2026 00:00:00,6018202400325504,07534937000196,TETRABASE  ENGENHARIA E CONSTRUCOES LTDA,9464,2024,07,Fundo Municipal de Desenvolvimento Social,10,Fundo Municipal de Desenvolvimento Social,10,Saúde,301,Atenção Básica,4015,"Saúde em Atenção Básica, Especialidades e Vigilância",1526,"Ampliação, Reforma e Requalificação de Equipamentos de Atenção Básica ",4,Despesas de Capital,4,Investimentos,90,Aplicações Diretas,51,Obras em Andamento - Uso Comum do Povo,10.1.755.9001,Recursos de Alienação de Bens/Ativos - Administração Direta,0,Hospitais e Similares ,8,Obras e Instalações,1068.08,0.0,1068.08,1068.08,1068.08,0.0,"[{""siglaUnidadeMedida"": ""SER"", ""descricaoAnexo"": ""SMS/OBRAS - CONTRATAÇÃO DE EMPRESA OU CONSÓRCIO DE EMPRESAS PARA EXECUÇÃO DE REFORMA DO PAULISTÃO DA SAÚDE NORTE (LOTE 05), PARA SMS - REAJUSTE - EXERCÍCIO 2026."", ""qtdeAnexo"": 1, ""valorUnitarioAnexo"": 1068.08}]",,,,,032
01,PREFEITURA DO MUNICÍPIO DE SÃO PAULO,39740,61152,2026,6,09/06/2026 00:00:00,6018202400325504,07534937000196,TETRABASE  ENGENHARIA E CONSTRUCOES LTDA,9464,2024,07,Fundo Municipal de Desenvolvimento Social,10,Fundo Municipal de Desenvolvimento Social,10,Saúde,301,Atenção Básica,4015,"Saúde em Atenção Básica, Especialidades e Vigilância",1526,"Ampliação, Reforma e Requalificação de Equipamentos de Atenção Básica ",4,Despesas de Capital,4,Investimentos,90,Aplicações Diretas,51,Obras em Andamento - Uso Comum do Povo,10.1.755.9001,Recursos de Alienação de Bens/Ativos - Administração Direta,0,Hospitais e Similares ,8,Obras e Instalações,23931.92,0.0,23931.92,21161.03,21161.03,0.0,"[{""siglaUnidadeMedida"": ""SER"", ""descricaoAnexo"": ""SMS/OBRAS - CONTRATAÇÃO DE EMPRESA OU CONSÓRCIO DE EMPRESAS PARA EXECUÇÃO DE REFORMA DO PAULISTÃO DA SAÚDE NORTE (LOTE 05), PARA SMS - EXERCÍCIO 2026."", ""qtdeAnexo"": 1, ""valorUnitarioAnexo"": 23931.92}]",,,,,032
01,PREFEITURA DO MUNICÍPIO DE SÃO PAULO,50110,71681,2026,7,07/07/2026 00:00:00,6018202400254232,15108349000119,RODOSERV ENGENHARIA LTDA,7312,2024,07,Fundo Municipal de Desenvolvimento Social,10,Fundo Municipal de Desenvolvimento Social,10,Saúde,301,Atenção Básica,4015,"Saúde em Atenção Básica, Especialidades e Vigilância",1525,Construção e Implantação de Equipamentos de Atenção Básica e Especiali,4,Despesas de Capital,4,Investimentos,90,Aplicações Diretas,51,Obras em Andamento - Uso Comum do Povo,10.1.755.1224,PMSP-SF/COADM-Fundo Municipal de Desenvolvimento Social-FMD,0,Hospitais e Similares ,8,Obras e Instalações,861197.54,0.0,861197.54,0.0,0.0,0.0,"[{""siglaUnidadeMedida"": ""SER"", ""descricaoAnexo"": ""SMS/OBRAS - EXECUÇÃO DE CONTRUÇÃO DA AMA UBS PARQUE ANHANGUERA/JD ROSINHA (LOTE 04), PARA SECRETARIA MUNICIPAL DE SAÚDE, COM FORNECIMENTO DE MATERIAL E MÃO-DE-OBRA."", ""qtdeAnexo"": 1, ""valorUnitarioAnexo"": 861197.54}]",,,,,029/2024
01,PREFEITURA DO MUNICÍPIO DE SÃO PAULO,50110,71684,2026,7,07/07/2026 00:00:00,6018202400254160,36157982000177,REP ENGENHARIA E SERVICOS LTDA,7254,2024,07,Fundo Municipal de Desenvolvimento Social,10,Fundo Municipal de Desenvolvimento Social,10,Saúde,301,Atenção Básica,4015,"Saúde em Atenção Básica, Especialidades e Vigilância",1525,Construção e Implantação de Equipamentos de Atenção Básica e Especiali,4,Despesas de Capital,4,Investimentos,90,Aplicações Diretas,51,Obras em Andamento - Uso Comum do Povo,10.1.755.1224,PMSP-SF/COADM-Fundo Municipal de Desenvolvimento Social-FMD,0,Hospitais e Similares ,8,Obras e Instalações,2500681.38,0.0,2500681.38,0.0,0.0,0.0,"[{""siglaUnidadeMedida"": ""SER"", ""descricaoAnexo"": ""SMS/OBRAS - EMPRESA PARA EXECUÇÃO DE CONSTRUÇÃO DO HOSPITAL VETERINÁRIO SÃO MIGUEL (LOTE 1), PARA A SECRETARIA MUNICIPAL DE SAÚDE, COM FORNECIMENTO DE MATERIAL E MÃO-DE-OBRA. "", ""qtdeAnexo"": 1, ""valorUnitarioAnexo"": 2500681.38}]",,,,,026/2024
01,PREFEITURA DO MUNICÍPIO DE SÃO PAULO,50110,71685,2026,7,07/07/2026 00:00:00,6018202400254160,36157982000177,REP ENGENHARIA E SERVICOS LTDA,7254,2024,07,Fundo Municipal de Desenvolvimento Social,10,Fundo Municipal de Desenvolvimento Social,10,Saúde,301,Atenção Básica,4015,"Saúde em Atenção Básica, Especialidades e Vigilância",1525,Construção e Implantação de Equipamentos de Atenção Básica e Especiali,4,Despesas de Capital,4,Investimentos,90,Aplicações Diretas,51,Obras em Andamento - Uso Comum do Povo,10.1.755.1224,PMSP-SF/COADM-Fundo Municipal de Desenvolvimento Social-FMD,0,Hospitais e Similares ,8,Obras e Instalações,112917.67,0.0,112917.67,0.0,0.0,0.0,"[{""siglaUnidadeMedida"": ""SER"", ""descricaoAnexo"": ""SMS/OBRAS - EMPRESA PARA EXECUÇÃO DE CONSTRUÇÃO DO HOSPITAL VETERINÁRIO SÃO MIGUEL (LOTE 1), PARA A SECRETARIA MUNICIPAL DE SAÚDE, COM FORNECIMENTO DE MATERIAL E MÃO-DE-OBRA. – REAJUSTE.\n\n"", ""qtdeAnexo"": 1, ""valorUnitarioAnexo"": 112917.67}]",,,,,026/2024
01,PREFEITURA DO MUNICÍPIO DE SÃO PAULO,50110,71696,2026,7,07/07/2026 00:00:00,6018202400254194,04860624000130,VPP CONSTRUTORA LTDA,7337,2024,07,Fundo Municipal de Desenvolvimento Social,10,Fundo Municipal de Desenvolvimento Social,10,Saúde,301,Atenção Básica,4015,"Saúde em Atenção Básica, Especialidades e Vigilância",1525,Construção e Implantação de Equipamentos de Atenção Básica e Especiali,4,Despesas de Capital,4,Investimentos,90,Aplicações Diretas,51,Obras em Andamento - Uso Comum do Povo,10.1.755.1224,PMSP-SF/COADM-Fundo Municipal de Desenvolvimento Social-FMD,0,Hospitais e Similares ,8,Obras e Instalações,542968.65,0.0,542968.65,0.0,0.0,0.0,"[{""siglaUnidadeMedida"": ""SER"", ""descricaoAnexo"": ""SMS/OBRAS - CONTRATAÇÃO DE EMPRESA PARA EXECUÇÃO DE CONSTRUÇÃO DA UBS CANTINHO DO CÉU – LOTE 02"", ""qtdeAnexo"": 1, ""valorUnitarioAnexo"": 542968.65}]",,,,,030/2024
01,PREFEITURA DO MUNICÍPIO DE SÃO PAULO,50110,71698,2026,7,07/07/2026 00:00:00,6018202400254194,04860624000130,VPP CONSTRUTORA LTDA,7337,2024,07,Fundo Municipal de Desenvolvimento Social,10,Fundo Municipal de Desenvolvimento Social,10,Saúde,301,Atenção Básica,4015,"Saúde em Atenção Básica, Especialidades e Vigilância",1525,Construção e Implantação de Equipamentos de Atenção Básica e Especiali,4,Despesas de Capital,4,Investimentos,90,Aplicações Diretas,51,Obras em Andamento - Uso Comum do Povo,10.1.755.1224,PMSP-SF/COADM-Fundo Municipal de Desenvolvimento Social-FMD,0,Hospitais e Similares ,8,Obras e Instalações,81497.61,0.0,81497.61,0.0,0.0,0.0,"[{""siglaUnidadeMedida"": ""SER"", ""descricaoAnexo"": ""SMS/OBRAS - CONTRATAÇÃO DE EMPRESA PARA EXECUÇÃO DE CONSTRUÇÃO DA UBS CANTINHO DO CÉU – LOTE 02 - REAJUSTE."", ""qtdeAnexo"": 1, ""valorUnitarioAnexo"": 81497.61}]",,,,,030/2024
01,PREFEITURA DO MUNICÍPIO DE SÃO PAULO,50110,71701,2026,7,07/07/2026 00:00:00,6018202300746494,51773856000130,CONSORCIO HR,26066,2023,07,Fundo Municipal de Desenvolvimento Social,10,Fundo Municipal de Desenvolvimento Social,10,Saúde,301,Atenção Básica,4015,"Saúde em Atenção Básica, Especialidades e Vigilância",1525,Construção e Implantação de Equipamentos de Atenção Básica e Especiali,4,Despesas de Capital,4,Investimentos,90,Aplicações Diretas,51,Obras em Andamento - Uso Comum do Povo,10.1.755.1224,PMSP-SF/COADM-Fundo Municipal de Desenvolvimento Social-FMD,0,Hospitais e Similares ,8,Obras e Instalações,3536763.08,0.0,3536763.08,0.0,0.0,0.0,"[{""siglaUnidadeMedida"": ""SER"", ""descricaoAnexo"": ""SMS/OBRAS - CONTRATAÇÃO DE OBRA DA CONSTRUÇÃO DA UBS JD. BRASÍLIA."", ""qtdeAnexo"": 1, ""valorUnitarioAnexo"": 3536763.08}]",,,,,141/2023
01,PREFEITURA DO MUNICÍPIO DE SÃO PAULO,50110,71703,2026,7,07/07/2026 00:00:00,6018202300746494,51773856000130,CONSORCIO HR,26066,2023,07,Fundo Municipal de Desenvolvimento Social,10,Fundo Municipal de Desenvolvimento Social,10,Saúde,301,Atenção Básica,4015,"Saúde em Atenção Básica, Especialidades e Vigilância",1525,Construção e Implantação de Equipamentos de Atenção Básica e Especiali,4,Despesas de Capital,4,Investimentos,90,Aplicações Diretas,51,Obras em Andamento - Uso Comum do Povo,10.1.755.1224,PMSP-SF/COADM-Fundo Municipal de Desenvolvimento Social-FMD,0,Hospitais e Similares ,8,Obras e Instalações,353850.86,0.0,353850.86,0.0,0.0,0.0,"[{""siglaUnidadeMedida"": ""SER"", ""descricaoAnexo"": ""SMS/OBRAS - CONTRATAÇÃO DE OBRA DA CONSTRUÇÃO DA UBS JD. BRASÍLIA - REAJUSTE."", ""qtdeAnexo"": 1, ""valorUnitarioAnexo"": 353850.86}]",,,,,141/2023
01,PREFEITURA DO MUNICÍPIO DE SÃO PAULO,50110,71704,2026,7,07/07/2026 00:00:00,6018202300747814,06297348000179,DEKTON ENGENHARIA E CONSTRUCAO LTDA,23568,2023,07,Fundo Municipal de Desenvolvimento Social,10,Fundo Municipal de Desenvolvimento Social,10,Saúde,301,Atenção Básica,4015,"Saúde em Atenção Básica, Especialidades e Vigilância",1525,Construção e Implantação de Equipamentos de Atenção Básica e Especiali,4,Despesas de Capital,4,Investimentos,90,Aplicações Diretas,51,Obras em Andamento - Uso Comum do Povo,10.1.755.1224,PMSP-SF/COADM-Fundo Municipal de Desenvolvimento Social-FMD,0,Hospitais e Similares ,8,Obras e Instalações,1897327.32,0.0,1897327.32,0.0,0.0,0.0,"[{""siglaUnidadeMedida"": ""SER"", ""descricaoAnexo"": ""SMS/OBRAS - CONTRATAÇÃO DE EMPRESA PARA EXECUÇÃO DE OBRAS PARA CONSTRUÇÃO DE UNIDADES BÁSICAS DE SAÚDE PARA SECRETARIA MUNICIPAL DE SAÚDE, COM FORNECIMENTO DE MATERIAL E MÃO-DE-OBRA - UBS JARDIM PROGRESSO - EXERCÍCIO DE 2026"", ""qtdeAnexo"": 1, ""valorUnitarioAnexo"": 1897327.32}]",,,,,121/2023/SMS
01,PREFEITURA DO MUNICÍPIO DE SÃO PAULO,50110,71707,2026,7,07/07/2026 00:00:00,6018202300747814,06297348000179,DEKTON ENGENHARIA E CONSTRUCAO LTDA,23568,2023,07,Fundo Municipal de Desenvolvimento Social,10,Fundo Municipal de Desenvolvimento Social,10,Saúde,301,Atenção Básica,4015,"Saúde em Atenção Básica, Especialidades e Vigilância",1525,Construção e Implantação de Equipamentos de Atenção Básica e Especiali,4,Despesas de Capital,4,Investimentos,90,Aplicações Diretas,51,Obras em Andamento - Uso Comum do Povo,10.1.755.1224,PMSP-SF/COADM-Fundo Municipal de Desenvolvimento Social-FMD,0,Hospitais e Similares ,8,Obras e Instalações,235071.9,0.0,235071.9,0.0,0.0,0.0,"[{""siglaUnidadeMedida"": ""SER"", ""descricaoAnexo"": ""SMS/OBRAS - CONTRATAÇÃO DE EMPRESA PARA EXECUÇÃO DE OBRAS PARA CONSTRUÇÃO DE UNIDADES BÁSICAS DE SAÚDE PARA SECRETARIA MUNICIPAL DE SAÚDE, COM FORNECIMENTO DE MATERIAL E MÃO-DE-OBRA - UBS JARDIM PROGRESSO - REAJUSTE - EXERCÍCIO DE 2026"", ""qtdeAnexo"": 1, ""valorUnitarioAnexo"": 235071.9}]",,,,,121/2023/SMS
01,PREFEITURA DO MUNICÍPIO DE SÃO PAULO,50110,71731,2026,7,07/07/2026 00:00:00,6018202300747040,24262722000182,H2OBRAS CONSTRUCOES LTDA,25304,2023,07,Fundo Municipal de Desenvolvimento Social,10,Fundo Municipal de Desenvolvimento Social,10,Saúde,301,Atenção Básica,4015,"Saúde em Atenção Básica, Especialidades e Vigilância",1525,Construção e Implantação de Equipamentos de Atenção Básica e Especiali,4,Despesas de Capital,4,Investimentos,90,Aplicações Diretas,51,Obras em Andamento - Uso Comum do Povo,10.1.755.1224,PMSP-SF/COADM-Fundo Municipal de Desenvolvimento Social-FMD,0,Hospitais e Similares ,8,Obras e Instalações,1878627.05,0.0,1878627.05,0.0,0.0,0.0,"[{""siglaUnidadeMedida"": ""SER"", ""descricaoAnexo"": ""SMS/OBRAS - CONTRATAÇÃO DE OBRA DA CONSTRUÇÃO DA UBS JD. LAPENNA. - PERÍODO: EXERCÍCIO 2026."", ""qtdeAnexo"": 1, ""valorUnitarioAnexo"": 1878627.05}]",,,,,123/2023
01,PREFEITURA DO MUNICÍPIO DE SÃO PAULO,50110,71733,2026,7,07/07/2026 00:00:00,6018202300747040,24262722000182,H2OBRAS CONSTRUCOES LTDA,25304,2023,07,Fundo Municipal de Desenvolvimento Social,10,Fundo Municipal de Desenvolvimento Social,10,Saúde,301,Atenção Básica,4015,"Saúde em Atenção Básica, Especialidades e Vigilância",1525,Construção e Implantação de Equipamentos de Atenção Básica e Especiali,4,Despesas de Capital,4,Investimentos,90,Aplicações Diretas,51,Obras em Andamento - Uso Comum do Povo,10.1.755.1224,PMSP-SF/COADM-Fundo Municipal de Desenvolvimento Social-FMD,0,Hospitais e Similares ,8,Obras e Instalações,112396.85,0.0,112396.85,0.0,0.0,0.0,"[{""siglaUnidadeMedida"": ""SER"", ""descricaoAnexo"": ""SMS/OBRAS - CONTRATAÇÃO DE OBRA DA CONSTRUÇÃO DA UBS JD. LAPENNA - REAJUSTE - PERÍODO: EXERCÍCIO 2026."", ""qtdeAnexo"": 1, ""valorUnitarioAnexo"": 112396.85}]",,,,,123/2023
01,PREFEITURA DO MUNICÍPIO DE SÃO PAULO,50110,71933,2026,7,07/07/2026 00:00:00,6018202300746028,12420273000174,R J C SINALIZACAO URBANA LTDA,23436,2023,07,Fundo Municipal de Desenvolvimento Social,10,Fundo Municipal de Desenvolvimento Social,10,Saúde,301,Atenção Básica,4015,"Saúde em Atenção Básica, Especialidades e Vigilância",1525,Construção e Implantação de Equipamentos de Atenção Básica e Especiali,4,Despesas de Capital,4,Investimentos,90,Aplicações Diretas,51,Obras em Andamento - Uso Comum do Povo,10.1.755.1224,PMSP-SF/COADM-Fundo Municipal de Desenvolvimento Social-FMD,0,Hospitais e Similares ,8,Obras e Instalações,231459.35,0.0,231459.35,0.0,0.0,0.0,"[{""siglaUnidadeMedida"": ""SER"", ""descricaoAnexo"": ""SMS/OBRAS - CONTRATAÇÃO DE EMPRESA PARA EXECUÇÃO DE OBRAS COM FORNECIMENTO DE MATERIAL E MÃO DE OBRA - UBS JARDIM HELENA - PERÍODO: EXERCÍCIO 2026 – REAJUSTE"", ""qtdeAnexo"": 1, ""valorUnitarioAnexo"": 231459.35}]",,,,,126/2023
01,PREFEITURA DO MUNICÍPIO DE SÃO PAULO,50110,71935,2026,7,07/07/2026 00:00:00,6018202300746028,12420273000174,R J C SINALIZACAO URBANA LTDA,23436,2023,07,Fundo Municipal de Desenvolvimento Social,10,Fundo Municipal de Desenvolvimento Social,10,Saúde,301,Atenção Básica,4015,"Saúde em Atenção Básica, Especialidades e Vigilância",1525,Construção e Implantação de Equipamentos de Atenção Básica e Especiali,4,Despesas de Capital,4,Investimentos,90,Aplicações Diretas,51,Obras em Andamento - Uso Comum do Povo,10.1.755.1224,PMSP-SF/COADM-Fundo Municipal de Desenvolvimento Social-FMD,0,Hospitais e Similares ,8,Obras e Instalações,245914.79,0.0,245914.79,0.0,0.0,0.0,"[{""siglaUnidadeMedida"": ""SER"", ""descricaoAnexo"": ""SMS/OBRAS - CONTRATAÇÃO DE EMPRESA PARA EXECUÇÃO DE OBRAS COM FORNECIMENTO DE MATERIAL E MÃO DE OBRA - UBS JARDIM HELENA - PERÍODO: EXERCÍCIO 2026"", ""qtdeAnexo"": 1, ""valorUnitarioAnexo"": 245914.79}]",,,,,126/2023
01,PREFEITURA DO MUNICÍPIO DE SÃO PAULO,50110,71988,2026,7,07/07/2026 00:00:00,6018202300744645,03101876000112,DB CONSTRUCOES LTDA,23379,2023,07,Fundo Municipal de Desenvolvimento Social,10,Fundo Municipal de Desenvolvimento Social,10,Saúde,301,Atenção Básica,4015,"Saúde em Atenção Básica, Especialidades e Vigilância",1525,Construção e Implantação de Equipamentos de Atenção Básica e Especiali,4,Despesas de Capital,4,Investimentos,90,Aplicações Diretas,51,Obras em Andamento - Uso Comum do Povo,10.1.755.1224,PMSP-SF/COADM-Fundo Municipal de Desenvolvimento Social-FMD,0,Hospitais e Similares ,8,Obras e Instalações,2487587.67,0.0,2487587.67,0.0,0.0,0.0,"[{""siglaUnidadeMedida"": ""SER"", ""descricaoAnexo"": ""SMS/OBRAS - EXECUÇÃO DE OBRAS PARA CONSTRUÇÃO DE 1 UNIDADE BÁSICA DE SAÚDE PARA SECRETARIA MUNICIPAL DE SAÚDE, COM FORNECIMENTO DE MATERIAL E MÃO-DE-OBRA, LOTE 01 - UBS ALTO DO UMUARAMA. - PERÍODO: EXERCÍCIO DE 2026."", ""qtdeAnexo"": 1, ""valorUnitarioAnexo"": 2487587.67}]",,,,,122/2023
01,PREFEITURA DO MUNICÍPIO DE SÃO PAULO,50110,72057,2026,7,08/07/2026 00:00:00,6018202300745102,15009784000196,FP PROJETOS EMPREENDIMENTOS LTDA,11198,2025,07,Fundo Municipal de Desenvolvimento Social,10,Fundo Municipal de Desenvolvimento Social,10,Saúde,301,Atenção Básica,4015,"Saúde em Atenção Básica, Especialidades e Vigilância",1525,Construção e Implantação de Equipamentos de Atenção Básica e Especiali,4,Despesas de Capital,4,Investimentos,90,Aplicações Diretas,51,Obras em Andamento - Uso Comum do Povo,10.1.755.1224,PMSP-SF/COADM-Fundo Municipal de Desenvolvimento Social-FMD,0,Hospitais e Similares ,8,Obras e Instalações,1179800.03,0.0,1179800.03,0.0,0.0,0.0,"[{""siglaUnidadeMedida"": ""SER"", ""descricaoAnexo"": ""SMS/OBRAS - CONTRATAÇÃO DE EMPRESA OU CONSÓRCIO DE EMPRESAS PARA EXECUÇÃO DE OBRAS PARA CONSTRUÇÃO DE UNIDADES BÁSICAS DE SAÚDE PARA SMS COM FORNECIMENTO DE MATERIAL E MÃO-DE-OBRA. LOTE 02 - UBS IPOJUCA - PERÍODO: EXERCÍCIO 2026. "", ""qtdeAnexo"": 1, ""valorUnitarioAnexo"": 1179800.03}]",,,,,118/2023
01,PREFEITURA DO MUNICÍPIO DE SÃO PAULO,50110,72061,2026,7,08/07/2026 00:00:00,6018202300745102,15009784000196,FP PROJETOS EMPREENDIMENTOS LTDA,11198,2025,07,Fundo Municipal de Desenvolvimento Social,10,Fundo Municipal de Desenvolvimento Social,10,Saúde,301,Atenção Básica,4015,"Saúde em Atenção Básica, Especialidades e Vigilância",1525,Construção e Implantação de Equipamentos de Atenção Básica e Especiali,4,Despesas de Capital,4,Investimentos,90,Aplicações Diretas,51,Obras em Andamento - Uso Comum do Povo,10.1.755.1224,PMSP-SF/COADM-Fundo Municipal de Desenvolvimento Social-FMD,0,Hospitais e Similares ,8,Obras e Instalações,99103.21,0.0,99103.21,0.0,0.0,0.0,"[{""siglaUnidadeMedida"": ""SER"", ""descricaoAnexo"": ""SMS/OBRAS - CONTRATAÇÃO DE EMPRESA OU CONSÓRCIO DE EMPRESAS PARA EXECUÇÃO DE OBRAS PARA CONSTRUÇÃO DE UNIDADES BÁSICAS DE SAÚDE PARA SMS COM FORNECIMENTO DE MATERIAL E MÃO-DE-OBRA. LOTE 02 - UBS IPOJUCA - REAJUSTE - PERÍODO: EXERCÍCIO 2026. "", ""qtdeAnexo"": 1, ""valorUnitarioAnexo"": 99103.21}]",,,,,118/2023
01,PREFEITURA DO MUNICÍPIO DE SÃO PAULO,50110,72065,2026,7,08/07/2026 00:00:00,6018202400254216,33534793000188,EMPREITEC CONSTRUCOES ELETRICAS LTDA,7373,2024,07,Fundo Municipal de Desenvolvimento Social,10,Fundo Municipal de Desenvolvimento Social,10,Saúde,301,Atenção Básica,4015,"Saúde em Atenção Básica, Especialidades e Vigilância",1525,Construção e Implantação de Equipamentos de Atenção Básica e Especiali,4,Despesas de Capital,4,Investimentos,90,Aplicações Diretas,51,Obras em Andamento - Uso Comum do Povo,10.1.755.1224,PMSP-SF/COADM-Fundo Municipal de Desenvolvimento Social-FMD,0,Hospitais e Similares ,8,Obras e Instalações,45957.49,0.0,45957.49,0.0,0.0,0.0,"[{""siglaUnidadeMedida"": ""SER"", ""descricaoAnexo"": ""SMS/OBRAS - CONTRATAÇÃO DE EMPRESA PARA EXECUÇÃO DECONSTRUÇÃO DA UBS RECANTO DOS HUMILDES, COM FORNECIMENTO DE MATERIAL E MÃO-DE-OBRA. - LOTE 03. - EXERCÍCIO DE 2026 - REAJUSTE."", ""qtdeAnexo"": 1, ""valorUnitarioAnexo"": 45957.49}]",,,,,027/2024
01,PREFEITURA DO MUNICÍPIO DE SÃO PAULO,50110,72067,2026,7,08/07/2026 00:00:00,6018202400254216,33534793000188,EMPREITEC CONSTRUCOES ELETRICAS LTDA,7373,2024,07,Fundo Municipal de Desenvolvimento Social,10,Fundo Municipal de Desenvolvimento Social,10,Saúde,301,Atenção Básica,4015,"Saúde em Atenção Básica, Especialidades e Vigilância",1525,Construção e Implantação de Equipamentos de Atenção Básica e Especiali,4,Despesas de Capital,4,Investimentos,90,Aplicações Diretas,51,Obras em Andamento - Uso Comum do Povo,10.1.755.1224,PMSP-SF/COADM-Fundo Municipal de Desenvolvimento Social-FMD,0,Hospitais e Similares ,8,Obras e Instalações,1016758.71,0.0,1016758.71,0.0,0.0,0.0,"[{""siglaUnidadeMedida"": ""SER"", ""descricaoAnexo"": ""SMS/OBRAS - CONTRATAÇÃO DE EMPRESA PARA EXECUÇÃO DECONSTRUÇÃO DA UBS RECANTO DOS HUMILDES, COM FORNECIMENTO DE MATERIAL E MÃO-DE-OBRA. - LOTE 03. - EXERCÍCIO DE 2026."", ""qtdeAnexo"": 1, ""valorUnitarioAnexo"": 1016758.71}]",,,,,027/2024
01,PREFEITURA DO MUNICÍPIO DE SÃO PAULO,50114,72131,2026,7,08/07/2026 00:00:00,6018202301155325,01294872000172,PILAO ENGENHARIA E CONSTRUCOES LTDA,5559,2026,07,Fundo Municipal de Desenvolvimento Social,10,Fundo Municipal de Desenvolvimento Social,10,Saúde,302,Assistência Hospitalar e Ambulatorial,4016,Saúde em Atenção Hospitalar e de Urgência e Emergência,1536,"Ampliação, Reforma e Requalificação de Equipamentos em Atenção Hospita",4,Despesas de Capital,4,Investimentos,90,Aplicações Diretas,51,Obras em Andamento - Uso Comum do Povo,10.1.755.1224,PMSP-SF/COADM-Fundo Municipal de Desenvolvimento Social-FMD,0,Hospitais e Similares ,8,Obras e Instalações,1830936.79,0.0,1830936.79,0.0,0.0,0.0,"[{""siglaUnidadeMedida"": ""SER"", ""descricaoAnexo"": ""SMS/OBRAS - CONTRATAÇÃO DE EMPRESA PARA EXECUÇÃO DE REFORMA DA UPA CIDADE ADEMAR, PARA SECRETARIA MUNICIPAL DE SAÚDE, COM FORNECIMENTO DE MATERIAL E MÃO-DE-OBRA - PERÍODO: EXERCÍCIO 2026."", ""qtdeAnexo"": 1, ""valorUnitarioAnexo"": 1830936.79}]",,,,,188/2023
01,PREFEITURA DO MUNICÍPIO DE SÃO PAULO,50114,72138,2026,7,08/07/2026 00:00:00,6018202301155325,01294872000172,PILAO ENGENHARIA E CONSTRUCOES LTDA,5559,2026,07,Fundo Municipal de Desenvolvimento Social,10,Fundo Municipal de Desenvolvimento Social,10,Saúde,302,Assistência Hospitalar e Ambulatorial,4016,Saúde em Atenção Hospitalar e de Urgência e Emergência,1536,"Ampliação, Reforma e Requalificação de Equipamentos em Atenção Hospita",4,Despesas de Capital,4,Investimentos,90,Aplicações Diretas,51,Obras em Andamento - Uso Comum do Povo,10.1.755.1224,PMSP-SF/COADM-Fundo Municipal de Desenvolvimento Social-FMD,0,Hospitais e Similares ,8,Obras e Instalações,169063.21,0.0,169063.21,0.0,0.0,0.0,"[{""siglaUnidadeMedida"": ""SER"", ""descricaoAnexo"": ""SMS/OBRAS - CONTRATAÇÃO DE EMPRESA PARA EXECUÇÃO DE REFORMA DA UPA CIDADE ADEMAR, PARA SECRETARIA MUNICIPAL DE SAÚDE, COM FORNECIMENTO DE MATERIAL E MÃO-DE-OBRA - REAJUSTE - PERÍODO: EXERCÍCIO 2026."", ""qtdeAnexo"": 1, ""valorUnitarioAnexo"": 169063.21}]",,,,,188/2023
01,PREFEITURA DO MUNICÍPIO DE SÃO PAULO,50112,72523,2026,7,08/07/2026 00:00:00,6018202300747687,51803790000184,CONSORCIO UG,26613,2023,07,Fundo Municipal de Desenvolvimento Social,10,Fundo Municipal de Desenvolvimento Social,10,Saúde,302,Assistência Hospitalar e Ambulatorial,4016,Saúde em Atenção Hospitalar e de Urgência e Emergência,1535,Construção e Implantação de Equipamentos em Atenção Hospitalar e de Ur,4,Despesas de Capital,4,Investimentos,90,Aplicações Diretas,51,Obras em Andamento - Uso Comum do Povo,10.1.755.1224,PMSP-SF/COADM-Fundo Municipal de Desenvolvimento Social-FMD,0,Hospitais e Similares ,8,Obras e Instalações,2209473.25,0.0,2209473.25,0.0,0.0,0.0,"[{""siglaUnidadeMedida"": ""SER"", ""descricaoAnexo"": ""SMS/OBRAS - CONTRATAÇÃO DE OBRA DA CONSTRUÇÃO DA UPA GRAJAÚ - PERÍODO: EXERCÍCIO 2026."", ""qtdeAnexo"": 1, ""valorUnitarioAnexo"": 2209473.25}]",,,,,145/2023
01,PREFEITURA DO MUNICÍPIO DE SÃO PAULO,50112,72538,2026,7,08/07/2026 00:00:00,6018202300747687,51803790000184,CONSORCIO UG,26613,2023,07,Fundo Municipal de Desenvolvimento Social,10,Fundo Municipal de Desenvolvimento Social,10,Saúde,302,Assistência Hospitalar e Ambulatorial,4016,Saúde em Atenção Hospitalar e de Urgência e Emergência,1535,Construção e Implantação de Equipamentos em Atenção Hospitalar e de Ur,4,Despesas de Capital,4,Investimentos,90,Aplicações Diretas,51,Obras em Andamento - Uso Comum do Povo,10.1.755.1224,PMSP-SF/COADM-Fundo Municipal de Desenvolvimento Social-FMD,0,Hospitais e Similares ,8,Obras e Instalações,182060.6,0.0,182060.6,0.0,0.0,0.0,"[{""siglaUnidadeMedida"": ""SER"", ""descricaoAnexo"": ""SMS/OBRAS - CONTRATAÇÃO DE OBRA DA CONSTRUÇÃO DA UPA GRAJAÚ - REAJUSTE - PERÍODO: EXERCÍCIO 2026."", ""qtdeAnexo"": 1, ""valorUnitarioAnexo"": 182060.6}]",,,,,145/2023
01,PREFEITURA DO MUNICÍPIO DE SÃO PAULO,50114,72858,2026,7,08/07/2026 00:00:00,6018202300747903,51804427000183,CONSORCIO SAUDE - PMSP,28165,2023,07,Fundo Municipal de Desenvolvimento Social,10,Fundo Municipal de Desenvolvimento Social,10,Saúde,302,Assistência Hospitalar e Ambulatorial,4016,Saúde em Atenção Hospitalar e de Urgência e Emergência,1536,"Ampliação, Reforma e Requalificação de Equipamentos em Atenção Hospita",4,Despesas de Capital,4,Investimentos,90,Aplicações Diretas,51,Obras em Andamento - Uso Comum do Povo,10.1.755.1224,PMSP-SF/COADM-Fundo Municipal de Desenvolvimento Social-FMD,0,Hospitais e Similares ,8,Obras e Instalações,76129.14,0.0,76129.14,0.0,0.0,0.0,"[{""siglaUnidadeMedida"": ""SER"", ""descricaoAnexo"": ""SMS/OBRAS - CONTRATAÇÃO DE REFORMA DA UPA SANTANA - PERÍODO: EXERCÍCIO DE 2026 - REAJUSTE."", ""qtdeAnexo"": 1, ""valorUnitarioAnexo"": 76129.14}]",,,,,151/2023
01,PREFEITURA DO MUNICÍPIO DE SÃO PAULO,50114,72862,2026,7,08/07/2026 00:00:00,6018202300747903,51804427000183,CONSORCIO SAUDE - PMSP,28165,2023,07,Fundo Municipal de Desenvolvimento Social,10,Fundo Municipal de Desenvolvimento Social,10,Saúde,302,Assistência Hospitalar e Ambulatorial,4016,Saúde em Atenção Hospitalar e de Urgência e Emergência,1536,"Ampliação, Reforma e Requalificação de Equipamentos em Atenção Hospita",4,Despesas de Capital,4,Investimentos,90,Aplicações Diretas,51,Obras em Andamento - Uso Comum do Povo,10.1.755.1224,PMSP-SF/COADM-Fundo Municipal de Desenvolvimento Social-FMD,0,Hospitais e Similares ,8,Obras e Instalações,923870.86,0.0,923870.86,0.0,0.0,0.0,"[{""siglaUnidadeMedida"": ""SER"", ""descricaoAnexo"": ""SMS/OBRAS - CONTRATAÇÃO DE REFORMA DA UPA SANTANA - PERÍODO: EXERCÍCIO DE 2026"", ""qtdeAnexo"": 1, ""valorUnitarioAnexo"": 923870.86}]",,,,,151/2023
01,PREFEITURA DO MUNICÍPIO DE SÃO PAULO,25910,72889,2026,7,08/07/2026 00:00:00,6018202400254194,04860624000130,VPP CONSTRUTORA LTDA,7337,2024,07,Fundo Municipal de Desenvolvimento Social,10,Fundo Municipal de Desenvolvimento Social,10,Saúde,301,Atenção Básica,4015,"Saúde em Atenção Básica, Especialidades e Vigilância",1525,Construção e Implantação de Equipamentos de Atenção Básica e Especiali,4,Despesas de Capital,4,Investimentos,90,Aplicações Diretas,51,Obras em Andamento - Uso Comum do Povo,10.2.755.1224,PMSP-SF/COADM-Fundo Municipal de Desenvolvimento Social-FMD,0,Hospitais e Similares ,8,Obras e Instalações,385917.15,0.0,385917.15,0.0,0.0,0.0,"[{""siglaUnidadeMedida"": ""ser"", ""descricaoAnexo"": ""SMS/OBRAS - CONTRATAÇÃO DE EMPRESA PARA EXECUÇÃO DE CONSTRUÇÃO DA UBS CANTINHO DO CÉU – LOTE 02 – EXERCÍCIO 2026"", ""qtdeAnexo"": 1, ""valorUnitarioAnexo"": 385917.15}]",,,,,030/2024
