identificadorEmpenho,numeroEmpenho,anoEmpenho,processoEmpenho,numeroDocumento,codigoOrgao,codigoUnidade,dataEmissao,dataVencimento,dataPagamento,cpfCnpjCredor,razaoSocialCredor,valorDocumento,valorCancelado,valorPago,tipoDocumento,tipoPagamento,processoPagamento,nrNLP,anoNLP,codigoEmpresa,modifiedMode,usuarioOperacao
2429793,18879,2021,6074202000060223,284049038,34,10,08/02/2021 09:34:28,23/02/2021 00:00:00,10/03/2021 00:00:00,61695227000517,ELETROPAULO ELET.DE SAO PAULO S/A,196.76,0.0,196.76,FATURA,BAIXA TENSÃO,6074202100008517,47554,2021,01,5,
2429793,18879,2021,6074202000060223,284846515,34,10,08/02/2021 09:34:28,23/02/2021 00:00:00,10/03/2021 00:00:00,61695227000517,ELETROPAULO ELET.DE SAO PAULO S/A,193.61,0.0,193.61,FATURA,BAIXA TENSÃO,6074202100008517,47517,2021,01,5,
2429793,18879,2021,6074202000060223,286057695,34,10,08/02/2021 09:34:28,23/02/2021 00:00:00,10/03/2021 00:00:00,61695227000517,ELETROPAULO ELET.DE SAO PAULO S/A,201.63,0.0,201.63,FATURA,BAIXA TENSÃO,6074202100008517,47534,2021,01,5,
2429793,18879,2021,6074202000060223,286047384,34,10,08/02/2021 09:34:28,23/02/2021 00:00:00,10/03/2021 00:00:00,61695227000517,ELETROPAULO ELET.DE SAO PAULO S/A,315.0,0.0,315.0,FATURA,BAIXA TENSÃO,6074202100008517,47636,2021,01,5,
2429793,18879,2021,6074202000060223,284846515,34,10,08/02/2021 09:34:28,23/02/2021 00:00:00,10/03/2021 00:00:00,61695227000517,ELETROPAULO ELET.DE SAO PAULO S/A,193.61,0.0,193.61,FATURA,BAIXA TENSÃO,6074202100008517,47517,2021,01,5,
2429793,18879,2021,6074202000060223,285662302,34,10,08/02/2021 09:34:28,23/02/2021 00:00:00,10/03/2021 00:00:00,61695227000517,ELETROPAULO ELET.DE SAO PAULO S/A,271.06,0.0,271.06,FATURA,BAIXA TENSÃO,6074202100008517,47523,2021,01,5,
2429793,18879,2021,6074202000060223,284036483,34,10,08/02/2021 09:34:28,23/02/2021 00:00:00,10/03/2021 00:00:00,61695227000517,ELETROPAULO ELET.DE SAO PAULO S/A,212.38,0.0,212.38,FATURA,BAIXA TENSÃO,6074202100008517,47532,2021,01,5,
2429793,18879,2021,6074202000060223,286447651,34,10,08/02/2021 09:34:28,23/02/2021 00:00:00,10/03/2021 00:00:00,61695227000517,ELETROPAULO ELET.DE SAO PAULO S/A,344.26,0.0,344.26,FATURA,BAIXA TENSÃO,6074202100008517,47646,2021,01,5,
2429793,18879,2021,6074202000060223,286441297,34,10,08/02/2021 09:34:28,23/02/2021 00:00:00,10/03/2021 00:00:00,61695227000517,ELETROPAULO ELET.DE SAO PAULO S/A,283.94,0.0,283.94,FATURA,BAIXA TENSÃO,6074202100008517,47667,2021,01,5,
2429793,18879,2021,6074202000060223,286434455,34,10,08/02/2021 09:34:28,23/02/2021 00:00:00,10/03/2021 00:00:00,61695227000517,ELETROPAULO ELET.DE SAO PAULO S/A,51.04,0.0,51.04,FATURA,BAIXA TENSÃO,6074202100008517,47671,2021,01,5,
2429793,18879,2021,6074202000060223,286452529,34,10,08/02/2021 09:34:28,23/02/2021 00:00:00,10/03/2021 00:00:00,61695227000517,ELETROPAULO ELET.DE SAO PAULO S/A,87.51,0.0,87.51,FATURA,BAIXA TENSÃO,6074202100008517,47678,2021,01,5,
2429793,18879,2021,6074202000060223,285241275,34,10,08/02/2021 09:34:28,23/02/2021 00:00:00,10/03/2021 00:00:00,61695227000517,ELETROPAULO ELET.DE SAO PAULO S/A,318.45,0.0,318.45,FATURA,BAIXA TENSÃO,6074202100008517,47550,2021,01,5,
2429793,18879,2021,6074202000060223,286434455,34,10,08/02/2021 09:34:28,23/02/2021 00:00:00,10/03/2021 00:00:00,61695227000517,ELETROPAULO ELET.DE SAO PAULO S/A,51.04,0.0,51.04,FATURA,BAIXA TENSÃO,6074202100008517,47671,2021,01,5,
2429793,18879,2021,6074202000060223,286452529,34,10,08/02/2021 09:34:28,23/02/2021 00:00:00,10/03/2021 00:00:00,61695227000517,ELETROPAULO ELET.DE SAO PAULO S/A,87.51,0.0,87.51,FATURA,BAIXA TENSÃO,6074202100008517,47678,2021,01,5,
2429793,18879,2021,6074202000060223,289644024,34,10,02/03/2021 18:52:59,23/03/2021 00:00:00,18/05/2021 00:00:00,61695227000517,ELETROPAULO ELET.DE SAO PAULO S/A,205.03,0.0,205.03,FATURA,BAIXA TENSÃO,6074202100023230,95364,2021,01,5,
2429793,18879,2021,6074202000060223,285241275,34,10,08/02/2021 09:34:28,23/02/2021 00:00:00,10/03/2021 00:00:00,61695227000517,ELETROPAULO ELET.DE SAO PAULO S/A,318.45,0.0,318.45,FATURA,BAIXA TENSÃO,6074202100008517,47550,2021,01,5,
2429793,18879,2021,6074202000060223,286434455,34,10,08/02/2021 09:34:28,23/02/2021 00:00:00,10/03/2021 00:00:00,61695227000517,ELETROPAULO ELET.DE SAO PAULO S/A,51.04,0.0,51.04,FATURA,BAIXA TENSÃO,6074202100008517,47671,2021,01,5,
2429793,18879,2021,6074202000060223,286452529,34,10,08/02/2021 09:34:28,23/02/2021 00:00:00,10/03/2021 00:00:00,61695227000517,ELETROPAULO ELET.DE SAO PAULO S/A,87.51,0.0,87.51,FATURA,BAIXA TENSÃO,6074202100008517,47678,2021,01,5,
2429793,18879,2021,6074202000060223,291649124,34,10,02/03/2021 18:52:59,23/03/2021 00:00:00,18/05/2021 00:00:00,61695227000517,ELETROPAULO ELET.DE SAO PAULO S/A,166.22,0.0,166.22,FATURA,BAIXA TENSÃO,6074202100023230,95370,2021,01,5,
2429793,18879,2021,6074202000060223,291649124,34,10,02/03/2021 18:52:59,23/03/2021 00:00:00,18/05/2021 00:00:00,61695227000517,ELETROPAULO ELET.DE SAO PAULO S/A,166.22,0.0,166.22,FATURA,BAIXA TENSÃO,6074202100023230,95370,2021,01,5,
2429793,18879,2021,6074202000060223,286905905,34,10,02/03/2021 18:52:59,23/03/2021 00:00:00,18/05/2021 00:00:00,61695227000517,ELETROPAULO ELET.DE SAO PAULO S/A,229.09,0.0,229.09,FATURA,BAIXA TENSÃO,6074202100023230,95140,2021,01,5,
2429793,18879,2021,6074202000060223,286905904,34,10,02/03/2021 18:52:59,23/03/2021 00:00:00,18/05/2021 00:00:00,61695227000517,ELETROPAULO ELET.DE SAO PAULO S/A,93.53,0.0,93.53,FATURA,BAIXA TENSÃO,6074202100023230,95135,2021,01,5,
2429793,18879,2021,6074202000060223,290841899,34,10,02/03/2021 18:52:59,23/03/2021 00:00:00,18/05/2021 00:00:00,61695227000517,ELETROPAULO ELET.DE SAO PAULO S/A,200.21,0.0,200.21,FATURA,BAIXA TENSÃO,6074202100023230,95337,2021,01,5,
2429793,18879,2021,6074202000060223,286905905,34,10,02/03/2021 18:52:59,23/03/2021 00:00:00,18/05/2021 00:00:00,61695227000517,ELETROPAULO ELET.DE SAO PAULO S/A,229.09,0.0,229.09,FATURA,BAIXA TENSÃO,6074202100023230,95140,2021,01,5,
2429793,18879,2021,6074202000060223,286905905,34,10,02/03/2021 18:52:59,23/03/2021 00:00:00,18/05/2021 00:00:00,61695227000517,ELETROPAULO ELET.DE SAO PAULO S/A,229.09,0.0,229.09,FATURA,BAIXA TENSÃO,6074202100023230,95140,2021,01,5,
2429793,18879,2021,6074202000060223,290841899,34,10,02/03/2021 18:52:59,23/03/2021 00:00:00,18/05/2021 00:00:00,61695227000517,ELETROPAULO ELET.DE SAO PAULO S/A,200.21,0.0,200.21,FATURA,BAIXA TENSÃO,6074202100023230,95337,2021,01,5,
2429793,18879,2021,6074202000060223,286905905,34,10,02/03/2021 18:52:59,23/03/2021 00:00:00,18/05/2021 00:00:00,61695227000517,ELETROPAULO ELET.DE SAO PAULO S/A,229.09,0.0,229.09,FATURA,BAIXA TENSÃO,6074202100023230,95140,2021,01,5,
2429793,18879,2021,6074202000060223,286905904,34,10,02/03/2021 18:52:59,23/03/2021 00:00:00,18/05/2021 00:00:00,61695227000517,ELETROPAULO ELET.DE SAO PAULO S/A,93.53,0.0,93.53,FATURA,BAIXA TENSÃO,6074202100023230,95135,2021,01,5,
2429793,18879,2021,6074202000060223,292464732,34,10,02/03/2021 18:52:59,23/03/2021 00:00:00,18/05/2021 00:00:00,61695227000517,ELETROPAULO ELET.DE SAO PAULO S/A,291.56,0.0,291.56,FATURA,BAIXA TENSÃO,6074202100023230,95332,2021,01,5,
2429793,18879,2021,6074202000060223,287289208,34,10,02/03/2021 18:52:59,23/03/2021 00:00:00,18/05/2021 00:00:00,61695227000517,ELETROPAULO ELET.DE SAO PAULO S/A,205.03,0.0,205.03,FATURA,BAIXA TENSÃO,6074202100023230,95137,2021,01,5,
2429793,18879,2021,6074202000060223,289265757,34,10,02/03/2021 18:52:59,23/03/2021 00:00:00,18/05/2021 00:00:00,61695227000517,ELETROPAULO ELET.DE SAO PAULO S/A,225.93,0.0,225.93,FATURA,BAIXA TENSÃO,6074202100023230,95183,2021,01,5,
2429793,18879,2021,6074202000060223,294035073,34,10,02/03/2021 18:52:59,23/03/2021 00:00:00,18/05/2021 00:00:00,61695227000517,ELETROPAULO ELET.DE SAO PAULO S/A,208.1,0.0,208.1,FATURA,BAIXA TENSÃO,6074202100023230,95149,2021,01,5,
2429793,18879,2021,6074202000060223,290474415,34,10,02/03/2021 18:52:59,23/03/2021 00:00:00,18/05/2021 00:00:00,61695227000517,ELETROPAULO ELET.DE SAO PAULO S/A,233.0,0.0,233.0,FATURA,BAIXA TENSÃO,6074202100023230,95106,2021,01,5,
2429793,18879,2021,6074202000060223,294046200,34,10,02/03/2021 18:52:59,23/03/2021 00:00:00,18/05/2021 00:00:00,61695227000517,ELETROPAULO ELET.DE SAO PAULO S/A,282.03,0.0,282.03,FATURA,BAIXA TENSÃO,6074202100023230,95146,2021,01,5,
2429793,18879,2021,6074202000060223,292821806,34,10,02/03/2021 18:52:59,23/03/2021 00:00:00,18/05/2021 00:00:00,61695227000517,ELETROPAULO ELET.DE SAO PAULO S/A,241.16,0.0,241.16,FATURA,BAIXA TENSÃO,6074202100023230,95133,2021,01,5,
2429793,18879,2021,6074202000060223,288070192,34,10,02/03/2021 18:52:59,23/03/2021 00:00:00,18/05/2021 00:00:00,61695227000517,ELETROPAULO ELET.DE SAO PAULO S/A,394.76,0.0,394.76,FATURA,BAIXA TENSÃO,6074202100023230,95385,2021,01,5,
2429793,18879,2021,6074202000060223,294516985,34,10,02/03/2021 18:52:59,23/03/2021 00:00:00,18/05/2021 00:00:00,61695227000517,ELETROPAULO ELET.DE SAO PAULO S/A,104.49,0.0,104.49,FATURA,BAIXA TENSÃO,6074202100023230,95164,2021,01,5,
2429793,18879,2021,6074202000060223,294516976,34,10,02/03/2021 18:52:59,23/03/2021 00:00:00,18/05/2021 00:00:00,61695227000517,ELETROPAULO ELET.DE SAO PAULO S/A,207.73,0.0,207.73,FATURA,BAIXA TENSÃO,6074202100023230,95166,2021,01,5,
2429793,18879,2021,6074202000060223,292821806,34,10,02/03/2021 18:52:59,23/03/2021 00:00:00,18/05/2021 00:00:00,61695227000517,ELETROPAULO ELET.DE SAO PAULO S/A,241.16,0.0,241.16,FATURA,BAIXA TENSÃO,6074202100023230,95133,2021,01,5,
2429793,18879,2021,6074202000060223,290503198,34,10,02/03/2021 18:52:59,23/03/2021 00:00:00,18/05/2021 00:00:00,61695227000517,ELETROPAULO ELET.DE SAO PAULO S/A,84.93,0.0,84.93,FATURA,BAIXA TENSÃO,6074202100023230,95124,2021,01,5,
2429793,18879,2021,6074202000060223,289656806,34,10,02/03/2021 18:52:59,23/03/2021 00:00:00,18/05/2021 00:00:00,61695227000517,ELETROPAULO ELET.DE SAO PAULO S/A,185.1,0.0,185.1,FATURA,BAIXA TENSÃO,6074202100023230,95352,2021,01,5,
2429793,18879,2021,6074202000060223,288921546,34,10,02/03/2021 18:52:59,23/03/2021 00:00:00,18/05/2021 00:00:00,61695227000517,ELETROPAULO ELET.DE SAO PAULO S/A,232.71,0.0,232.71,FATURA,BAIXA TENSÃO,6074202100023230,95153,2021,01,5,
2429793,18879,2021,6074202000060223,292061083,34,10,02/03/2021 18:52:59,23/03/2021 00:00:00,18/05/2021 00:00:00,61695227000517,ELETROPAULO ELET.DE SAO PAULO S/A,255.29,0.0,255.29,FATURA,BAIXA TENSÃO,6074202100023230,95114,2021,01,5,
2429793,18879,2021,6074202000060223,292482443,34,10,02/03/2021 18:52:59,23/03/2021 00:00:00,22/07/2021 00:00:00,61695227000517,ELETROPAULO ELET.DE SAO PAULO S/A,108.12,0.0,108.12,FATURA,BAIXA TENSÃO,6074202100039684,144040,2021,01,5,
2429793,18879,2021,6074202000060223,290058024,34,10,02/03/2021 18:52:59,23/03/2021 00:00:00,18/05/2021 00:00:00,61695227000517,ELETROPAULO ELET.DE SAO PAULO S/A,126.5,0.0,126.5,FATURA,BAIXA TENSÃO,6074202100023230,95179,2021,01,5,
2429793,18879,2021,6074202000060223,289656806,34,10,02/03/2021 18:52:59,23/03/2021 00:00:00,18/05/2021 00:00:00,61695227000517,ELETROPAULO ELET.DE SAO PAULO S/A,185.1,0.0,185.1,FATURA,BAIXA TENSÃO,6074202100023230,95352,2021,01,5,
2429793,18879,2021,6074202000060223,288921546,34,10,02/03/2021 18:52:59,23/03/2021 00:00:00,18/05/2021 00:00:00,61695227000517,ELETROPAULO ELET.DE SAO PAULO S/A,232.71,0.0,232.71,FATURA,BAIXA TENSÃO,6074202100023230,95153,2021,01,5,
2429793,18879,2021,6074202000060223,291231046,34,10,02/03/2021 18:52:59,23/03/2021 00:00:00,18/05/2021 00:00:00,61695227000517,ELETROPAULO ELET.DE SAO PAULO S/A,260.9,0.0,260.9,FATURA,BAIXA TENSÃO,6074202100023230,95101,2021,01,5,
2429793,18879,2021,6074202000060223,288070192,34,10,02/03/2021 18:52:59,23/03/2021 00:00:00,18/05/2021 00:00:00,61695227000517,ELETROPAULO ELET.DE SAO PAULO S/A,394.76,0.0,394.76,FATURA,BAIXA TENSÃO,6074202100023230,95385,2021,01,5,
2429793,18879,2021,6074202000060223,292061083,34,10,02/03/2021 18:52:59,23/03/2021 00:00:00,18/05/2021 00:00:00,61695227000517,ELETROPAULO ELET.DE SAO PAULO S/A,255.29,0.0,255.29,FATURA,BAIXA TENSÃO,6074202100023230,95114,2021,01,5,
2429793,18879,2021,6074202000060223,292482443,34,10,02/03/2021 18:52:59,23/03/2021 00:00:00,22/07/2021 00:00:00,61695227000517,ELETROPAULO ELET.DE SAO PAULO S/A,108.12,0.0,108.12,FATURA,BAIXA TENSÃO,6074202100039684,144040,2021,01,5,
2429793,18879,2021,6074202000060223,290058024,34,10,02/03/2021 18:52:59,23/03/2021 00:00:00,18/05/2021 00:00:00,61695227000517,ELETROPAULO ELET.DE SAO PAULO S/A,126.5,0.0,126.5,FATURA,BAIXA TENSÃO,6074202100023230,95179,2021,01,5,
2429793,18879,2021,6074202000060223,292061083,34,10,02/03/2021 18:52:59,23/03/2021 00:00:00,18/05/2021 00:00:00,61695227000517,ELETROPAULO ELET.DE SAO PAULO S/A,255.29,0.0,255.29,FATURA,BAIXA TENSÃO,6074202100023230,95114,2021,01,5,
2429793,18879,2021,6074202000060223,293668529,34,10,02/03/2021 18:52:59,23/03/2021 00:00:00,18/05/2021 00:00:00,61695227000517,ELETROPAULO ELET.DE SAO PAULO S/A,275.41,0.0,275.41,FATURA,BAIXA TENSÃO,6074202100023230,95142,2021,01,5,
2429793,18879,2021,6074202000060223,288885574,34,10,02/03/2021 18:52:59,23/03/2021 00:00:00,12/07/2021 00:00:00,61695227000517,ELETROPAULO ELET.DE SAO PAULO S/A,174.23,0.0,174.23,FATURA,BAIXA TENSÃO,6074202100037363,137795,2021,01,5,
2429793,18879,2021,6074202000060223,290425005,34,10,02/03/2021 18:52:59,23/03/2021 00:00:00,18/05/2021 00:00:00,61695227000517,ELETROPAULO ELET.DE SAO PAULO S/A,230.16,0.0,230.16,FATURA,BAIXA TENSÃO,6074202100023230,95128,2021,01,5,
2429793,18879,2021,6074202000060223,290440737,34,10,02/03/2021 18:52:59,23/03/2021 00:00:00,18/05/2021 00:00:00,61695227000517,ELETROPAULO ELET.DE SAO PAULO S/A,235.08,0.0,235.08,FATURA,BAIXA TENSÃO,6074202100023230,95152,2021,01,5,
2429793,18879,2021,6074202000060223,293232422,34,10,02/03/2021 18:52:59,23/03/2021 00:00:00,18/05/2021 00:00:00,61695227000517,ELETROPAULO ELET.DE SAO PAULO S/A,362.04,0.0,362.04,FATURA,BAIXA TENSÃO,6074202100023230,95172,2021,01,5,
2429793,18879,2021,6074202000060223,289264302,34,10,02/03/2021 18:52:59,23/03/2021 00:00:00,18/05/2021 00:00:00,61695227000517,ELETROPAULO ELET.DE SAO PAULO S/A,273.19,0.0,273.19,FATURA,BAIXA TENSÃO,6074202100023230,95117,2021,01,5,
2429793,18879,2021,6074202000060223,287289208,34,10,02/03/2021 18:52:59,23/03/2021 00:00:00,18/05/2021 00:00:00,61695227000517,ELETROPAULO ELET.DE SAO PAULO S/A,205.03,0.0,205.03,FATURA,BAIXA TENSÃO,6074202100023230,95137,2021,01,5,
2429793,18879,2021,6074202000060223,289265757,34,10,02/03/2021 18:52:59,23/03/2021 00:00:00,18/05/2021 00:00:00,61695227000517,ELETROPAULO ELET.DE SAO PAULO S/A,225.93,0.0,225.93,FATURA,BAIXA TENSÃO,6074202100023230,95183,2021,01,5,
2429793,18879,2021,6074202000060223,290443219,34,10,02/03/2021 18:52:59,23/03/2021 00:00:00,18/05/2021 00:00:00,61695227000517,ELETROPAULO ELET.DE SAO PAULO S/A,64.78,0.0,64.78,FATURA,BAIXA TENSÃO,6074202100023230,95341,2021,01,5,
2429793,18879,2021,6074202000060223,292448112,34,10,02/03/2021 18:52:59,23/03/2021 00:00:00,01/07/2021 00:00:00,61695227000517,ELETROPAULO ELET.DE SAO PAULO S/A,241.63,0.0,241.63,FATURA,MÉDIA TENSÃO CONTA,6074202100036642,130968,2021,01,5,
2429793,18879,2021,6074202000060223,287342737,34,10,02/03/2021 18:52:59,23/03/2021 00:00:00,16/07/2021 00:00:00,61695227000517,ELETROPAULO ELET.DE SAO PAULO S/A,426.65,0.0,426.65,FATURA,BAIXA TENSÃO,6074202100038912,140899,2021,01,5,
2429793,18879,2021,6074202000060223,292040256,34,10,02/03/2021 18:52:59,23/03/2021 00:00:00,18/05/2021 00:00:00,61695227000517,ELETROPAULO ELET.DE SAO PAULO S/A,209.72,0.0,209.72,FATURA,BAIXA TENSÃO,6074202100023230,95326,2021,01,5,
2429793,18879,2021,6074202000060223,287342737,34,10,02/03/2021 18:52:59,23/03/2021 00:00:00,16/07/2021 00:00:00,61695227000517,ELETROPAULO ELET.DE SAO PAULO S/A,426.65,0.0,426.65,FATURA,BAIXA TENSÃO,6074202100038912,140899,2021,01,5,
2429793,18879,2021,6074202000060223,287342737,34,10,02/03/2021 18:52:59,23/03/2021 00:00:00,16/07/2021 00:00:00,61695227000517,ELETROPAULO ELET.DE SAO PAULO S/A,426.65,0.0,426.65,FATURA,BAIXA TENSÃO,6074202100038912,140899,2021,01,5,
2429793,18879,2021,6074202000060223,299251251,34,10,06/04/2021 18:04:44,23/04/2021 00:00:00,19/05/2021 00:00:00,61695227000517,ELETROPAULO ELET.DE SAO PAULO S/A,225.58,0.0,225.58,FATURA,BAIXA TENSÃO,6074202100023052,95751,2021,01,5,
2429793,18879,2021,6074202000060223,296082715,34,10,06/04/2021 18:04:44,23/04/2021 00:00:00,24/05/2021 00:00:00,61695227000517,ELETROPAULO ELET.DE SAO PAULO S/A,456.96,0.0,456.96,FATURA,BAIXA TENSÃO,6074202100028771,98506,2021,01,5,
2429793,18879,2021,6074202000060223,285243459,34,10,10/03/2021 08:26:15,23/02/2021 00:00:00,15/03/2021 00:00:00,61695227000517,ELETROPAULO ELET.DE SAO PAULO S/A,200.57,0.0,200.57,FATURA,BAIXA TENSÃO,6074202100008517,49682,2021,01,5,
2429793,18879,2021,6074202000060223,285243459,34,10,10/03/2021 08:26:15,23/02/2021 00:00:00,15/03/2021 00:00:00,61695227000517,ELETROPAULO ELET.DE SAO PAULO S/A,200.57,0.0,200.57,FATURA,BAIXA TENSÃO,6074202100008517,49682,2021,01,5,
2429793,18879,2021,6074202000060223,290503198,34,10,02/03/2021 18:52:59,23/03/2021 00:00:00,18/05/2021 00:00:00,61695227000517,ELETROPAULO ELET.DE SAO PAULO S/A,84.93,0.0,84.93,FATURA,BAIXA TENSÃO,6074202100023230,95124,2021,01,5,
2429793,18879,2021,6074202000060223,294910655,34,10,06/04/2021 18:04:44,23/04/2021 00:00:00,24/05/2021 00:00:00,61695227000517,ELETROPAULO ELET.DE SAO PAULO S/A,205.27,0.0,205.27,FATURA,BAIXA TENSÃO,6074202100028771,98521,2021,01,5,
2429793,18879,2021,6074202000060223,298851438,34,10,06/04/2021 18:04:44,23/04/2021 00:00:00,19/05/2021 00:00:00,61695227000517,ELETROPAULO ELET.DE SAO PAULO S/A,282.55,0.0,282.55,FATURA,BAIXA TENSÃO,6074202100023052,95812,2021,01,5,
2429793,18879,2021,6074202000060223,300859351,34,10,06/04/2021 18:04:44,23/04/2021 00:00:00,19/05/2021 00:00:00,61695227000517,ELETROPAULO ELET.DE SAO PAULO S/A,207.08,0.0,207.08,FATURA,BAIXA TENSÃO,6074202100023052,95707,2021,01,5,
2429793,18879,2021,6074202000060223,296117122,34,10,06/04/2021 18:04:44,23/04/2021 00:00:00,15/07/2021 00:00:00,61695227000517,ELETROPAULO ELET.DE SAO PAULO S/A,215.89,0.0,215.89,FATURA,BAIXA TENSÃO,6074202100039447,140225,2021,01,5,
2429793,18879,2021,6074202000060223,299251251,34,10,06/04/2021 18:04:44,23/04/2021 00:00:00,19/05/2021 00:00:00,61695227000517,ELETROPAULO ELET.DE SAO PAULO S/A,225.58,0.0,225.58,FATURA,BAIXA TENSÃO,6074202100023052,95751,2021,01,5,
2429793,18879,2021,6074202000060223,296082715,34,10,06/04/2021 18:04:44,23/04/2021 00:00:00,24/05/2021 00:00:00,61695227000517,ELETROPAULO ELET.DE SAO PAULO S/A,456.96,0.0,456.96,FATURA,BAIXA TENSÃO,6074202100028771,98506,2021,01,5,
2429793,18879,2021,6074202000060223,301269739,34,10,06/04/2021 18:04:44,23/04/2021 00:00:00,24/05/2021 00:00:00,61695227000517,ELETROPAULO ELET.DE SAO PAULO S/A,292.42,0.0,292.42,FATURA,BAIXA TENSÃO,6074202100028771,98571,2021,01,5,
2429793,18879,2021,6074202000060223,296117122,34,10,06/04/2021 18:04:44,23/04/2021 00:00:00,15/07/2021 00:00:00,61695227000517,ELETROPAULO ELET.DE SAO PAULO S/A,215.89,0.0,215.89,FATURA,BAIXA TENSÃO,6074202100039447,140225,2021,01,5,
2429793,18879,2021,6074202000060223,297309389,34,10,06/04/2021 18:04:44,23/04/2021 00:00:00,19/05/2021 00:00:00,61695227000517,ELETROPAULO ELET.DE SAO PAULO S/A,284.56,0.0,284.56,FATURA,BAIXA TENSÃO,6074202100023052,95735,2021,01,5,
2429793,18879,2021,6074202000060223,302047630,34,10,06/04/2021 18:04:44,23/04/2021 00:00:00,19/05/2021 00:00:00,61695227000517,ELETROPAULO ELET.DE SAO PAULO S/A,201.01,0.0,201.01,FATURA,BAIXA TENSÃO,6074202100023052,95800,2021,01,5,
2429793,18879,2021,6074202000060223,298490071,34,10,06/04/2021 18:04:44,23/04/2021 00:00:00,19/05/2021 00:00:00,61695227000517,ELETROPAULO ELET.DE SAO PAULO S/A,282.3,0.0,282.3,FATURA,BAIXA TENSÃO,6074202100023052,95676,2021,01,5,
2429793,18879,2021,6074202000060223,302066261,34,10,06/04/2021 18:04:44,23/04/2021 00:00:00,19/05/2021 00:00:00,61695227000517,ELETROPAULO ELET.DE SAO PAULO S/A,333.0,0.0,333.0,FATURA,BAIXA TENSÃO,6074202100023052,95766,2021,01,5,
2429793,18879,2021,6074202000060223,294898781,34,10,06/04/2021 18:04:44,23/04/2021 00:00:00,16/07/2021 00:00:00,61695227000517,ELETROPAULO ELET.DE SAO PAULO S/A,311.14,0.0,311.14,FATURA,BAIXA TENSÃO,6074202100038912,140902,2021,01,5,
2429793,18879,2021,6074202000060223,300859351,34,10,06/04/2021 18:04:44,23/04/2021 00:00:00,19/05/2021 00:00:00,61695227000517,ELETROPAULO ELET.DE SAO PAULO S/A,207.08,0.0,207.08,FATURA,BAIXA TENSÃO,6074202100023052,95707,2021,01,5,
2429793,18879,2021,6074202000060223,300499211,34,10,06/04/2021 18:04:44,23/04/2021 00:00:00,01/07/2021 00:00:00,61695227000517,ELETROPAULO ELET.DE SAO PAULO S/A,430.78,0.0,430.78,FATURA,MÉDIA TENSÃO CONTA,6074202100036642,130972,2021,01,5,
2429793,18879,2021,6074202000060223,300859351,34,10,06/04/2021 18:04:44,23/04/2021 00:00:00,19/05/2021 00:00:00,61695227000517,ELETROPAULO ELET.DE SAO PAULO S/A,207.08,0.0,207.08,FATURA,BAIXA TENSÃO,6074202100023052,95707,2021,01,5,
2429793,18879,2021,6074202000060223,300859351,34,10,06/04/2021 18:04:44,23/04/2021 00:00:00,19/05/2021 00:00:00,61695227000517,ELETROPAULO ELET.DE SAO PAULO S/A,207.08,0.0,207.08,FATURA,BAIXA TENSÃO,6074202100023052,95707,2021,01,5,
2429793,18879,2021,6074202000060223,298518951,34,10,06/04/2021 18:04:44,23/04/2021 00:00:00,19/05/2021 00:00:00,61695227000517,ELETROPAULO ELET.DE SAO PAULO S/A,130.69,0.0,130.69,FATURA,BAIXA TENSÃO,6074202100023052,95679,2021,01,5,
2429793,18879,2021,6074202000060223,300064003,34,10,06/04/2021 18:04:44,23/04/2021 00:00:00,19/05/2021 00:00:00,61695227000517,ELETROPAULO ELET.DE SAO PAULO S/A,229.33,0.0,229.33,FATURA,BAIXA TENSÃO,6074202100023052,95728,2021,01,5,
2429793,18879,2021,6074202000060223,302478777,34,10,06/04/2021 18:04:44,23/04/2021 00:00:00,19/05/2021 00:00:00,61695227000517,ELETROPAULO ELET.DE SAO PAULO S/A,294.38,0.0,294.38,FATURA,BAIXA TENSÃO,6074202100023052,95774,2021,01,5,
2429793,18879,2021,6074202000060223,296868888,34,10,06/04/2021 18:04:44,23/04/2021 00:00:00,24/05/2021 00:00:00,61695227000517,ELETROPAULO ELET.DE SAO PAULO S/A,231.78,0.0,231.78,FATURA,BAIXA TENSÃO,6074202100028771,98564,2021,01,5,
2429793,18879,2021,6074202000060223,298518951,34,10,06/04/2021 18:04:44,23/04/2021 00:00:00,19/05/2021 00:00:00,61695227000517,ELETROPAULO ELET.DE SAO PAULO S/A,130.69,0.0,130.69,FATURA,BAIXA TENSÃO,6074202100023052,95679,2021,01,5,
2429793,18879,2021,6074202000060223,297665293,34,10,06/04/2021 18:04:44,23/04/2021 00:00:00,19/05/2021 00:00:00,61695227000517,ELETROPAULO ELET.DE SAO PAULO S/A,198.22,0.0,198.22,FATURA,BAIXA TENSÃO,6074202100023052,95814,2021,01,5,
2429793,18879,2021,6074202000060223,300064724,34,10,06/04/2021 18:04:44,23/04/2021 00:00:00,19/05/2021 00:00:00,61695227000517,ELETROPAULO ELET.DE SAO PAULO S/A,193.46,0.0,193.46,FATURA,BAIXA TENSÃO,6074202100023052,95663,2021,01,5,
2429793,18879,2021,6074202000060223,295309055,34,10,06/04/2021 18:04:44,23/04/2021 00:00:00,24/05/2021 00:00:00,61695227000517,ELETROPAULO ELET.DE SAO PAULO S/A,391.79,0.0,391.79,FATURA,BAIXA TENSÃO,6074202100028771,98559,2021,01,5,
2429793,18879,2021,6074202000060223,302478777,34,10,06/04/2021 18:04:44,23/04/2021 00:00:00,19/05/2021 00:00:00,61695227000517,ELETROPAULO ELET.DE SAO PAULO S/A,294.38,0.0,294.38,FATURA,BAIXA TENSÃO,6074202100023052,95774,2021,01,5,
2429793,18879,2021,6074202000060223,302469373,34,10,06/04/2021 18:04:44,23/04/2021 00:00:00,19/05/2021 00:00:00,61695227000517,ELETROPAULO ELET.DE SAO PAULO S/A,118.42,0.0,118.42,FATURA,BAIXA TENSÃO,6074202100023052,95778,2021,01,5,
2429793,18879,2021,6074202000060223,296868888,34,10,06/04/2021 18:04:44,23/04/2021 00:00:00,24/05/2021 00:00:00,61695227000517,ELETROPAULO ELET.DE SAO PAULO S/A,231.78,0.0,231.78,FATURA,BAIXA TENSÃO,6074202100028771,98564,2021,01,5,
2429793,18879,2021,6074202000060223,298463928,34,10,06/04/2021 18:04:44,23/04/2021 00:00:00,19/05/2021 00:00:00,61695227000517,ELETROPAULO ELET.DE SAO PAULO S/A,66.44,0.0,66.44,FATURA,BAIXA TENSÃO,6074202100023052,95806,2021,01,5,
2429793,18879,2021,6074202000060223,298463928,34,10,06/04/2021 18:04:44,23/04/2021 00:00:00,19/05/2021 00:00:00,61695227000517,ELETROPAULO ELET.DE SAO PAULO S/A,66.44,0.0,66.44,FATURA,BAIXA TENSÃO,6074202100023052,95806,2021,01,5,
2429793,18879,2021,6074202000060223,298463928,34,10,06/04/2021 18:04:44,23/04/2021 00:00:00,19/05/2021 00:00:00,61695227000517,ELETROPAULO ELET.DE SAO PAULO S/A,66.44,0.0,66.44,FATURA,BAIXA TENSÃO,6074202100023052,95806,2021,01,5,
2429793,18879,2021,6074202000060223,297668266,34,10,06/04/2021 18:04:44,23/04/2021 00:00:00,30/04/2021 00:00:00,61695227000517,ELETROPAULO ELET.DE SAO PAULO S/A,237.29,0.0,237.29,FATURA,BAIXA TENSÃO,6074202100021688,81357,2021,01,5,
2429793,18879,2021,6074202000060223,298518951,34,10,06/04/2021 18:04:44,23/04/2021 00:00:00,19/05/2021 00:00:00,61695227000517,ELETROPAULO ELET.DE SAO PAULO S/A,130.69,0.0,130.69,FATURA,BAIXA TENSÃO,6074202100023052,95679,2021,01,5,
2429793,18879,2021,6074202000060223,294889229,34,10,06/04/2021 18:04:44,23/04/2021 00:00:00,24/05/2021 00:00:00,61695227000517,ELETROPAULO ELET.DE SAO PAULO S/A,300.83,0.0,300.83,FATURA,BAIXA TENSÃO,6074202100028771,98538,2021,01,5,
2429793,18879,2021,6074202000060223,299654667,34,10,06/04/2021 18:04:44,23/04/2021 00:00:00,24/05/2021 00:00:00,61695227000517,ELETROPAULO ELET.DE SAO PAULO S/A,170.53,0.0,170.53,FATURA,BAIXA TENSÃO,6074202100028771,98577,2021,01,5,
2429793,18879,2021,6074202000060223,294910655,34,10,06/04/2021 18:04:44,23/04/2021 00:00:00,24/05/2021 00:00:00,61695227000517,ELETROPAULO ELET.DE SAO PAULO S/A,205.27,0.0,205.27,FATURA,BAIXA TENSÃO,6074202100028771,98521,2021,01,5,
2429793,18879,2021,6074202000060223,298851438,34,10,06/04/2021 18:04:44,23/04/2021 00:00:00,19/05/2021 00:00:00,61695227000517,ELETROPAULO ELET.DE SAO PAULO S/A,282.55,0.0,282.55,FATURA,BAIXA TENSÃO,6074202100023052,95812,2021,01,5,
2429793,18879,2021,6074202000060223,296868888,34,10,06/04/2021 18:04:44,23/04/2021 00:00:00,24/05/2021 00:00:00,61695227000517,ELETROPAULO ELET.DE SAO PAULO S/A,231.78,0.0,231.78,FATURA,BAIXA TENSÃO,6074202100028771,98564,2021,01,5,
2429793,18879,2021,6074202000060223,300054555,34,10,06/04/2021 18:04:44,23/04/2021 00:00:00,19/05/2021 00:00:00,61695227000517,ELETROPAULO ELET.DE SAO PAULO S/A,219.08,0.0,219.08,FATURA,BAIXA TENSÃO,6074202100023052,95741,2021,01,5,
2429793,18879,2021,6074202000060223,299251251,34,10,06/04/2021 18:04:44,23/04/2021 00:00:00,19/05/2021 00:00:00,61695227000517,ELETROPAULO ELET.DE SAO PAULO S/A,225.58,0.0,225.58,FATURA,BAIXA TENSÃO,6074202100023052,95751,2021,01,5,
2429793,18879,2021,6074202000060223,296082715,34,10,06/04/2021 18:04:44,23/04/2021 00:00:00,24/05/2021 00:00:00,61695227000517,ELETROPAULO ELET.DE SAO PAULO S/A,456.96,0.0,456.96,FATURA,BAIXA TENSÃO,6074202100028771,98506,2021,01,5,
2429793,18879,2021,6074202000060223,298463551,34,10,06/04/2021 18:04:44,23/04/2021 00:00:00,19/05/2021 00:00:00,61695227000517,ELETROPAULO ELET.DE SAO PAULO S/A,175.03,0.0,175.03,FATURA,BAIXA TENSÃO,6074202100023052,95715,2021,01,5,
2429793,18879,2021,6074202000060223,298851438,34,10,06/04/2021 18:04:44,23/04/2021 00:00:00,19/05/2021 00:00:00,61695227000517,ELETROPAULO ELET.DE SAO PAULO S/A,282.55,0.0,282.55,FATURA,BAIXA TENSÃO,6074202100023052,95812,2021,01,5,
2429793,18879,2021,6074202000060223,302478777,34,10,06/04/2021 18:04:44,23/04/2021 00:00:00,19/05/2021 00:00:00,61695227000517,ELETROPAULO ELET.DE SAO PAULO S/A,294.38,0.0,294.38,FATURA,BAIXA TENSÃO,6074202100023052,95774,2021,01,5,
2429793,18879,2021,6074202000060223,302469373,34,10,06/04/2021 18:04:44,23/04/2021 00:00:00,19/05/2021 00:00:00,61695227000517,ELETROPAULO ELET.DE SAO PAULO S/A,118.42,0.0,118.42,FATURA,BAIXA TENSÃO,6074202100023052,95778,2021,01,5,
2429793,18879,2021,6074202000060223,294889229,34,10,06/04/2021 18:04:44,23/04/2021 00:00:00,24/05/2021 00:00:00,61695227000517,ELETROPAULO ELET.DE SAO PAULO S/A,300.83,0.0,300.83,FATURA,BAIXA TENSÃO,6074202100028771,98538,2021,01,5,
2429793,18879,2021,6074202000060223,295307904,34,10,06/04/2021 18:04:44,23/04/2021 00:00:00,24/05/2021 00:00:00,61695227000517,ELETROPAULO ELET.DE SAO PAULO S/A,226.26,0.0,226.26,FATURA,BAIXA TENSÃO,6074202100028771,98530,2021,01,5,
2429793,18879,2021,6074202000060223,298525473,34,10,06/04/2021 18:04:44,23/04/2021 00:00:00,19/05/2021 00:00:00,61695227000517,ELETROPAULO ELET.DE SAO PAULO S/A,222.44,0.0,222.44,FATURA,BAIXA TENSÃO,6074202100023052,95746,2021,01,5,
2429793,18879,2021,6074202000060223,308571261,34,10,06/05/2021 18:08:55,24/05/2021 00:00:00,01/07/2021 00:00:00,61695227000517,ELETROPAULO ELET.DE SAO PAULO S/A,203.73,0.0,203.73,FATURA,MÉDIA TENSÃO CONTA,6074202100036642,130976,2021,01,5,
2429793,18879,2021,6074202000060223,305328780,34,10,06/05/2021 18:08:55,24/05/2021 00:00:00,15/07/2021 00:00:00,61695227000517,ELETROPAULO ELET.DE SAO PAULO S/A,212.76,0.0,212.76,FATURA,BAIXA TENSÃO,6074202100039358,140166,2021,01,5,
2429793,18879,2021,6074202000060223,304121555,34,10,06/05/2021 18:08:55,24/05/2021 00:00:00,15/07/2021 00:00:00,61695227000517,ELETROPAULO ELET.DE SAO PAULO S/A,237.01,0.0,237.01,FATURA,BAIXA TENSÃO,6074202100039447,140226,2021,01,5,
2429793,18879,2021,6074202000060223,310622609,34,10,06/05/2021 18:08:55,24/05/2021 00:00:00,07/06/2021 00:00:00,61695227000517,ELETROPAULO ELET.DE SAO PAULO S/A,120.54,0.0,120.54,FATURA,BAIXA TENSÃO,6074202100029891,110192,2021,01,5,
2429793,18879,2021,6074202000060223,304960303,34,10,06/05/2021 18:08:55,24/05/2021 00:00:00,07/06/2021 00:00:00,61695227000517,ELETROPAULO ELET.DE SAO PAULO S/A,239.79,0.0,239.79,FATURA,BAIXA TENSÃO,6074202100029891,110333,2021,01,5,
2429793,18879,2021,6074202000060223,309361301,34,10,06/05/2021 18:08:55,24/05/2021 00:00:00,07/06/2021 00:00:00,61695227000517,ELETROPAULO ELET.DE SAO PAULO S/A,178.91,0.0,178.91,FATURA,BAIXA TENSÃO,6074202100029891,110365,2021,01,5,
2429793,18879,2021,6074202000060223,309765247,34,10,06/05/2021 18:08:55,24/05/2021 00:00:00,07/06/2021 00:00:00,61695227000517,ELETROPAULO ELET.DE SAO PAULO S/A,198.88,0.0,198.88,FATURA,BAIXA TENSÃO,6074202100029891,110321,2021,01,5,
2429793,18879,2021,6074202000060223,304941941,34,10,06/05/2021 18:08:55,24/05/2021 00:00:00,12/07/2021 00:00:00,61695227000517,ELETROPAULO ELET.DE SAO PAULO S/A,166.98,0.0,166.98,FATURA,BAIXA TENSÃO,6074202100037363,137824,2021,01,5,
2429793,18879,2021,6074202000060223,302919114,34,10,06/05/2021 18:08:55,24/05/2021 00:00:00,16/07/2021 00:00:00,61695227000517,ELETROPAULO ELET.DE SAO PAULO S/A,316.06,0.0,316.06,FATURA,BAIXA TENSÃO,6074202100038912,140903,2021,01,5,
2429793,18879,2021,6074202000060223,294516975 ,34,10,13/05/2021 08:56:32,23/03/2021 00:00:00,18/05/2021 00:00:00,61695227000517,ELETROPAULO ELET.DE SAO PAULO S/A,113.97,0.0,113.97,FATURA,BAIXA TENSÃO,6074202100023230,95095,2021,01,5,
2429793,18879,2021,6074202000060223,306501742,34,10,12/05/2021 09:29:46,24/05/2021 00:00:00,07/06/2021 00:00:00,61695227000517,ELETROPAULO ELET.DE SAO PAULO S/A,65.06,0.0,65.06,FATURA,BAIXA TENSÃO,6074202100029891,110276,2021,01,5,
2429793,18879,2021,6074202000060223,306552344,34,10,12/05/2021 09:29:46,24/05/2021 00:00:00,07/06/2021 00:00:00,61695227000517,ELETROPAULO ELET.DE SAO PAULO S/A,145.49,0.0,145.49,FATURA,BAIXA TENSÃO,6074202100029891,109871,2021,01,5,
2429793,18879,2021,6074202000060223,310603593,34,10,12/05/2021 09:29:46,24/05/2021 00:00:00,07/06/2021 00:00:00,61695227000517,ELETROPAULO ELET.DE SAO PAULO S/A,203.05,0.0,203.05,FATURA,BAIXA TENSÃO,6074202100029891,110188,2021,01,5,
2429793,18879,2021,6074202000060223,303329468,34,10,06/05/2021 18:08:55,24/05/2021 00:00:00,07/06/2021 00:00:00,61695227000517,ELETROPAULO ELET.DE SAO PAULO S/A,254.56,0.0,254.56,FATURA,BAIXA TENSÃO,6074202100029891,110308,2021,01,5,
2429793,18879,2021,6074202000060223,306501742,34,10,12/05/2021 09:29:46,24/05/2021 00:00:00,07/06/2021 00:00:00,61695227000517,ELETROPAULO ELET.DE SAO PAULO S/A,65.06,0.0,65.06,FATURA,BAIXA TENSÃO,6074202100029891,110276,2021,01,5,
2429793,18879,2021,6074202000060223,305328780,34,10,06/05/2021 18:08:55,24/05/2021 00:00:00,15/07/2021 00:00:00,61695227000517,ELETROPAULO ELET.DE SAO PAULO S/A,212.76,0.0,212.76,FATURA,BAIXA TENSÃO,6074202100039358,140166,2021,01,5,
2429793,18879,2021,6074202000060223,310192142,34,10,12/05/2021 09:29:46,24/05/2021 00:00:00,07/06/2021 00:00:00,61695227000517,ELETROPAULO ELET.DE SAO PAULO S/A,189.17,0.0,189.17,FATURA,BAIXA TENSÃO,6074202100029891,110212,2021,01,5,
2429793,18879,2021,6074202000060223,306532704,34,10,12/05/2021 09:29:46,24/05/2021 00:00:00,07/06/2021 00:00:00,61695227000517,ELETROPAULO ELET.DE SAO PAULO S/A,213.44,0.0,213.44,FATURA,BAIXA TENSÃO,6074202100029891,109880,2021,01,5,
2429793,18879,2021,6074202000060223,310192442,34,10,12/05/2021 09:29:46,24/05/2021 00:00:00,30/11/2021 00:00:00,61695227000517,ELETROPAULO ELET.DE SAO PAULO S/A,468.41,0.0,468.41,FATURA,BAIXA TENSÃO,6074202100079147,253012,2021,01,5,
2429793,18879,2021,6074202000060223,305721014,34,10,12/05/2021 09:29:46,24/05/2021 00:00:00,07/06/2021 00:00:00,61695227000517,ELETROPAULO ELET.DE SAO PAULO S/A,182.24,0.0,182.24,FATURA,BAIXA TENSÃO,6074202100029891,110283,2021,01,5,
2429793,18879,2021,6074202000060223,309845577,34,10,12/05/2021 09:29:46,24/05/2021 00:00:00,07/06/2021 00:00:00,61695227000517,ELETROPAULO ELET.DE SAO PAULO S/A,199.58,0.0,199.58,FATURA,BAIXA TENSÃO,6074202100029891,109986,2021,01,5,
2429793,18879,2021,6074202000060223,308557615,34,10,12/05/2021 09:29:46,24/05/2021 00:00:00,22/07/2021 00:00:00,61695227000517,ELETROPAULO ELET.DE SAO PAULO S/A,66.64,0.0,66.64,FATURA,BAIXA TENSÃO,6074202100039684,144048,2021,01,5,
2429793,18879,2021,6074202000060223,306133518,34,10,12/05/2021 09:29:46,24/05/2021 00:00:00,07/06/2021 00:00:00,61695227000517,ELETROPAULO ELET.DE SAO PAULO S/A,269.6,0.0,269.6,FATURA,BAIXA TENSÃO,6074202100029891,109910,2021,01,5,
2429793,18879,2021,6074202000060223,307775891,34,10,12/05/2021 09:29:46,24/05/2021 00:00:00,07/06/2021 00:00:00,61695227000517,ELETROPAULO ELET.DE SAO PAULO S/A,219.0,0.0,219.0,FATURA,BAIXA TENSÃO,6074202100029891,110172,2021,01,5,
2429793,18879,2021,6074202000060223,308149713,34,10,12/05/2021 09:29:46,24/05/2021 00:00:00,07/06/2021 00:00:00,61695227000517,ELETROPAULO ELET.DE SAO PAULO S/A,149.65,0.0,149.65,FATURA,BAIXA TENSÃO,6074202100029891,109864,2021,01,5,
2429793,18879,2021,6074202000060223,306933444,34,10,12/05/2021 09:29:46,24/05/2021 00:00:00,07/06/2021 00:00:00,61695227000517,ELETROPAULO ELET.DE SAO PAULO S/A,230.79,0.0,230.79,FATURA,BAIXA TENSÃO,6074202100029891,110280,2021,01,5,
2429793,18879,2021,6074202000060223,308557975,34,10,12/05/2021 09:29:46,24/05/2021 00:00:00,07/06/2021 00:00:00,61695227000517,ELETROPAULO ELET.DE SAO PAULO S/A,191.94,0.0,191.94,FATURA,BAIXA TENSÃO,6074202100029891,109899,2021,01,5,
2429793,18879,2021,6074202000060223,305721014,34,10,12/05/2021 09:29:46,24/05/2021 00:00:00,07/06/2021 00:00:00,61695227000517,ELETROPAULO ELET.DE SAO PAULO S/A,182.24,0.0,182.24,FATURA,BAIXA TENSÃO,6074202100029891,110283,2021,01,5,
2429793,18879,2021,6074202000060223,306552344,34,10,12/05/2021 09:29:46,24/05/2021 00:00:00,07/06/2021 00:00:00,61695227000517,ELETROPAULO ELET.DE SAO PAULO S/A,145.49,0.0,145.49,FATURA,BAIXA TENSÃO,6074202100029891,109871,2021,01,5,
2429793,18879,2021,6074202000060223,310603593,34,10,12/05/2021 09:29:46,24/05/2021 00:00:00,07/06/2021 00:00:00,61695227000517,ELETROPAULO ELET.DE SAO PAULO S/A,203.05,0.0,203.05,FATURA,BAIXA TENSÃO,6074202100029891,110188,2021,01,5,
2429793,18879,2021,6074202000060223,306933444,34,10,12/05/2021 09:29:46,24/05/2021 00:00:00,07/06/2021 00:00:00,61695227000517,ELETROPAULO ELET.DE SAO PAULO S/A,230.79,0.0,230.79,FATURA,BAIXA TENSÃO,6074202100029891,110280,2021,01,5,
2429793,18879,2021,6074202000060223,308557975,34,10,12/05/2021 09:29:46,24/05/2021 00:00:00,07/06/2021 00:00:00,61695227000517,ELETROPAULO ELET.DE SAO PAULO S/A,191.94,0.0,191.94,FATURA,BAIXA TENSÃO,6074202100029891,109899,2021,01,5,
2429793,18879,2021,6074202000060223,308152825,34,10,12/05/2021 09:29:46,24/05/2021 00:00:00,07/06/2021 00:00:00,61695227000517,ELETROPAULO ELET.DE SAO PAULO S/A,201.78,0.0,201.78,FATURA,BAIXA TENSÃO,6074202100029891,110149,2021,01,5,
2429793,18879,2021,6074202000060223,310192142,34,10,12/05/2021 09:29:46,24/05/2021 00:00:00,07/06/2021 00:00:00,61695227000517,ELETROPAULO ELET.DE SAO PAULO S/A,189.17,0.0,189.17,FATURA,BAIXA TENSÃO,6074202100029891,110212,2021,01,5,
2429793,18879,2021,6074202000060223,306523022,34,10,12/05/2021 09:29:46,24/05/2021 00:00:00,07/06/2021 00:00:00,61695227000517,ELETROPAULO ELET.DE SAO PAULO S/A,153.11,0.0,153.11,FATURA,BAIXA TENSÃO,6074202100029891,109979,2021,01,5,
2429793,18879,2021,6074202000060223,310612415,34,10,12/05/2021 09:29:46,24/05/2021 00:00:00,07/06/2021 00:00:00,61695227000517,ELETROPAULO ELET.DE SAO PAULO S/A,51.21,0.0,51.21,FATURA,BAIXA TENSÃO,6074202100029891,110198,2021,01,5,
2429793,18879,2021,6074202000060223,310601861,34,10,12/05/2021 09:29:46,24/05/2021 00:00:00,07/06/2021 00:00:00,61695227000517,ELETROPAULO ELET.DE SAO PAULO S/A,89.33,0.0,89.33,FATURA,BAIXA TENSÃO,6074202100029891,110206,2021,01,5,
2429793,18879,2021,6074202000060223,308149713,34,10,12/05/2021 09:29:46,24/05/2021 00:00:00,07/06/2021 00:00:00,61695227000517,ELETROPAULO ELET.DE SAO PAULO S/A,149.65,0.0,149.65,FATURA,BAIXA TENSÃO,6074202100029891,109864,2021,01,5,
2429793,18879,2021,6074202000060223,305712000,34,10,12/05/2021 09:29:46,24/05/2021 00:00:00,07/06/2021 00:00:00,61695227000517,ELETROPAULO ELET.DE SAO PAULO S/A,371.54,0.0,371.54,FATURA,BAIXA TENSÃO,6074202100029891,110372,2021,01,5,
2429793,18879,2021,6074202000060223,306523022,34,10,12/05/2021 09:29:46,24/05/2021 00:00:00,07/06/2021 00:00:00,61695227000517,ELETROPAULO ELET.DE SAO PAULO S/A,153.11,0.0,153.11,FATURA,BAIXA TENSÃO,6074202100029891,109979,2021,01,5,
2429793,18879,2021,6074202000060223,310612415,34,10,12/05/2021 09:29:46,24/05/2021 00:00:00,07/06/2021 00:00:00,61695227000517,ELETROPAULO ELET.DE SAO PAULO S/A,51.21,0.0,51.21,FATURA,BAIXA TENSÃO,6074202100029891,110198,2021,01,5,
2429793,18879,2021,6074202000060223,310601861,34,10,12/05/2021 09:29:46,24/05/2021 00:00:00,07/06/2021 00:00:00,61695227000517,ELETROPAULO ELET.DE SAO PAULO S/A,89.33,0.0,89.33,FATURA,BAIXA TENSÃO,6074202100029891,110206,2021,01,5,
2429793,18879,2021,6074202000060223,305339966,34,10,12/05/2021 09:29:46,24/05/2021 00:00:00,07/06/2021 00:00:00,61695227000517,ELETROPAULO ELET.DE SAO PAULO S/A,293.16,0.0,293.16,FATURA,BAIXA TENSÃO,6074202100029891,110038,2021,01,5,
2429793,18879,2021,6074202000060223,302484440,34,10,13/05/2021 16:39:11,23/04/2021 00:00:00,19/05/2021 00:00:00,61695227000517,ELETROPAULO ELET.DE SAO PAULO S/A,53.94,0.0,53.94,FATURA,BAIXA TENSÃO,6074202100023052,95796,2021,01,5,
2429793,18879,2021,6074202000060223,308994711,34,10,12/05/2021 09:29:46,24/05/2021 00:00:00,07/06/2021 00:00:00,61695227000517,ELETROPAULO ELET.DE SAO PAULO S/A,195.43,0.0,195.43,FATURA,BAIXA TENSÃO,6074202100029891,109921,2021,01,5,
2429793,18879,2021,6074202000060223,305339966,34,10,12/05/2021 09:29:46,24/05/2021 00:00:00,07/06/2021 00:00:00,61695227000517,ELETROPAULO ELET.DE SAO PAULO S/A,293.16,0.0,293.16,FATURA,BAIXA TENSÃO,6074202100029891,110038,2021,01,5,
2429793,18879,2021,6074202000060223,308994711,34,10,12/05/2021 09:29:46,24/05/2021 00:00:00,07/06/2021 00:00:00,61695227000517,ELETROPAULO ELET.DE SAO PAULO S/A,195.43,0.0,195.43,FATURA,BAIXA TENSÃO,6074202100029891,109921,2021,01,5,
2429793,18879,2021,6074202000060223,306552344,34,10,12/05/2021 09:29:46,24/05/2021 00:00:00,07/06/2021 00:00:00,61695227000517,ELETROPAULO ELET.DE SAO PAULO S/A,145.49,0.0,145.49,FATURA,BAIXA TENSÃO,6074202100029891,109871,2021,01,5,
2429793,18879,2021,6074202000060223,310603593,34,10,12/05/2021 09:29:46,24/05/2021 00:00:00,07/06/2021 00:00:00,61695227000517,ELETROPAULO ELET.DE SAO PAULO S/A,203.05,0.0,203.05,FATURA,BAIXA TENSÃO,6074202100029891,110188,2021,01,5,
2429793,18879,2021,6074202000060223,310607925,34,10,28/05/2021 11:42:37,24/05/2021 00:00:00,07/06/2021 00:00:00,61695227000517,ELETROPAULO ELET.DE SAO PAULO S/A,51.21,0.0,51.21,FATURA,BAIXA TENSÃO,6074202100029891,109736,2021,01,5,
2429793,18879,2021,6074202000060223,317461846,34,10,03/06/2021 09:57:27,23/06/2021 00:00:00,25/06/2021 00:00:00,61695227000517,ELETROPAULO ELET.DE SAO PAULO S/A,179.55,0.0,179.55,FATURA,BAIXA TENSÃO,6074202100035018,124017,2021,01,5,
2429793,18879,2021,6074202000060223,315858242,34,10,03/06/2021 09:57:27,23/06/2021 00:00:00,25/06/2021 00:00:00,61695227000517,ELETROPAULO ELET.DE SAO PAULO S/A,203.47,0.0,203.47,FATURA,BAIXA TENSÃO,6074202100035018,124039,2021,01,5,
2429793,18879,2021,6074202000060223,311084618,34,10,03/06/2021 09:57:27,23/06/2021 00:00:00,23/06/2021 00:00:00,61695227000517,ELETROPAULO ELET.DE SAO PAULO S/A,178.66,0.0,178.66,FATURA,BAIXA TENSÃO,6074202100035018,122385,2021,01,5,
2429793,18879,2021,6074202000060223,313510084,34,10,03/06/2021 09:57:27,23/06/2021 00:00:00,15/07/2021 00:00:00,61695227000517,ELETROPAULO ELET.DE SAO PAULO S/A,227.64,0.0,227.64,FATURA,BAIXA TENSÃO,6074202100039358,140171,2021,01,5,
2429793,18879,2021,6074202000060223,317461846,34,10,03/06/2021 09:57:27,23/06/2021 00:00:00,25/06/2021 00:00:00,61695227000517,ELETROPAULO ELET.DE SAO PAULO S/A,179.55,0.0,179.55,FATURA,BAIXA TENSÃO,6074202100035018,124017,2021,01,5,
2429793,18879,2021,6074202000060223,313895791,34,10,03/06/2021 09:57:27,23/06/2021 00:00:00,25/06/2021 00:00:00,61695227000517,ELETROPAULO ELET.DE SAO PAULO S/A,428.49,0.0,428.49,FATURA,BAIXA TENSÃO,6074202100035018,124053,2021,01,5,
2429793,18879,2021,6074202000060223,311088912,34,10,03/06/2021 09:57:27,23/06/2021 00:00:00,16/07/2021 00:00:00,61695227000517,ELETROPAULO ELET.DE SAO PAULO S/A,320.6,0.0,320.6,FATURA,BAIXA TENSÃO,6074202100038912,140908,2021,01,5,
2429793,18879,2021,6074202000060223,313895791,34,10,03/06/2021 09:57:27,23/06/2021 00:00:00,25/06/2021 00:00:00,61695227000517,ELETROPAULO ELET.DE SAO PAULO S/A,428.49,0.0,428.49,FATURA,BAIXA TENSÃO,6074202100035018,124053,2021,01,5,
2429793,18879,2021,6074202000060223,316292465,34,10,03/06/2021 09:57:27,23/06/2021 00:00:00,23/06/2021 00:00:00,61695227000517,ELETROPAULO ELET.DE SAO PAULO S/A,199.76,0.0,199.76,FATURA,BAIXA TENSÃO,6074202100035018,122401,2021,01,5,
2429793,18879,2021,6074202000060223,311497833,34,10,03/06/2021 09:57:27,23/06/2021 00:00:00,23/06/2021 00:00:00,61695227000517,ELETROPAULO ELET.DE SAO PAULO S/A,263.24,0.0,263.24,FATURA,BAIXA TENSÃO,6074202100035018,122186,2021,01,5,
2429793,18879,2021,6074202000060223,311497833,34,10,03/06/2021 09:57:27,23/06/2021 00:00:00,23/06/2021 00:00:00,61695227000517,ELETROPAULO ELET.DE SAO PAULO S/A,263.24,0.0,263.24,FATURA,BAIXA TENSÃO,6074202100035018,122186,2021,01,5,
2429793,18879,2021,6074202000060223,314652820,34,10,03/06/2021 09:57:27,23/06/2021 00:00:00,23/06/2021 00:00:00,61695227000517,ELETROPAULO ELET.DE SAO PAULO S/A,84.36,0.0,84.36,FATURA,BAIXA TENSÃO,6074202100035018,122409,2021,01,5,
2429793,18879,2021,6074202000060223,315486510,34,10,03/06/2021 09:57:27,23/06/2021 00:00:00,25/06/2021 00:00:00,61695227000517,ELETROPAULO ELET.DE SAO PAULO S/A,223.11,0.0,223.11,FATURA,BAIXA TENSÃO,6074202100035018,124079,2021,01,5,
2429793,18879,2021,6074202000060223,312295115,34,10,03/06/2021 09:57:27,23/06/2021 00:00:00,25/06/2021 00:00:00,61695227000517,ELETROPAULO ELET.DE SAO PAULO S/A,341.48,0.0,341.48,FATURA,BAIXA TENSÃO,6074202100035018,124044,2021,01,5,
2429793,18879,2021,6074202000060223,317465501,34,10,03/06/2021 09:57:27,23/06/2021 00:00:00,23/06/2021 00:00:00,61695227000517,ELETROPAULO ELET.DE SAO PAULO S/A,399.07,0.0,399.07,FATURA,BAIXA TENSÃO,6074202100035018,122449,2021,01,5,
2429793,18879,2021,6074202000060223,314692768,34,10,03/06/2021 09:57:27,23/06/2021 00:00:00,25/06/2021 00:00:00,61695227000517,ELETROPAULO ELET.DE SAO PAULO S/A,230.44,0.0,230.44,FATURA,BAIXA TENSÃO,6074202100035018,124097,2021,01,5,
2429793,18879,2021,6074202000060223,317465501,34,10,03/06/2021 09:57:27,23/06/2021 00:00:00,23/06/2021 00:00:00,61695227000517,ELETROPAULO ELET.DE SAO PAULO S/A,399.07,0.0,399.07,FATURA,BAIXA TENSÃO,6074202100035018,122449,2021,01,5,
2429793,18879,2021,6074202000060223,315486510,34,10,03/06/2021 09:57:27,23/06/2021 00:00:00,25/06/2021 00:00:00,61695227000517,ELETROPAULO ELET.DE SAO PAULO S/A,223.11,0.0,223.11,FATURA,BAIXA TENSÃO,6074202100035018,124079,2021,01,5,
2429793,18879,2021,6074202000060223,315486510,34,10,03/06/2021 09:57:27,23/06/2021 00:00:00,25/06/2021 00:00:00,61695227000517,ELETROPAULO ELET.DE SAO PAULO S/A,223.11,0.0,223.11,FATURA,BAIXA TENSÃO,6074202100035018,124079,2021,01,5,
2429793,18879,2021,6074202000060223,312295115,34,10,03/06/2021 09:57:27,23/06/2021 00:00:00,25/06/2021 00:00:00,61695227000517,ELETROPAULO ELET.DE SAO PAULO S/A,341.48,0.0,341.48,FATURA,BAIXA TENSÃO,6074202100035018,124044,2021,01,5,
2429793,18879,2021,6074202000060223,312295115,34,10,03/06/2021 09:57:27,23/06/2021 00:00:00,25/06/2021 00:00:00,61695227000517,ELETROPAULO ELET.DE SAO PAULO S/A,341.48,0.0,341.48,FATURA,BAIXA TENSÃO,6074202100035018,124044,2021,01,5,
2429793,18879,2021,6074202000060223,315486510,34,10,03/06/2021 09:57:27,23/06/2021 00:00:00,25/06/2021 00:00:00,61695227000517,ELETROPAULO ELET.DE SAO PAULO S/A,223.11,0.0,223.11,FATURA,BAIXA TENSÃO,6074202100035018,124079,2021,01,5,
2429793,18879,2021,6074202000060223,316304978,34,10,03/06/2021 09:57:27,23/06/2021 00:00:00,25/06/2021 00:00:00,61695227000517,ELETROPAULO ELET.DE SAO PAULO S/A,239.9,0.0,239.9,FATURA,BAIXA TENSÃO,6074202100035018,124083,2021,01,5,
2429793,18879,2021,6074202000060223,316292465,34,10,03/06/2021 09:57:27,23/06/2021 00:00:00,23/06/2021 00:00:00,61695227000517,ELETROPAULO ELET.DE SAO PAULO S/A,199.76,0.0,199.76,FATURA,BAIXA TENSÃO,6074202100035018,122401,2021,01,5,
2429793,18879,2021,6074202000060223,315486510,34,10,03/06/2021 09:57:27,23/06/2021 00:00:00,25/06/2021 00:00:00,61695227000517,ELETROPAULO ELET.DE SAO PAULO S/A,223.11,0.0,223.11,FATURA,BAIXA TENSÃO,6074202100035018,124079,2021,01,5,
2429793,18879,2021,6074202000060223,316292465,34,10,03/06/2021 09:57:27,23/06/2021 00:00:00,23/06/2021 00:00:00,61695227000517,ELETROPAULO ELET.DE SAO PAULO S/A,199.76,0.0,199.76,FATURA,BAIXA TENSÃO,6074202100035018,122401,2021,01,5,
2429793,18879,2021,6074202000060223,314640293,34,10,03/06/2021 09:57:27,23/06/2021 00:00:00,25/06/2021 00:00:00,61695227000517,ELETROPAULO ELET.DE SAO PAULO S/A,134.04,0.0,134.04,FATURA,BAIXA TENSÃO,6074202100035018,124074,2021,01,5,
2429793,18879,2021,6074202000060223,318347900,34,10,03/06/2021 09:57:27,23/06/2021 00:00:00,23/06/2021 00:00:00,61695227000517,ELETROPAULO ELET.DE SAO PAULO S/A,226.13,0.0,226.13,FATURA,BAIXA TENSÃO,6074202100035018,122434,2021,01,5,
2429793,18879,2021,6074202000060223,316735448,34,10,03/06/2021 09:57:27,16/06/2021 00:00:00,30/11/2021 00:00:00,61695227000517,ELETROPAULO ELET.DE SAO PAULO S/A,225.43,0.0,225.43,FATURA,BAIXA TENSÃO,6074202100079147,253014,2021,01,5,
2429793,18879,2021,6074202000060223,316292465,34,10,03/06/2021 09:57:27,23/06/2021 00:00:00,23/06/2021 00:00:00,61695227000517,ELETROPAULO ELET.DE SAO PAULO S/A,199.76,0.0,199.76,FATURA,BAIXA TENSÃO,6074202100035018,122401,2021,01,5,
2429793,18879,2021,6074202000060223,316735448,34,10,03/06/2021 09:57:27,16/06/2021 00:00:00,30/11/2021 00:00:00,61695227000517,ELETROPAULO ELET.DE SAO PAULO S/A,225.43,0.0,225.43,FATURA,BAIXA TENSÃO,6074202100079147,253014,2021,01,5,
2429793,18879,2021,6074202000060223,293227110,34,10,22/06/2021 16:41:06,23/02/2021 00:00:00,25/06/2021 00:00:00,61695227000517,ELETROPAULO ELET.DE SAO PAULO S/A,213.25,0.0,213.25,FATURA,BAIXA TENSÃO,6074202100035980,124435,2021,01,5,
2429793,18879,2021,6074202000060223,311479426,34,10,03/06/2021 09:57:27,23/06/2021 00:00:00,23/06/2021 00:00:00,61695227000517,ELETROPAULO ELET.DE SAO PAULO S/A,222.2,0.0,222.2,FATURA,BAIXA TENSÃO,6074202100035018,122181,2021,01,5,
2429793,18879,2021,6074202000060223,313513196,34,10,03/06/2021 09:57:27,23/06/2021 00:00:00,23/06/2021 00:00:00,61695227000517,ELETROPAULO ELET.DE SAO PAULO S/A,128.43,0.0,128.43,FATURA,BAIXA TENSÃO,6074202100035018,122171,2021,01,5,
2429793,18879,2021,6074202000060223,188527907,34,10,12/07/2021 15:32:28,26/02/2020 00:00:00,,61695227000517,ELETROPAULO ELET.DE SAO PAULO S/A,121.01,121.01,0.0,FATURA,BAIXA TENSÃO,,-1,-1,01,5,
2429793,18879,2021,6074202000060223,316735448,34,10,03/06/2021 09:57:27,16/06/2021 00:00:00,30/11/2021 00:00:00,61695227000517,ELETROPAULO ELET.DE SAO PAULO S/A,225.43,0.0,225.43,FATURA,BAIXA TENSÃO,6074202100079147,253014,2021,01,5,
2429793,18879,2021,6074202000060223,313872986,34,10,03/06/2021 09:57:27,23/06/2021 00:00:00,25/06/2021 00:00:00,61695227000517,ELETROPAULO ELET.DE SAO PAULO S/A,170.99,0.0,170.99,FATURA,BAIXA TENSÃO,6074202100035018,124170,2021,01,5,
2429793,18879,2021,6074202000060223,313064168,34,10,03/06/2021 09:57:27,23/06/2021 00:00:00,25/06/2021 00:00:00,61695227000517,ELETROPAULO ELET.DE SAO PAULO S/A,211.14,0.0,211.14,FATURA,BAIXA TENSÃO,6074202100035018,124029,2021,01,5,
2429793,18879,2021,6074202000060223,314648581,34,10,03/06/2021 09:57:27,23/06/2021 00:00:00,25/06/2021 00:00:00,61695227000517,ELETROPAULO ELET.DE SAO PAULO S/A,284.42,0.0,284.42,FATURA,BAIXA TENSÃO,6074202100035018,124064,2021,01,5,
2429793,18879,2021,6074202000060223,311088912,34,10,03/06/2021 09:57:27,23/06/2021 00:00:00,16/07/2021 00:00:00,61695227000517,ELETROPAULO ELET.DE SAO PAULO S/A,320.6,0.0,320.6,FATURA,BAIXA TENSÃO,6074202100038912,140908,2021,01,5,
2429793,18879,2021,6074202000060223,318693227,34,10,03/06/2021 09:57:27,23/06/2021 00:00:00,25/06/2021 00:00:00,61695227000517,ELETROPAULO ELET.DE SAO PAULO S/A,67.16,0.0,67.16,FATURA,BAIXA TENSÃO,6074202100035018,124142,2021,01,5,
2429793,18879,2021,6074202000060223,318692327,34,10,03/06/2021 09:57:27,23/06/2021 00:00:00,25/06/2021 00:00:00,61695227000517,ELETROPAULO ELET.DE SAO PAULO S/A,96.87,0.0,96.87,FATURA,BAIXA TENSÃO,6074202100035018,124156,2021,01,5,
2429793,18879,2021,6074202000060223,318679377,34,10,18/06/2021 12:13:02,23/06/2021 00:00:00,25/06/2021 00:00:00,61695227000517,ELETROPAULO ELET.DE SAO PAULO S/A,55.15,0.0,55.15,FATURA,BAIXA TENSÃO,6074202100035018,124121,2021,01,5,
2429793,18879,2021,6074202000060223,316713375,34,10,03/06/2021 09:57:27,23/06/2021 00:00:00,25/06/2021 00:00:00,61695227000517,ELETROPAULO ELET.DE SAO PAULO S/A,261.03,0.0,261.03,FATURA,BAIXA TENSÃO,6074202100035018,124069,2021,01,5,
2429793,18879,2021,6074202000060223,313895791,34,10,03/06/2021 09:57:27,23/06/2021 00:00:00,25/06/2021 00:00:00,61695227000517,ELETROPAULO ELET.DE SAO PAULO S/A,428.49,0.0,428.49,FATURA,BAIXA TENSÃO,6074202100035018,124053,2021,01,5,
2429793,18879,2021,6074202000060223,315458887,34,10,03/06/2021 09:57:27,23/06/2021 00:00:00,23/06/2021 00:00:00,61695227000517,ELETROPAULO ELET.DE SAO PAULO S/A,277.72,0.0,277.72,FATURA,BAIXA TENSÃO,6074202100035018,122398,2021,01,5,
2429793,18879,2021,6074202000060223,314645817,34,10,03/06/2021 09:57:27,23/06/2021 00:00:00,23/06/2021 00:00:00,61695227000517,ELETROPAULO ELET.DE SAO PAULO S/A,144.81,0.0,144.81,FATURA,BAIXA TENSÃO,6074202100035018,122378,2021,01,5,
2429793,18879,2021,6074202000060223,316713375,34,10,03/06/2021 09:57:27,23/06/2021 00:00:00,25/06/2021 00:00:00,61695227000517,ELETROPAULO ELET.DE SAO PAULO S/A,261.03,0.0,261.03,FATURA,BAIXA TENSÃO,6074202100035018,124069,2021,01,5,
2429793,18879,2021,6074202000060223,313895791,34,10,03/06/2021 09:57:27,23/06/2021 00:00:00,25/06/2021 00:00:00,61695227000517,ELETROPAULO ELET.DE SAO PAULO S/A,428.49,0.0,428.49,FATURA,BAIXA TENSÃO,6074202100035018,124053,2021,01,5,
2429793,18879,2021,6074202000060223,318302262,34,10,03/06/2021 09:57:27,23/06/2021 00:00:00,23/06/2021 00:00:00,61695227000517,ELETROPAULO ELET.DE SAO PAULO S/A,219.38,0.0,219.38,FATURA,BAIXA TENSÃO,6074202100035018,122344,2021,01,5,
2429793,18879,2021,6074202000060223,314688287,34,10,03/06/2021 09:57:27,23/06/2021 00:00:00,23/06/2021 00:00:00,61695227000517,ELETROPAULO ELET.DE SAO PAULO S/A,212.39,0.0,212.39,FATURA,BAIXA TENSÃO,6074202100035018,122432,2021,01,5,
2429793,18879,2021,6074202000060223,318693227,34,10,03/06/2021 09:57:27,23/06/2021 00:00:00,25/06/2021 00:00:00,61695227000517,ELETROPAULO ELET.DE SAO PAULO S/A,67.16,0.0,67.16,FATURA,BAIXA TENSÃO,6074202100035018,124142,2021,01,5,
2429793,18879,2021,6074202000060223,318692327,34,10,03/06/2021 09:57:27,23/06/2021 00:00:00,25/06/2021 00:00:00,61695227000517,ELETROPAULO ELET.DE SAO PAULO S/A,96.87,0.0,96.87,FATURA,BAIXA TENSÃO,6074202100035018,124156,2021,01,5,
2429793,18879,2021,6074202000060223,315056986,34,10,03/06/2021 09:57:27,23/06/2021 00:00:00,23/06/2021 00:00:00,61695227000517,ELETROPAULO ELET.DE SAO PAULO S/A,257.85,0.0,257.85,FATURA,BAIXA TENSÃO,6074202100035018,122362,2021,01,5,
2429793,18879,2021,6074202000060223,311104384,34,10,03/06/2021 09:57:27,23/06/2021 00:00:00,23/06/2021 00:00:00,61695227000517,ELETROPAULO ELET.DE SAO PAULO S/A,209.03,0.0,209.03,FATURA,BAIXA TENSÃO,6074202100035018,122431,2021,01,5,
2429793,18879,2021,6074202000060223,316735448,34,10,03/06/2021 09:57:27,16/06/2021 00:00:00,30/11/2021 00:00:00,61695227000517,ELETROPAULO ELET.DE SAO PAULO S/A,225.43,0.0,225.43,FATURA,BAIXA TENSÃO,6074202100079147,253014,2021,01,5,
2429793,18879,2021,6074202000060223,313510084,34,10,03/06/2021 09:57:27,23/06/2021 00:00:00,15/07/2021 00:00:00,61695227000517,ELETROPAULO ELET.DE SAO PAULO S/A,227.64,0.0,227.64,FATURA,BAIXA TENSÃO,6074202100039358,140171,2021,01,5,
2429793,18879,2021,6074202000060223,313510084,34,10,03/06/2021 09:57:27,23/06/2021 00:00:00,15/07/2021 00:00:00,61695227000517,ELETROPAULO ELET.DE SAO PAULO S/A,227.64,0.0,227.64,FATURA,BAIXA TENSÃO,6074202100039358,140171,2021,01,5,
2429793,18879,2021,6074202000060223,313510084,34,10,03/06/2021 09:57:27,23/06/2021 00:00:00,15/07/2021 00:00:00,61695227000517,ELETROPAULO ELET.DE SAO PAULO S/A,227.64,0.0,227.64,FATURA,BAIXA TENSÃO,6074202100039358,140171,2021,01,5,
2429793,18879,2021,6074202000060223,321591805,34,10,06/07/2021 18:07:32,23/07/2021 00:00:00,23/07/2021 00:00:00,61695227000517,ELETROPAULO ELET.DE SAO PAULO S/A,246.96,0.0,246.96,FATURA,BAIXA TENSÃO,6074202100040585,145658,2021,01,5,
2429793,18879,2021,6074202000060223,322749104,34,10,06/07/2021 18:07:32,23/07/2021 00:00:00,23/07/2021 00:00:00,61695227000517,ELETROPAULO ELET.DE SAO PAULO S/A,153.06,0.0,153.06,FATURA,BAIXA TENSÃO,6074202100040585,145776,2021,01,5,
2429793,18879,2021,6074202000060223,313872986,34,10,03/06/2021 09:57:27,23/06/2021 00:00:00,25/06/2021 00:00:00,61695227000517,ELETROPAULO ELET.DE SAO PAULO S/A,170.99,0.0,170.99,FATURA,BAIXA TENSÃO,6074202100035018,124170,2021,01,5,
2429793,18879,2021,6074202000060223,313064168,34,10,03/06/2021 09:57:27,23/06/2021 00:00:00,25/06/2021 00:00:00,61695227000517,ELETROPAULO ELET.DE SAO PAULO S/A,211.14,0.0,211.14,FATURA,BAIXA TENSÃO,6074202100035018,124029,2021,01,5,
2429793,18879,2021,6074202000060223,318694346,34,10,08/07/2021 12:05:39,23/06/2021 00:00:00,14/07/2021 00:00:00,61695227000517,ELETROPAULO ELET.DE SAO PAULO S/A,160.96,0.0,160.96,FATURA,BAIXA TENSÃO,6074202100035018,139536,2021,01,5,
2429793,18879,2021,6074202000060223,325256181,34,10,12/07/2021 09:57:38,23/07/2021 00:00:00,23/07/2021 00:00:00,61695227000517,ELETROPAULO ELET.DE SAO PAULO S/A,250.7,0.0,250.7,FATURA,BAIXA TENSÃO,6074202100039447,140229,2021,01,5,
2429793,18879,2021,6074202000060223,318690220,34,10,03/06/2021 09:57:27,23/06/2021 00:00:00,25/06/2021 00:00:00,61695227000517,ELETROPAULO ELET.DE SAO PAULO S/A,245.32,0.0,245.32,FATURA,BAIXA TENSÃO,6074202100035018,124110,2021,01,5,
2429793,18879,2021,6074202000060223,318697821,34,10,03/06/2021 09:57:27,23/06/2021 00:00:00,23/06/2021 00:00:00,61695227000517,ELETROPAULO ELET.DE SAO PAULO S/A,128.75,0.0,128.75,FATURA,BAIXA TENSÃO,6074202100035018,122444,2021,01,5,
2429793,18879,2021,6074202000060223,324374105,34,10,06/07/2021 18:07:32,23/07/2021 00:00:00,23/07/2021 00:00:00,61695227000517,ELETROPAULO ELET.DE SAO PAULO S/A,202.43,0.0,202.43,FATURA,BAIXA TENSÃO,6074202100040585,145695,2021,01,5,
2429793,18879,2021,6074202000060223,321169502,34,10,05/07/2021 08:56:51,23/07/2021 00:00:00,23/07/2021 00:00:00,61695227000517,ELETROPAULO ELET.DE SAO PAULO S/A,147.11,0.0,147.11,FATURA,BAIXA TENSÃO,6074202100037363,137835,2021,01,5,
2429793,18879,2021,6074202000060223,317918000,34,10,03/06/2021 09:57:27,23/06/2021 00:00:00,25/06/2021 00:00:00,61695227000517,ELETROPAULO ELET.DE SAO PAULO S/A,293.94,0.0,293.94,FATURA,BAIXA TENSÃO,6074202100035018,124034,2021,01,5,
2429793,18879,2021,6074202000060223,313110972,34,10,03/06/2021 09:57:27,23/06/2021 00:00:00,12/07/2021 00:00:00,61695227000517,ELETROPAULO ELET.DE SAO PAULO S/A,161.87,0.0,161.87,FATURA,BAIXA TENSÃO,6074202100037363,137830,2021,01,5,
2429793,18879,2021,6074202000060223,326789222,34,10,20/07/2021 17:36:32,23/07/2021 00:00:00,23/07/2021 00:00:00,61695227000517,ELETROPAULO ELET.DE SAO PAULO S/A,53.43,0.0,53.43,FATURA,BAIXA TENSÃO,6074202100040585,145828,2021,01,5,
2429793,18879,2021,6074202000060223,322744227,34,10,06/07/2021 18:07:32,23/07/2021 00:00:00,23/07/2021 00:00:00,61695227000517,ELETROPAULO ELET.DE SAO PAULO S/A,90.53,0.0,90.53,FATURA,BAIXA TENSÃO,6074202100040585,145699,2021,01,5,
2429793,18879,2021,6074202000060223,319577761,34,10,06/07/2021 18:07:32,23/07/2021 00:00:00,23/07/2021 00:00:00,61695227000517,ELETROPAULO ELET.DE SAO PAULO S/A,304.96,0.0,304.96,FATURA,BAIXA TENSÃO,6074202100040585,145665,2021,01,5,
2429793,18879,2021,6074202000060223,325196446,34,10,06/07/2021 18:07:32,23/07/2021 00:00:00,23/07/2021 00:00:00,61695227000517,ELETROPAULO ELET.DE SAO PAULO S/A,109.57,0.0,109.57,FATURA,BAIXA TENSÃO,6074202100040585,145702,2021,01,5,
2429793,18879,2021,6074202000060223,322744227,34,10,06/07/2021 18:07:32,23/07/2021 00:00:00,23/07/2021 00:00:00,61695227000517,ELETROPAULO ELET.DE SAO PAULO S/A,90.53,0.0,90.53,FATURA,BAIXA TENSÃO,6074202100040585,145699,2021,01,5,
2429793,18879,2021,6074202000060223,293227110,34,10,22/06/2021 16:41:06,23/02/2021 00:00:00,25/06/2021 00:00:00,61695227000517,ELETROPAULO ELET.DE SAO PAULO S/A,213.25,0.0,213.25,FATURA,BAIXA TENSÃO,6074202100035980,124435,2021,01,5,
2429793,18879,2021,6074202000060223,326789222,34,10,20/07/2021 17:36:32,23/07/2021 00:00:00,23/07/2021 00:00:00,61695227000517,ELETROPAULO ELET.DE SAO PAULO S/A,53.43,0.0,53.43,FATURA,BAIXA TENSÃO,6074202100040585,145828,2021,01,5,
2429793,18879,2021,6074202000060223,313872986,34,10,03/06/2021 09:57:27,23/06/2021 00:00:00,25/06/2021 00:00:00,61695227000517,ELETROPAULO ELET.DE SAO PAULO S/A,170.99,0.0,170.99,FATURA,BAIXA TENSÃO,6074202100035018,124170,2021,01,5,
2429793,18879,2021,6074202000060223,317918000,34,10,03/06/2021 09:57:27,23/06/2021 00:00:00,25/06/2021 00:00:00,61695227000517,ELETROPAULO ELET.DE SAO PAULO S/A,293.94,0.0,293.94,FATURA,BAIXA TENSÃO,6074202100035018,124034,2021,01,5,
2429793,18879,2021,6074202000060223,324844277,34,10,06/07/2021 18:07:32,23/07/2021 00:00:00,25/08/2021 00:00:00,61695227000517,ELETROPAULO ELET.DE SAO PAULO S/A,238.18,0.0,238.18,FATURA,MÉDIA TENSÃO CONTA,6074202100057275,175552,2021,01,5,
2429793,18879,2021,6074202000060223,324374105,34,10,06/07/2021 18:07:32,23/07/2021 00:00:00,23/07/2021 00:00:00,61695227000517,ELETROPAULO ELET.DE SAO PAULO S/A,202.43,0.0,202.43,FATURA,BAIXA TENSÃO,6074202100040585,145695,2021,01,5,
2429793,18879,2021,6074202000060223,324844277,34,10,06/07/2021 18:07:32,23/07/2021 00:00:00,25/08/2021 00:00:00,61695227000517,ELETROPAULO ELET.DE SAO PAULO S/A,238.18,0.0,238.18,FATURA,MÉDIA TENSÃO CONTA,6074202100057275,175552,2021,01,5,
2429793,18879,2021,6074202000060223,322749104,34,10,06/07/2021 18:07:32,23/07/2021 00:00:00,23/07/2021 00:00:00,61695227000517,ELETROPAULO ELET.DE SAO PAULO S/A,153.06,0.0,153.06,FATURA,BAIXA TENSÃO,6074202100040585,145776,2021,01,5,
2429793,18879,2021,6074202000060223,321559774,34,10,12/07/2021 08:55:39,23/07/2021 00:00:00,23/07/2021 00:00:00,61695227000517,ELETROPAULO ELET.DE SAO PAULO S/A,231.77,0.0,231.77,FATURA,BAIXA TENSÃO,6074202100039358,140173,2021,01,5,
2429793,18879,2021,6074202000060223,323543875,34,10,06/07/2021 18:07:32,23/07/2021 00:00:00,23/07/2021 00:00:00,61695227000517,ELETROPAULO ELET.DE SAO PAULO S/A,231.62,0.0,231.62,FATURA,BAIXA TENSÃO,6074202100040585,145779,2021,01,5,
2429793,18879,2021,6074202000060223,322749104,34,10,06/07/2021 18:07:32,23/07/2021 00:00:00,23/07/2021 00:00:00,61695227000517,ELETROPAULO ELET.DE SAO PAULO S/A,153.06,0.0,153.06,FATURA,BAIXA TENSÃO,6074202100040585,145776,2021,01,5,
2429793,18879,2021,6074202000060223,322749104,34,10,06/07/2021 18:07:32,23/07/2021 00:00:00,23/07/2021 00:00:00,61695227000517,ELETROPAULO ELET.DE SAO PAULO S/A,153.06,0.0,153.06,FATURA,BAIXA TENSÃO,6074202100040585,145776,2021,01,5,
2429793,18879,2021,6074202000060223,319125244,34,10,06/07/2021 18:07:32,23/07/2021 00:00:00,23/07/2021 00:00:00,61695227000517,ELETROPAULO ELET.DE SAO PAULO S/A,169.4,0.0,169.4,FATURA,BAIXA TENSÃO,6074202100040585,145687,2021,01,5,
2429793,18879,2021,6074202000060223,323543875,34,10,06/07/2021 18:07:32,23/07/2021 00:00:00,23/07/2021 00:00:00,61695227000517,ELETROPAULO ELET.DE SAO PAULO S/A,231.62,0.0,231.62,FATURA,BAIXA TENSÃO,6074202100040585,145779,2021,01,5,
2429793,18879,2021,6074202000060223,320338270,34,10,06/07/2021 18:07:32,23/07/2021 00:00:00,23/07/2021 00:00:00,61695227000517,ELETROPAULO ELET.DE SAO PAULO S/A,296.98,0.0,296.98,FATURA,BAIXA TENSÃO,6074202100040585,145759,2021,01,5,
2429793,18879,2021,6074202000060223,324810792,34,10,06/07/2021 18:07:32,23/07/2021 00:00:00,23/07/2021 00:00:00,61695227000517,ELETROPAULO ELET.DE SAO PAULO S/A,261.83,0.0,261.83,FATURA,BAIXA TENSÃO,6074202100040585,145771,2021,01,5,
2429793,18879,2021,6074202000060223,324407657,34,10,06/07/2021 18:07:32,23/07/2021 00:00:00,23/07/2021 00:00:00,61695227000517,ELETROPAULO ELET.DE SAO PAULO S/A,351.01,0.0,351.01,FATURA,BAIXA TENSÃO,6074202100040585,145719,2021,01,5,
2429793,18879,2021,6074202000060223,324767893,34,10,06/07/2021 18:07:32,23/07/2021 00:00:00,25/08/2021 00:00:00,61695227000517,ELETROPAULO ELET.DE SAO PAULO S/A,125.67,0.0,125.67,FATURA,BAIXA TENSÃO,6074202100057275,175497,2021,01,5,
2429793,18879,2021,6074202000060223,322348854,34,10,06/07/2021 18:07:32,23/07/2021 00:00:00,23/07/2021 00:00:00,61695227000517,ELETROPAULO ELET.DE SAO PAULO S/A,272.47,0.0,272.47,FATURA,BAIXA TENSÃO,6074202100040585,145662,2021,01,5,
2429793,18879,2021,6074202000060223,326763859,34,10,06/07/2021 18:07:32,23/07/2021 00:00:00,23/07/2021 00:00:00,61695227000517,ELETROPAULO ELET.DE SAO PAULO S/A,113.11,0.0,113.11,FATURA,BAIXA TENSÃO,6074202100040585,145732,2021,01,5,
2429793,18879,2021,6074202000060223,3195900025,34,10,12/07/2021 09:55:50,23/07/2021 00:00:00,23/07/2021 00:00:00,61695227000517,ELETROPAULO ELET.DE SAO PAULO S/A,227.83,0.0,227.83,FATURA,BAIXA TENSÃO,6074202100039447,140227,2021,01,5,
2429793,18879,2021,6074202000060223,325256181,34,10,12/07/2021 09:57:38,23/07/2021 00:00:00,23/07/2021 00:00:00,61695227000517,ELETROPAULO ELET.DE SAO PAULO S/A,250.7,0.0,250.7,FATURA,BAIXA TENSÃO,6074202100039447,140229,2021,01,5,
2429793,18879,2021,6074202000060223,323543875,34,10,06/07/2021 18:07:32,23/07/2021 00:00:00,23/07/2021 00:00:00,61695227000517,ELETROPAULO ELET.DE SAO PAULO S/A,231.62,0.0,231.62,FATURA,BAIXA TENSÃO,6074202100040585,145779,2021,01,5,
2429793,18879,2021,6074202000060223,320338270,34,10,06/07/2021 18:07:32,23/07/2021 00:00:00,23/07/2021 00:00:00,61695227000517,ELETROPAULO ELET.DE SAO PAULO S/A,296.98,0.0,296.98,FATURA,BAIXA TENSÃO,6074202100040585,145759,2021,01,5,
2429793,18879,2021,6074202000060223,323209932,34,10,06/07/2021 18:07:32,23/07/2021 00:00:00,23/07/2021 00:00:00,61695227000517,ELETROPAULO ELET.DE SAO PAULO S/A,320.09,0.0,320.09,FATURA,BAIXA TENSÃO,6074202100040585,145675,2021,01,5,
2429793,18879,2021,6074202000060223,321591805,34,10,06/07/2021 18:07:32,23/07/2021 00:00:00,23/07/2021 00:00:00,61695227000517,ELETROPAULO ELET.DE SAO PAULO S/A,246.96,0.0,246.96,FATURA,BAIXA TENSÃO,6074202100040585,145658,2021,01,5,
2429793,18879,2021,6074202000060223,321591805,34,10,06/07/2021 18:07:32,23/07/2021 00:00:00,23/07/2021 00:00:00,61695227000517,ELETROPAULO ELET.DE SAO PAULO S/A,246.96,0.0,246.96,FATURA,BAIXA TENSÃO,6074202100040585,145658,2021,01,5,
2429793,18879,2021,6074202000060223,323543875,34,10,06/07/2021 18:07:32,23/07/2021 00:00:00,23/07/2021 00:00:00,61695227000517,ELETROPAULO ELET.DE SAO PAULO S/A,231.62,0.0,231.62,FATURA,BAIXA TENSÃO,6074202100040585,145779,2021,01,5,
2429793,18879,2021,6074202000060223,320338270,34,10,06/07/2021 18:07:32,23/07/2021 00:00:00,23/07/2021 00:00:00,61695227000517,ELETROPAULO ELET.DE SAO PAULO S/A,296.98,0.0,296.98,FATURA,BAIXA TENSÃO,6074202100040585,145759,2021,01,5,
2429793,18879,2021,6074202000060223,324377728,34,10,06/07/2021 18:07:32,23/07/2021 00:00:00,23/07/2021 00:00:00,61695227000517,ELETROPAULO ELET.DE SAO PAULO S/A,242.9,0.0,242.9,FATURA,BAIXA TENSÃO,6074202100040585,145785,2021,01,5,
2429793,18879,2021,6074202000060223,321960196,34,10,06/07/2021 18:07:32,23/07/2021 00:00:00,23/07/2021 00:00:00,61695227000517,ELETROPAULO ELET.DE SAO PAULO S/A,187.44,0.0,187.44,FATURA,BAIXA TENSÃO,6074202100040585,145814,2021,01,5,
2429793,18879,2021,6074202000060223,326773836,34,10,06/07/2021 18:07:32,23/07/2021 00:00:00,23/07/2021 00:00:00,61695227000517,ELETROPAULO ELET.DE SAO PAULO S/A,139.86,0.0,139.86,FATURA,BAIXA TENSÃO,6074202100040585,145725,2021,01,5,
2429793,18879,2021,6074202000060223,321162346,34,10,06/07/2021 18:07:32,23/07/2021 00:00:00,23/07/2021 00:00:00,61695227000517,ELETROPAULO ELET.DE SAO PAULO S/A,237.38,0.0,237.38,FATURA,BAIXA TENSÃO,6074202100040585,145747,2021,01,5,
2429793,18879,2021,6074202000060223,319522602,34,10,20/07/2021 12:16:10,23/07/2021 00:00:00,23/07/2021 00:00:00,61695227000517,ELETROPAULO ELET.DE SAO PAULO S/A,200.51,0.0,200.51,FATURA,BAIXA TENSÃO,6074202100040585,145681,2021,01,5,
2429793,18879,2021,6074202000060223,321960196,34,10,06/07/2021 18:07:32,23/07/2021 00:00:00,23/07/2021 00:00:00,61695227000517,ELETROPAULO ELET.DE SAO PAULO S/A,187.44,0.0,187.44,FATURA,BAIXA TENSÃO,6074202100040585,145814,2021,01,5,
2429793,18879,2021,6074202000060223,326773836,34,10,06/07/2021 18:07:32,23/07/2021 00:00:00,23/07/2021 00:00:00,61695227000517,ELETROPAULO ELET.DE SAO PAULO S/A,139.86,0.0,139.86,FATURA,BAIXA TENSÃO,6074202100040585,145725,2021,01,5,
2429793,18879,2021,6074202000060223,321162346,34,10,06/07/2021 18:07:32,23/07/2021 00:00:00,23/07/2021 00:00:00,61695227000517,ELETROPAULO ELET.DE SAO PAULO S/A,237.38,0.0,237.38,FATURA,BAIXA TENSÃO,6074202100040585,145747,2021,01,5,
2429793,18879,2021,6074202000060223,326020328,34,10,06/07/2021 18:07:32,23/07/2021 00:00:00,23/07/2021 00:00:00,61695227000517,ELETROPAULO ELET.DE SAO PAULO S/A,276.68,0.0,276.68,FATURA,BAIXA TENSÃO,6074202100040585,145751,2021,01,5,
2429793,18879,2021,6074202000060223,322743034,34,10,06/07/2021 18:07:32,23/07/2021 00:00:00,23/07/2021 00:00:00,61695227000517,ELETROPAULO ELET.DE SAO PAULO S/A,238.17,0.0,238.17,FATURA,BAIXA TENSÃO,6074202100040585,145765,2021,01,5,
2429793,18879,2021,6074202000060223,324377728,34,10,06/07/2021 18:07:32,23/07/2021 00:00:00,23/07/2021 00:00:00,61695227000517,ELETROPAULO ELET.DE SAO PAULO S/A,242.9,0.0,242.9,FATURA,BAIXA TENSÃO,6074202100040585,145785,2021,01,5,
2429793,18879,2021,6074202000060223,321948665,34,10,06/07/2021 18:07:32,23/07/2021 00:00:00,25/08/2021 00:00:00,61695227000517,ELETROPAULO ELET.DE SAO PAULO S/A,330.82,0.0,330.82,FATURA,BAIXA TENSÃO,6074202100057275,175531,2021,01,5,
2429793,18879,2021,6074202000060223,324374105,34,10,06/07/2021 18:07:32,23/07/2021 00:00:00,23/07/2021 00:00:00,61695227000517,ELETROPAULO ELET.DE SAO PAULO S/A,202.43,0.0,202.43,FATURA,BAIXA TENSÃO,6074202100040585,145695,2021,01,5,
2429793,18879,2021,6074202000060223,326362607,34,10,06/07/2021 18:07:32,23/07/2021 00:00:00,23/07/2021 00:00:00,61695227000517,ELETROPAULO ELET.DE SAO PAULO S/A,207.03,0.0,207.03,FATURA,BAIXA TENSÃO,6074202100040585,145667,2021,01,5,
2429793,18879,2021,6074202000060223,322753953,34,10,06/07/2021 18:07:32,23/07/2021 00:00:00,23/07/2021 00:00:00,61695227000517,ELETROPAULO ELET.DE SAO PAULO S/A,240.97,0.0,240.97,FATURA,BAIXA TENSÃO,6074202100040585,145710,2021,01,5,
2429793,18879,2021,6074202000060223,326020328,34,10,06/07/2021 18:07:32,23/07/2021 00:00:00,23/07/2021 00:00:00,61695227000517,ELETROPAULO ELET.DE SAO PAULO S/A,276.68,0.0,276.68,FATURA,BAIXA TENSÃO,6074202100040585,145751,2021,01,5,
2429793,18879,2021,6074202000060223,326790078,34,10,06/07/2021 18:07:32,23/07/2021 00:00:00,23/07/2021 00:00:00,61695227000517,ELETROPAULO ELET.DE SAO PAULO S/A,234.63,0.0,234.63,FATURA,BAIXA TENSÃO,6074202100040585,145796,2021,01,5,
2429793,18879,2021,6074202000060223,324407657,34,10,06/07/2021 18:07:32,23/07/2021 00:00:00,23/07/2021 00:00:00,61695227000517,ELETROPAULO ELET.DE SAO PAULO S/A,351.01,0.0,351.01,FATURA,BAIXA TENSÃO,6074202100040585,145719,2021,01,5,
2429793,18879,2021,6074202000060223,326790078,34,10,06/07/2021 18:07:32,23/07/2021 00:00:00,23/07/2021 00:00:00,61695227000517,ELETROPAULO ELET.DE SAO PAULO S/A,234.63,0.0,234.63,FATURA,BAIXA TENSÃO,6074202100040585,145796,2021,01,5,
2429793,18879,2021,6074202000060223,322743034,34,10,06/07/2021 18:07:32,23/07/2021 00:00:00,23/07/2021 00:00:00,61695227000517,ELETROPAULO ELET.DE SAO PAULO S/A,238.17,0.0,238.17,FATURA,BAIXA TENSÃO,6074202100040585,145765,2021,01,5,
2429793,18879,2021,6074202000060223,325256180,34,10,06/07/2021 18:07:32,23/07/2021 00:00:00,23/07/2021 00:00:00,61695227000517,ELETROPAULO ELET.DE SAO PAULO S/A,294.05,0.0,294.05,FATURA,BAIXA TENSÃO,6074202100040585,145791,2021,01,5,
2429793,18879,2021,6074202000060223,325597218,34,10,06/07/2021 18:07:32,23/07/2021 00:00:00,23/07/2021 00:00:00,61695227000517,ELETROPAULO ELET.DE SAO PAULO S/A,370.69,0.0,370.69,FATURA,BAIXA TENSÃO,6074202100040585,145736,2021,01,5,
2429793,18879,2021,6074202000060223,322744227,34,10,06/07/2021 18:07:32,23/07/2021 00:00:00,23/07/2021 00:00:00,61695227000517,ELETROPAULO ELET.DE SAO PAULO S/A,90.53,0.0,90.53,FATURA,BAIXA TENSÃO,6074202100040585,145699,2021,01,5,
2429793,18879,2021,6074202000060223,319125244,34,10,06/07/2021 18:07:32,23/07/2021 00:00:00,23/07/2021 00:00:00,61695227000517,ELETROPAULO ELET.DE SAO PAULO S/A,169.4,0.0,169.4,FATURA,BAIXA TENSÃO,6074202100040585,145687,2021,01,5,
2429793,18879,2021,6074202000060223,332507507,34,10,05/08/2021 09:02:36,23/08/2021 00:00:00,25/08/2021 00:00:00,61695227000517,ELETROPAULO ELET.DE SAO PAULO S/A,412.14,0.0,412.14,FATURA,BAIXA TENSÃO,6074202100057275,175475,2021,01,5,
2429793,18879,2021,6074202000060223,332453838,34,10,05/08/2021 09:02:36,23/08/2021 00:00:00,25/08/2021 00:00:00,61695227000517,ELETROPAULO ELET.DE SAO PAULO S/A,211.2,0.0,211.2,FATURA,BAIXA TENSÃO,6074202100057275,175159,2021,01,5,
2429793,18879,2021,6074202000060223,332458747,34,10,05/08/2021 09:02:36,23/08/2021 00:00:00,25/08/2021 00:00:00,61695227000517,ELETROPAULO ELET.DE SAO PAULO S/A,221.77,0.0,221.77,FATURA,BAIXA TENSÃO,6074202100057275,175491,2021,01,5,
2429793,18879,2021,6074202000060223,330910280,34,10,05/08/2021 09:02:36,23/08/2021 00:00:00,25/08/2021 00:00:00,61695227000517,ELETROPAULO ELET.DE SAO PAULO S/A,148.56,0.0,148.56,FATURA,BAIXA TENSÃO,6074202100057275,175477,2021,01,5,
2429793,18879,2021,6074202000060223,321960196,34,10,06/07/2021 18:07:32,23/07/2021 00:00:00,23/07/2021 00:00:00,61695227000517,ELETROPAULO ELET.DE SAO PAULO S/A,187.44,0.0,187.44,FATURA,BAIXA TENSÃO,6074202100040585,145814,2021,01,5,
2429793,18879,2021,6074202000060223,326773836,34,10,06/07/2021 18:07:32,23/07/2021 00:00:00,23/07/2021 00:00:00,61695227000517,ELETROPAULO ELET.DE SAO PAULO S/A,139.86,0.0,139.86,FATURA,BAIXA TENSÃO,6074202100040585,145725,2021,01,5,
2429793,18879,2021,6074202000060223,334868575,34,10,05/08/2021 09:02:36,23/08/2021 00:00:00,25/08/2021 00:00:00,61695227000517,ELETROPAULO ELET.DE SAO PAULO S/A,101.89,0.0,101.89,FATURA,BAIXA TENSÃO,6074202100057275,175548,2021,01,5,
2429793,18879,2021,6074202000060223,327665136,34,10,05/08/2021 09:02:36,23/08/2021 00:00:00,25/08/2021 00:00:00,61695227000517,ELETROPAULO ELET.DE SAO PAULO S/A,298.29,0.0,298.29,FATURA,BAIXA TENSÃO,6074202100057275,175528,2021,01,5,
2429793,18879,2021,6074202000060223,334868575,34,10,05/08/2021 09:02:36,23/08/2021 00:00:00,25/08/2021 00:00:00,61695227000517,ELETROPAULO ELET.DE SAO PAULO S/A,101.89,0.0,101.89,FATURA,BAIXA TENSÃO,6074202100057275,175548,2021,01,5,
2429793,18879,2021,6074202000060223,332458747,34,10,05/08/2021 09:02:36,23/08/2021 00:00:00,25/08/2021 00:00:00,61695227000517,ELETROPAULO ELET.DE SAO PAULO S/A,221.77,0.0,221.77,FATURA,BAIXA TENSÃO,6074202100057275,175491,2021,01,5,
2429793,18879,2021,6074202000060223,332507507,34,10,05/08/2021 09:02:36,23/08/2021 00:00:00,25/08/2021 00:00:00,61695227000517,ELETROPAULO ELET.DE SAO PAULO S/A,412.14,0.0,412.14,FATURA,BAIXA TENSÃO,6074202100057275,175475,2021,01,5,
2429793,18879,2021,6074202000060223,332458747,34,10,05/08/2021 09:02:36,23/08/2021 00:00:00,25/08/2021 00:00:00,61695227000517,ELETROPAULO ELET.DE SAO PAULO S/A,221.77,0.0,221.77,FATURA,BAIXA TENSÃO,6074202100057275,175491,2021,01,5,
2429793,18879,2021,6074202000060223,330036246,34,10,05/08/2021 09:02:36,23/08/2021 00:00:00,25/08/2021 00:00:00,61695227000517,ELETROPAULO ELET.DE SAO PAULO S/A,231.76,0.0,231.76,FATURA,BAIXA TENSÃO,6074202100057275,175533,2021,01,5,
2429793,18879,2021,6074202000060223,332507507,34,10,05/08/2021 09:02:36,23/08/2021 00:00:00,25/08/2021 00:00:00,61695227000517,ELETROPAULO ELET.DE SAO PAULO S/A,412.14,0.0,412.14,FATURA,BAIXA TENSÃO,6074202100057275,175475,2021,01,5,
2429793,18879,2021,6074202000060223,327258309,34,10,05/08/2021 09:02:36,23/08/2021 00:00:00,25/08/2021 00:00:00,61695227000517,ELETROPAULO ELET.DE SAO PAULO S/A,245.74,0.0,245.74,FATURA,BAIXA TENSÃO,6074202100057275,175517,2021,01,5,
2429793,18879,2021,6074202000060223,332880797,34,10,05/08/2021 09:02:36,23/08/2021 00:00:00,25/08/2021 00:00:00,61695227000517,ELETROPAULO ELET.DE SAO PAULO S/A,293.11,0.0,293.11,FATURA,BAIXA TENSÃO,6074202100057275,175468,2021,01,5,
2429793,18879,2021,6074202000060223,324810792,34,10,06/07/2021 18:07:32,23/07/2021 00:00:00,23/07/2021 00:00:00,61695227000517,ELETROPAULO ELET.DE SAO PAULO S/A,261.83,0.0,261.83,FATURA,BAIXA TENSÃO,6074202100040585,145771,2021,01,5,
2429793,18879,2021,6074202000060223,332453838,34,10,05/08/2021 09:02:36,23/08/2021 00:00:00,25/08/2021 00:00:00,61695227000517,ELETROPAULO ELET.DE SAO PAULO S/A,211.2,0.0,211.2,FATURA,BAIXA TENSÃO,6074202100057275,175159,2021,01,5,
2429793,18879,2021,6074202000060223,334462027,34,10,05/08/2021 09:02:36,23/08/2021 00:00:00,25/08/2021 00:00:00,61695227000517,ELETROPAULO ELET.DE SAO PAULO S/A,254.06,0.0,254.06,FATURA,BAIXA TENSÃO,6074202100057275,175483,2021,01,5,
2429793,18879,2021,6074202000060223,330910279,34,10,05/08/2021 09:02:36,23/08/2021 00:00:00,25/08/2021 00:00:00,61695227000517,ELETROPAULO ELET.DE SAO PAULO S/A,231.07,0.0,231.07,FATURA,BAIXA TENSÃO,6074202100057275,175372,2021,01,5,
2429793,18879,2021,6074202000060223,331249769,34,10,05/08/2021 09:02:36,23/08/2021 00:00:00,25/08/2021 00:00:00,61695227000517,ELETROPAULO ELET.DE SAO PAULO S/A,246.64,0.0,246.64,FATURA,BAIXA TENSÃO,6074202100057275,175529,2021,01,5,
2429793,18879,2021,6074202000060223,332507507,34,10,05/08/2021 09:02:36,23/08/2021 00:00:00,25/08/2021 00:00:00,61695227000517,ELETROPAULO ELET.DE SAO PAULO S/A,412.14,0.0,412.14,FATURA,BAIXA TENSÃO,6074202100057275,175475,2021,01,5,
2429793,18879,2021,6074202000060223,330064531,34,10,05/08/2021 09:02:36,23/08/2021 00:00:00,25/08/2021 00:00:00,61695227000517,ELETROPAULO ELET.DE SAO PAULO S/A,201.13,0.0,201.13,FATURA,BAIXA TENSÃO,6074202100057275,175464,2021,01,5,
2429793,18879,2021,6074202000060223,334851607,34,10,05/08/2021 09:02:36,23/08/2021 00:00:00,25/08/2021 00:00:00,61695227000517,ELETROPAULO ELET.DE SAO PAULO S/A,165.11,0.0,165.11,FATURA,BAIXA TENSÃO,6074202100057275,175526,2021,01,5,
2429793,18879,2021,6074202000060223,329251733,34,10,05/08/2021 09:02:36,23/08/2021 00:00:00,25/08/2021 00:00:00,61695227000517,ELETROPAULO ELET.DE SAO PAULO S/A,214.15,0.0,214.15,FATURA,BAIXA TENSÃO,6074202100057275,175487,2021,01,5,
2429793,18879,2021,6074202000060223,328898356,34,10,05/08/2021 09:02:36,23/08/2021 00:00:00,25/08/2021 00:00:00,61695227000517,ELETROPAULO ELET.DE SAO PAULO S/A,53.53,0.0,53.53,FATURA,BAIXA TENSÃO,6074202100057275,175507,2021,01,5,
2429793,18879,2021,6074202000060223,293227110,34,10,22/06/2021 16:41:06,23/02/2021 00:00:00,25/06/2021 00:00:00,61695227000517,ELETROPAULO ELET.DE SAO PAULO S/A,213.25,0.0,213.25,FATURA,BAIXA TENSÃO,6074202100035980,124435,2021,01,5,
2429793,18879,2021,6074202000060223,334964738,34,10,05/08/2021 09:02:36,23/08/2021 00:00:00,25/08/2021 00:00:00,61695227000517,ELETROPAULO ELET.DE SAO PAULO S/A,114.09,0.0,114.09,FATURA,BAIXA TENSÃO,6074202100057275,175387,2021,01,5,
2429793,18879,2021,6074202000060223,329246236,34,10,05/08/2021 09:02:36,23/08/2021 00:00:00,25/08/2021 00:00:00,61695227000517,ELETROPAULO ELET.DE SAO PAULO S/A,170.03,0.0,170.03,FATURA,BAIXA TENSÃO,6074202100057275,175516,2021,01,5,
2429793,18879,2021,6074202000060223,332434839,34,10,05/08/2021 09:02:36,23/08/2021 00:00:00,25/08/2021 00:00:00,61695227000517,ELETROPAULO ELET.DE SAO PAULO S/A,278.41,0.0,278.41,FATURA,BAIXA TENSÃO,6074202100057275,175480,2021,01,5,
2429793,18879,2021,6074202000060223,334865891,34,10,05/08/2021 09:02:36,23/08/2021 00:00:00,25/08/2021 00:00:00,61695227000517,ELETROPAULO ELET.DE SAO PAULO S/A,246.0,0.0,246.0,FATURA,BAIXA TENSÃO,6074202100057275,175543,2021,01,5,
2429793,18879,2021,6074202000060223,332880797,34,10,05/08/2021 09:02:36,23/08/2021 00:00:00,25/08/2021 00:00:00,61695227000517,ELETROPAULO ELET.DE SAO PAULO S/A,293.11,0.0,293.11,FATURA,BAIXA TENSÃO,6074202100057275,175468,2021,01,5,
2429793,18879,2021,6074202000060223,334068879,34,10,05/08/2021 09:02:36,23/08/2021 00:00:00,25/08/2021 00:00:00,61695227000517,ELETROPAULO ELET.DE SAO PAULO S/A,331.64,0.0,331.64,FATURA,BAIXA TENSÃO,6074202100057275,175459,2021,01,5,
2429793,18879,2021,6074202000060223,329246236,34,10,05/08/2021 09:02:36,23/08/2021 00:00:00,25/08/2021 00:00:00,61695227000517,ELETROPAULO ELET.DE SAO PAULO S/A,170.03,0.0,170.03,FATURA,BAIXA TENSÃO,6074202100057275,175516,2021,01,5,
2429793,18879,2021,6074202000060223,334866766,34,10,05/08/2021 09:02:36,23/08/2021 00:00:00,25/08/2021 00:00:00,61695227000517,ELETROPAULO ELET.DE SAO PAULO S/A,56.52,0.0,56.52,FATURA,BAIXA TENSÃO,6074202100057275,175546,2021,01,5,
2429793,18879,2021,6074202000060223,330825137,34,10,05/08/2021 09:02:36,23/08/2021 00:00:00,25/08/2021 00:00:00,61695227000517,ELETROPAULO ELET.DE SAO PAULO S/A,84.36,0.0,84.36,FATURA,BAIXA TENSÃO,6074202100057275,175382,2021,01,5,
2429793,18879,2021,6074202000060223,330825137,34,10,05/08/2021 09:02:36,23/08/2021 00:00:00,25/08/2021 00:00:00,61695227000517,ELETROPAULO ELET.DE SAO PAULO S/A,84.36,0.0,84.36,FATURA,BAIXA TENSÃO,6074202100057275,175382,2021,01,5,
2429793,18879,2021,6074202000060223,330825137,34,10,05/08/2021 09:02:36,23/08/2021 00:00:00,25/08/2021 00:00:00,61695227000517,ELETROPAULO ELET.DE SAO PAULO S/A,84.36,0.0,84.36,FATURA,BAIXA TENSÃO,6074202100057275,175382,2021,01,5,
2429793,18879,2021,6074202000060223,327665136,34,10,05/08/2021 09:02:36,23/08/2021 00:00:00,25/08/2021 00:00:00,61695227000517,ELETROPAULO ELET.DE SAO PAULO S/A,298.29,0.0,298.29,FATURA,BAIXA TENSÃO,6074202100057275,175528,2021,01,5,
2429793,18879,2021,6074202000060223,334964738,34,10,05/08/2021 09:02:36,23/08/2021 00:00:00,25/08/2021 00:00:00,61695227000517,ELETROPAULO ELET.DE SAO PAULO S/A,114.09,0.0,114.09,FATURA,BAIXA TENSÃO,6074202100057275,175387,2021,01,5,
2429793,18879,2021,6074202000060223,327665136,34,10,05/08/2021 09:02:36,23/08/2021 00:00:00,25/08/2021 00:00:00,61695227000517,ELETROPAULO ELET.DE SAO PAULO S/A,298.29,0.0,298.29,FATURA,BAIXA TENSÃO,6074202100057275,175528,2021,01,5,
2429793,18879,2021,6074202000060223,332852124,34,10,05/08/2021 09:02:36,23/08/2021 00:00:00,25/08/2021 00:00:00,61695227000517,ELETROPAULO ELET.DE SAO PAULO S/A,138.72,0.0,138.72,FATURA,BAIXA TENSÃO,6074202100057275,175500,2021,01,5,
2429793,18879,2021,6074202000060223,330451163,34,10,05/08/2021 09:02:36,23/08/2021 00:00:00,25/08/2021 00:00:00,61695227000517,ELETROPAULO ELET.DE SAO PAULO S/A,231.7,0.0,231.7,FATURA,BAIXA TENSÃO,6074202100057275,175391,2021,01,5,
2429793,18879,2021,6074202000060223,330064531,34,10,05/08/2021 09:02:36,23/08/2021 00:00:00,25/08/2021 00:00:00,61695227000517,ELETROPAULO ELET.DE SAO PAULO S/A,201.13,0.0,201.13,FATURA,BAIXA TENSÃO,6074202100057275,175464,2021,01,5,
2429793,18879,2021,6074202000060223,330064531,34,10,05/08/2021 09:02:36,23/08/2021 00:00:00,25/08/2021 00:00:00,61695227000517,ELETROPAULO ELET.DE SAO PAULO S/A,201.13,0.0,201.13,FATURA,BAIXA TENSÃO,6074202100057275,175464,2021,01,5,
2429793,18879,2021,6074202000060223,330824543,34,10,05/08/2021 09:02:36,23/08/2021 00:00:00,25/08/2021 00:00:00,61695227000517,ELETROPAULO ELET.DE SAO PAULO S/A,155.27,0.0,155.27,FATURA,BAIXA TENSÃO,6074202100057275,175379,2021,01,5,
2429793,18879,2021,6074202000060223,334855417,34,10,18/08/2021 16:31:06,23/08/2021 00:00:00,25/08/2021 00:00:00,61695227000517,ELETROPAULO ELET.DE SAO PAULO S/A,56.52,0.0,56.52,FATURA,BAIXA TENSÃO,6074202100057275,175549,2021,01,5,
2429793,18879,2021,6074202000060223,334068879,34,10,05/08/2021 09:02:36,23/08/2021 00:00:00,25/08/2021 00:00:00,61695227000517,ELETROPAULO ELET.DE SAO PAULO S/A,331.64,0.0,331.64,FATURA,BAIXA TENSÃO,6074202100057275,175459,2021,01,5,
2429793,18879,2021,6074202000060223,329246236,34,10,05/08/2021 09:02:36,23/08/2021 00:00:00,25/08/2021 00:00:00,61695227000517,ELETROPAULO ELET.DE SAO PAULO S/A,170.03,0.0,170.03,FATURA,BAIXA TENSÃO,6074202100057275,175516,2021,01,5,
2429793,18879,2021,6074202000060223,328898356,34,10,05/08/2021 09:02:36,23/08/2021 00:00:00,25/08/2021 00:00:00,61695227000517,ELETROPAULO ELET.DE SAO PAULO S/A,53.53,0.0,53.53,FATURA,BAIXA TENSÃO,6074202100057275,175507,2021,01,5,
2429793,18879,2021,6074202000060223,331671365,34,10,05/08/2021 09:02:36,23/08/2021 00:00:00,25/08/2021 00:00:00,61695227000517,ELETROPAULO ELET.DE SAO PAULO S/A,266.4,0.0,266.4,FATURA,BAIXA TENSÃO,6074202100057275,175511,2021,01,5,
2429793,18879,2021,6074202000060223,335749502,34,10,08/09/2021 18:05:47,23/09/2021 00:00:00,23/09/2021 00:00:00,61695227000517,ELETROPAULO ELET.DE SAO PAULO S/A,256.02,0.0,256.02,FATURA,BAIXA TENSÃO,6074202100064379,197648,2021,01,5,
2429793,18879,2021,6074202000060223,340512219,34,10,08/09/2021 18:05:47,23/09/2021 00:00:00,23/09/2021 00:00:00,61695227000517,ELETROPAULO ELET.DE SAO PAULO S/A,264.38,0.0,264.38,FATURA,BAIXA TENSÃO,6074202100064379,198077,2021,01,5,
2429793,18879,2021,6074202000060223,341703181,34,10,08/09/2021 18:05:47,23/09/2021 00:00:00,23/09/2021 00:00:00,61695227000517,ELETROPAULO ELET.DE SAO PAULO S/A,244.62,0.0,244.62,FATURA,BAIXA TENSÃO,6074202100064379,198229,2021,01,5,
2429793,18879,2021,6074202000060223,339697347,34,10,08/09/2021 18:05:47,23/09/2021 00:00:00,23/09/2021 00:00:00,61695227000517,ELETROPAULO ELET.DE SAO PAULO S/A,287.01,0.0,287.01,FATURA,BAIXA TENSÃO,6074202100064379,198233,2021,01,5,
2429793,18879,2021,6074202000060223,339741620,34,10,08/09/2021 18:05:47,23/09/2021 00:00:00,23/09/2021 00:00:00,61695227000517,ELETROPAULO ELET.DE SAO PAULO S/A,258.71,0.0,258.71,FATURA,BAIXA TENSÃO,6074202100064379,198196,2021,01,5,
2429793,18879,2021,6074202000060223,336522241,34,10,08/09/2021 18:05:47,23/09/2021 00:00:00,23/09/2021 00:00:00,61695227000517,ELETROPAULO ELET.DE SAO PAULO S/A,309.14,0.0,309.14,FATURA,BAIXA TENSÃO,6074202100064379,198263,2021,01,5,
2429793,18879,2021,6074202000060223,338903085,34,10,08/09/2021 18:05:47,23/09/2021 00:00:00,23/09/2021 00:00:00,61695227000517,ELETROPAULO ELET.DE SAO PAULO S/A,73.42,0.0,73.42,FATURA,BAIXA TENSÃO,6074202100064379,198276,2021,01,5,
2429793,18879,2021,6074202000060223,338892780,34,10,08/09/2021 18:05:47,23/09/2021 00:00:00,23/09/2021 00:00:00,61695227000517,ELETROPAULO ELET.DE SAO PAULO S/A,164.61,0.0,164.61,FATURA,BAIXA TENSÃO,6074202100064379,197988,2021,01,5,
2429793,18879,2021,6074202000060223,337307863,34,10,08/09/2021 18:05:47,23/09/2021 00:00:00,23/09/2021 00:00:00,61695227000517,ELETROPAULO ELET.DE SAO PAULO S/A,254.94,0.0,254.94,FATURA,BAIXA TENSÃO,6074202100064379,198023,2021,01,5,
2429793,18879,2021,6074202000060223,338900414,34,10,08/09/2021 18:05:47,23/09/2021 00:00:00,23/09/2021 00:00:00,61695227000517,ELETROPAULO ELET.DE SAO PAULO S/A,249.78,0.0,249.78,FATURA,BAIXA TENSÃO,6074202100064379,197675,2021,01,5,
2429793,18879,2021,6074202000060223,338944665,34,10,08/09/2021 18:05:47,23/09/2021 00:00:00,23/09/2021 00:00:00,61695227000517,ELETROPAULO ELET.DE SAO PAULO S/A,88.04,0.0,88.04,FATURA,BAIXA TENSÃO,6074202100064379,197695,2021,01,5,
2429793,18879,2021,6074202000060223,335300503,34,10,08/09/2021 18:05:47,23/09/2021 00:00:00,23/09/2021 00:00:00,61695227000517,ELETROPAULO ELET.DE SAO PAULO S/A,538.61,0.0,538.61,FATURA,BAIXA TENSÃO,6074202100064379,197763,2021,01,5,
2429793,18879,2021,6074202000060223,337721123,34,10,08/09/2021 18:05:47,23/09/2021 00:00:00,23/09/2021 00:00:00,61695227000517,ELETROPAULO ELET.DE SAO PAULO S/A,342.67,0.0,342.67,FATURA,BAIXA TENSÃO,6074202100064379,198015,2021,01,5,
2429793,18879,2021,6074202000060223,337721123,34,10,08/09/2021 18:05:47,23/09/2021 00:00:00,23/09/2021 00:00:00,61695227000517,ELETROPAULO ELET.DE SAO PAULO S/A,342.67,0.0,342.67,FATURA,BAIXA TENSÃO,6074202100064379,198015,2021,01,5,
2429793,18879,2021,6074202000060223,338944665,34,10,08/09/2021 18:05:47,23/09/2021 00:00:00,23/09/2021 00:00:00,61695227000517,ELETROPAULO ELET.DE SAO PAULO S/A,88.04,0.0,88.04,FATURA,BAIXA TENSÃO,6074202100064379,197695,2021,01,5,
2429793,18879,2021,6074202000060223,335354625,34,10,08/09/2021 18:05:47,23/09/2021 00:00:00,23/09/2021 00:00:00,61695227000517,ELETROPAULO ELET.DE SAO PAULO S/A,279.34,0.0,279.34,FATURA,BAIXA TENSÃO,6074202100064379,198217,2021,01,5,
2429793,18879,2021,6074202000060223,337307863,34,10,08/09/2021 18:05:47,23/09/2021 00:00:00,23/09/2021 00:00:00,61695227000517,ELETROPAULO ELET.DE SAO PAULO S/A,254.94,0.0,254.94,FATURA,BAIXA TENSÃO,6074202100064379,198023,2021,01,5,
2429793,18879,2021,6074202000060223,338900414,34,10,08/09/2021 18:05:47,23/09/2021 00:00:00,23/09/2021 00:00:00,61695227000517,ELETROPAULO ELET.DE SAO PAULO S/A,249.78,0.0,249.78,FATURA,BAIXA TENSÃO,6074202100064379,197675,2021,01,5,
2429793,18879,2021,6074202000060223,335300503,34,10,08/09/2021 18:05:47,23/09/2021 00:00:00,23/09/2021 00:00:00,61695227000517,ELETROPAULO ELET.DE SAO PAULO S/A,538.61,0.0,538.61,FATURA,BAIXA TENSÃO,6074202100064379,197763,2021,01,5,
2429793,18879,2021,6074202000060223,337721123,34,10,08/09/2021 18:05:47,23/09/2021 00:00:00,23/09/2021 00:00:00,61695227000517,ELETROPAULO ELET.DE SAO PAULO S/A,342.67,0.0,342.67,FATURA,BAIXA TENSÃO,6074202100064379,198015,2021,01,5,
2429793,18879,2021,6074202000060223,342900055,34,10,08/09/2021 18:05:47,23/09/2021 00:00:00,23/09/2021 00:00:00,61695227000517,ELETROPAULO ELET.DE SAO PAULO S/A,56.97,0.0,56.97,FATURA,BAIXA TENSÃO,6074202100064379,198295,2021,01,5,
2429793,18879,2021,6074202000060223,342874589,34,10,08/09/2021 18:05:47,23/09/2021 00:00:00,23/09/2021 00:00:00,61695227000517,ELETROPAULO ELET.DE SAO PAULO S/A,98.72,0.0,98.72,FATURA,BAIXA TENSÃO,6074202100064379,198292,2021,01,5,
2429793,18879,2021,6074202000060223,338892780,34,10,08/09/2021 18:05:47,23/09/2021 00:00:00,23/09/2021 00:00:00,61695227000517,ELETROPAULO ELET.DE SAO PAULO S/A,164.61,0.0,164.61,FATURA,BAIXA TENSÃO,6074202100064379,197988,2021,01,5,
2429793,18879,2021,6074202000060223,338944665,34,10,08/09/2021 18:05:47,23/09/2021 00:00:00,23/09/2021 00:00:00,61695227000517,ELETROPAULO ELET.DE SAO PAULO S/A,88.04,0.0,88.04,FATURA,BAIXA TENSÃO,6074202100064379,197695,2021,01,5,
2429793,18879,2021,6074202000060223,335746106,34,10,08/09/2021 18:05:47,23/09/2021 00:00:00,23/09/2021 00:00:00,61695227000517,ELETROPAULO ELET.DE SAO PAULO S/A,334.08,0.0,334.08,FATURA,BAIXA TENSÃO,6074202100064379,198249,2021,01,5,
2429793,18879,2021,6074202000060223,336511655,34,10,08/09/2021 18:05:47,23/09/2021 00:00:00,23/09/2021 00:00:00,61695227000517,ELETROPAULO ELET.DE SAO PAULO S/A,260.02,0.0,260.02,FATURA,BAIXA TENSÃO,6074202100064379,198183,2021,01,5,
2429793,18879,2021,6074202000060223,341703181,34,10,08/09/2021 18:05:47,23/09/2021 00:00:00,23/09/2021 00:00:00,61695227000517,ELETROPAULO ELET.DE SAO PAULO S/A,244.62,0.0,244.62,FATURA,BAIXA TENSÃO,6074202100064379,198229,2021,01,5,
2429793,18879,2021,6074202000060223,335300503,34,10,08/09/2021 18:05:47,23/09/2021 00:00:00,23/09/2021 00:00:00,61695227000517,ELETROPAULO ELET.DE SAO PAULO S/A,538.61,0.0,538.61,FATURA,BAIXA TENSÃO,6074202100064379,197763,2021,01,5,
2429793,18879,2021,6074202000060223,341292215,34,10,08/09/2021 18:05:47,23/09/2021 00:00:00,23/09/2021 00:00:00,61695227000517,ELETROPAULO ELET.DE SAO PAULO S/A,116.43,0.0,116.43,FATURA,BAIXA TENSÃO,6074202100064379,197697,2021,01,5,
2429793,18879,2021,6074202000060223,338096330,34,10,08/09/2021 18:05:47,23/09/2021 00:00:00,23/09/2021 00:00:00,61695227000517,ELETROPAULO ELET.DE SAO PAULO S/A,217.08,0.0,217.08,FATURA,BAIXA TENSÃO,6074202100064379,198267,2021,01,5,
2429793,18879,2021,6074202000060223,338944313,34,10,08/09/2021 18:05:47,23/09/2021 00:00:00,23/09/2021 00:00:00,61695227000517,ELETROPAULO ELET.DE SAO PAULO S/A,152.55,0.0,152.55,FATURA,BAIXA TENSÃO,6074202100064379,197691,2021,01,5,
2429793,18879,2021,6074202000060223,337721123,34,10,08/09/2021 18:05:47,23/09/2021 00:00:00,23/09/2021 00:00:00,61695227000517,ELETROPAULO ELET.DE SAO PAULO S/A,342.67,0.0,342.67,FATURA,BAIXA TENSÃO,6074202100064379,198015,2021,01,5,
2429793,18879,2021,6074202000060223,338096330,34,10,08/09/2021 18:05:47,23/09/2021 00:00:00,23/09/2021 00:00:00,61695227000517,ELETROPAULO ELET.DE SAO PAULO S/A,217.08,0.0,217.08,FATURA,BAIXA TENSÃO,6074202100064379,198267,2021,01,5,
2429793,18879,2021,6074202000060223,340537768,34,10,08/09/2021 18:05:47,23/09/2021 00:00:00,23/09/2021 00:00:00,61695227000517,ELETROPAULO ELET.DE SAO PAULO S/A,316.02,0.0,316.02,FATURA,BAIXA TENSÃO,6074202100064379,198003,2021,01,5,
2429793,18879,2021,6074202000060223,342891283,34,10,08/09/2021 18:05:47,23/09/2021 00:00:00,23/09/2021 00:00:00,61695227000517,ELETROPAULO ELET.DE SAO PAULO S/A,109.89,0.0,109.89,FATURA,BAIXA TENSÃO,6074202100064379,198280,2021,01,5,
2429793,18879,2021,6074202000060223,342883083,34,10,08/09/2021 18:05:47,23/09/2021 00:00:00,23/09/2021 00:00:00,61695227000517,ELETROPAULO ELET.DE SAO PAULO S/A,115.59,0.0,115.59,FATURA,BAIXA TENSÃO,6074202100064379,198284,2021,01,5,
2429793,18879,2021,6074202000060223,340895774,34,10,08/09/2021 18:05:47,23/09/2021 00:00:00,23/09/2021 00:00:00,61695227000517,ELETROPAULO ELET.DE SAO PAULO S/A,168.35,0.0,168.35,FATURA,BAIXA TENSÃO,6074202100064379,198119,2021,01,5,
2429793,18879,2021,6074202000060223,338536757,34,10,08/09/2021 18:05:47,23/09/2021 00:00:00,23/09/2021 00:00:00,61695227000517,ELETROPAULO ELET.DE SAO PAULO S/A,272.14,0.0,272.14,FATURA,BAIXA TENSÃO,6074202100064379,197708,2021,01,5,
2429793,18879,2021,6074202000060223,338938612,34,10,08/09/2021 18:05:47,23/09/2021 00:00:00,23/09/2021 00:00:00,61695227000517,ELETROPAULO ELET.DE SAO PAULO S/A,246.34,0.0,246.34,FATURA,BAIXA TENSÃO,6074202100064379,198203,2021,01,5,
2429793,18879,2021,6074202000060223,338938612,34,10,08/09/2021 18:05:47,23/09/2021 00:00:00,23/09/2021 00:00:00,61695227000517,ELETROPAULO ELET.DE SAO PAULO S/A,246.34,0.0,246.34,FATURA,BAIXA TENSÃO,6074202100064379,198203,2021,01,5,
2429793,18879,2021,6074202000060223,339309233,34,10,08/09/2021 18:05:47,23/09/2021 00:00:00,23/09/2021 00:00:00,61695227000517,ELETROPAULO ELET.DE SAO PAULO S/A,295.36,0.0,295.36,FATURA,BAIXA TENSÃO,6074202100064379,198255,2021,01,5,
2429793,18879,2021,6074202000060223,342094514,34,10,08/09/2021 18:05:47,23/09/2021 00:00:00,23/09/2021 00:00:00,61695227000517,ELETROPAULO ELET.DE SAO PAULO S/A,316.87,0.0,316.87,FATURA,BAIXA TENSÃO,6074202100064379,197716,2021,01,5,
2429793,18879,2021,6074202000060223,337305713,34,10,08/09/2021 18:05:47,23/09/2021 00:00:00,23/09/2021 00:00:00,61695227000517,ELETROPAULO ELET.DE SAO PAULO S/A,235.02,0.0,235.02,FATURA,BAIXA TENSÃO,6074202100064379,198212,2021,01,5,
2429793,18879,2021,6074202000060223,340895774,34,10,08/09/2021 18:05:47,23/09/2021 00:00:00,23/09/2021 00:00:00,61695227000517,ELETROPAULO ELET.DE SAO PAULO S/A,168.35,0.0,168.35,FATURA,BAIXA TENSÃO,6074202100064379,198119,2021,01,5,
2429793,18879,2021,6074202000060223,338536757,34,10,08/09/2021 18:05:47,23/09/2021 00:00:00,23/09/2021 00:00:00,61695227000517,ELETROPAULO ELET.DE SAO PAULO S/A,272.14,0.0,272.14,FATURA,BAIXA TENSÃO,6074202100064379,197708,2021,01,5,
2429793,18879,2021,6074202000060223,338938612,34,10,08/09/2021 18:05:47,23/09/2021 00:00:00,23/09/2021 00:00:00,61695227000517,ELETROPAULO ELET.DE SAO PAULO S/A,246.34,0.0,246.34,FATURA,BAIXA TENSÃO,6074202100064379,198203,2021,01,5,
2429793,18879,2021,6074202000060223,340957047,34,10,08/09/2021 18:05:47,23/09/2021 00:00:00,23/09/2021 00:00:00,61695227000517,ELETROPAULO ELET.DE SAO PAULO S/A,270.42,0.0,270.42,FATURA,BAIXA TENSÃO,6074202100064379,197733,2021,01,5,
2429793,18879,2021,6074202000060223,340537768,34,10,08/09/2021 18:05:47,23/09/2021 00:00:00,23/09/2021 00:00:00,61695227000517,ELETROPAULO ELET.DE SAO PAULO S/A,316.02,0.0,316.02,FATURA,BAIXA TENSÃO,6074202100064379,198003,2021,01,5,
2429793,18879,2021,6074202000060223,342891283,34,10,08/09/2021 18:05:47,23/09/2021 00:00:00,23/09/2021 00:00:00,61695227000517,ELETROPAULO ELET.DE SAO PAULO S/A,109.89,0.0,109.89,FATURA,BAIXA TENSÃO,6074202100064379,198280,2021,01,5,
2429793,18879,2021,6074202000060223,342883083,34,10,08/09/2021 18:05:47,23/09/2021 00:00:00,23/09/2021 00:00:00,61695227000517,ELETROPAULO ELET.DE SAO PAULO S/A,115.59,0.0,115.59,FATURA,BAIXA TENSÃO,6074202100064379,198284,2021,01,5,
2429793,18879,2021,6074202000060223,342094514,34,10,08/09/2021 18:05:47,23/09/2021 00:00:00,23/09/2021 00:00:00,61695227000517,ELETROPAULO ELET.DE SAO PAULO S/A,316.87,0.0,316.87,FATURA,BAIXA TENSÃO,6074202100064379,197716,2021,01,5,
2429793,18879,2021,6074202000060223,337305713,34,10,08/09/2021 18:05:47,23/09/2021 00:00:00,23/09/2021 00:00:00,61695227000517,ELETROPAULO ELET.DE SAO PAULO S/A,235.02,0.0,235.02,FATURA,BAIXA TENSÃO,6074202100064379,198212,2021,01,5,
2429793,18879,2021,6074202000060223,343761801,34,10,07/10/2021 18:01:25,25/10/2021 00:00:00,25/10/2021 00:00:00,61695227000517,ELETROPAULO ELET.DE SAO PAULO S/A,294.86,0.0,294.86,FATURA,BAIXA TENSÃO,6074202100071910,223696,2021,01,5,
2429793,18879,2021,6074202000060223,349449698,34,10,07/10/2021 18:01:25,25/10/2021 00:00:00,25/10/2021 00:00:00,61695227000517,ELETROPAULO ELET.DE SAO PAULO S/A,265.93,0.0,265.93,FATURA,BAIXA TENSÃO,6074202100071910,223592,2021,01,5,
2429793,18879,2021,6074202000060223,342886661,34,10,17/09/2021 10:51:43,23/09/2021 00:00:00,23/09/2021 00:00:00,61695227000517,ELETROPAULO ELET.DE SAO PAULO S/A,56.97,0.0,56.97,FATURA,BAIXA TENSÃO,6074202100064379,198287,2021,01,5,
2429793,18879,2021,6074202000060223,343355112,34,10,07/10/2021 18:01:25,25/10/2021 00:00:00,25/10/2021 00:00:00,61695227000517,ELETROPAULO ELET.DE SAO PAULO S/A,344.59,0.0,344.59,FATURA,BAIXA TENSÃO,6074202100071910,223626,2021,01,5,
2429793,18879,2021,6074202000060223,343761801,34,10,07/10/2021 18:01:25,25/10/2021 00:00:00,25/10/2021 00:00:00,61695227000517,ELETROPAULO ELET.DE SAO PAULO S/A,294.86,0.0,294.86,FATURA,BAIXA TENSÃO,6074202100071910,223696,2021,01,5,
2429793,18879,2021,6074202000060223,344984949,34,10,07/10/2021 18:01:25,25/10/2021 00:00:00,25/10/2021 00:00:00,61695227000517,ELETROPAULO ELET.DE SAO PAULO S/A,925.13,0.0,925.13,FATURA,BAIXA TENSÃO,6074202100071910,223679,2021,01,5,
2429793,18879,2021,6074202000060223,344984949,34,10,07/10/2021 18:01:25,25/10/2021 00:00:00,25/10/2021 00:00:00,61695227000517,ELETROPAULO ELET.DE SAO PAULO S/A,925.13,0.0,925.13,FATURA,BAIXA TENSÃO,6074202100071910,223679,2021,01,5,
2429793,18879,2021,6074202000060223,349449698,34,10,07/10/2021 18:01:25,25/10/2021 00:00:00,25/10/2021 00:00:00,61695227000517,ELETROPAULO ELET.DE SAO PAULO S/A,265.93,0.0,265.93,FATURA,BAIXA TENSÃO,6074202100071910,223592,2021,01,5,
2429793,18879,2021,6074202000060223,346181825,34,10,07/10/2021 18:01:25,25/10/2021 00:00:00,25/10/2021 00:00:00,61695227000517,ELETROPAULO ELET.DE SAO PAULO S/A,291.32,0.0,291.32,FATURA,BAIXA TENSÃO,6074202100071910,223705,2021,01,5,
2429793,18879,2021,6074202000060223,344567970,34,10,07/10/2021 18:01:25,25/10/2021 00:00:00,25/10/2021 00:00:00,61695227000517,ELETROPAULO ELET.DE SAO PAULO S/A,265.12,0.0,265.12,FATURA,BAIXA TENSÃO,6074202100071910,223664,2021,01,5,
2429793,18879,2021,6074202000060223,342886661,34,10,17/09/2021 10:51:43,23/09/2021 00:00:00,23/09/2021 00:00:00,61695227000517,ELETROPAULO ELET.DE SAO PAULO S/A,56.97,0.0,56.97,FATURA,BAIXA TENSÃO,6074202100064379,198287,2021,01,5,
2429793,18879,2021,6074202000060223,346958900,34,10,07/10/2021 18:01:25,25/10/2021 00:00:00,25/10/2021 00:00:00,61695227000517,ELETROPAULO ELET.DE SAO PAULO S/A,77.65,0.0,77.65,FATURA,BAIXA TENSÃO,6074202100071910,223707,2021,01,5,
2429793,18879,2021,6074202000060223,347839552,34,10,07/10/2021 18:01:25,25/10/2021 00:00:00,25/10/2021 00:00:00,61695227000517,ELETROPAULO ELET.DE SAO PAULO S/A,57.46,0.0,57.46,FATURA,BAIXA TENSÃO,6074202100071910,223682,2021,01,5,
2429793,18879,2021,6074202000060223,348580263,34,10,07/10/2021 18:01:25,25/10/2021 00:00:00,25/10/2021 00:00:00,61695227000517,ELETROPAULO ELET.DE SAO PAULO S/A,340.87,0.0,340.87,FATURA,BAIXA TENSÃO,6074202100071910,223638,2021,01,5,
2429793,18879,2021,6074202000060223,346968985,34,10,07/10/2021 18:01:25,25/10/2021 00:00:00,25/10/2021 00:00:00,61695227000517,ELETROPAULO ELET.DE SAO PAULO S/A,294.55,0.0,294.55,FATURA,BAIXA TENSÃO,6074202100071910,223574,2021,01,5,
2429793,18879,2021,6074202000060223,346968985,34,10,07/10/2021 18:01:25,25/10/2021 00:00:00,25/10/2021 00:00:00,61695227000517,ELETROPAULO ELET.DE SAO PAULO S/A,294.55,0.0,294.55,FATURA,BAIXA TENSÃO,6074202100071910,223574,2021,01,5,
2429793,18879,2021,6074202000060223,349017456,34,10,07/10/2021 18:01:25,25/10/2021 00:00:00,25/10/2021 00:00:00,61695227000517,ELETROPAULO ELET.DE SAO PAULO S/A,333.61,0.0,333.61,FATURA,BAIXA TENSÃO,6074202100071910,223617,2021,01,5,
2429793,18879,2021,6074202000060223,343412128,34,10,07/10/2021 18:01:25,25/10/2021 00:00:00,25/10/2021 00:00:00,61695227000517,ELETROPAULO ELET.DE SAO PAULO S/A,311.39,0.0,311.39,FATURA,BAIXA TENSÃO,6074202100071910,223672,2021,01,5,
2429793,18879,2021,6074202000060223,349017456,34,10,07/10/2021 18:01:25,25/10/2021 00:00:00,25/10/2021 00:00:00,61695227000517,ELETROPAULO ELET.DE SAO PAULO S/A,333.61,0.0,333.61,FATURA,BAIXA TENSÃO,6074202100071910,223617,2021,01,5,
2429793,18879,2021,6074202000060223,346958900,34,10,07/10/2021 18:01:25,25/10/2021 00:00:00,25/10/2021 00:00:00,61695227000517,ELETROPAULO ELET.DE SAO PAULO S/A,77.65,0.0,77.65,FATURA,BAIXA TENSÃO,6074202100071910,223707,2021,01,5,
2429793,18879,2021,6074202000060223,347839552,34,10,07/10/2021 18:01:25,25/10/2021 00:00:00,25/10/2021 00:00:00,61695227000517,ELETROPAULO ELET.DE SAO PAULO S/A,57.46,0.0,57.46,FATURA,BAIXA TENSÃO,6074202100071910,223682,2021,01,5,
2429793,18879,2021,6074202000060223,350964315,34,10,07/10/2021 18:01:25,25/10/2021 00:00:00,25/10/2021 00:00:00,61695227000517,ELETROPAULO ELET.DE SAO PAULO S/A,206.0,0.0,206.0,FATURA,BAIXA TENSÃO,6074202100071910,223712,2021,01,5,
2429793,18879,2021,6074202000060223,350984921,34,10,07/10/2021 18:01:25,25/10/2021 00:00:00,25/10/2021 00:00:00,61695227000517,ELETROPAULO ELET.DE SAO PAULO S/A,121.89,0.0,121.89,FATURA,BAIXA TENSÃO,6074202100071910,223714,2021,01,5,
2429793,18879,2021,6074202000060223,346181825,34,10,07/10/2021 18:01:25,25/10/2021 00:00:00,25/10/2021 00:00:00,61695227000517,ELETROPAULO ELET.DE SAO PAULO S/A,291.32,0.0,291.32,FATURA,BAIXA TENSÃO,6074202100071910,223705,2021,01,5,
2429793,18879,2021,6074202000060223,346958900,34,10,07/10/2021 18:01:25,25/10/2021 00:00:00,25/10/2021 00:00:00,61695227000517,ELETROPAULO ELET.DE SAO PAULO S/A,77.65,0.0,77.65,FATURA,BAIXA TENSÃO,6074202100071910,223707,2021,01,5,
2429793,18879,2021,6074202000060223,347839552,34,10,07/10/2021 18:01:25,25/10/2021 00:00:00,25/10/2021 00:00:00,61695227000517,ELETROPAULO ELET.DE SAO PAULO S/A,57.46,0.0,57.46,FATURA,BAIXA TENSÃO,6074202100071910,223682,2021,01,5,
2429793,18879,2021,6074202000060223,349008961,34,10,07/10/2021 18:01:25,25/10/2021 00:00:00,25/10/2021 00:00:00,61695227000517,ELETROPAULO ELET.DE SAO PAULO S/A,337.25,0.0,337.25,FATURA,MÉDIA TENSÃO CONTA,6074202100071910,223735,2021,01,5,
2429793,18879,2021,6074202000060223,343412128,34,10,07/10/2021 18:01:25,25/10/2021 00:00:00,25/10/2021 00:00:00,61695227000517,ELETROPAULO ELET.DE SAO PAULO S/A,311.39,0.0,311.39,FATURA,BAIXA TENSÃO,6074202100071910,223672,2021,01,5,
2429793,18879,2021,6074202000060223,347380468,34,10,07/10/2021 18:01:25,25/10/2021 00:00:00,25/10/2021 00:00:00,61695227000517,ELETROPAULO ELET.DE SAO PAULO S/A,342.88,0.0,342.88,FATURA,BAIXA TENSÃO,6074202100071910,223700,2021,01,5,
2429793,18879,2021,6074202000060223,343411413,34,10,07/10/2021 18:01:25,25/10/2021 00:00:00,25/10/2021 00:00:00,61695227000517,ELETROPAULO ELET.DE SAO PAULO S/A,192.39,0.0,192.39,FATURA,BAIXA TENSÃO,6074202100071910,223676,2021,01,5,
2429793,18879,2021,6074202000060223,347380468,34,10,07/10/2021 18:01:25,25/10/2021 00:00:00,25/10/2021 00:00:00,61695227000517,ELETROPAULO ELET.DE SAO PAULO S/A,342.88,0.0,342.88,FATURA,BAIXA TENSÃO,6074202100071910,223700,2021,01,5,
2429793,18879,2021,6074202000060223,343412128,34,10,07/10/2021 18:01:25,25/10/2021 00:00:00,25/10/2021 00:00:00,61695227000517,ELETROPAULO ELET.DE SAO PAULO S/A,311.39,0.0,311.39,FATURA,BAIXA TENSÃO,6074202100071910,223672,2021,01,5,
2429793,18879,2021,6074202000060223,350964315,34,10,07/10/2021 18:01:25,25/10/2021 00:00:00,25/10/2021 00:00:00,61695227000517,ELETROPAULO ELET.DE SAO PAULO S/A,206.0,0.0,206.0,FATURA,BAIXA TENSÃO,6074202100071910,223712,2021,01,5,
2429793,18879,2021,6074202000060223,350984921,34,10,07/10/2021 18:01:25,25/10/2021 00:00:00,25/10/2021 00:00:00,61695227000517,ELETROPAULO ELET.DE SAO PAULO S/A,121.89,0.0,121.89,FATURA,BAIXA TENSÃO,6074202100071910,223714,2021,01,5,
2429793,18879,2021,6074202000060223,343411413,34,10,07/10/2021 18:01:25,25/10/2021 00:00:00,25/10/2021 00:00:00,61695227000517,ELETROPAULO ELET.DE SAO PAULO S/A,192.39,0.0,192.39,FATURA,BAIXA TENSÃO,6074202100071910,223676,2021,01,5,
2429793,18879,2021,6074202000060223,347380468,34,10,07/10/2021 18:01:25,25/10/2021 00:00:00,25/10/2021 00:00:00,61695227000517,ELETROPAULO ELET.DE SAO PAULO S/A,342.88,0.0,342.88,FATURA,BAIXA TENSÃO,6074202100071910,223700,2021,01,5,
2429793,18879,2021,6074202000060223,343770598,34,10,07/10/2021 18:01:25,25/10/2021 00:00:00,25/10/2021 00:00:00,61695227000517,ELETROPAULO ELET.DE SAO PAULO S/A,290.96,0.0,290.96,FATURA,BAIXA TENSÃO,6074202100071910,223510,2021,01,5,
2429793,18879,2021,6074202000060223,345826961,34,10,07/10/2021 18:01:25,25/10/2021 00:00:00,25/10/2021 00:00:00,61695227000517,ELETROPAULO ELET.DE SAO PAULO S/A,217.64,0.0,217.64,FATURA,BAIXA TENSÃO,6074202100071910,223655,2021,01,5,
2429793,18879,2021,6074202000060223,346968039,34,10,07/10/2021 18:01:25,25/10/2021 00:00:00,25/10/2021 00:00:00,61695227000517,ELETROPAULO ELET.DE SAO PAULO S/A,327.11,0.0,327.11,FATURA,BAIXA TENSÃO,6074202100071910,223668,2021,01,5,
2429793,18879,2021,6074202000060223,349782424,34,10,07/10/2021 18:01:25,25/10/2021 00:00:00,25/10/2021 00:00:00,61695227000517,ELETROPAULO ELET.DE SAO PAULO S/A,426.24,0.0,426.24,FATURA,BAIXA TENSÃO,6074202100071910,223650,2021,01,5,
2429793,18879,2021,6074202000060223,346199424,34,10,07/10/2021 18:01:25,25/10/2021 00:00:00,25/10/2021 00:00:00,61695227000517,ELETROPAULO ELET.DE SAO PAULO S/A,284.12,0.0,284.12,FATURA,BAIXA TENSÃO,6074202100071910,223611,2021,01,5,
2429793,18879,2021,6074202000060223,350998845,34,10,07/10/2021 18:01:25,25/10/2021 00:00:00,25/10/2021 00:00:00,61695227000517,ELETROPAULO ELET.DE SAO PAULO S/A,276.21,0.0,276.21,FATURA,BAIXA TENSÃO,6074202100071910,223693,2021,01,5,
2429793,18879,2021,6074202000060223,345359831,34,10,07/10/2021 18:01:25,25/10/2021 00:00:00,25/10/2021 00:00:00,61695227000517,ELETROPAULO ELET.DE SAO PAULO S/A,300.06,0.0,300.06,FATURA,BAIXA TENSÃO,6074202100071910,223649,2021,01,5,
2429793,18879,2021,6074202000060223,348147511,34,10,07/10/2021 18:01:25,25/10/2021 00:00:00,25/10/2021 00:00:00,61695227000517,ELETROPAULO ELET.DE SAO PAULO S/A,408.09,0.0,408.09,FATURA,BAIXA TENSÃO,6074202100071910,223732,2021,01,5,
2429793,18879,2021,6074202000060223,350988926,34,10,18/10/2021 16:20:16,25/10/2021 00:00:00,25/10/2021 00:00:00,61695227000517,ELETROPAULO ELET.DE SAO PAULO S/A,58.11,0.0,58.11,FATURA,BAIXA TENSÃO,6074202100071910,223728,2021,01,5,
2429793,18879,2021,6074202000060223,354240388,34,10,05/11/2021 18:00:38,23/11/2021 00:00:00,30/11/2021 00:00:00,61695227000517,ELETROPAULO ELET.DE SAO PAULO S/A,313.66,0.0,313.66,FATURA,BAIXA TENSÃO,6074202100079147,253042,2021,01,5,
2429793,18879,2021,6074202000060223,358252497,34,10,05/11/2021 18:00:38,23/11/2021 00:00:00,30/11/2021 00:00:00,61695227000517,ELETROPAULO ELET.DE SAO PAULO S/A,370.68,0.0,370.68,FATURA,BAIXA TENSÃO,6074202100079147,252776,2021,01,5,
2429793,18879,2021,6074202000060223,353492639,34,10,05/11/2021 18:00:38,23/11/2021 00:00:00,30/11/2021 00:00:00,61695227000517,ELETROPAULO ELET.DE SAO PAULO S/A,211.77,0.0,211.77,FATURA,BAIXA TENSÃO,6074202100079147,252972,2021,01,5,
2429793,18879,2021,6074202000060223,357053074,34,10,05/11/2021 18:00:38,23/11/2021 00:00:00,30/11/2021 00:00:00,61695227000517,ELETROPAULO ELET.DE SAO PAULO S/A,196.21,0.0,196.21,FATURA,BAIXA TENSÃO,6074202100079147,252944,2021,01,5,
2429793,18879,2021,6074202000060223,354651847,34,10,05/11/2021 18:00:38,23/11/2021 00:00:00,30/11/2021 00:00:00,61695227000517,ELETROPAULO ELET.DE SAO PAULO S/A,348.17,0.0,348.17,FATURA,BAIXA TENSÃO,6074202100079147,252772,2021,01,5,
2429793,18879,2021,6074202000060223,357119423,34,10,05/11/2021 18:00:38,23/11/2021 00:00:00,30/11/2021 00:00:00,61695227000517,ELETROPAULO ELET.DE SAO PAULO S/A,284.55,0.0,284.55,FATURA,MÉDIA TENSÃO CONTA,6074202100079147,253099,2021,01,5,
2429793,18879,2021,6074202000060223,358644068,34,10,05/11/2021 18:00:38,23/11/2021 00:00:00,30/11/2021 00:00:00,61695227000517,ELETROPAULO ELET.DE SAO PAULO S/A,276.29,0.0,276.29,FATURA,BAIXA TENSÃO,6074202100079147,252914,2021,01,5,
2429793,18879,2021,6074202000060223,351451328,34,10,05/11/2021 18:00:38,23/11/2021 00:00:00,30/11/2021 00:00:00,61695227000517,ELETROPAULO ELET.DE SAO PAULO S/A,250.12,0.0,250.12,FATURA,BAIXA TENSÃO,6074202100079147,253066,2021,01,5,
2429793,18879,2021,6074202000060223,357953295,34,10,05/11/2021 18:00:38,23/11/2021 00:00:00,30/11/2021 00:00:00,61695227000517,ELETROPAULO ELET.DE SAO PAULO S/A,276.29,0.0,276.29,FATURA,BAIXA TENSÃO,6074202100079147,252999,2021,01,5,
2429793,18879,2021,6074202000060223,355031697,34,10,05/11/2021 18:00:38,23/11/2021 00:00:00,30/11/2021 00:00:00,61695227000517,ELETROPAULO ELET.DE SAO PAULO S/A,210.85,0.0,210.85,FATURA,BAIXA TENSÃO,6074202100079147,252897,2021,01,5,
2429793,18879,2021,6074202000060223,364722736,34,10,04/12/2021 18:02:54,23/12/2021 00:00:00,23/12/2021 00:00:00,61695227000517,ELETROPAULO ELET.DE SAO PAULO S/A,410.34,0.0,410.34,FATURA,BAIXA TENSÃO,6074202100086984,279614,2021,01,5,
2429793,18879,2021,6074202000060223,354252912,34,10,05/11/2021 18:00:38,23/11/2021 00:00:00,30/11/2021 00:00:00,61695227000517,ELETROPAULO ELET.DE SAO PAULO S/A,263.19,0.0,263.19,FATURA,BAIXA TENSÃO,6074202100079147,252785,2021,01,5,
2429793,18879,2021,6074202000060223,359032659,34,10,05/11/2021 18:00:38,23/11/2021 00:00:00,30/11/2021 00:00:00,61695227000517,ELETROPAULO ELET.DE SAO PAULO S/A,258.52,0.0,258.52,FATURA,BAIXA TENSÃO,6074202100079147,253023,2021,01,5,
2429793,18879,2021,6074202000060223,359070669,34,10,05/11/2021 18:00:38,23/11/2021 00:00:00,30/11/2021 00:00:00,61695227000517,ELETROPAULO ELET.DE SAO PAULO S/A,250.12,0.0,250.12,FATURA,BAIXA TENSÃO,6074202100079147,252976,2021,01,5,
2429793,18879,2021,6074202000060223,359107691,34,10,05/11/2021 18:00:38,23/11/2021 00:00:00,30/11/2021 00:00:00,61695227000517,ELETROPAULO ELET.DE SAO PAULO S/A,127.61,0.0,127.61,FATURA,BAIXA TENSÃO,6074202100079147,253071,2021,01,5,
2429793,18879,2021,6074202000060223,351832795,34,10,05/11/2021 18:00:38,23/11/2021 00:00:00,30/11/2021 00:00:00,61695227000517,ELETROPAULO ELET.DE SAO PAULO S/A,348.9,0.0,348.9,FATURA,BAIXA TENSÃO,6074202100079147,253028,2021,01,5,
2429793,18879,2021,6074202000060223,359106286,34,10,24/11/2021 17:39:37,23/11/2021 00:00:00,30/11/2021 00:00:00,61695227000517,ELETROPAULO ELET.DE SAO PAULO S/A,58.46,0.0,58.46,FATURA,BAIXA TENSÃO,6074202100079147,253087,2021,01,5,
2429793,18879,2021,6074202000060223,356663003,34,10,05/11/2021 18:00:38,23/11/2021 00:00:00,30/11/2021 00:00:00,61695227000517,ELETROPAULO ELET.DE SAO PAULO S/A,246.37,0.0,246.37,FATURA,BAIXA TENSÃO,6074202100079147,252904,2021,01,5,
2429793,18879,2021,6074202000060223,353436885,34,10,05/11/2021 18:00:38,23/11/2021 00:00:00,30/11/2021 00:00:00,61695227000517,ELETROPAULO ELET.DE SAO PAULO S/A,284.68,0.0,284.68,FATURA,BAIXA TENSÃO,6074202100079147,252922,2021,01,5,
2429793,18879,2021,6074202000060223,355043941,34,10,05/11/2021 18:00:38,23/11/2021 00:00:00,30/11/2021 00:00:00,61695227000517,ELETROPAULO ELET.DE SAO PAULO S/A,248.23,0.0,248.23,FATURA,BAIXA TENSÃO,6074202100079147,252730,2021,01,5,
2429793,18879,2021,6074202000060223,359106286,34,10,24/11/2021 17:39:37,23/11/2021 00:00:00,30/11/2021 00:00:00,61695227000517,ELETROPAULO ELET.DE SAO PAULO S/A,58.46,0.0,58.46,FATURA,BAIXA TENSÃO,6074202100079147,253087,2021,01,5,
2429793,18879,2021,6074202000060223,359106286,34,10,24/11/2021 17:39:37,23/11/2021 00:00:00,30/11/2021 00:00:00,61695227000517,ELETROPAULO ELET.DE SAO PAULO S/A,58.46,0.0,58.46,FATURA,BAIXA TENSÃO,6074202100079147,253087,2021,01,5,
2429793,18879,2021,6074202000060223,358252497,34,10,05/11/2021 18:00:38,23/11/2021 00:00:00,30/11/2021 00:00:00,61695227000517,ELETROPAULO ELET.DE SAO PAULO S/A,370.68,0.0,370.68,FATURA,BAIXA TENSÃO,6074202100079147,252776,2021,01,5,
2429793,18879,2021,6074202000060223,357053074,34,10,05/11/2021 18:00:38,23/11/2021 00:00:00,30/11/2021 00:00:00,61695227000517,ELETROPAULO ELET.DE SAO PAULO S/A,196.21,0.0,196.21,FATURA,BAIXA TENSÃO,6074202100079147,252944,2021,01,5,
2429793,18879,2021,6074202000060223,354651847,34,10,05/11/2021 18:00:38,23/11/2021 00:00:00,30/11/2021 00:00:00,61695227000517,ELETROPAULO ELET.DE SAO PAULO S/A,348.17,0.0,348.17,FATURA,BAIXA TENSÃO,6074202100079147,252772,2021,01,5,
2429793,18879,2021,6074202000060223,355056088,34,10,05/11/2021 18:00:38,23/11/2021 00:00:00,30/11/2021 00:00:00,61695227000517,ELETROPAULO ELET.DE SAO PAULO S/A,272.54,0.0,272.54,FATURA,BAIXA TENSÃO,6074202100079147,252970,2021,01,5,
2429793,18879,2021,6074202000060223,357854551,34,10,05/11/2021 18:00:38,23/11/2021 00:00:00,30/11/2021 00:00:00,61695227000517,ELETROPAULO ELET.DE SAO PAULO S/A,483.82,0.0,483.82,FATURA,BAIXA TENSÃO,6074202100079147,252926,2021,01,5,
2429793,18879,2021,6074202000060223,356657448,34,10,05/11/2021 18:00:38,23/11/2021 00:00:00,30/11/2021 00:00:00,61695227000517,ELETROPAULO ELET.DE SAO PAULO S/A,246.37,0.0,246.37,FATURA,BAIXA TENSÃO,6074202100079147,252547,2021,01,5,
2429793,18879,2021,6074202000060223,351835162,34,10,05/11/2021 18:00:38,23/11/2021 00:00:00,30/11/2021 00:00:00,61695227000517,ELETROPAULO ELET.DE SAO PAULO S/A,321.3,0.0,321.3,FATURA,BAIXA TENSÃO,6074202100079147,252537,2021,01,5,
2429793,18879,2021,6074202000060223,356729449,34,10,05/11/2021 18:00:38,23/11/2021 00:00:00,30/11/2021 00:00:00,61695227000517,ELETROPAULO ELET.DE SAO PAULO S/A,77.15,0.0,77.15,FATURA,BAIXA TENSÃO,6074202100079147,253047,2021,01,5,
2429793,18879,2021,6074202000060223,356334904,34,10,05/11/2021 18:00:38,23/11/2021 00:00:00,30/11/2021 00:00:00,61695227000517,ELETROPAULO ELET.DE SAO PAULO S/A,58.46,0.0,58.46,FATURA,BAIXA TENSÃO,6074202100079147,252990,2021,01,5,
2429793,18879,2021,6074202000060223,351451328,34,10,05/11/2021 18:00:38,23/11/2021 00:00:00,30/11/2021 00:00:00,61695227000517,ELETROPAULO ELET.DE SAO PAULO S/A,250.12,0.0,250.12,FATURA,BAIXA TENSÃO,6074202100079147,253066,2021,01,5,
2429793,18879,2021,6074202000060223,363066805,34,10,04/12/2021 18:02:54,23/12/2021 00:00:00,23/12/2021 00:00:00,61695227000517,ELETROPAULO ELET.DE SAO PAULO S/A,99.65,0.0,99.65,FATURA,BAIXA TENSÃO,6074202100086984,279181,2021,01,5,
2429793,18879,2021,6074202000060223,351835162,34,10,05/11/2021 18:00:38,23/11/2021 00:00:00,30/11/2021 00:00:00,61695227000517,ELETROPAULO ELET.DE SAO PAULO S/A,321.3,0.0,321.3,FATURA,BAIXA TENSÃO,6074202100079147,252537,2021,01,5,
2429793,18879,2021,6074202000060223,365119470,34,10,04/12/2021 18:02:54,23/12/2021 00:00:00,23/12/2021 00:00:00,61695227000517,ELETROPAULO ELET.DE SAO PAULO S/A,292.42,0.0,292.42,FATURA,MÉDIA TENSÃO CONTA,6074202100086984,279925,2021,01,5,
2429793,18879,2021,6074202000060223,353913629,34,10,05/11/2021 18:00:38,23/11/2021 00:00:00,30/11/2021 00:00:00,61695227000517,ELETROPAULO ELET.DE SAO PAULO S/A,425.84,0.0,425.84,FATURA,BAIXA TENSÃO,6074202100079147,252911,2021,01,5,
2429793,18879,2021,6074202000060223,356334904,34,10,05/11/2021 18:00:38,23/11/2021 00:00:00,30/11/2021 00:00:00,61695227000517,ELETROPAULO ELET.DE SAO PAULO S/A,58.46,0.0,58.46,FATURA,BAIXA TENSÃO,6074202100079147,252990,2021,01,5,
2429793,18879,2021,6074202000060223,359937313,34,10,04/12/2021 18:02:54,23/12/2021 00:00:00,23/12/2021 00:00:00,61695227000517,ELETROPAULO ELET.DE SAO PAULO S/A,252.19,0.0,252.19,FATURA,BAIXA TENSÃO,6074202100086984,279747,2021,01,5,
2429793,18879,2021,6074202000060223,356233476,34,10,05/11/2021 18:00:38,23/11/2021 00:00:00,30/11/2021 00:00:00,61695227000517,ELETROPAULO ELET.DE SAO PAULO S/A,369.91,0.0,369.91,FATURA,BAIXA TENSÃO,6074202100079147,253094,2021,01,5,
2429793,18879,2021,6074202000060223,351918614,34,10,05/11/2021 18:00:38,23/11/2021 00:00:00,30/11/2021 00:00:00,61695227000517,ELETROPAULO ELET.DE SAO PAULO S/A,195.87,0.0,195.87,FATURA,BAIXA TENSÃO,6074202100079147,252986,2021,01,5,
2429793,18879,2021,6074202000060223,355415027,34,10,05/11/2021 18:00:38,23/11/2021 00:00:00,30/11/2021 00:00:00,61695227000517,ELETROPAULO ELET.DE SAO PAULO S/A,333.31,0.0,333.31,FATURA,BAIXA TENSÃO,6074202100079147,253031,2021,01,5,
2429793,18879,2021,6074202000060223,354252912,34,10,05/11/2021 18:00:38,23/11/2021 00:00:00,30/11/2021 00:00:00,61695227000517,ELETROPAULO ELET.DE SAO PAULO S/A,263.19,0.0,263.19,FATURA,BAIXA TENSÃO,6074202100079147,252785,2021,01,5,
2429793,18879,2021,6074202000060223,359032659,34,10,05/11/2021 18:00:38,23/11/2021 00:00:00,30/11/2021 00:00:00,61695227000517,ELETROPAULO ELET.DE SAO PAULO S/A,258.52,0.0,258.52,FATURA,BAIXA TENSÃO,6074202100079147,253023,2021,01,5,
2429793,18879,2021,6074202000060223,359070669,34,10,05/11/2021 18:00:38,23/11/2021 00:00:00,30/11/2021 00:00:00,61695227000517,ELETROPAULO ELET.DE SAO PAULO S/A,250.12,0.0,250.12,FATURA,BAIXA TENSÃO,6074202100079147,252976,2021,01,5,
2429793,18879,2021,6074202000060223,359107691,34,10,05/11/2021 18:00:38,23/11/2021 00:00:00,30/11/2021 00:00:00,61695227000517,ELETROPAULO ELET.DE SAO PAULO S/A,127.61,0.0,127.61,FATURA,BAIXA TENSÃO,6074202100079147,253071,2021,01,5,
2429793,18879,2021,6074202000060223,363115842,34,10,04/12/2021 18:02:54,23/12/2021 00:00:00,23/12/2021 00:00:00,61695227000517,ELETROPAULO ELET.DE SAO PAULO S/A,77.19,0.0,77.19,FATURA,BAIXA TENSÃO,6074202100086984,279903,2021,01,5,
2429793,18879,2021,6074202000060223,356647327,34,10,05/11/2021 18:00:38,23/11/2021 00:00:00,30/11/2021 00:00:00,61695227000517,ELETROPAULO ELET.DE SAO PAULO S/A,413.93,0.0,413.93,FATURA,BAIXA TENSÃO,6074202100079147,252933,2021,01,5,
2429793,18879,2021,6074202000060223,361895439,34,10,04/12/2021 18:02:54,23/12/2021 00:00:00,23/12/2021 00:00:00,61695227000517,ELETROPAULO ELET.DE SAO PAULO S/A,242.82,0.0,242.82,FATURA,BAIXA TENSÃO,6074202100086984,279667,2021,01,5,
2429793,18879,2021,6074202000060223,357120179,34,10,05/11/2021 18:00:38,23/11/2021 00:00:00,30/11/2021 00:00:00,61695227000517,ELETROPAULO ELET.DE SAO PAULO S/A,319.29,0.0,319.29,FATURA,BAIXA TENSÃO,6074202100079147,252882,2021,01,5,
2429793,18879,2021,6074202000060223,363108830,34,10,04/12/2021 18:02:54,23/12/2021 00:00:00,23/12/2021 00:00:00,61695227000517,ELETROPAULO ELET.DE SAO PAULO S/A,188.53,0.0,188.53,FATURA,BAIXA TENSÃO,6074202100086984,279532,2021,01,5,
2429793,18879,2021,6074202000060223,359481415,34,10,04/12/2021 18:02:54,23/12/2021 00:00:00,23/12/2021 00:00:00,61695227000517,ELETROPAULO ELET.DE SAO PAULO S/A,245.62,0.0,245.62,FATURA,BAIXA TENSÃO,6074202100086984,279704,2021,01,5,
2429793,18879,2021,6074202000060223,365196278,34,10,04/12/2021 18:02:54,23/12/2021 00:00:00,23/12/2021 00:00:00,61695227000517,ELETROPAULO ELET.DE SAO PAULO S/A,309.25,0.0,309.25,FATURA,BAIXA TENSÃO,6074202100086984,279232,2021,01,5,
2429793,18879,2021,6074202000060223,365119470,34,10,04/12/2021 18:02:54,23/12/2021 00:00:00,23/12/2021 00:00:00,61695227000517,ELETROPAULO ELET.DE SAO PAULO S/A,292.42,0.0,292.42,FATURA,MÉDIA TENSÃO CONTA,6074202100086984,279925,2021,01,5,
2429793,18879,2021,6074202000060223,355027959,34,10,05/11/2021 18:00:38,23/11/2021 00:00:00,30/11/2021 00:00:00,61695227000517,ELETROPAULO ELET.DE SAO PAULO S/A,99.57,0.0,99.57,FATURA,BAIXA TENSÃO,6074202100079147,252755,2021,01,5,
2429793,18879,2021,6074202000060223,359107151,34,10,05/11/2021 18:00:38,23/11/2021 00:00:00,30/11/2021 00:00:00,61695227000517,ELETROPAULO ELET.DE SAO PAULO S/A,58.46,0.0,58.46,FATURA,BAIXA TENSÃO,6074202100079147,253076,2021,01,5,
2429793,18879,2021,6074202000060223,359107817,34,10,05/11/2021 18:00:38,23/11/2021 00:00:00,30/11/2021 00:00:00,61695227000517,ELETROPAULO ELET.DE SAO PAULO S/A,108.92,0.0,108.92,FATURA,BAIXA TENSÃO,6074202100079147,253079,2021,01,5,
2429793,18879,2021,6074202000060223,357514759,34,10,05/11/2021 18:00:38,23/11/2021 00:00:00,30/11/2021 00:00:00,61695227000517,ELETROPAULO ELET.DE SAO PAULO S/A,228.47,0.0,228.47,FATURA,BAIXA TENSÃO,6074202100079147,252764,2021,01,5,
2429793,18879,2021,6074202000060223,363108830,34,10,04/12/2021 18:02:54,23/12/2021 00:00:00,23/12/2021 00:00:00,61695227000517,ELETROPAULO ELET.DE SAO PAULO S/A,188.53,0.0,188.53,FATURA,BAIXA TENSÃO,6074202100086984,279532,2021,01,5,
2429793,18879,2021,6074202000060223,361895439,34,10,04/12/2021 18:02:54,23/12/2021 00:00:00,23/12/2021 00:00:00,61695227000517,ELETROPAULO ELET.DE SAO PAULO S/A,242.82,0.0,242.82,FATURA,BAIXA TENSÃO,6074202100086984,279667,2021,01,5,
2429793,18879,2021,6074202000060223,351418076,34,10,05/11/2021 18:00:38,23/11/2021 00:00:00,30/11/2021 00:00:00,61695227000517,ELETROPAULO ELET.DE SAO PAULO S/A,395.94,0.0,395.94,FATURA,BAIXA TENSÃO,6074202100079147,252893,2021,01,5,
2429793,18879,2021,6074202000060223,356647327,34,10,05/11/2021 18:00:38,23/11/2021 00:00:00,30/11/2021 00:00:00,61695227000517,ELETROPAULO ELET.DE SAO PAULO S/A,413.93,0.0,413.93,FATURA,BAIXA TENSÃO,6074202100079147,252933,2021,01,5,
2429793,18879,2021,6074202000060223,365119470,34,10,04/12/2021 18:02:54,23/12/2021 00:00:00,23/12/2021 00:00:00,61695227000517,ELETROPAULO ELET.DE SAO PAULO S/A,292.42,0.0,292.42,FATURA,MÉDIA TENSÃO CONTA,6074202100086984,279925,2021,01,5,
2429793,18879,2021,6074202000060223,359107151,34,10,05/11/2021 18:00:38,23/11/2021 00:00:00,30/11/2021 00:00:00,61695227000517,ELETROPAULO ELET.DE SAO PAULO S/A,58.46,0.0,58.46,FATURA,BAIXA TENSÃO,6074202100079147,253076,2021,01,5,
2429793,18879,2021,6074202000060223,359107817,34,10,05/11/2021 18:00:38,23/11/2021 00:00:00,30/11/2021 00:00:00,61695227000517,ELETROPAULO ELET.DE SAO PAULO S/A,108.92,0.0,108.92,FATURA,BAIXA TENSÃO,6074202100079147,253079,2021,01,5,
2429793,18879,2021,6074202000060223,354322497,34,10,05/11/2021 18:00:38,16/11/2021 00:00:00,30/11/2021 00:00:00,61695227000517,ELETROPAULO ELET.DE SAO PAULO S/A,266.82,0.0,266.82,FATURA,BAIXA TENSÃO,6074202100079147,252742,2021,01,5,
2429793,18879,2021,6074202000060223,363066805,34,10,04/12/2021 18:02:54,23/12/2021 00:00:00,23/12/2021 00:00:00,61695227000517,ELETROPAULO ELET.DE SAO PAULO S/A,99.65,0.0,99.65,FATURA,BAIXA TENSÃO,6074202100086984,279181,2021,01,5,
2429793,18879,2021,6074202000060223,362295104,34,10,04/12/2021 18:02:54,23/12/2021 00:00:00,23/12/2021 00:00:00,61695227000517,ELETROPAULO ELET.DE SAO PAULO S/A,214.75,0.0,214.75,FATURA,BAIXA TENSÃO,6074202100086984,279230,2021,01,5,
2429793,18879,2021,6074202000060223,367094424,34,10,04/12/2021 18:02:54,23/12/2021 00:00:00,23/12/2021 00:00:00,61695227000517,ELETROPAULO ELET.DE SAO PAULO S/A,255.01,0.0,255.01,FATURA,BAIXA TENSÃO,6074202100086984,279736,2021,01,5,
2429793,18879,2021,6074202000060223,366005835,34,10,04/12/2021 18:02:54,23/12/2021 00:00:00,23/12/2021 00:00:00,61695227000517,ELETROPAULO ELET.DE SAO PAULO S/A,279.32,0.0,279.32,FATURA,BAIXA TENSÃO,6074202100086984,279718,2021,01,5,
2429793,18879,2021,6074202000060223,366005835,34,10,04/12/2021 18:02:54,23/12/2021 00:00:00,23/12/2021 00:00:00,61695227000517,ELETROPAULO ELET.DE SAO PAULO S/A,279.32,0.0,279.32,FATURA,BAIXA TENSÃO,6074202100086984,279718,2021,01,5,
2429793,18879,2021,6074202000060223,359481415,34,10,04/12/2021 18:02:54,23/12/2021 00:00:00,23/12/2021 00:00:00,61695227000517,ELETROPAULO ELET.DE SAO PAULO S/A,245.62,0.0,245.62,FATURA,BAIXA TENSÃO,6074202100086984,279704,2021,01,5,
2429793,18879,2021,6074202000060223,364308503,34,10,04/12/2021 18:02:54,23/12/2021 00:00:00,23/12/2021 00:00:00,61695227000517,ELETROPAULO ELET.DE SAO PAULO S/A,350.58,0.0,350.58,FATURA,BAIXA TENSÃO,6074202100086984,279923,2021,01,5,
2429793,18879,2021,6074202000060223,359561809,34,10,04/12/2021 18:02:54,23/12/2021 00:00:00,23/12/2021 00:00:00,61695227000517,ELETROPAULO ELET.DE SAO PAULO S/A,199.78,0.0,199.78,FATURA,BAIXA TENSÃO,6074202100086984,279709,2021,01,5,
2429793,18879,2021,6074202000060223,365119470,34,10,04/12/2021 18:02:54,23/12/2021 00:00:00,23/12/2021 00:00:00,61695227000517,ELETROPAULO ELET.DE SAO PAULO S/A,292.42,0.0,292.42,FATURA,MÉDIA TENSÃO CONTA,6074202100086984,279925,2021,01,5,
2429793,18879,2021,6074202000060223,363990647,34,10,04/12/2021 18:02:54,23/12/2021 00:00:00,23/12/2021 00:00:00,61695227000517,ELETROPAULO ELET.DE SAO PAULO S/A,316.95,0.0,316.95,FATURA,BAIXA TENSÃO,6074202100086984,279724,2021,01,5,
2429793,18879,2021,6074202000060223,363990647,34,10,04/12/2021 18:02:54,23/12/2021 00:00:00,23/12/2021 00:00:00,61695227000517,ELETROPAULO ELET.DE SAO PAULO S/A,316.95,0.0,316.95,FATURA,BAIXA TENSÃO,6074202100086984,279724,2021,01,5,
2429793,18879,2021,6074202000060223,363954097,34,10,04/12/2021 18:02:54,23/12/2021 00:00:00,23/12/2021 00:00:00,61695227000517,ELETROPAULO ELET.DE SAO PAULO S/A,243.32,0.0,243.32,FATURA,BAIXA TENSÃO,6074202100086984,279682,2021,01,5,
2429793,18879,2021,6074202000060223,366005835,34,10,04/12/2021 18:02:54,23/12/2021 00:00:00,23/12/2021 00:00:00,61695227000517,ELETROPAULO ELET.DE SAO PAULO S/A,279.32,0.0,279.32,FATURA,BAIXA TENSÃO,6074202100086984,279718,2021,01,5,
2429793,18879,2021,6074202000060223,363990647,34,10,04/12/2021 18:02:54,23/12/2021 00:00:00,23/12/2021 00:00:00,61695227000517,ELETROPAULO ELET.DE SAO PAULO S/A,316.95,0.0,316.95,FATURA,BAIXA TENSÃO,6074202100086984,279724,2021,01,5,
2429793,18879,2021,6074202000060223,362295104,34,10,04/12/2021 18:02:54,23/12/2021 00:00:00,23/12/2021 00:00:00,61695227000517,ELETROPAULO ELET.DE SAO PAULO S/A,214.75,0.0,214.75,FATURA,BAIXA TENSÃO,6074202100086984,279230,2021,01,5,
2429793,18879,2021,6074202000060223,367094424,34,10,04/12/2021 18:02:54,23/12/2021 00:00:00,23/12/2021 00:00:00,61695227000517,ELETROPAULO ELET.DE SAO PAULO S/A,255.01,0.0,255.01,FATURA,BAIXA TENSÃO,6074202100086984,279736,2021,01,5,
2429793,18879,2021,6074202000060223,362295104,34,10,04/12/2021 18:02:54,23/12/2021 00:00:00,23/12/2021 00:00:00,61695227000517,ELETROPAULO ELET.DE SAO PAULO S/A,214.75,0.0,214.75,FATURA,BAIXA TENSÃO,6074202100086984,279230,2021,01,5,
2429793,18879,2021,6074202000060223,367094424,34,10,04/12/2021 18:02:54,23/12/2021 00:00:00,23/12/2021 00:00:00,61695227000517,ELETROPAULO ELET.DE SAO PAULO S/A,255.01,0.0,255.01,FATURA,BAIXA TENSÃO,6074202100086984,279736,2021,01,5,
2429793,18879,2021,6074202000060223,363108830,34,10,04/12/2021 18:02:54,23/12/2021 00:00:00,23/12/2021 00:00:00,61695227000517,ELETROPAULO ELET.DE SAO PAULO S/A,188.53,0.0,188.53,FATURA,BAIXA TENSÃO,6074202100086984,279532,2021,01,5,
2429793,18879,2021,6074202000060223,363173854,34,10,04/12/2021 18:02:54,23/12/2021 00:00:00,23/12/2021 00:00:00,61695227000517,ELETROPAULO ELET.DE SAO PAULO S/A,225.03,0.0,225.03,FATURA,BAIXA TENSÃO,6074202100086984,279692,2021,01,5,
2429793,18879,2021,6074202000060223,365899186,34,10,04/12/2021 18:02:54,23/12/2021 00:00:00,23/12/2021 00:00:00,61695227000517,ELETROPAULO ELET.DE SAO PAULO S/A,392.5,0.0,392.5,FATURA,BAIXA TENSÃO,6074202100086984,279604,2021,01,5,
2429793,18879,2021,6074202000060223,371220473,34,10,07/01/2022 18:01:22,24/01/2022 00:00:00,24/01/2022 00:00:00,61695227000517,ELETROPAULO ELET.DE SAO PAULO S/A,133.57,0.0,133.57,FATURA,BAIXA TENSÃO,6074202200001778,2614,2022,01,5,
2429793,18879,2021,6074202000060223,368001089,34,10,07/01/2022 18:01:22,24/01/2022 00:00:00,24/01/2022 00:00:00,61695227000517,ELETROPAULO ELET.DE SAO PAULO S/A,264.02,0.0,264.02,FATURA,BAIXA TENSÃO,6074202200001778,2929,2022,01,5,
2429793,18879,2021,6074202000060223,355891649,34,10,05/11/2021 18:00:38,23/11/2021 00:00:00,30/11/2021 00:00:00,61695227000517,ELETROPAULO ELET.DE SAO PAULO S/A,272.06,0.0,272.06,FATURA,BAIXA TENSÃO,6074202100079147,252966,2021,01,5,
2429793,18879,2021,6074202000060223,352642176,34,10,05/11/2021 18:00:38,23/11/2021 00:00:00,30/11/2021 00:00:00,61695227000517,ELETROPAULO ELET.DE SAO PAULO S/A,409.98,0.0,409.98,FATURA,BAIXA TENSÃO,6074202100079147,253035,2021,01,5,
2429793,18879,2021,6074202000060223,371220473,34,10,07/01/2022 18:01:22,24/01/2022 00:00:00,24/01/2022 00:00:00,61695227000517,ELETROPAULO ELET.DE SAO PAULO S/A,133.57,0.0,133.57,FATURA,BAIXA TENSÃO,6074202200001778,2614,2022,01,5,
2429793,18879,2021,6074202000060223,367155867,34,10,16/12/2021 15:59:09,23/12/2021 00:00:00,23/12/2021 00:00:00,61695227000517,ELETROPAULO ELET.DE SAO PAULO S/A,58.11,0.0,58.11,FATURA,BAIXA TENSÃO,6074202100086984,279920,2021,01,5,
2429793,18879,2021,6074202000060223,372789915,34,10,07/01/2022 18:01:22,24/01/2022 00:00:00,24/01/2022 00:00:00,61695227000517,ELETROPAULO ELET.DE SAO PAULO S/A,479.37,0.0,479.37,FATURA,BAIXA TENSÃO,6074202200001778,2657,2022,01,5,
2429793,18879,2021,6074202000060223,371226748,34,10,07/01/2022 18:01:22,24/01/2022 00:00:00,24/01/2022 00:00:00,61695227000517,ELETROPAULO ELET.DE SAO PAULO S/A,78.69,0.0,78.69,FATURA,BAIXA TENSÃO,6074202200001778,2952,2022,01,5,
2429793,18879,2021,6074202000060223,371608289,34,10,07/01/2022 18:01:22,24/01/2022 00:00:00,24/01/2022 00:00:00,61695227000517,ELETROPAULO ELET.DE SAO PAULO S/A,58.45,0.0,58.45,FATURA,BAIXA TENSÃO,6074202200001778,2904,2022,01,5,
2429793,18879,2021,6074202000060223,373177286,34,10,07/01/2022 18:01:22,24/01/2022 00:00:00,24/01/2022 00:00:00,61695227000517,ELETROPAULO ELET.DE SAO PAULO S/A,304.23,0.0,304.23,FATURA,MÉDIA TENSÃO CONTA,6074202200001778,3004,2022,01,5,
2429793,18879,2021,6074202000060223,373609123,34,10,07/01/2022 18:01:22,24/01/2022 00:00:00,24/01/2022 00:00:00,61695227000517,ELETROPAULO ELET.DE SAO PAULO S/A,252.27,0.0,252.27,FATURA,BAIXA TENSÃO,6074202200001778,2620,2022,01,5,
2429793,18879,2021,6074202000060223,370033836,34,10,07/01/2022 18:01:22,24/01/2022 00:00:00,24/01/2022 00:00:00,61695227000517,ELETROPAULO ELET.DE SAO PAULO S/A,191.12,0.0,191.12,FATURA,BAIXA TENSÃO,6074202200001778,2853,2022,01,5,
2429793,18879,2021,6074202000060223,371204103,34,10,07/01/2022 18:01:22,24/01/2022 00:00:00,24/01/2022 00:00:00,61695227000517,ELETROPAULO ELET.DE SAO PAULO S/A,322.7,0.0,322.7,FATURA,BAIXA TENSÃO,6074202200001778,2584,2022,01,5,
2429793,18879,2021,6074202000060223,367619932,34,10,07/01/2022 18:01:22,24/01/2022 00:00:00,24/01/2022 00:00:00,61695227000517,ELETROPAULO ELET.DE SAO PAULO S/A,258.24,0.0,258.24,FATURA,BAIXA TENSÃO,6074202200001778,2892,2022,01,5,
2429793,18879,2021,6074202000060223,373240980,34,10,07/01/2022 18:01:22,24/01/2022 00:00:00,24/01/2022 00:00:00,61695227000517,ELETROPAULO ELET.DE SAO PAULO S/A,305.39,0.0,305.39,FATURA,BAIXA TENSÃO,6074202200001778,2645,2022,01,5,
2429793,18879,2021,6074202000060223,373609123,34,10,07/01/2022 18:01:22,24/01/2022 00:00:00,24/01/2022 00:00:00,61695227000517,ELETROPAULO ELET.DE SAO PAULO S/A,252.27,0.0,252.27,FATURA,BAIXA TENSÃO,6074202200001778,2620,2022,01,5,
2429793,18879,2021,6074202000060223,368001089,34,10,07/01/2022 18:01:22,24/01/2022 00:00:00,24/01/2022 00:00:00,61695227000517,ELETROPAULO ELET.DE SAO PAULO S/A,264.02,0.0,264.02,FATURA,BAIXA TENSÃO,6074202200001778,2929,2022,01,5,
2429793,18879,2021,6074202000060223,367604740,34,10,07/01/2022 18:01:22,24/01/2022 00:00:00,24/01/2022 00:00:00,61695227000517,ELETROPAULO ELET.DE SAO PAULO S/A,393.93,0.0,393.93,FATURA,BAIXA TENSÃO,6074202200001778,2651,2022,01,5,
2429793,18879,2021,6074202000060223,372013827,34,10,07/01/2022 18:01:22,24/01/2022 00:00:00,24/01/2022 00:00:00,61695227000517,ELETROPAULO ELET.DE SAO PAULO S/A,286.51,0.0,286.51,FATURA,BAIXA TENSÃO,6074202200001778,2884,2022,01,5,
2429793,18879,2021,6074202000060223,370419768,34,10,07/01/2022 18:01:22,24/01/2022 00:00:00,24/01/2022 00:00:00,61695227000517,ELETROPAULO ELET.DE SAO PAULO S/A,330.44,0.0,330.44,FATURA,BAIXA TENSÃO,6074202200001778,2944,2022,01,5,
2429793,18879,2021,6074202000060223,367604740,34,10,07/01/2022 18:01:22,24/01/2022 00:00:00,24/01/2022 00:00:00,61695227000517,ELETROPAULO ELET.DE SAO PAULO S/A,393.93,0.0,393.93,FATURA,BAIXA TENSÃO,6074202200001778,2651,2022,01,5,
2429793,18879,2021,6074202000060223,367604740,34,10,07/01/2022 18:01:22,24/01/2022 00:00:00,24/01/2022 00:00:00,61695227000517,ELETROPAULO ELET.DE SAO PAULO S/A,393.93,0.0,393.93,FATURA,BAIXA TENSÃO,6074202200001778,2651,2022,01,5,
2429793,18879,2021,6074202000060223,370419768,34,10,07/01/2022 18:01:22,24/01/2022 00:00:00,24/01/2022 00:00:00,61695227000517,ELETROPAULO ELET.DE SAO PAULO S/A,330.44,0.0,330.44,FATURA,BAIXA TENSÃO,6074202200001778,2944,2022,01,5,
2429793,18879,2021,6074202000060223,372756540,34,10,07/01/2022 18:01:22,24/01/2022 00:00:00,24/01/2022 00:00:00,61695227000517,ELETROPAULO ELET.DE SAO PAULO S/A,430.89,0.0,430.89,FATURA,BAIXA TENSÃO,6074202200001778,2849,2022,01,5,
2429793,18879,2021,6074202000060223,372789915,34,10,07/01/2022 18:01:22,24/01/2022 00:00:00,24/01/2022 00:00:00,61695227000517,ELETROPAULO ELET.DE SAO PAULO S/A,479.37,0.0,479.37,FATURA,BAIXA TENSÃO,6074202200001778,2657,2022,01,5,
2429793,18879,2021,6074202000060223,373176140,34,10,07/01/2022 18:01:22,24/01/2022 00:00:00,24/01/2022 00:00:00,61695227000517,ELETROPAULO ELET.DE SAO PAULO S/A,175.63,0.0,175.63,FATURA,BAIXA TENSÃO,6074202200001778,2860,2022,01,5,
2429793,18879,2021,6074202000060223,370829777,34,10,07/01/2022 18:01:22,24/01/2022 00:00:00,24/01/2022 00:00:00,61695227000517,ELETROPAULO ELET.DE SAO PAULO S/A,311.83,0.0,311.83,FATURA,BAIXA TENSÃO,6074202200001778,2627,2022,01,5,
2429793,18879,2021,6074202000060223,371207169,34,10,07/01/2022 18:01:22,24/01/2022 00:00:00,24/01/2022 00:00:00,61695227000517,ELETROPAULO ELET.DE SAO PAULO S/A,279.54,0.0,279.54,FATURA,BAIXA TENSÃO,6074202200001778,2887,2022,01,5,
2429793,18879,2021,6074202000060223,373933290,34,10,07/01/2022 18:01:22,24/01/2022 00:00:00,24/01/2022 00:00:00,61695227000517,ELETROPAULO ELET.DE SAO PAULO S/A,434.27,0.0,434.27,FATURA,BAIXA TENSÃO,6074202200001778,2839,2022,01,5,
2429793,18879,2021,6074202000060223,374396584,34,10,07/01/2022 18:01:22,24/01/2022 00:00:00,24/01/2022 00:00:00,61695227000517,ELETROPAULO ELET.DE SAO PAULO S/A,317.42,0.0,317.42,FATURA,BAIXA TENSÃO,6074202200001778,2630,2022,01,5,
2429793,18879,2021,6074202000060223,369565056,34,10,07/01/2022 18:01:22,24/01/2022 00:00:00,24/01/2022 00:00:00,61695227000517,ELETROPAULO ELET.DE SAO PAULO S/A,294.91,0.0,294.91,FATURA,BAIXA TENSÃO,6074202200001778,2890,2022,01,5,
2429793,18879,2021,6074202000060223,372789915,34,10,07/01/2022 18:01:22,24/01/2022 00:00:00,24/01/2022 00:00:00,61695227000517,ELETROPAULO ELET.DE SAO PAULO S/A,479.37,0.0,479.37,FATURA,BAIXA TENSÃO,6074202200001778,2657,2022,01,5,
2429793,18879,2021,6074202000060223,369985249,34,10,07/01/2022 18:01:22,24/01/2022 00:00:00,24/01/2022 00:00:00,61695227000517,ELETROPAULO ELET.DE SAO PAULO S/A,325.74,0.0,325.74,FATURA,BAIXA TENSÃO,6074202200001778,2865,2022,01,5,
2429793,18879,2021,6074202000060223,374038531,34,10,07/01/2022 18:01:22,24/01/2022 00:00:00,24/01/2022 00:00:00,61695227000517,ELETROPAULO ELET.DE SAO PAULO S/A,311.42,0.0,311.42,FATURA,BAIXA TENSÃO,6074202200001778,2917,2022,01,5,
2429793,18879,2021,6074202000060223,371215946,34,10,07/01/2022 18:01:22,24/01/2022 00:00:00,24/01/2022 00:00:00,61695227000517,ELETROPAULO ELET.DE SAO PAULO S/A,292.72,0.0,292.72,FATURA,BAIXA TENSÃO,6074202200001778,2571,2022,01,5,
2429793,18879,2021,6074202000060223,375302586,34,10,07/01/2022 18:01:22,24/01/2022 00:00:00,24/01/2022 00:00:00,61695227000517,ELETROPAULO ELET.DE SAO PAULO S/A,210.63,0.0,210.63,FATURA,BAIXA TENSÃO,6074202200001778,2967,2022,01,5,
2429793,18879,2021,6074202000060223,375196576,34,10,07/01/2022 18:01:22,24/01/2022 00:00:00,24/01/2022 00:00:00,61695227000517,ELETROPAULO ELET.DE SAO PAULO S/A,104.68,0.0,104.68,FATURA,BAIXA TENSÃO,6074202200001778,2986,2022,01,5,
2429793,18879,2021,6074202000060223,371226748,34,10,07/01/2022 18:01:22,24/01/2022 00:00:00,24/01/2022 00:00:00,61695227000517,ELETROPAULO ELET.DE SAO PAULO S/A,78.69,0.0,78.69,FATURA,BAIXA TENSÃO,6074202200001778,2952,2022,01,5,
2429793,18879,2021,6074202000060223,371608289,34,10,07/01/2022 18:01:22,24/01/2022 00:00:00,24/01/2022 00:00:00,61695227000517,ELETROPAULO ELET.DE SAO PAULO S/A,58.45,0.0,58.45,FATURA,BAIXA TENSÃO,6074202200001778,2904,2022,01,5,
2429793,18879,2021,6074202000060223,373177286,34,10,07/01/2022 18:01:22,24/01/2022 00:00:00,24/01/2022 00:00:00,61695227000517,ELETROPAULO ELET.DE SAO PAULO S/A,304.23,0.0,304.23,FATURA,MÉDIA TENSÃO CONTA,6074202200001778,3004,2022,01,5,
2429793,18879,2021,6074202000060223,372750984,34,10,07/01/2022 18:01:22,24/01/2022 00:00:00,24/01/2022 00:00:00,61695227000517,ELETROPAULO ELET.DE SAO PAULO S/A,311.33,0.0,311.33,FATURA,BAIXA TENSÃO,6074202200001778,2567,2022,01,5,
2429793,18879,2021,6074202000060223,371226748,34,10,07/01/2022 18:01:22,24/01/2022 00:00:00,24/01/2022 00:00:00,61695227000517,ELETROPAULO ELET.DE SAO PAULO S/A,78.69,0.0,78.69,FATURA,BAIXA TENSÃO,6074202200001778,2952,2022,01,5,
2429793,18879,2021,6074202000060223,371608289,34,10,07/01/2022 18:01:22,24/01/2022 00:00:00,24/01/2022 00:00:00,61695227000517,ELETROPAULO ELET.DE SAO PAULO S/A,58.45,0.0,58.45,FATURA,BAIXA TENSÃO,6074202200001778,2904,2022,01,5,
2429793,18879,2021,6074202000060223,373177286,34,10,07/01/2022 18:01:22,24/01/2022 00:00:00,24/01/2022 00:00:00,61695227000517,ELETROPAULO ELET.DE SAO PAULO S/A,304.23,0.0,304.23,FATURA,MÉDIA TENSÃO CONTA,6074202200001778,3004,2022,01,5,
2429793,18879,2021,6074202000060223,372750984,34,10,07/01/2022 18:01:22,24/01/2022 00:00:00,24/01/2022 00:00:00,61695227000517,ELETROPAULO ELET.DE SAO PAULO S/A,311.33,0.0,311.33,FATURA,BAIXA TENSÃO,6074202200001778,2567,2022,01,5,
2429793,18879,2021,6074202000060223,371226748,34,10,07/01/2022 18:01:22,24/01/2022 00:00:00,24/01/2022 00:00:00,61695227000517,ELETROPAULO ELET.DE SAO PAULO S/A,78.69,0.0,78.69,FATURA,BAIXA TENSÃO,6074202200001778,2952,2022,01,5,
2429793,18879,2021,6074202000060223,371608289,34,10,07/01/2022 18:01:22,24/01/2022 00:00:00,24/01/2022 00:00:00,61695227000517,ELETROPAULO ELET.DE SAO PAULO S/A,58.45,0.0,58.45,FATURA,BAIXA TENSÃO,6074202200001778,2904,2022,01,5,
2429793,18879,2021,6074202000060223,373177286,34,10,07/01/2022 18:01:22,24/01/2022 00:00:00,24/01/2022 00:00:00,61695227000517,ELETROPAULO ELET.DE SAO PAULO S/A,304.23,0.0,304.23,FATURA,MÉDIA TENSÃO CONTA,6074202200001778,3004,2022,01,5,
2429793,18879,2021,6074202000060223,375302585,34,10,07/01/2022 18:01:22,24/01/2022 00:00:00,24/01/2022 00:00:00,61695227000517,ELETROPAULO ELET.DE SAO PAULO S/A,597.21,0.0,597.21,FATURA,BAIXA TENSÃO,6074202200001778,2826,2022,01,5,
2429793,18879,2021,6074202000060223,370456090,34,10,07/01/2022 18:01:22,24/01/2022 00:00:00,24/01/2022 00:00:00,61695227000517,ELETROPAULO ELET.DE SAO PAULO S/A,245.6,0.0,245.6,FATURA,BAIXA TENSÃO,6074202200001778,2635,2022,01,5,
2429793,18879,2021,6074202000060223,375201726,34,10,07/01/2022 18:01:22,24/01/2022 00:00:00,24/01/2022 00:00:00,61695227000517,ELETROPAULO ELET.DE SAO PAULO S/A,277.21,0.0,277.21,FATURA,BAIXA TENSÃO,6074202200001778,2924,2022,01,5,
2429793,18879,2021,6074202000060223,375305747,34,10,07/01/2022 18:01:22,24/01/2022 00:00:00,24/01/2022 00:00:00,61695227000517,ELETROPAULO ELET.DE SAO PAULO S/A,201.33,0.0,201.33,FATURA,BAIXA TENSÃO,6074202200001778,2961,2022,01,5,
2429793,18879,2021,6074202000060223,369574882,34,10,07/01/2022 18:01:22,24/01/2022 00:00:00,24/01/2022 00:00:00,61695227000517,ELETROPAULO ELET.DE SAO PAULO S/A,320.13,0.0,320.13,FATURA,BAIXA TENSÃO,6074202200001778,2837,2022,01,5,
2429793,18879,2021,6074202000060223,366431006,34,10,11/01/2022 15:49:48,13/12/2021 00:00:00,14/01/2022 00:00:00,61695227000517,ELETROPAULO ELET.DE SAO PAULO S/A,101.39,0.0,101.39,FATURA,BAIXA TENSÃO,6074202100086984,818,2022,01,5,
2429793,18879,2021,6074202000060223,366431006,34,10,11/01/2022 15:49:48,13/12/2021 00:00:00,14/01/2022 00:00:00,61695227000517,ELETROPAULO ELET.DE SAO PAULO S/A,101.39,0.0,101.39,FATURA,BAIXA TENSÃO,6074202100086984,818,2022,01,5,
2429793,18879,2021,6074202000060223,375199951,34,10,12/01/2022 16:28:20,24/01/2022 00:00:00,24/01/2022 00:00:00,61695227000517,ELETROPAULO ELET.DE SAO PAULO S/A,59.37,0.0,59.37,FATURA,BAIXA TENSÃO,6074202200001778,2998,2022,01,5,
2429793,18879,2021,6074202000060223,375199951,34,10,12/01/2022 16:28:20,24/01/2022 00:00:00,24/01/2022 00:00:00,61695227000517,ELETROPAULO ELET.DE SAO PAULO S/A,59.37,0.0,59.37,FATURA,BAIXA TENSÃO,6074202200001778,2998,2022,01,5,
2429793,18879,2021,6074202000060223,375199951,34,10,12/01/2022 16:28:20,24/01/2022 00:00:00,24/01/2022 00:00:00,61695227000517,ELETROPAULO ELET.DE SAO PAULO S/A,59.37,0.0,59.37,FATURA,BAIXA TENSÃO,6074202200001778,2998,2022,01,5,
